num_features,RandomForest,AdaBoost,LGBM,XGB,LogisticRegression
8,0.7575757575757576,0.696969696969697,0.696969696969697,0.7575757575757576,0.7373737373737372
7,0.7525252525252526,0.6909090909090908,0.7151515151515152,0.7494949494949495,0.7414141414141413
6,0.7373737373737372,0.6797979797979798,0.7171717171717172,0.7060606060606062,0.7282828282828282
5,0.7343434343434344,0.6868686868686869,0.7171717171717171,0.7202020202020202,0.7060606060606062
4,0.703030303030303,0.6555555555555554,0.7151515151515151,0.6848484848484848,0.7212121212121212
3,0.7090909090909091,0.6818181818181819,0.7090909090909091,0.6757575757575757,0.6838383838383839
2,0.7111111111111112,0.6646464646464646,0.6919191919191919,0.7030303030303031,0.7222222222222222
1,0.696969696969697,0.6757575757575758,0.705050505050505,0.7050505050505051,0.6747474747474748
