num_features,RandomForest,AdaBoost,LGBM,XGB,LogisticRegression
8,0.696969696969697,0.7272727272727273,0.707070707070707,0.6868686868686869,0.7373737373737372
7,0.7141414141414141,0.6979797979797979,0.7,0.6797979797979798,0.7474747474747475
6,0.705050505050505,0.697979797979798,0.711111111111111,0.6989898989898989,0.7434343434343436
5,0.6808080808080809,0.6898989898989899,0.6656565656565656,0.6757575757575758,0.7161616161616162
4,0.6787878787878789,0.6717171717171717,0.6737373737373737,0.702020202020202,0.7070707070707071
3,0.7010101010101011,0.685858585858586,0.7282828282828283,0.6737373737373737,0.7161616161616162
2,0.705050505050505,0.6919191919191918,0.7121212121212122,0.6989898989898989,0.7131313131313133
1,0.7181818181818181,0.6828282828282827,0.707070707070707,0.7171717171717171,0.7111111111111111
