num_features,RandomForest,AdaBoost,LGBM,XGB,LogisticRegression
8,0.7970443349753695,0.7894088669950738,0.7729064039408867,0.7699507389162561,0.8211822660098523
7,0.7883251231527093,0.7567241379310345,0.7804433497536947,0.7655172413793103,0.7910344827586206
6,0.7654679802955665,0.7715763546798031,0.7783251231527093,0.7622660098522167,0.8038423645320195
5,0.7257142857142858,0.7334975369458129,0.6979802955665025,0.727167487684729,0.7486699507389163
4,0.7128817733990147,0.6817980295566504,0.659408866995074,0.7448522167487686,0.7393349753694581
3,0.6935467980295567,0.6870197044334976,0.7150246305418719,0.6846305418719212,0.7204926108374384
2,0.6807389162561576,0.6412315270935961,0.6396551724137932,0.6839901477832513,0.6561576354679802
1,0.6629802955665024,0.5576108374384237,0.5407881773399016,0.6016748768472906,0.6263054187192119
