num_features,RandomForest,AdaBoost,LGBM,XGB,LogisticRegression
8,0.8376811594202899,0.710144927536232,0.7961352657004832,0.817391304347826,0.8096618357487924
7,0.8305314009661837,0.7066666666666667,0.7666183574879227,0.7976811594202898,0.8098550724637681
6,0.8141545893719808,0.7017874396135265,0.7678260869565218,0.7560386473429952,0.797294685990338
5,0.7754106280193236,0.7136231884057971,0.7535265700483091,0.7535748792270531,0.7460386473429952
4,0.7403381642512078,0.6350966183574879,0.7370289855072464,0.7141545893719807,0.7244927536231884
3,0.7482608695652174,0.6704589371980675,0.7013285024154589,0.6756038647342995,0.5985748792270531
2,0.6919565217391304,0.6184782608695654,0.6423188405797101,0.6330193236714976,0.6856280193236716
1,0.5975362318840579,0.5964975845410627,0.6208454106280195,0.528719806763285,0.5561352657004832
