num_features,RandomForest,AdaBoost,LGBM,XGB,LogisticRegression
8,0.7967479674796748,0.7642276422764229,0.7479674796747967,0.7723577235772358,0.7723577235772358
7,0.7658536585365854,0.7471544715447156,0.7447154471544716,0.7357723577235772,0.7650406504065042
6,0.7504065040650406,0.743089430894309,0.7195121951219512,0.7317073170731707,0.7268292682926829
5,0.724390243902439,0.7138211382113822,0.7195121951219512,0.7211382113821138,0.7495934959349594
4,0.7186991869918699,0.6723577235772358,0.6967479674796749,0.6764227642276424,0.6869918699186992
3,0.6837398373983741,0.6642276422764228,0.6764227642276424,0.6479674796747967,0.6813008130081302
2,0.7,0.6536585365853658,0.6658536585365853,0.6609756097560975,0.6926829268292682
1,0.6560975609756098,0.556910569105691,0.6560975609756097,0.5772357723577235,0.6577235772357725
