num_features,RandomForest,AdaBoost,LGBM,XGB,LogisticRegression
8,0.8311046511627908,0.7994186046511629,0.805232558139535,0.815406976744186,0.8206395348837209
7,0.8140406976744184,0.7894186046511629,0.7886337209302325,0.7868604651162792,0.8298546511627907
6,0.81125,0.7879941860465116,0.7722383720930233,0.7698837209302326,0.7872093023255814
5,0.7957267441860465,0.7592296511627908,0.761889534883721,0.7510610465116279,0.811453488372093
4,0.7708575581395347,0.7136918604651162,0.7260319767441861,0.734970930232558,0.6844912790697675
3,0.7224709302325583,0.6959302325581396,0.6938226744186047,0.6535174418604651,0.648343023255814
2,0.6971802325581395,0.6630377906976743,0.6033430232558139,0.6678633720930232,0.6693895348837209
1,0.617325581395349,0.5673110465116279,0.5452906976744185,0.5825290697674419,0.5621220930232558
