num_features,RandomForest,AdaBoost,LGBM,XGB,LogisticRegression
8,0.8579898362507057,0.8181818181818181,0.8404856013551665,0.8173348390739698,0.8653303218520609
7,0.8499435347261434,0.8092179559570865,0.8212309429700735,0.7749576510446075,0.8414737436476567
6,0.8369847543760587,0.7821428571428571,0.8037831733483907,0.8014116318464144,0.8213156408808583
5,0.808300395256917,0.790711462450593,0.7476849237718803,0.7716261998870694,0.7933653303218521
4,0.7804488989271597,0.749802371541502,0.7395962732919255,0.7246612083568605,0.7785714285714285
3,0.7643986448334275,0.7206804065499719,0.7552371541501977,0.7129305477131564,0.7198757763975155
2,0.697360248447205,0.6162055335968379,0.6821852060982497,0.6536137775268209,0.7123235460191982
1,0.6392292490118577,0.6572840203274987,0.6177865612648221,0.5637351778656127,0.5857425183512139
