num_features,RandomForest,AdaBoost,LGBM,XGB,LogisticRegression
8,0.7721518987341771,0.7594936708860761,0.7594936708860761,0.7721518987341771,0.8101265822784811
7,0.7531645569620253,0.7443037974683544,0.7455696202531644,0.7215189873417722,0.7784810126582278
6,0.7544303797468354,0.7177215189873418,0.7,0.7037974683544304,0.7582278481012659
5,0.7341772151898736,0.679746835443038,0.6316455696202532,0.7,0.7632911392405064
4,0.7240506329113925,0.660759493670886,0.6481012658227849,0.6974683544303797,0.7417721518987342
3,0.7316455696202533,0.6632911392405063,0.589873417721519,0.6050632911392405,0.7455696202531645
2,0.718987341772152,0.6835443037974682,0.5949367088607596,0.5392405063291139,0.6810126582278482
1,0.7177215189873418,0.6746835443037975,0.568354430379747,0.6544303797468355,0.7113924050632912
