num_features,RandomForest,AdaBoost,LGBM,XGB,LogisticRegression
8,0.7341772151898736,0.6962025316455697,0.6835443037974683,0.6835443037974683,0.7088607594936709
7,0.7405063291139241,0.6974683544303797,0.6886075949367089,0.6860759493670887,0.7063291139240506
6,0.718987341772152,0.689873417721519,0.7,0.7164556962025317,0.6962025316455696
5,0.7063291139240506,0.6556962025316455,0.6772151898734178,0.6936708860759493,0.7113924050632912
4,0.6658227848101266,0.6367088607594937,0.6531645569620254,0.6835443037974684,0.6987341772151898
3,0.7012658227848101,0.6367088607594937,0.6291139240506329,0.6658227848101266,0.6746835443037975
2,0.660759493670886,0.5658227848101266,0.6291139240506329,0.6582278481012659,0.6531645569620255
1,0.660759493670886,0.6126582278481012,0.6481012658227849,0.6670886075949367,0.6569620253164558
