num_features,RandomForest,AdaBoost,LGBM,XGB,LogisticRegression
8,0.8378787878787879,0.7848484848484849,0.7984848484848486,0.7992424242424241,0.8621212121212121
7,0.8201515151515153,0.7768939393939395,0.7768939393939394,0.7581818181818182,0.8299242424242423
6,0.8000757575757576,0.7531818181818182,0.7614393939393939,0.738181818181818,0.7751515151515151
5,0.7886363636363637,0.7162121212121211,0.7253030303030302,0.7634848484848484,0.7890909090909091
4,0.7643181818181818,0.6842424242424242,0.7105681818181818,0.7371212121212121,0.740378787878788
3,0.7621212121212121,0.6916666666666667,0.6478787878787879,0.6869318181818183,0.7392424242424243
2,0.6703030303030304,0.6749242424242425,0.6318181818181817,0.5958712121212122,0.5855303030303031
1,0.6501515151515151,0.5593939393939393,0.6224999999999999,0.5709848484848485,0.615
