num_features,RandomForest,AdaBoost,LGBM,XGB,LogisticRegression
8,0.7668067226890756,0.7591036414565826,0.7542016806722689,0.7738095238095238,0.7528011204481793
7,0.7665966386554621,0.7415266106442577,0.7502100840336134,0.7778711484593839,0.7238095238095238
6,0.730672268907563,0.7282563025210085,0.7490896358543417,0.7587535014005603,0.698109243697479
5,0.7459383753501401,0.6974439775910364,0.7432422969187675,0.7552170868347339,0.7011904761904763
4,0.70640756302521,0.6812675070028011,0.7060224089635855,0.7061274509803921,0.7304271708683473
3,0.72093837535014,0.6779411764705883,0.6945378151260504,0.7019257703081234,0.6893557422969188
2,0.6668767507002802,0.5428921568627451,0.6565126050420168,0.6717436974789917,0.6186624649859944
1,0.572514005602241,0.5468837535014005,0.6008403361344538,0.6280112044817926,0.5508053221288515
