0,1,2,3,4,5,6,7,8,9
0.5006477,0.21117415,0.51047385,0.650046,0.7835034,0.5864041,0.5540079,0.05418784,0.7122267,0.7016909
0.9003363,0.966023,0.74551606,0.61698425,0.34248868,0.16104679,0.2937049,0.93058544,0.12773243,0.36684912
0.49934354,0.05921169,0.19062956,0.9192844,0.34953344,0.7564256,0.4743263,0.021299127,0.82786125,0.2500633
0.81857353,0.62744415,0.4990984,0.8701462,0.44546083,0.544041,0.40243003,0.12792449,0.52738005,0.2161151
0.26240802,0.44040143,0.49587113,0.20719273,0.5028985,0.46965933,0.5633661,0.8251706,0.46421725,0.6801019
0.41822878,0.94287217,0.71838033,0.12644053,0.5756306,0.8040069,0.686985,0.8039237,0.42356944,0.13031118
0.046338785,0.5107487,0.19785106,0.12369773,0.15854315,0.9943673,0.8673062,0.41085956,0.88313204,0.0037183969
0.7512764,0.77581656,0.4009407,0.84912544,0.24037758,0.8641082,0.5077067,0.12920329,0.62818635,0.020651098
0.7742025,0.9604354,0.76873726,0.45487222,0.6596043,0.76433635,0.59188586,0.33685222,0.4337839,0.09219181
0.5737185,0.96875036,0.7877858,0.22048979,0.7635029,0.93952805,0.7632805,0.20898762,0.6039319,0.0362686
0.89439887,0.9080201,0.43959895,0.9049307,0.115946695,0.6120157,0.33134663,0.5048647,0.35219565,0.024195228
0.8247688,0.957535,0.7227867,0.7388903,0.739865,0.97236735,0.72123396,0.009854903,0.7638951,0.007369791
0.22197318,0.38434887,0.50373036,0.16051665,0.53171265,0.3856184,0.5581896,0.8818126,0.43548164,0.8034655
0.4540552,0.82847077,0.59342,0.2324738,0.38601384,0.48419887,0.5244658,0.9163093,0.32227278,0.3666478
0.25228107,0.9748829,0.67725694,0.027687857,0.1962086,0.49384204,0.59567684,0.9988024,0.13895115,0.21331988
0.15941021,0.15726829,0.5481487,0.10624492,0.73797023,0.15554053,0.5272842,0.9034116,0.40554553,0.98188627
0.8843998,0.5156543,0.42934588,0.9299512,0.26045993,0.17254616,0.23114434,0.41154277,0.32902822,0.4864503
0.58661354,0.93697196,0.9475808,0.10589752,0.9938991,0.883934,0.8435936,0.011788648,0.7252421,0.63792217
0.5756175,0.1749497,0.23478615,0.8000226,0.1103259,0.117943354,0.23775144,0.8944132,0.3109804,0.7302585
0.60052216,0.41340706,0.20566471,0.793312,0.041730497,0.23847945,0.25484547,0.9517834,0.27941036,0.25081223
0.1531353,0.016682647,0.08273195,0.86602336,0.25602844,0.9700543,0.6860368,0.0061207013,0.952181,0.051807873
0.63903147,0.81951404,0.76795816,0.33398497,0.81762785,0.4787809,0.5631688,0.3930164,0.42980388,0.6303235
0.34618038,0.4057593,0.53215665,0.2933087,0.60522604,0.4229334,0.5394752,0.662206,0.48556516,0.7503038
0.36185792,0.5861086,0.8558662,0.14819215,0.98587245,0.8322385,0.81047016,0.015000045,0.79326904,0.8156929
0.6411484,0.8817039,0.7556455,0.29210374,0.7075428,0.4345348,0.53269964,0.68819845,0.33863324,0.5406971
0.89705557,0.69642246,0.7097587,0.8526285,0.7642387,0.25227904,0.35381094,0.10304223,0.41177827,0.6829193
0.6188608,0.8274832,0.50097895,0.5831932,0.32391617,0.79522973,0.55086446,0.43103564,0.5243156,0.060917735
0.67663604,0.8840582,0.6257949,0.32876164,0.23901516,0.10789753,0.31249982,0.9896633,0.119784445,0.6695846
0.37373838,0.47262484,0.48230344,0.31584582,0.41454113,0.34685156,0.47838503,0.8578276,0.39064908,0.684832
0.06896106,0.032593165,0.27480802,0.14062506,0.46109107,0.21474004,0.5213687,0.9175962,0.53369397,0.9726618
0.5783774,0.6152792,0.3963122,0.71712476,0.32793936,0.83875084,0.55623096,0.1763629,0.65729463,0.06259702
0.2853542,0.08776833,0.586989,0.2115432,0.8104511,0.037192415,0.38049984,0.8814385,0.31284568,0.9971629
0.8687563,0.4733558,0.23140171,0.9672636,0.0722296,0.41674915,0.23787293,0.34119284,0.43759483,0.078474626
0.6610732,0.8628765,0.832818,0.25503337,0.88363457,0.3812973,0.56482357,0.45897308,0.37249577,0.7774
0.41345033,0.34318992,0.3824164,0.44820365,0.25765616,0.2094139,0.37613577,0.9189067,0.33030766,0.74933445
0.034563743,0.024380283,0.21387047,0.12853749,0.51180464,0.71465135,0.7054148,0.5687596,0.7969196,0.83568376
0.16534935,0.17743984,0.384799,0.17666051,0.40811914,0.24543877,0.49344113,0.938435,0.41255727,0.90441436
0.5084686,0.8800407,0.80972433,0.12071278,0.7969886,0.30657375,0.5616892,0.87719935,0.27399656,0.8098514
0.5732131,0.7718182,0.65693307,0.36711738,0.6267216,0.5078421,0.5352474,0.5847964,0.42201498,0.47401917
0.6230233,0.6043711,0.85937995,0.14539397,0.90788835,0.013907708,0.32507408,0.9618893,0.117198825,0.99801576
0.6533843,0.8295041,0.8369589,0.2731341,0.9148415,0.43187588,0.5910543,0.28395456,0.43598828,0.7929847
0.32349113,0.821392,0.8831799,0.018156953,0.86965287,0.020905288,0.44287422,0.9978746,0.07697232,0.99713093
0.9505939,0.9558636,0.7563052,0.92640513,0.75299954,0.89602906,0.5466376,0.005647213,0.6611577,0.018548869
0.9226517,0.9917847,0.4611586,0.89783704,0.04660116,0.9404616,0.45614046,0.48536277,0.39662555,0.0003870643
0.29572797,0.044885185,0.25009954,0.6477093,0.39515433,0.27544785,0.40924007,0.44375265,0.60566384,0.8801613
0.61526394,0.5744116,0.31024343,0.81827754,0.20260902,0.8562604,0.51707697,0.16630869,0.6698641,0.032855984
0.6525893,0.9560832,0.6373118,0.36724123,0.31682208,0.7538099,0.55974275,0.80171925,0.35630673,0.050949696
0.74073803,0.8210474,0.47275898,0.8540467,0.47412395,0.9737162,0.67462116,0.0098217465,0.82327884,0.0057126717
0.9023981,0.40821669,0.22234115,0.99343854,0.2779826,0.97867125,0.5207342,0.00031537315,0.9193103,0.0020252215
0.8407957,0.95737547,0.4969889,0.77676296,0.118239686,0.74368227,0.41965222,0.69843656,0.33927137,0.013009403
0.34280133,0.04988866,0.48609126,0.46828884,0.8116887,0.10981415,0.41834947,0.36798525,0.5303729,0.98936963
0.55220234,0.79802537,0.7048892,0.45980525,0.8708823,0.94992167,0.7677163,0.014943659,0.8061095,0.08091474
0.4709191,0.5222579,0.5638007,0.31490234,0.4793209,0.16254747,0.40413132,0.9195307,0.27715433,0.8662957
0.2126236,0.08674291,0.3341895,0.2289582,0.26309422,0.027782915,0.28013256,0.9933148,0.19464862,0.9900316
0.20404242,0.15643655,0.41080523,0.26348546,0.5642984,0.38933825,0.5445642,0.6874545,0.55403954,0.8622118
0.23884001,0.13914552,0.3516535,0.29900834,0.34263125,0.14213832,0.39726546,0.9410778,0.3588962,0.9336481
0.4507734,0.6410543,0.427451,0.48330474,0.31242168,0.73536456,0.553769,0.563106,0.54275477,0.14304847
0.75028837,0.080463424,0.504174,0.86176246,0.75222945,0.05375957,0.25626975,0.17601961,0.43443078,0.98398614
0.8707875,0.9662543,0.39913514,0.87662596,0.05857221,0.8718677,0.42302212,0.5582067,0.4056097,0.0023244426
0.785883,0.9783921,0.94741064,0.11261168,0.9598198,0.24975455,0.58324295,0.67819476,0.21126729,0.88010573
0.20681874,0.63407516,0.23553394,0.3024728,0.06947437,0.860157,0.59727025,0.92413265,0.53190166,0.031829175
0.6730415,0.9424381,0.8551877,0.1881226,0.8483863,0.43651035,0.5827309,0.66849804,0.30915192,0.62379843
0.285347,0.0072377506,0.1729874,0.85948247,0.56517506,0.42529452,0.44370496,0.029514894,0.8332492,0.900588
0.5896479,0.088314146,0.610483,0.73992354,0.9397327,0.36491787,0.518665,0.010758806,0.75099665,0.9534627
0.18710233,0.14436138,0.18617749,0.4778029,0.1445584,0.67215663,0.5228114,0.73334026,0.6305755,0.28364626
0.7414753,0.769843,0.6396582,0.6631279,0.6462489,0.6263672,0.5137179,0.17199636,0.52323186,0.26871806
0.14319381,0.04365348,0.3287916,0.1843887,0.38934183,0.035419233,0.3333247,0.9855016,0.2714559,0.9943184
0.28422335,0.3065716,0.60830337,0.20515814,0.799291,0.3741685,0.5842695,0.54293203,0.52686584,0.908205
0.43857723,0.06918991,0.52269804,0.48118794,0.7651129,0.041521125,0.32378158,0.6756886,0.363573,0.99470717
0.3149747,0.4145966,0.62300575,0.24938811,0.8281526,0.66178197,0.66381377,0.22517549,0.6520394,0.70584327
0.85091937,0.9103587,0.7932529,0.6438293,0.81075954,0.58950806,0.52214456,0.11882996,0.45974842,0.30399218
0.33219808,0.21457146,0.4624056,0.3439393,0.5406433,0.20407246,0.44273677,0.79711723,0.41756332,0.9144039
0.7568965,0.08135359,0.33361018,0.9342125,0.48234248,0.15894595,0.26775047,0.102485605,0.54893273,0.86353874
0.59189355,0.025296716,0.10678572,0.9746757,0.16938278,0.64152294,0.34711322,0.020427749,0.8192641,0.23850949
0.56641155,0.7651963,0.82515067,0.24740845,0.93583196,0.57762736,0.65654796,0.14804259,0.55106026,0.76516026
0.71495134,0.7284601,0.7248112,0.49375913,0.76304847,0.2952262,0.45893577,0.4316364,0.376223,0.7570413
0.7383773,0.5059443,0.12398792,0.94308263,0.014069751,0.5551518,0.2504741,0.81733435,0.39694268,0.019276163
0.7413623,0.9981501,0.8128106,0.18434279,0.3444756,0.95011985,0.71336615,0.8375574,0.3243608,0.0026481824
0.9003191,0.7462738,0.41183072,0.95676935,0.25654227,0.7548203,0.38323024,0.048421025,0.59564155,0.029249227
0.091346905,0.03680379,0.28330743,0.23412445,0.56870925,0.46592298,0.595535,0.55607504,0.6983939,0.9137516
0.7450789,0.97662246,0.789953,0.20652518,0.39699343,0.20061295,0.40339044,0.9862895,0.112018205,0.45612898
0.6387685,0.4368362,0.61809057,0.6309789,0.7870983,0.47084555,0.50938916,0.110886335,0.5850327,0.7010154
0.7179922,0.6579537,0.6981149,0.61835766,0.8198084,0.5433396,0.53293675,0.09490745,0.56188446,0.5643784
0.6491422,0.3715221,0.7500521,0.41360226,0.8815355,0.061716534,0.3724218,0.5792632,0.30015752,0.9879605
0.27571735,0.28429493,0.3111546,0.4469564,0.2942417,0.6798619,0.55318886,0.58122367,0.6126902,0.31512988
0.7823845,0.40909964,0.6443419,0.669079,0.6471309,0.035970066,0.24487339,0.7806502,0.20807157,0.97448575
0.89434355,0.9953388,0.7921844,0.49098498,0.30442733,0.6954018,0.4820333,0.85676014,0.20026559,0.018451028
0.057355326,0.06422874,0.40475968,0.102074616,0.8076162,0.7622224,0.7599374,0.27905098,0.80716544,0.8625761
0.44989708,0.2654768,0.36469865,0.41242236,0.15259102,0.026733557,0.21587078,0.99462944,0.13213089,0.9620934
0.20108937,0.3669158,0.47282434,0.13211836,0.41363716,0.2387108,0.49832657,0.96771896,0.33008707,0.8746521
0.6427628,0.89363366,0.88138884,0.21525978,0.95666283,0.6617039,0.6937048,0.11262871,0.53963906,0.662969
0.43127388,0.6380264,0.50106,0.3393745,0.36887154,0.45775947,0.49668875,0.8432999,0.3910081,0.45321152
0.19398108,0.8546732,0.39329752,0.08809906,0.080235526,0.5817689,0.54746854,0.99657637,0.24316368,0.13729887
0.88071865,0.98544717,0.9164939,0.3099816,0.87962174,0.36368558,0.5171014,0.57672906,0.22147925,0.5085956
0.49826506,0.80386686,0.7800526,0.094329946,0.64095676,0.03869686,0.3636616,0.9940153,0.10046715,0.9779628
0.2892322,0.17489696,0.5678857,0.31547275,0.85523677,0.4939061,0.6141559,0.17130996,0.6735254,0.8984034
0.7370188,0.9732506,0.8583496,0.31264096,0.88375074,0.90011084,0.73136646,0.088348225,0.58099425,0.07933732
0.95417917,0.9245297,0.73246497,0.94632554,0.761356,0.85228413,0.50406,0.0044182735,0.6656512,0.032969296
0.26011932,0.0480212,0.3131005,0.4789524,0.47761008,0.14179485,0.38899368,0.7159602,0.49372676,0.9636646
0.13771875,0.48073518,0.512363,0.09939935,0.6125871,0.7895,0.7235627,0.69116175,0.6273758,0.45140338
0.84754866,0.86755025,0.54246676,0.8325827,0.3201789,0.6487936,0.42016324,0.27609268,0.44390017,0.06789076
0.2433228,0.07173008,0.63415897,0.22291929,0.9334209,0.16809332,0.5525559,0.28086,0.58831215,0.9932702
0.63162065,0.15198289,0.4869452,0.7114012,0.6140419,0.07918511,0.29861018,0.5238133,0.37480295,0.964175
0.3067029,0.5226456,0.6093891,0.11028985,0.4899073,0.07425857,0.40225697,0.9905319,0.17532432,0.9640293
0.09939777,0.0016554806,0.06640465,0.78503495,0.22276331,0.32527405,0.401926,0.22873193,0.8145577,0.9324479
0.46066904,0.7253866,0.18411647,0.70821595,0.030895304,0.8840357,0.49193364,0.809909,0.5347008,0.0065795532
0.67608607,0.97172314,0.6712355,0.46559808,0.5016275,0.9669744,0.7268536,0.14223038,0.6473467,0.0059252665
0.5889701,0.7035013,0.20273693,0.81057346,0.03932937,0.8297768,0.4355351,0.70622015,0.51588625,0.010278799
0.15977989,0.8437282,0.50116616,0.10734202,0.4373226,0.9733955,0.8198549,0.5085994,0.730576,0.020735875
0.5701597,0.95910156,0.70549625,0.18504287,0.38388765,0.56029177,0.5467161,0.9484482,0.2487194,0.17784686
0.6281614,0.9529974,0.5589687,0.3351176,0.14032498,0.5285774,0.45075586,0.97374946,0.21409239,0.07871286
0.92002785,0.99483335,0.9389151,0.3080204,0.88283134,0.41345328,0.52420163,0.59810424,0.18783674,0.33848378
0.4353412,0.72142863,0.9075243,0.04340738,0.9625954,0.04141533,0.5052343,0.94279647,0.17083171,0.9973037
0.8521777,0.996447,0.8074205,0.3886241,0.38892117,0.8821901,0.60908824,0.7054405,0.30059955,0.007180165
0.0618214,0.078389786,0.2631104,0.2735534,0.70533365,0.9847077,0.85774493,0.014408573,0.94794416,0.106640816
0.12862758,0.42465425,0.2250011,0.25930652,0.13554554,0.9240924,0.69021875,0.7414623,0.7013464,0.041047744
0.7800242,0.8808761,0.5771154,0.64086264,0.27946275,0.3936627,0.3821475,0.7977873,0.27953088,0.20626079
0.68653524,0.9448345,0.8424195,0.1601513,0.73035604,0.16934149,0.45946753,0.94952595,0.16018455,0.8127154
0.9554138,0.99683255,0.963324,0.34821472,0.93971294,0.3182163,0.5000962,0.46365303,0.16064067,0.47270203
0.5090415,0.8615238,0.20396657,0.699341,0.025712974,0.9307173,0.52462447,0.81197035,0.5301097,0.0022016126
0.72380537,0.8202389,0.45878923,0.81152564,0.36336127,0.9362089,0.6055849,0.05057336,0.7206121,0.012360514
0.53359365,0.79700476,0.6584014,0.39276758,0.72407174,0.83812225,0.6682627,0.1597385,0.63482517,0.17004867
0.119978555,0.07482439,0.09341074,0.55838704,0.05944931,0.8160309,0.5436395,0.7090354,0.72844315,0.110728316
0.3845752,0.14601603,0.15515716,0.8557018,0.15607987,0.89374155,0.54283154,0.079654306,0.8141592,0.046539523
0.5962045,0.8535459,0.52459955,0.52675927,0.34991094,0.82583743,0.58050376,0.43287247,0.5336945,0.05334328
0.7298653,0.9559043,0.5862074,0.6589218,0.39548817,0.9664874,0.6831125,0.08902678,0.67849004,0.0042865896
0.055279545,0.020211771,0.27230918,0.17123605,0.66347533,0.5225114,0.65145016,0.4592436,0.76413345,0.9442226
0.6815304,0.4082107,0.51419586,0.7344966,0.5720931,0.35257253,0.41162142,0.25619677,0.49624953,0.64529085
0.4322955,0.080216765,0.30338836,0.7899943,0.5545839,0.60077554,0.4981903,0.05694378,0.75875163,0.6030398
0.7461262,0.3467432,0.682023,0.7046042,0.86058253,0.18536885,0.40310144,0.12281596,0.4788351,0.93217164
0.49030995,0.53134817,0.51911473,0.44370383,0.49264944,0.43208364,0.48714122,0.63767743,0.44820487,0.57050365
0.70527685,0.72920287,0.90624356,0.22724412,0.97686076,0.13359606,0.52736473,0.27047932,0.34663332,0.9852277
0.7427103,0.6344202,0.48044428,0.7869003,0.38167933,0.52542174,0.41787472,0.29626969,0.48506132,0.23764317
0.34019384,0.067721665,0.18205759,0.62795335,0.0888134,0.055610847,0.22493768,0.97828,0.26276308,0.92647177
0.3635241,0.21057354,0.40449113,0.65006965,0.7222213,0.90926075,0.6926062,0.0149451345,0.8610093,0.20736603
0.30055726,0.34094444,0.46959072,0.43351832,0.7191825,0.8974358,0.7156946,0.054378323,0.80957705,0.23090585
0.5559977,0.746495,0.877334,0.16606364,0.96790254,0.37552926,0.64280176,0.2099616,0.4774345,0.9374666
0.46985707,0.044075623,0.15452273,0.94406855,0.35592476,0.8959972,0.54141307,0.0050349617,0.90287256,0.10753114
0.96363825,0.80236834,0.64667207,0.9612722,0.5307283,0.22808717,0.24592976,0.08832311,0.34594777,0.35908538
0.5155671,0.2586298,0.34334445,0.6774841,0.28203845,0.28094763,0.3672546,0.67928845,0.4372169,0.6493279
0.23398308,0.29649594,0.20858,0.42075238,0.08562835,0.54073286,0.4595026,0.9367714,0.45821145,0.25167876
0.15480687,0.0457724,0.4151623,0.15825982,0.5752349,0.030663503,0.35361785,0.97606283,0.27930784,0.99706715
0.46363956,0.6887941,0.69757736,0.23344105,0.75213146,0.41766658,0.5638655,0.64417213,0.41935876,0.74736375
0.8969465,0.9663373,0.8949845,0.42001194,0.8484337,0.15235427,0.39916846,0.698245,0.17149891,0.78410566
0.7379137,0.94404954,0.8041936,0.4016583,0.814161,0.7950871,0.6463537,0.16437341,0.5180225,0.15399548
0.71532714,0.9715071,0.5350887,0.69280463,0.3034088,0.99003875,0.743708,0.048040055,0.7627114,0.0007154642
0.69163305,0.7607281,0.73289096,0.576082,0.87548846,0.8183816,0.65513986,0.027248321,0.69675606,0.26720893
0.32555836,0.8958922,0.8153804,0.064995125,0.8708723,0.7431613,0.7450977,0.6281273,0.48742855,0.51196516
0.110279515,0.026545258,0.25517473,0.1971475,0.30535674,0.040252436,0.33298802,0.9864804,0.30390877,0.99344337
0.4056225,0.5924699,0.41226798,0.40889096,0.26229414,0.575428,0.5050505,0.80957866,0.4473512,0.26977494
0.8521782,0.94035757,0.76938987,0.5694553,0.61011386,0.3562271,0.42214072,0.6143448,0.2664485,0.3591585
0.86127937,0.98934925,0.9048282,0.21874453,0.7518493,0.20389105,0.4431652,0.9339225,0.120429344,0.5816836
0.37346378,0.6753615,0.6095363,0.19284351,0.5523387,0.39550552,0.53954035,0.8771333,0.3631875,0.6774878
0.9494997,0.9276631,0.79956245,0.8104983,0.63007724,0.09091504,0.24966481,0.61491007,0.16044249,0.70605326
0.8809948,0.9100609,0.7988236,0.65566343,0.76024914,0.31157312,0.41556588,0.32957378,0.31116346,0.53597194
0.36625218,0.86844546,0.67708284,0.18941148,0.7216973,0.92119217,0.76071244,0.2588652,0.66429603,0.09160968
0.33284733,0.6192595,0.8057867,0.06275685,0.87356764,0.090357274,0.513439,0.9530601,0.22478947,0.987022
0.88359284,0.9878692,0.87854135,0.44367182,0.79784936,0.68531287,0.5729297,0.32037592,0.33246726,0.117368676
0.22802185,0.29386,0.71506846,0.07154521,0.8544859,0.07308172,0.4967221,0.94548655,0.27767384,0.993834
0.79446423,0.47557744,0.26683283,0.9550591,0.19685434,0.8670481,0.4462391,0.028528389,0.7405215,0.02011157
0.25674078,0.47966626,0.5867512,0.09080152,0.46124914,0.070947275,0.4074139,0.99345446,0.172332,0.968726
0.9498392,0.9194822,0.73126125,0.882443,0.5278561,0.2112632,0.27923545,0.35856077,0.24176407,0.3673258
0.36261138,0.8146319,0.71222734,0.15296403,0.7743377,0.7791252,0.7057091,0.46269038,0.557245,0.3537519
0.40921125,0.91748685,0.7138032,0.09783206,0.49243578,0.42732462,0.5648589,0.97069955,0.24129775,0.48344287
0.79631686,0.7789989,0.74148786,0.45841333,0.58787835,0.03832229,0.2635625,0.95037377,0.124499075,0.95020163
0.07841162,0.36229265,0.365703,0.10100903,0.45605946,0.91815245,0.77775985,0.60320634,0.7492882,0.18667552
0.75959015,0.6829075,0.80907536,0.38416722,0.84284973,0.045793615,0.331612,0.8141132,0.18576361,0.9808684
0.33085576,0.484833,0.47906312,0.27353647,0.4166601,0.41104034,0.51121145,0.85748553,0.41476357,0.63547266
0.41147447,0.8354976,0.5274181,0.23235056,0.26553115,0.5619327,0.53070986,0.94108796,0.3290039,0.22578606
0.13426095,0.50225765,0.38532114,0.08732053,0.20142058,0.4077347,0.5459658,0.9898527,0.32263625,0.6002194
0.21149749,0.23293112,0.5243414,0.16565299,0.6705613,0.2732751,0.542228,0.82342947,0.45596594,0.9328794
0.25737536,0.24801713,0.24217291,0.60141265,0.29186115,0.9265052,0.661933,0.12163415,0.8147301,0.06051438
0.33982816,0.33970934,0.23935075,0.68686664,0.22566643,0.9283117,0.6307024,0.12985142,0.79148096,0.03409368
0.8342685,0.58644354,0.4186656,0.8624858,0.17765936,0.13042662,0.22601885,0.8062192,0.24027985,0.5300655
0.6941797,0.5873641,0.390437,0.8670354,0.40974772,0.91659635,0.5805222,0.023963608,0.776258,0.027950745
0.24346873,0.8554994,0.6962327,0.09815553,0.78009963,0.9365572,0.80863345,0.31497416,0.691265,0.11957583
0.37943122,0.98158884,0.8099832,0.05423307,0.66875035,0.88031495,0.76388586,0.8617953,0.40133616,0.07771808
0.8469549,0.8863188,0.53910923,0.8520986,0.3512929,0.8172956,0.4869248,0.117701985,0.5526436,0.027243204
0.90598106,0.66646755,0.7278313,0.8591541,0.79909647,0.19398859,0.33399394,0.09946432,0.39240676,0.7835013
0.95256054,0.9802741,0.90645045,0.4775047,0.6883106,0.0155292945,0.19702794,0.9805823,0.042147893,0.94457746
0.9078081,0.922255,0.70110726,0.73770493,0.3645716,0.120452695,0.25856003,0.86964566,0.14924547,0.51939183
0.26395342,0.16724114,0.42097083,0.35775322,0.5944146,0.4308303,0.538665,0.5038009,0.5880134,0.82193875
0.19323367,0.014502415,0.3287009,0.36427045,0.607501,0.029589724,0.31447712,0.8791216,0.38938847,0.99778336
0.4185258,0.2788961,0.34844804,0.670459,0.4511349,0.7953325,0.5769726,0.11535475,0.7339393,0.21315375
0.20894282,0.8775372,0.8460352,0.013780244,0.8155632,0.14373434,0.60565203,0.9948736,0.15471153,0.9671435
0.3465755,0.37501222,0.81666785,0.07488469,0.92577815,0.032332707,0.44558796,0.94188356,0.20720446,0.998027
0.92957467,0.9945352,0.71545815,0.71429473,0.16690464,0.68553233,0.40457967,0.83163786,0.19715783,0.009088176
0.11586126,0.005622331,0.3111956,0.42284313,0.8645331,0.27156046,0.5555747,0.08479598,0.8040017,0.99194443
0.51494706,0.6826527,0.66340494,0.3632687,0.75411826,0.64134914,0.6050465,0.28115627,0.5543113,0.4844091
0.46441102,0.02357201,0.376546,0.69176656,0.6357759,0.023759497,0.24121626,0.652418,0.37068084,0.99651694
0.30099267,0.45519745,0.4931038,0.15199824,0.28228706,0.06619501,0.34902564,0.99496955,0.1592261,0.945567
0.17987576,0.013761107,0.19263443,0.72118306,0.609509,0.7382833,0.59608054,0.02393431,0.88285524,0.7229137
0.8908845,0.99806005,0.8728474,0.3106281,0.4683246,0.74594766,0.5564148,0.8677217,0.18626451,0.019040633
0.6932877,0.9925504,0.8766165,0.1354311,0.7603558,0.8515292,0.71134627,0.6557485,0.35556024,0.05905667
0.9304321,0.5338231,0.80122787,0.8894219,0.93100995,0.12373212,0.324642,0.026268214,0.4356727,0.94025975
0.5997437,0.82866776,0.6941747,0.26611707,0.5293613,0.19753565,0.42573503,0.9364079,0.21777281,0.752062
0.643696,0.70047307,0.64857537,0.40315807,0.5342923,0.14869465,0.37574455,0.88622016,0.2398709,0.8311882
0.5853912,0.8717153,0.57656807,0.3804995,0.32339513,0.55962926,0.49899662,0.85015976,0.33919784,0.18858498
0.84167665,0.8619242,0.90554386,0.2870783,0.9240757,0.025674798,0.32278943,0.8651728,0.120313875,0.99097204
0.65674555,0.89330685,0.72730255,0.26601014,0.5169336,0.20067638,0.41975477,0.94713265,0.19068481,0.6877032
0.0465492,0.48703793,0.37782803,0.046487667,0.4334546,0.95940804,0.8371505,0.7248751,0.76798755,0.09746843
0.7253011,0.2509287,0.22878309,0.9164901,0.109681375,0.278728,0.25900358,0.54957587,0.42944226,0.33302945
0.5408102,0.44543272,0.5660214,0.4978333,0.6420966,0.3561611,0.47427672,0.448576,0.47132793,0.745849
0.35749966,0.43442017,0.057064533,0.81955904,0.003184095,0.7700189,0.33381307,0.9769449,0.42880887,0.005302511
0.81924474,0.94781613,0.7454976,0.65944165,0.7298457,0.8987161,0.64153224,0.048448082,0.6207592,0.036207866
0.5535029,0.41805157,0.35036305,0.69135505,0.23576099,0.4487992,0.4056562,0.6268037,0.4640948,0.34052375
0.45709422,0.08242812,0.21216829,0.83515084,0.24931067,0.4443012,0.38756302,0.2558129,0.64316964,0.52917033
0.44767445,0.741053,0.87010056,0.041120864,0.86043626,0.0106108105,0.34940305,0.996834,0.06892852,0.9983736
0.2793305,0.85639465,0.5776521,0.14133671,0.46009922,0.87158227,0.71215117,0.7446825,0.5439056,0.09552199
0.11181047,0.061507374,0.211101,0.26997247,0.22382995,0.31565264,0.47701943,0.9215259,0.51829207,0.84952456
0.84522426,0.7798413,0.72571456,0.7249619,0.7487915,0.33221745,0.4157195,0.19956501,0.40071064,0.599244
0.7133739,0.09667019,0.27246445,0.9698296,0.6318884,0.91856533,0.5585262,0.0006634045,0.91772854,0.08750644
0.12501326,0.2549626,0.7155105,0.0661484,0.95506877,0.70045286,0.7854246,0.1761119,0.74166775,0.9277794
0.7958495,0.92312545,0.7128175,0.70995873,0.76147646,0.9430807,0.685274,0.016327977,0.7297272,0.024135431
0.120031334,0.31889924,0.550676,0.105666496,0.8157932,0.8500336,0.77782047,0.26733363,0.75951,0.58216786
0.3290458,0.3880766,0.5328186,0.45020768,0.8272554,0.9401891,0.76434666,0.016217267,0.8597404,0.17685337
0.47998002,0.62817085,0.49684125,0.3649168,0.31202242,0.2821834,0.4207823,0.92428404,0.2990287,0.6017244
0.86290133,0.8329888,0.6948584,0.6993655,0.5231677,0.13872962,0.30279106,0.7275522,0.2161756,0.6923444
0.72125846,0.95789355,0.4607201,0.64988565,0.114612,0.89338267,0.5374056,0.6621716,0.44564852,0.005479381
0.09576917,0.008807682,0.124359585,0.68074965,0.487064,0.89232045,0.67593044,0.018227097,0.9293058,0.4618209
0.09443969,0.19582857,0.34195518,0.13204823,0.42900792,0.6826557,0.66169345,0.80246955,0.63085777,0.60950077
0.06893486,0.023040324,0.1964839,0.3188445,0.50140864,0.75863665,0.6685065,0.23073354,0.8356228,0.72362566
0.42341742,0.02422897,0.36029193,0.71794856,0.69354683,0.08162364,0.32860416,0.28199133,0.54483145,0.9882957
0.58751786,0.87837374,0.6557684,0.30262327,0.45536885,0.45375144,0.5007738,0.8673235,0.3041294,0.3593282
0.15790895,0.32829526,0.19000262,0.33907476,0.0863733,0.80433095,0.57807606,0.8839968,0.5931067,0.09114109
0.59409,0.3872722,0.23975694,0.85710937,0.14360009,0.7609821,0.44524196,0.24434602,0.63959235,0.060834665
0.23067361,0.8809301,0.545658,0.067670956,0.21174137,0.51001376,0.57399035,0.99347645,0.23884736,0.29939467
0.8594213,0.8339111,0.6280381,0.8252912,0.5479532,0.5974114,0.4395641,0.13296689,0.48220205,0.15971394
0.9004278,0.99400985,0.9513908,0.18575223,0.9109698,0.21374197,0.49343985,0.83152944,0.12844159,0.693297
0.71855384,0.90177184,0.72989136,0.4278911,0.642721,0.534501,0.52194875,0.5408212,0.37273058,0.3194689
0.30061212,0.44486192,0.15667626,0.68206114,0.061776638,0.9417792,0.59658813,0.4408677,0.7330833,0.008995226
0.4724572,0.97864497,0.7434997,0.12138603,0.50760406,0.89106935,0.71896434,0.8124251,0.41774005,0.03712232
0.45199892,0.14387895,0.2519312,0.72796637,0.20058978,0.26823878,0.34426886,0.6981585,0.46902165,0.6616617
0.78155637,0.45356742,0.8368191,0.5525948,0.96214217,0.11186929,0.4315775,0.09982707,0.4227928,0.9841547
0.10252774,0.02962755,0.14234902,0.5083473,0.2732894,0.78697336,0.6088839,0.26031756,0.8212116,0.44096345
0.80898356,0.33211276,0.83527577,0.51644117,0.94160116,0.01081227,0.25272828,0.61721194,0.1835916,0.9987005
0.09865959,0.067965545,0.6976234,0.0679715,0.97429866,0.39234403,0.73441005,0.17439789,0.73047966,0.9931151
0.91723263,0.7353446,0.5450525,0.93751985,0.43641537,0.44804996,0.3277745,0.08977204,0.4628654,0.1872132
0.9321645,0.98523444,0.7439529,0.71707547,0.2707563,0.32860035,0.32078275,0.8691327,0.15126435,0.091190375
0.5434981,0.5611379,0.5924837,0.4668081,0.65522003,0.4855764,0.5213196,0.3855766,0.5023514,0.5953714
0.79554814,0.83063275,0.81440765,0.41483018,0.80480564,0.102273285,0.37356958,0.75246394,0.20897898,0.91987795
0.36968583,0.27582607,0.18192296,0.6957265,0.07742631,0.62789816,0.4264738,0.76384985,0.53907275,0.12934448
0.3910273,0.39460307,0.787653,0.13120535,0.9204906,0.09096739,0.49889013,0.77333134,0.3191697,0.99172723
0.25452942,0.09838933,0.15407476,0.5650538,0.06524417,0.19088447,0.311951,0.9674662,0.3645836,0.6923219
0.80461717,0.73162633,0.50206983,0.86539763,0.45820448,0.7989453,0.49821788,0.05492135,0.6395266,0.06276024
0.54550886,0.21381992,0.2938196,0.66072094,0.124009356,0.04838504,0.21029815,0.97630286,0.19545569,0.9013636
0.25754288,0.45694026,0.6713185,0.13641636,0.8437024,0.52819693,0.6596629,0.50405633,0.5574001,0.8468531
0.17540178,0.78889877,0.71103686,0.050976954,0.7949932,0.82472324,0.77694064,0.6883013,0.5759787,0.42948315
0.14646548,0.07558956,0.5708597,0.16820526,0.92051077,0.46497065,0.67562616,0.17072515,0.7297872,0.97049135
0.6917609,0.71523833,0.67790836,0.4965568,0.6642985,0.28165597,0.43738222,0.57696,0.35089517,0.7171139
0.1507071,0.120704286,0.44107732,0.27880844,0.8205425,0.8516047,0.74388456,0.05997301,0.84216595,0.6212301
0.2677007,0.6435759,0.2896543,0.32891348,0.1038441,0.7806554,0.5614499,0.91254735,0.48570594,0.06590801
0.11948717,0.103841014,0.46076828,0.112241186,0.6716319,0.20455673,0.54568124,0.8915333,0.46834314,0.9750401
0.70018774,0.36496964,0.30401975,0.9272068,0.37483048,0.91192335,0.54606116,0.010928418,0.8232825,0.032738693
0.3026319,0.15013525,0.3528284,0.41071993,0.36400503,0.18968746,0.40171686,0.8615365,0.4116515,0.89295316
0.33847675,0.112642966,0.35493574,0.56721467,0.5334999,0.41248092,0.48423386,0.32349226,0.6243301,0.7950078
0.3607409,0.6843575,0.47063386,0.40530124,0.49607745,0.9339266,0.7132835,0.16261262,0.7403304,0.04998903
0.3029392,0.20718604,0.24570188,0.5041513,0.14615484,0.33630863,0.3998449,0.90213484,0.4290658,0.56252843
0.5649752,0.96797526,0.60815185,0.24846515,0.20576462,0.7540833,0.56598663,0.9425453,0.2946133,0.037827056
0.22984807,0.11519954,0.25964704,0.6293501,0.5133468,0.92480254,0.6916121,0.031304903,0.8757938,0.15152043
0.56668425,0.19017258,0.42584336,0.6905209,0.49419284,0.17355175,0.350054,0.5163987,0.43670654,0.8792464
0.39029023,0.21085718,0.46119335,0.46434012,0.59839964,0.31374392,0.4716363,0.50352484,0.5177025,0.8515517
0.09862758,0.36901546,0.3962006,0.098012924,0.4297301,0.78289634,0.7052441,0.82898945,0.6202075,0.40541834
0.5795338,0.99466765,0.72996944,0.19392827,0.37832692,0.98462915,0.79618967,0.51018727,0.55850005,0.0013883295
0.7952358,0.97685355,0.7182921,0.53170156,0.4746595,0.8750332,0.6060805,0.33918235,0.4589655,0.0192256
0.68471086,0.83010656,0.5118988,0.59350526,0.25312656,0.51396483,0.4308304,0.7707227,0.3483413,0.16120347
0.57540065,0.09400504,0.21827048,0.91158295,0.2910927,0.5852891,0.40163228,0.070747785,0.7224769,0.33866495
0.9242867,0.9853027,0.68082124,0.7406526,0.16825342,0.397715,0.31867802,0.8997648,0.15665428,0.046169557
0.87365186,0.9738758,0.8949445,0.25329137,0.7337357,0.044860702,0.3107943,0.9772764,0.07177136,0.91494787
0.26087034,0.07975287,0.13110366,0.8249905,0.19123055,0.93597126,0.6140648,0.041366372,0.8790811,0.046947047
0.26808137,0.22894208,0.31180507,0.5356895,0.4442026,0.87228,0.6507321,0.12711024,0.7868782,0.17442884
0.11729032,0.02806537,0.38329583,0.11912371,0.52684224,0.014272969,0.31136635,0.99220395,0.22023883,0.99897015
0.52757096,0.3437517,0.3471226,0.8436777,0.57339513,0.9665542,0.69321394,0.0045970264,0.8950854,0.027583988
0.7043934,0.6401104,0.2874294,0.8211018,0.076005675,0.45135677,0.32102135,0.81273794,0.35551655,0.09917951
0.70069,0.40851742,0.3636841,0.7821608,0.18302216,0.14757262,0.26312494,0.8441732,0.2852277,0.63648796
0.4583564,0.04347605,0.32712445,0.8159115,0.67811364,0.41781938,0.45414916,0.041658357,0.74958754,0.85283434
0.25781548,0.5427575,0.3380751,0.23055077,0.1245636,0.36830804,0.45136634,0.9841689,0.29831657,0.4282434
0.19920406,0.7117297,0.6361962,0.07190942,0.63820213,0.62311524,0.67697304,0.8885054,0.44813058,0.58884746
0.33846137,0.7738794,0.35937625,0.29399136,0.10735321,0.67022204,0.5186505,0.9592319,0.36709955,0.09030962
0.45938247,0.9515852,0.7418034,0.10852684,0.523159,0.5994728,0.6120364,0.94165677,0.28278777,0.26449603
0.8712834,0.5488304,0.6129334,0.8295148,0.53177434,0.06487896,0.23184979,0.60792804,0.23340917,0.8914679
0.4519838,0.975295,0.45708567,0.21459138,0.057101764,0.8393927,0.5673672,0.986528,0.26895484,0.008663953
0.42994514,0.19739397,0.18045956,0.82237786,0.13216293,0.7685344,0.4693082,0.26349548,0.69673276,0.09294357
0.8875545,0.8419069,0.50675297,0.912774,0.31740537,0.71500814,0.40829104,0.10701465,0.51900476,0.042368304
0.12450309,0.11103898,0.67137545,0.1304843,0.97525066,0.83404213,0.8203084,0.016967421,0.87621653,0.91435707
0.737157,0.883345,0.4638707,0.6277721,0.1124512,0.36158106,0.33936048,0.94518226,0.22210065,0.13097553
0.3105506,0.12407459,0.41486052,0.608282,0.8040779,0.8739583,0.6941281,0.012538679,0.8700516,0.42450964
0.409177,0.48767677,0.5025289,0.51153725,0.6892476,0.89888734,0.6933562,0.05271225,0.7821006,0.1510805
0.52666765,0.83879906,0.19452897,0.6061635,0.01085755,0.51427776,0.31921527,0.9939856,0.20981608,0.021299688
0.3461923,0.8191731,0.74608284,0.059416547,0.60190463,0.11179998,0.4730223,0.99264693,0.14911708,0.9350583
0.86118805,0.92728686,0.58593476,0.6178394,0.10619414,0.05097758,0.18843606,0.99436706,0.06828632,0.55685556
0.42932892,0.012805967,0.101985626,0.9445687,0.1750784,0.40464976,0.322771,0.08784014,0.7591506,0.6220087
0.2303839,0.42172822,0.20522946,0.25945854,0.027882947,0.14236031,0.30256444,0.99883014,0.16229543,0.5446059
0.7217059,0.49734142,0.23864965,0.9155999,0.10708676,0.7532408,0.39562365,0.22189862,0.6031536,0.034059364
0.1850278,0.42164156,0.68006337,0.10459287,0.9008155,0.7545251,0.756376,0.23863798,0.70068276,0.7662812
0.8346284,0.6598293,0.53149945,0.8574389,0.45187774,0.4287374,0.37118834,0.20077434,0.45667455,0.30395815
0.817944,0.9741034,0.7611563,0.436512,0.45591545,0.49986866,0.4672687,0.8207732,0.23726858,0.14255601
0.90915525,0.8744679,0.8689555,0.5912056,0.87320125,0.05635521,0.30483705,0.59263,0.1713891,0.9514749
0.22580226,0.3911182,0.43345332,0.1915618,0.37128174,0.388985,0.525813,0.9249786,0.40928832,0.7096278
0.52299947,0.81094646,0.3774995,0.4705914,0.09489466,0.5315317,0.42447975,0.953729,0.300538,0.09997922
0.37275657,0.65950376,0.8318122,0.110170625,0.9532999,0.49797913,0.69360346,0.29068166,0.53854954,0.91216135
0.9053327,0.92550665,0.6363263,0.84107435,0.36508983,0.5021837,0.36946094,0.36485863,0.33703125,0.09823177
0.17689365,0.060336795,0.0678141,0.7532833,0.031371016,0.7617003,0.45058152,0.70601547,0.70299554,0.08450115
0.23264223,0.32816315,0.4422218,0.23330547,0.48245078,0.4936565,0.5656937,0.7779066,0.51282203,0.6862052
0.77059937,0.9295392,0.88812095,0.26438212,0.9192983,0.31724212,0.54495484,0.44295308,0.30973384,0.80344474
0.8804099,0.66697013,0.47813407,0.9583409,0.5797158,0.9246958,0.54337966,0.0026516216,0.81479883,0.020251501
0.6221077,0.17437692,0.40428984,0.7780504,0.4817036,0.19111757,0.33684698,0.37191784,0.47000995,0.84761643
0.7679169,0.6545729,0.610229,0.6626166,0.5105819,0.165814,0.33324713,0.68459946,0.2852915,0.7511163
0.9467999,0.87201387,0.66814196,0.9167327,0.47700065,0.24285142,0.27396163,0.25213668,0.29081172,0.32207313
0.10306513,0.03643801,0.12206153,0.47612822,0.14313515,0.65223193,0.53201497,0.6652247,0.71933633,0.47355735
0.91441786,0.95450056,0.8173624,0.59736806,0.5859618,0.09334922,0.285981,0.8807311,0.12442686,0.7086831
0.26847476,0.97393155,0.73507124,0.04498166,0.51556295,0.9049243,0.7736035,0.9215479,0.42220312,0.052920666
0.45809183,0.10721821,0.21279904,0.7412815,0.122151576,0.11415147,0.2561495,0.9051121,0.34131157,0.81905836
0.89030415,0.70161855,0.5587373,0.9043836,0.47015557,0.3840194,0.33588558,0.14622073,0.43595666,0.29756087
0.24477753,0.05263803,0.13421053,0.74357325,0.14196858,0.622103,0.45587328,0.4014065,0.70949554,0.3532061
0.2594416,0.21482842,0.06819152,0.7797904,0.012000541,0.8231285,0.42462087,0.8717149,0.6060717,0.01565493
0.27259982,0.6144408,0.66334945,0.10159384,0.69347006,0.3368663,0.58106565,0.9060166,0.36031672,0.8567645
0.44483727,0.5833612,0.4082821,0.44085717,0.23271985,0.45685634,0.45427492,0.8683793,0.38789594,0.345483
0.23916279,0.023133824,0.2590192,0.6278772,0.571007,0.32217732,0.46282363,0.20840487,0.70726305,0.9293244
0.16551213,0.4934563,0.41976357,0.27631143,0.6482354,0.9852387,0.8405085,0.03621349,0.8936359,0.028559161
0.39212596,0.16696085,0.38154274,0.4129567,0.2862965,0.044247635,0.2719714,0.975311,0.21754937,0.97032094
0.6015968,0.84330076,0.5723648,0.48336962,0.43294594,0.75456774,0.5672202,0.47047886,0.4977893,0.10780813
0.75390995,0.57305443,0.6448043,0.7295242,0.7665744,0.4796831,0.47823122,0.08787119,0.55586797,0.57483155
0.81997865,0.9595612,0.7849316,0.3971525,0.5245787,0.24028456,0.39748886,0.9058493,0.17225039,0.45916408
0.27832848,0.7887182,0.6153385,0.15552057,0.6484342,0.88357705,0.7396833,0.45657745,0.6323816,0.15505213
0.62977856,0.9414155,0.59228766,0.5136082,0.43060592,0.95494485,0.69579345,0.16512011,0.6550303,0.009288417
0.8374165,0.8207426,0.5739058,0.82651114,0.4536472,0.6465744,0.44436994,0.15988639,0.49678782,0.11243223
0.35953936,0.11520352,0.24466804,0.7552957,0.37015644,0.76513135,0.5418047,0.092735775,0.77530605,0.27755633
0.09755876,0.07704234,0.066960104,0.5402574,0.026423814,0.82408756,0.52302855,0.87056947,0.69562787,0.065931424
0.34634352,0.14092192,0.34012634,0.5375573,0.40941474,0.31518987,0.43650663,0.6022428,0.52585346,0.8013443
0.39173248,0.27661,0.63183266,0.32568505,0.8487868,0.3430218,0.55406344,0.29780778,0.5562304,0.9225825
0.44594228,0.49277428,0.6067114,0.32038644,0.6764675,0.33457014,0.508634,0.645845,0.43115944,0.8108417
0.4876745,0.15542199,0.15251048,0.84199536,0.062428482,0.35719225,0.3021342,0.77567303,0.46812525,0.29323566
0.38346308,0.07386079,0.4470345,0.58126974,0.76661974,0.27950755,0.4736214,0.16403554,0.63860464,0.94377804
0.7200029,0.5744616,0.45883808,0.6944902,0.23351157,0.13111678,0.2755743,0.89720047,0.23445614,0.6756397
0.47334185,0.4713089,0.4437473,0.67596287,0.63292927,0.94033235,0.6957174,0.019798558,0.83423454,0.063378766
0.03442423,0.038540713,0.28435948,0.054032356,0.45647568,0.25969908,0.5934773,0.9695524,0.52002454,0.97385514
0.87360305,0.9984785,0.6667697,0.52065915,0.06981375,0.9300573,0.54759693,0.9211311,0.23509763,0.0005759334
0.7933672,0.88813204,0.75267184,0.49429727,0.65016013,0.27311805,0.41986358,0.6804575,0.26898172,0.59217024
0.7226879,0.29952905,0.59480214,0.8212674,0.8583758,0.6062595,0.5256004,0.0118725775,0.73399377,0.6270814
0.45301375,0.3668322,0.4817805,0.7485891,0.85687786,0.98714346,0.81130475,0.00071613543,0.9444744,0.030536802
0.74388486,0.4073567,0.45045358,0.8013564,0.36187747,0.18264838,0.3005891,0.56620556,0.35682994,0.6972439
0.07427995,0.03968031,0.10606677,0.5265225,0.20441343,0.95966893,0.72551894,0.09706463,0.9089467,0.07257654
0.1104281,0.07354762,0.20182727,0.2269981,0.14563864,0.1887542,0.4140335,0.9816758,0.38667622,0.89042866
0.34215388,0.60879016,0.5444195,0.1745592,0.37448937,0.19868235,0.44552842,0.97586423,0.24597952,0.8132761
0.084118955,0.092921406,0.3146776,0.14655767,0.47572654,0.5344211,0.62332934,0.79418916,0.63073856,0.8294788
0.6191626,0.84516704,0.1498703,0.86421907,0.014504405,0.9481924,0.47864106,0.6639636,0.5785387,0.0008174081
0.17847328,0.2116282,0.2523557,0.21972978,0.100339904,0.134017,0.3581215,0.9946055,0.24484828,0.8409407
0.6558541,0.061576776,0.36218634,0.8821899,0.5991168,0.15659478,0.31007218,0.113674514,0.5739956,0.927185
0.20970707,0.019964276,0.024099052,0.93117434,0.007024147,0.74304026,0.33180714,0.6662792,0.73687625,0.038393237
0.46893984,0.60150045,0.33960772,0.4501239,0.092249356,0.22306153,0.33294058,0.9830321,0.2255058,0.43234226
0.755686,0.4042956,0.24121793,0.92978835,0.114778675,0.58193606,0.33281246,0.2704468,0.54428333,0.084218346
0.94878846,0.85473317,0.86471295,0.67635643,0.77185625,0.005706313,0.1470845,0.9409951,0.057280455,0.9923611
0.19860716,0.7737874,0.51625884,0.060214035,0.20431261,0.25874278,0.49869296,0.99741346,0.18282695,0.65952975
0.46728194,0.9784252,0.4856396,0.3240349,0.14509991,0.98440486,0.7506551,0.5829189,0.61829203,0.0009868066
0.32594922,0.66721785,0.25136718,0.44727364,0.06842897,0.79928213,0.5279195,0.9028813,0.48373064,0.03596099
0.8527511,0.6967169,0.7165005,0.7774349,0.7901157,0.31972873,0.40917408,0.11400349,0.44529623,0.6707391
0.09318415,0.0779188,0.34880185,0.09676313,0.3905282,0.09037485,0.44108763,0.9874893,0.31847307,0.98420924
0.6907763,0.05488671,0.20822121,0.953457,0.28524193,0.30404192,0.2879763,0.07839641,0.6499175,0.63053155
0.21663661,0.7547737,0.7644302,0.015619157,0.5134407,0.011725063,0.3493048,0.9998555,0.045433134,0.9961718
0.86309993,0.7649783,0.7076525,0.700435,0.5942798,0.08478589,0.2772618,0.7323719,0.20135018,0.8534139
0.59405285,0.6791552,0.40857506,0.70372623,0.30483797,0.8383458,0.5527264,0.22056799,0.63077295,0.05301523
0.19994538,0.7031214,0.5278251,0.14776695,0.5679663,0.9195081,0.7622568,0.44950634,0.69237435,0.111449964
0.052258756,0.031466592,0.09065391,0.2678101,0.05952153,0.46553302,0.48593965,0.9696259,0.57459754,0.6204899
0.59584063,0.9815616,0.888482,0.06600442,0.7981219,0.4129081,0.61133236,0.9463346,0.19469477,0.56394404
0.86510587,0.94094497,0.68094754,0.82043254,0.64003485,0.9323831,0.6212129,0.019917559,0.6837271,0.014073071
0.38748807,0.16885178,0.37038767,0.6307232,0.55854714,0.6287178,0.5404852,0.14299873,0.70241785,0.54736406
0.25730821,0.4699811,0.22871043,0.42684132,0.08787315,0.7620852,0.53269243,0.8777918,0.529465,0.078217894
0.7692071,0.28187865,0.5029776,0.8730794,0.6757133,0.38158867,0.39582568,0.053121284,0.602251,0.66369826
0.81771463,0.9928201,0.86881673,0.2723828,0.7073896,0.78876865,0.63170713,0.58674365,0.31563577,0.054885495
0.61030084,0.98605496,0.87113774,0.12938477,0.85012686,0.91366434,0.77214324,0.33691397,0.5039649,0.062878065
0.4845458,0.9071472,0.81817895,0.116066486,0.83268976,0.5461396,0.6467272,0.72139835,0.37378323,0.6110532
0.69258815,0.89718723,0.8541513,0.27225077,0.9121394,0.5196981,0.6116651,0.26438305,0.4341502,0.6630209
0.7398752,0.25939262,0.49821284,0.7978563,0.5494049,0.10925182,0.28852737,0.43659887,0.3693729,0.9054621
0.92238265,0.9180927,0.80841327,0.5651595,0.4743164,0.009519352,0.15488449,0.98964334,0.044868436,0.9672175
0.7385329,0.5625867,0.7701534,0.4407088,0.82784206,0.047544513,0.32537806,0.7606266,0.21486306,0.9819155
0.8649765,0.675448,0.866454,0.48512685,0.91127044,0.014810434,0.2538791,0.77997226,0.13330099,0.99543273
0.4282861,0.34394702,0.56234384,0.46068618,0.77863467,0.63638353,0.60244775,0.12603648,0.67062443,0.64237994
0.8523706,0.9415067,0.77880526,0.61872977,0.71242154,0.6020038,0.50839704,0.23745516,0.4018809,0.1968138
0.13203552,0.05293464,0.4280627,0.20583509,0.77722865,0.33096936,0.58688486,0.47472858,0.6490086,0.96823245
0.68303716,0.30237988,0.30372092,0.927018,0.42269814,0.90780467,0.55194414,0.008427776,0.8373913,0.044309374
0.07445814,0.21300732,0.15228549,0.25095895,0.10673519,0.9348986,0.70516884,0.7285273,0.7652901,0.048396964
0.9337398,0.12617965,0.224664,0.99506515,0.27487493,0.49543732,0.23708731,0.0042514447,0.73240143,0.16360663
0.7150601,0.8987916,0.5287312,0.572304,0.20069416,0.5266305,0.4229525,0.8558215,0.2988651,0.104563616
0.6839923,0.47556722,0.56185144,0.65034974,0.56593674,0.2173574,0.37526628,0.52001107,0.3803451,0.78318906
0.8650834,0.8353525,0.7987725,0.5835824,0.75495255,0.081691526,0.31380302,0.7102344,0.19090326,0.90367365
0.20675851,0.080088444,0.16581203,0.5003123,0.09970534,0.24277145,0.36282316,0.94411093,0.432711,0.7298021
0.62747115,0.8711414,0.6234505,0.42515537,0.45757923,0.6314609,0.5329609,0.6478906,0.40624633,0.18556367
0.33006218,0.45203614,0.6589581,0.26828116,0.88675475,0.7988446,0.7212048,0.077271536,0.7400436,0.58485895
0.13032748,0.037664067,0.5513802,0.11311403,0.87426287,0.060806494,0.48599905,0.8303734,0.4393339,0.99827206
0.4143946,0.016622,0.29051438,0.78287125,0.6065625,0.08761643,0.3105609,0.2560682,0.5743095,0.98488563
0.08564619,0.09811138,0.10484636,0.50988173,0.12087564,0.97494227,0.7348344,0.16915926,0.89289993,0.020099554
0.69332314,0.55280423,0.4240897,0.75264895,0.27528825,0.37069184,0.36628014,0.59083784,0.4028013,0.3580136
0.35902858,0.30465934,0.3786334,0.42557856,0.31537035,0.31797326,0.4365127,0.84073967,0.41988018,0.69327396
0.32190427,0.16933773,0.38726974,0.3593276,0.35696563,0.1014995,0.35397598,0.9419761,0.31036896,0.9456518
0.4183175,0.6273934,0.70080537,0.16872132,0.727082,0.20152487,0.49869734,0.8848313,0.3013602,0.913371
0.40845785,0.086125314,0.0998641,0.8797288,0.043900754,0.50130665,0.3250775,0.64563113,0.58326423,0.18168828
0.17836927,0.8366948,0.912409,0.0073901587,0.95642275,0.11409636,0.66975826,0.98636264,0.18510932,0.99361414
0.5299755,0.37582588,0.5945448,0.44544908,0.6905492,0.202101,0.43240306,0.5945433,0.4011346,0.9028024
0.37694144,0.95379883,0.8004333,0.04150095,0.57890356,0.29242277,0.56968915,0.9921238,0.15864724,0.6886945
0.236569,0.515397,0.70412636,0.066512555,0.76933557,0.1596558,0.5431369,0.95647305,0.28460807,0.96783733
0.44521588,0.04359384,0.08871883,0.91667277,0.04513225,0.3123514,0.2610766,0.643378,0.5526491,0.3835617
0.114939824,0.55066866,0.46612903,0.07718706,0.44850442,0.7898312,0.71474904,0.87677526,0.567335,0.34468812
0.09174822,0.0035194897,0.23249069,0.475402,0.8099406,0.35833266,0.56876355,0.06640576,0.8457344,0.9866405
0.23610789,0.04626757,0.12610348,0.8395889,0.25555098,0.9386838,0.6303735,0.019940242,0.9063818,0.070364855
0.36628163,0.09561014,0.3212228,0.5323676,0.32191586,0.08803218,0.31126454,0.8921109,0.34837186,0.9514547
0.81369156,0.25965732,0.345091,0.9051206,0.19943616,0.06500393,0.18396772,0.74277014,0.2620524,0.8205986
0.30764118,0.14602292,0.4009337,0.3944087,0.4924877,0.20614529,0.43119034,0.7683925,0.45084307,0.91563004
0.6511593,0.9576656,0.6925282,0.26805905,0.3495917,0.5097077,0.50042933,0.9373469,0.23679888,0.17113362
0.6612319,0.9648788,0.22033791,0.83272487,0.023689175,0.9931016,0.6542336,0.27760673,0.7178011,6.7608365e-05
0.45667246,0.36784977,0.49836504,0.53602475,0.65057534,0.6476694,0.56887436,0.17323501,0.64838004,0.4940856
0.32382184,0.48230132,0.29876497,0.33555058,0.087810874,0.24323303,0.3676572,0.9882939,0.25010395,0.4995047
0.88288087,0.85168815,0.40308228,0.8920754,0.08407292,0.3077632,0.24760857,0.82375026,0.23699515,0.09042684
0.17161947,0.33627713,0.51969177,0.092161044,0.51746213,0.19358648,0.513478,0.9727658,0.31761464,0.9366281
0.78280735,0.5118804,0.60774624,0.54348767,0.32167518,0.0056526056,0.13793205,0.9944337,0.060574956,0.99114144
0.22547379,0.6872955,0.66502416,0.080660895,0.70780486,0.56927127,0.66565955,0.84972703,0.44836912,0.68875164
0.19596133,0.7002111,0.3979065,0.19842927,0.29616734,0.9271173,0.72539645,0.6462029,0.66440356,0.0465702
0.93579054,0.88346595,0.76802826,0.65739846,0.34724227,0.0038796342,0.106322244,0.99550796,0.030668216,0.9824126
0.06507947,0.0015034934,0.089547455,0.74968415,0.59787905,0.8549389,0.66631186,0.006100924,0.9558018,0.7713633
0.9742988,0.98940116,0.8682461,0.86497474,0.7335047,0.55321044,0.40504122,0.10181962,0.2994133,0.07463431
0.24360187,0.724517,0.42536432,0.22319354,0.30316907,0.8915412,0.68919444,0.69198185,0.61103743,0.06489884
0.49901703,0.17835972,0.41300157,0.71155626,0.6167588,0.5220629,0.49277598,0.11070449,0.6703419,0.64905393
0.2565531,0.10263507,0.09288377,0.8317443,0.066520534,0.917247,0.5470586,0.18246639,0.8213646,0.025926504
0.52138686,0.27755615,0.58369654,0.43091306,0.6748071,0.08980058,0.36395186,0.7736981,0.31875387,0.9673122
0.95862216,0.92253053,0.92718744,0.60699135,0.92058945,0.010772756,0.20612901,0.79244703,0.077144735,0.991381
0.4016286,0.60995656,0.5871043,0.3224907,0.67491436,0.7230565,0.6340735,0.33063316,0.6000567,0.38577032
0.78216976,0.95661604,0.7900084,0.28877434,0.49114802,0.1386378,0.36583364,0.971731,0.12233405,0.65930563
0.2762308,0.4593897,0.73711646,0.13455871,0.9245814,0.6004786,0.70525074,0.23831497,0.6313828,0.8720852
0.1407289,0.014544878,0.14808519,0.67611307,0.41354376,0.73525447,0.5790448,0.07430416,0.8594157,0.63076556
0.17624603,0.255709,0.6561928,0.116757035,0.90892464,0.59051454,0.71202487,0.27657115,0.67529666,0.91213775
0.20701805,0.6899345,0.6093422,0.08422543,0.59248066,0.6066976,0.659144,0.8941233,0.44272453,0.5735856
0.9136767,0.9152098,0.85743034,0.6471179,0.85308677,0.15634763,0.36675608,0.36259863,0.24119234,0.804017
0.5116699,0.44393787,0.705943,0.35272515,0.872152,0.33423007,0.5430686,0.2736527,0.50893265,0.9030757
0.8377696,0.8092058,0.7271383,0.63257533,0.6396736,0.14379096,0.3352461,0.6659266,0.23925883,0.7790051
0.29987413,0.07859161,0.040078744,0.938403,0.0137257725,0.941503,0.4663962,0.21186072,0.83297837,0.004972915
0.44202352,0.0055944165,0.0935326,0.9648494,0.24907745,0.39139932,0.31823125,0.027018776,0.8204592,0.7430494
0.63167685,0.60132617,0.7796117,0.43352768,0.93120617,0.52451074,0.6043808,0.06559038,0.60233337,0.80438966
0.4971345,0.32508445,0.5375933,0.460152,0.60575813,0.19428207,0.41546836,0.67337245,0.39520618,0.89424324
0.7341504,0.77143085,0.59129727,0.4701736,0.24441501,0.045054454,0.23475909,0.9883713,0.1048678,0.8653329
0.8328146,0.8524826,0.64724076,0.7809875,0.6019136,0.70488065,0.4989579,0.101145595,0.5340823,0.12222544
0.8107404,0.66792697,0.74659985,0.7184927,0.8769903,0.4635722,0.49764803,0.047601454,0.5542597,0.66153824
0.5549373,0.33048862,0.26767096,0.810382,0.19106764,0.6597921,0.43698505,0.31562734,0.6055161,0.1455243
0.8852517,0.9911549,0.68479294,0.75935274,0.34475797,0.97039074,0.6466572,0.092797406,0.5807627,0.0012234027
0.20622872,0.45725808,0.5334516,0.15828812,0.64607203,0.69731265,0.6713188,0.6066182,0.5977283,0.5587947
0.12932974,0.16602045,0.23851807,0.20703603,0.14553687,0.31711456,0.46575975,0.9775293,0.3995569,0.7277305
0.23975953,0.39075136,0.6538642,0.10089821,0.76471466,0.19403575,0.54333824,0.9048828,0.35412255,0.9617321
0.81460696,0.38773665,0.1741017,0.97439754,0.0756118,0.8014181,0.34781715,0.06827455,0.68244463,0.015976692
0.16846633,0.12589316,0.263851,0.51423603,0.5380705,0.95223916,0.74540704,0.032242324,0.89376193,0.11658158
0.87126297,0.27809888,0.37049106,0.93857163,0.23179482,0.06078775,0.16932623,0.5971285,0.26773572,0.815864
0.53159297,0.5039258,0.72211957,0.3329835,0.8643538,0.29772028,0.52893656,0.3584023,0.46347663,0.90692264
0.22368944,0.2503467,0.49267524,0.21818206,0.6535137,0.45397902,0.58488697,0.63970083,0.55426025,0.8321478
0.24469858,0.17697544,0.24613114,0.48565814,0.21866268,0.5827637,0.504185,0.69006395,0.5921623,0.41252628
0.63024473,0.46952674,0.5726483,0.5276875,0.53263855,0.1264365,0.34684187,0.79845387,0.29008797,0.88786066
0.57520777,0.67654645,0.71720165,0.25566188,0.6813077,0.10073836,0.39620158,0.9215594,0.21462408,0.93947035
0.39934692,0.8270609,0.6954174,0.13394877,0.60865027,0.4213163,0.5694328,0.9118967,0.31748116,0.62992954
0.6320651,0.8060372,0.92480004,0.15737909,0.98791236,0.39033586,0.67734265,0.08672871,0.5072037,0.95757455
0.73901343,0.9124408,0.70931554,0.47030666,0.57030344,0.5475459,0.50551605,0.5763193,0.3604416,0.24505977
0.83352476,0.81864053,0.83179075,0.38717034,0.76545644,0.020600978,0.2546809,0.95086175,0.098397635,0.9837241
0.05186443,0.040648863,0.73759604,0.011596738,0.9556536,0.012654228,0.5164672,0.98835164,0.24322645,0.99993026
0.79008335,0.18648227,0.44121876,0.8407694,0.36280158,0.02091717,0.16513804,0.84474856,0.19737698,0.9750851
0.7291471,0.9257303,0.9709926,0.03676943,0.9866383,0.008637994,0.40289634,0.9742095,0.06472338,0.99944264
0.4256357,0.30241656,0.21618524,0.7325096,0.12040744,0.68239635,0.45153698,0.55789787,0.5885303,0.12118813
0.051531337,0.0036761765,0.15795478,0.3904607,0.63583606,0.55682564,0.62064105,0.1279096,0.8671747,0.95398897
0.8030125,0.6844948,0.5737585,0.6213704,0.245826,0.024215266,0.18231377,0.98478323,0.09455839,0.9245051
0.7842385,0.4291431,0.6391195,0.67940015,0.6371326,0.043930843,0.25399455,0.7516601,0.22094253,0.9659522
0.92117214,0.9335646,0.689142,0.820066,0.40060145,0.29891142,0.31646436,0.5572045,0.24340153,0.22265483
0.49555826,0.06629803,0.3224346,0.78927124,0.5161206,0.24201472,0.3715065,0.20930083,0.598146,0.88131183
0.13584839,0.15679133,0.4402989,0.06773593,0.3282435,0.020962078,0.3253705,0.998752,0.13336843,0.9949714
0.7485885,0.80809844,0.6618465,0.5480507,0.52696514,0.2704376,0.39783284,0.71715325,0.2908577,0.57436156
0.3298166,0.09792239,0.49747917,0.45702252,0.81809765,0.35955667,0.5373475,0.16038707,0.66052777,0.93557984
0.4853351,0.7960892,0.5498847,0.38902137,0.45809448,0.8006962,0.6147067,0.46960855,0.5494284,0.117095105
0.136682,0.5355553,0.13598153,0.35895982,0.03286242,0.95633334,0.6608883,0.8686159,0.68176097,0.006098603
0.51598835,0.6923221,0.5213699,0.35346985,0.2945968,0.23553243,0.3982511,0.95013416,0.25278452,0.61960036
0.3192011,0.8094753,0.2982301,0.4160324,0.10639091,0.95163995,0.66683793,0.6542871,0.6436895,0.0071147997
0.966174,0.9972024,0.6493973,0.8636403,0.054732192,0.63252497,0.29783812,0.9138562,0.13390885,0.0027301605
0.20844568,0.71692616,0.44045803,0.16972108,0.32390597,0.876136,0.69710964,0.7696969,0.5907373,0.09044828
0.3868504,0.374414,0.26489735,0.6323446,0.17440532,0.7448224,0.51207626,0.52186984,0.60974914,0.118399575
0.8721881,0.60203487,0.33899873,0.9742697,0.34503904,0.946205,0.51712656,0.0030640562,0.8338095,0.00745102
0.6826818,0.84259546,0.70826703,0.4786916,0.72425044,0.66927356,0.5757706,0.24014091,0.50700533,0.28668037
0.74418503,0.41912043,0.7482505,0.70429516,0.9441829,0.50007516,0.553715,0.013026595,0.6830692,0.83007896
0.25850204,0.09439437,0.4459018,0.32994524,0.672893,0.18744211,0.46679288,0.64972264,0.5028501,0.96508306
0.8967623,0.8679606,0.71981555,0.7610145,0.567512,0.17568132,0.31079552,0.5629781,0.23892541,0.59455085
0.9586129,0.96953803,0.90351456,0.5506663,0.71614724,0.009778218,0.17047627,0.9762908,0.040605582,0.97079986
0.029754518,0.057835832,0.26510417,0.040878017,0.32938364,0.28329173,0.5956523,0.9881846,0.46724218,0.9554038
0.51362777,0.79244035,0.84081674,0.11630105,0.89095974,0.1641574,0.52988106,0.84500796,0.2608019,0.9555125
0.12585492,0.0052491617,0.039671954,0.89213717,0.07102755,0.83014923,0.48955595,0.08925517,0.8931408,0.19288863
0.08241493,0.21267164,0.56718624,0.06908442,0.87374526,0.8061358,0.7915701,0.2938016,0.76787686,0.79728734
0.028171226,0.07184809,0.14279559,0.12299668,0.19059183,0.92276233,0.7581532,0.7320686,0.81810147,0.19343245
0.80879235,0.8197632,0.46185663,0.8379933,0.23970214,0.68600965,0.4221977,0.31053275,0.47351286,0.053400416
0.6448879,0.116901115,0.164729,0.96159106,0.20707442,0.85366935,0.4519,0.014272398,0.83330953,0.054681767
0.5501598,0.9223701,0.52115655,0.27168828,0.11704136,0.34538996,0.40477043,0.9910012,0.16884062,0.19078259
0.8148686,0.8302488,0.22773664,0.94654495,0.05043398,0.9383197,0.4545375,0.1386598,0.6534966,0.0015683398
0.23782286,0.25745925,0.37304315,0.5570944,0.74042314,0.9850498,0.8193451,0.0044033853,0.9348202,0.039745566
0.21663095,0.04430811,0.45502558,0.29491672,0.76972085,0.1068428,0.4472221,0.6433481,0.50142413,0.9914119
0.77257204,0.769691,0.58236223,0.67217356,0.39275172,0.28223684,0.3614049,0.6984854,0.30180836,0.45465058
0.71119696,0.82727337,0.8227211,0.24622743,0.7942684,0.0664318,0.3738331,0.92223066,0.15916649,0.9601939
0.8964728,0.9823537,0.9085547,0.3515413,0.8426141,0.21415259,0.43853015,0.73959047,0.16658498,0.6506333
0.20860957,0.33033627,0.4874376,0.20383133,0.62953746,0.6401012,0.6407274,0.55935544,0.61075044,0.64616406
0.059957866,0.056451313,0.37937987,0.08912654,0.6933632,0.44087914,0.65630764,0.7535133,0.6518301,0.95287335
0.9226715,0.76035297,0.7377075,0.8311215,0.67738223,0.072003864,0.24549933,0.4735198,0.21421027,0.8696276
0.49588144,0.36680663,0.2807213,0.7621197,0.22580726,0.7817212,0.50739306,0.23533024,0.6674254,0.0966938
0.11125029,0.02665865,0.25971824,0.2592494,0.43592238,0.15240024,0.44611377,0.877547,0.51399195,0.97705156
0.5979194,0.96877676,0.816906,0.13765615,0.68158054,0.5925533,0.6129923,0.8652947,0.28534633,0.28793278
0.953457,0.98812443,0.7550221,0.83842415,0.36161312,0.62285256,0.3881037,0.3997986,0.26659983,0.025204673
0.540839,0.71370566,0.7970197,0.13528949,0.78120553,0.043562457,0.3802183,0.9735303,0.14279397,0.9850417
0.16050592,0.7135043,0.60808975,0.05626377,0.5737901,0.64465755,0.6874864,0.93121135,0.43804374,0.5477409
0.2672484,0.2488151,0.3835032,0.460253,0.5874058,0.8560689,0.6713132,0.10967693,0.78308916,0.26981726
0.83895105,0.9237341,0.9016694,0.2778379,0.8995553,0.06346149,0.37914556,0.8356535,0.14392418,0.9622143
0.73938227,0.96854556,0.64828306,0.61343104,0.4953461,0.9739522,0.71789324,0.06327818,0.6961278,0.003836396
0.8431629,0.88999414,0.8879901,0.61717945,0.9780076,0.86397934,0.7164765,0.0026711544,0.752191,0.323343
0.8795304,0.98670954,0.86327225,0.49098486,0.7854097,0.77429146,0.59782344,0.21336229,0.39331013,0.07217778
0.7708885,0.37923533,0.46655428,0.9073784,0.6592523,0.7781759,0.51049185,0.010053996,0.76500875,0.18425512
0.46069625,0.12484537,0.29271615,0.80458385,0.46691215,0.6977513,0.5110767,0.0606479,0.7597791,0.37479848
0.35651013,0.051889993,0.4988047,0.53810114,0.8703459,0.2528971,0.5000787,0.09644598,0.6765303,0.97475296
0.12832907,0.038475785,0.23923732,0.39996764,0.48217154,0.58403844,0.58160365,0.33969557,0.7477199,0.7930258
0.27532795,0.75405836,0.7687693,0.11792979,0.92997265,0.9238727,0.8237552,0.07295919,0.76784635,0.32456043
0.3782409,0.17588177,0.20113155,0.7553007,0.16835175,0.7076723,0.47598937,0.3412583,0.67383796,0.17402428
0.53562003,0.83154386,0.75055397,0.22699344,0.7707096,0.5050623,0.58863103,0.6075023,0.40716824,0.60071766
0.09438977,0.25452328,0.3350842,0.12334944,0.3624081,0.72074527,0.66687655,0.851672,0.6129375,0.4875218
0.64738744,0.11298049,0.5550387,0.87293476,0.9401966,0.81620795,0.6335798,0.00071568415,0.8959864,0.6163893
0.85298055,0.89607024,0.7370937,0.73295236,0.7391418,0.69337046,0.5251076,0.07967597,0.52065015,0.16461594
0.2079294,0.3757328,0.5457122,0.15734969,0.6901278,0.5760532,0.642147,0.6407041,0.567567,0.74372846
0.90812004,0.93995947,0.70475787,0.6923011,0.29274246,0.083987445,0.23246554,0.95052594,0.10735541,0.55772585
0.43965775,0.058677647,0.45412624,0.61725485,0.75246733,0.121102035,0.3832808,0.29397503,0.53147715,0.98000365
0.44391507,0.3351766,0.62617975,0.36430296,0.80732346,0.3210589,0.5241693,0.36544606,0.51338875,0.90002006
0.73187876,0.5761444,0.48361957,0.62778276,0.19667251,0.041134086,0.20661582,0.9793109,0.13053077,0.87966233
0.18746585,0.089161664,0.21151605,0.45405087,0.21536314,0.45567986,0.47704244,0.7669394,0.5832187,0.6434543
0.68207806,0.4833748,0.37883285,0.677199,0.1241544,0.06038349,0.21137336,0.9776372,0.15927565,0.7924586
0.8688348,0.9932574,0.86621785,0.29947045,0.56385624,0.43109137,0.4754532,0.9112156,0.15388784,0.15582001
0.43776467,0.07353889,0.2554173,0.7589234,0.30382818,0.22095366,0.34205043,0.50741154,0.52619946,0.8295468
0.409358,0.1348938,0.3171926,0.81595707,0.67255384,0.9414936,0.6848446,0.0041810824,0.90717614,0.115695745
0.65828043,0.82118756,0.5213169,0.58033705,0.30987364,0.6233183,0.48012987,0.6324416,0.4176323,0.13234363
0.8653665,0.9891874,0.75888205,0.5507587,0.3981422,0.79440284,0.5358122,0.5846636,0.32043114,0.019297704
0.118556604,0.055917766,0.3595617,0.22461335,0.6678127,0.43546176,0.59766287,0.5084673,0.6732335,0.9277215
0.7528387,0.9619312,0.8889471,0.15657605,0.82708925,0.1468887,0.46202493,0.9288827,0.14816639,0.8595511
0.38556835,0.3266168,0.20096518,0.6995241,0.09705013,0.7259221,0.46764758,0.63279563,0.5893781,0.08799559
0.2953251,0.07338457,0.33388078,0.55023634,0.5509948,0.3576411,0.47650653,0.3381517,0.63200545,0.8691038
0.7575351,0.73256004,0.76664627,0.5475674,0.85528535,0.35983106,0.49192217,0.18713103,0.4459169,0.7543068
0.12567471,0.08379303,0.2008401,0.2768372,0.152722,0.27363145,0.4392843,0.9621188,0.44524744,0.8129431
0.65201855,0.047405973,0.16836368,0.93700004,0.1346069,0.105994366,0.20007442,0.5191799,0.4461716,0.8139783
0.19454059,0.5203568,0.13436523,0.6683353,0.08520569,0.9969097,0.80500543,0.04344638,0.92303735,0.00046995856
0.871323,0.096838705,0.48067546,0.9581974,0.7513586,0.11499831,0.25382993,0.02449605,0.5602029,0.9359411
0.92449045,0.9017188,0.4325253,0.96174055,0.19615896,0.89370537,0.43262118,0.036259245,0.6205901,0.0047372617
0.5376178,0.12802634,0.45458654,0.780099,0.791378,0.62096024,0.54016495,0.018963283,0.77672,0.68750197
0.44396666,0.852852,0.35382593,0.4368011,0.095514484,0.8294016,0.5469368,0.87949413,0.44533047,0.022480141
0.7423667,0.16195868,0.44028437,0.8135047,0.42224976,0.03134339,0.19735116,0.77097815,0.24700058,0.9722001
0.76444674,0.60789955,0.56336576,0.77630895,0.57661563,0.48063195,0.4341933,0.17100064,0.5089229,0.39803588
0.27791554,0.13456336,0.39911953,0.35610908,0.5000452,0.19903055,0.43814433,0.796096,0.44926655,0.9279958
0.56271845,0.31373298,0.24885696,0.89182144,0.29643616,0.9397737,0.59215635,0.01749402,0.8445735,0.023060134
0.081436574,0.47258016,0.5427156,0.04423938,0.67212576,0.79723775,0.7680306,0.80933756,0.6235683,0.564948
0.8614162,0.5737462,0.50886744,0.8855991,0.39166626,0.21304086,0.28263634,0.35480198,0.35547528,0.5353901
0.6659614,0.84713227,0.66639066,0.3644327,0.44952503,0.22106528,0.4016474,0.92057,0.22115651,0.6287087
0.42443478,0.5252397,0.45181388,0.36141542,0.2912808,0.2755115,0.4202248,0.9269928,0.31832105,0.6454306
0.5897014,0.33178347,0.36584342,0.789237,0.39537767,0.6464906,0.47330296,0.14932261,0.6424002,0.26266995
0.03664664,0.010043532,0.20033863,0.22344415,0.69161993,0.8194867,0.74467707,0.10608106,0.8975869,0.84324753
0.81546474,0.9366714,0.8867381,0.44591668,0.9527602,0.755559,0.66895473,0.031541638,0.58057845,0.37073922
0.506029,0.5929626,0.80734247,0.21512417,0.93439263,0.31496713,0.5894791,0.31166828,0.46897823,0.93942016
0.24479698,0.3930575,0.38106534,0.21582717,0.22900927,0.2647375,0.44809848,0.97418267,0.31520236,0.7286951
0.4874576,0.34342697,0.3066205,0.75251716,0.30592963,0.80568427,0.5372019,0.14805351,0.70636994,0.11324617
0.3819197,0.20391506,0.45473018,0.33772424,0.40870678,0.053044934,0.31183052,0.9651338,0.23371372,0.9741933
0.574323,0.8439706,0.7828944,0.120914586,0.5987714,0.036421128,0.3373219,0.9941499,0.09019431,0.97082525
0.11265291,0.0072529,0.112459525,0.6649038,0.30523884,0.53924894,0.5033963,0.20324385,0.8159432,0.8156794
0.6887835,0.96711385,0.6662363,0.37145874,0.33197543,0.7585246,0.55989635,0.7957493,0.34209743,0.044688664
0.48127484,0.4456637,0.39543125,0.48294935,0.21683107,0.19677395,0.35189477,0.9381069,0.28784433,0.68358934
0.45415393,0.667123,0.81379366,0.10623932,0.8722838,0.087978624,0.47815576,0.9209842,0.22250661,0.9826276
0.82836956,0.8910481,0.6765157,0.7055933,0.5636548,0.59723526,0.47169444,0.26170832,0.42882,0.16740467
0.41735804,0.30489087,0.61037976,0.279615,0.70900345,0.10451095,0.41418353,0.84503454,0.31830785,0.97075945
0.53899497,0.2254307,0.7603666,0.30316246,0.9242031,0.03999533,0.38432035,0.622569,0.30609187,0.99669504
0.8969135,0.9971187,0.31911302,0.8921038,0.009227308,0.9881229,0.52728295,0.6818562,0.43928912,1.5545898e-05
0.35132447,0.1676987,0.3711776,0.5223834,0.47534418,0.3971006,0.47552398,0.4805378,0.56651074,0.7534966
0.7912617,0.7638145,0.7522211,0.4512557,0.639419,0.040776044,0.27548787,0.93428534,0.13568187,0.9556773
0.80009747,0.6483575,0.61266714,0.7949403,0.66757333,0.51498705,0.45065296,0.09785327,0.53567,0.39177275
0.35981476,0.37060788,0.24401973,0.6952357,0.21639678,0.9262814,0.6233603,0.13937159,0.78100634,0.031441048
0.90804845,0.9203479,0.83604264,0.656801,0.80260974,0.18784122,0.36958954,0.40669498,0.24565537,0.7140994
0.5780849,0.5562311,0.10645417,0.89841455,0.012218315,0.8301395,0.36693224,0.7759674,0.5259864,0.0051070475
0.97948533,0.78825635,0.52295196,0.98737025,0.2735474,0.19413425,0.1716246,0.097690456,0.31024092,0.19114418
0.49127316,0.06334013,0.20888193,0.87915,0.30000284,0.48364457,0.39300033,0.12015282,0.70025533,0.52914804
0.8650037,0.87298256,0.7823379,0.7724509,0.8817031,0.8053681,0.597458,0.012237949,0.66238093,0.16667952
0.10677124,0.018736757,0.20436254,0.25570375,0.24389623,0.046741646,0.32290825,0.9824666,0.3397045,0.99114674
0.44992384,0.8448798,0.66700995,0.2613171,0.68726665,0.85090846,0.6943776,0.31816202,0.59776205,0.15085478
0.18114264,0.029708315,0.33940223,0.3279787,0.5893898,0.09072306,0.40128985,0.8062532,0.47234732,0.98959804
0.12999533,0.025366364,0.23851286,0.44333118,0.5574167,0.5568318,0.578249,0.22464223,0.7760458,0.85666555
0.7913105,0.8267409,0.7750074,0.5142185,0.77932864,0.24642487,0.43145624,0.47628263,0.314986,0.7562949
0.74035597,0.7918808,0.5107494,0.5507372,0.14118643,0.067951486,0.23070796,0.9890798,0.113070056,0.69351614
0.57848,0.03063402,0.28602213,0.8898418,0.5367759,0.1467553,0.30091712,0.12046383,0.60816646,0.94238985
0.25521502,0.09901176,0.35442156,0.4450448,0.55097514,0.41132253,0.5136654,0.42643788,0.62383896,0.8402106
0.39872113,0.41880855,0.7269234,0.24928352,0.91856664,0.4923373,0.637679,0.16883375,0.60835886,0.89182276
0.7182053,0.9570601,0.7781899,0.31439897,0.6347393,0.6009413,0.55862707,0.68449056,0.32782033,0.21327358
0.61583984,0.62236726,0.63541913,0.45332703,0.63209134,0.26813436,0.4407778,0.64789546,0.36127093,0.7656691
0.38556924,0.4014128,0.27391037,0.60385954,0.16902031,0.7178396,0.5046393,0.60361713,0.5795438,0.12994157
0.803513,0.9651622,0.8058128,0.30139533,0.51947,0.16187559,0.37802175,0.96244377,0.12803724,0.60101146
0.24957503,0.36549816,0.16937661,0.68090844,0.13246766,0.9798982,0.70729536,0.09500094,0.8621042,0.005819331
0.26697662,0.24797718,0.110249855,0.7651698,0.050247394,0.9404591,0.5757005,0.33341908,0.78131044,0.010615507
0.14322011,0.07009128,0.4297351,0.21617779,0.7544901,0.3902337,0.5967284,0.4585312,0.65363944,0.9481281
0.27431095,0.25209728,0.60195476,0.25939447,0.8676522,0.6129636,0.66254556,0.15777278,0.69321626,0.8356625
0.24148405,0.008381809,0.07758714,0.8088782,0.056564227,0.05767838,0.19963385,0.9356199,0.4138102,0.94799685
0.2689087,0.9688617,0.73785794,0.05912933,0.6351687,0.95835984,0.8223033,0.6786468,0.5788373,0.029363342
0.5099076,0.5345656,0.35901654,0.6291101,0.22798665,0.6357688,0.47489768,0.5871504,0.51384234,0.16925983
0.5993065,0.67127687,0.73145694,0.31927007,0.77811456,0.20995162,0.46608713,0.68568426,0.32735103,0.8872558
0.8755656,0.7479925,0.5360153,0.8948027,0.4138336,0.5104442,0.36997724,0.14625107,0.46799755,0.16809267
0.5762825,0.941326,0.8306064,0.098663405,0.69611377,0.17815039,0.48864797,0.9755499,0.15383327,0.82383657
0.88802457,0.96455383,0.7066114,0.7736402,0.51088554,0.8194291,0.5239954,0.137887,0.47731647,0.026600663
0.103956744,0.19245066,0.23349449,0.2964238,0.32082558,0.94202983,0.7420103,0.26976326,0.8299165,0.0930917
0.7971114,0.3973189,0.68461853,0.5859091,0.6281152,0.008028359,0.17359757,0.9565002,0.104515165,0.9950713
0.78091073,0.90741783,0.85088086,0.30901292,0.83597654,0.16317646,0.4388248,0.75389826,0.21704838,0.8650542
0.81867296,0.83623046,0.45277023,0.82276785,0.17177872,0.5189145,0.35800865,0.6118956,0.35606426,0.08081297
0.24280073,0.372272,0.54560494,0.22148587,0.7369004,0.7045923,0.67085165,0.34090304,0.65802085,0.61838365
0.19115587,0.023465363,0.10330444,0.8512475,0.26450658,0.940563,0.6372202,0.013683144,0.92554057,0.09324654
0.055113602,0.78326184,0.62085134,0.008436403,0.45847845,0.53128594,0.7240723,0.99718314,0.28498003,0.7179
0.3827428,0.17848395,0.52477616,0.33411026,0.63224834,0.077711076,0.37201685,0.86873794,0.32047647,0.97950155
0.43786308,0.24010874,0.67108345,0.2582022,0.81736976,0.05256687,0.3845795,0.8426695,0.28363812,0.9921504
0.74026924,0.79217803,0.29535314,0.89406884,0.119811885,0.9364623,0.525475,0.10841896,0.68911093,0.004325333
0.17364296,0.5690725,0.31743792,0.24781291,0.23189811,0.9296067,0.7117085,0.6140026,0.6988928,0.043491725
0.4821688,0.7870742,0.5592176,0.4515202,0.588165,0.92513734,0.70151114,0.117881835,0.7139845,0.05164799
0.27572075,0.096050136,0.39124423,0.5665443,0.7724567,0.8041926,0.66179365,0.027210034,0.84122366,0.5788255
0.9729307,0.9909986,0.8859179,0.8223691,0.75848293,0.48287806,0.4018083,0.15895425,0.2585226,0.10842671
0.82938665,0.43669927,0.5628605,0.7561547,0.38385633,0.018157676,0.16833656,0.935075,0.13126034,0.96988255
0.9495967,0.90510285,0.93687165,0.48480815,0.93518025,0.004813125,0.18688989,0.9087179,0.055383652,0.9975363
0.8535094,0.92004955,0.68209326,0.7751238,0.60728645,0.81349033,0.5430584,0.07569321,0.55734444,0.052311998
0.5734804,0.85792094,0.38929847,0.6662391,0.19955084,0.952251,0.6378771,0.21500193,0.6814184,0.0063386126
0.9235777,0.9817873,0.9744767,0.11957951,0.96863997,0.0059874915,0.27597222,0.98064774,0.03465954,0.99782926
0.7572365,0.76215094,0.89680815,0.32229578,0.9722066,0.19831236,0.53243226,0.15622361,0.39400598,0.96562093
0.5163689,0.5512678,0.5304842,0.4271724,0.4526599,0.29622927,0.4362431,0.79668355,0.3612779,0.68430734
0.03939192,0.024206636,0.25324118,0.11334802,0.57491374,0.5437125,0.66708696,0.6885843,0.7369928,0.9307871
0.20962623,0.35657752,0.31888196,0.33073848,0.29854205,0.80997574,0.6302338,0.5865779,0.6579094,0.1897338
0.41097122,0.27112138,0.16747347,0.75908446,0.06516465,0.6306738,0.4051676,0.7320623,0.5424469,0.10497542
0.26602015,0.27487266,0.52845764,0.23901527,0.6923189,0.40757778,0.56815374,0.6078279,0.5333169,0.85772896
0.7478839,0.842508,0.93704563,0.12954746,0.9739387,0.030463038,0.4219359,0.8184661,0.14854029,0.99654776
0.12592888,0.2565811,0.44939268,0.11864769,0.5796533,0.5769478,0.6489321,0.79255867,0.5764647,0.7615024
0.2303523,0.039103672,0.3198082,0.36495027,0.42171264,0.04356646,0.3109523,0.9417318,0.33010492,0.9912798
0.7352749,0.27919555,0.51243716,0.8636497,0.74695194,0.5704339,0.4733355,0.020643082,0.7035243,0.53798133
0.21028857,0.5081463,0.20967998,0.456736,0.11259645,0.95617604,0.68225294,0.47145748,0.7512109,0.012466155
0.69469225,0.41929102,0.58792955,0.68026006,0.6803728,0.24753907,0.39989084,0.29983288,0.4452826,0.814102
0.3573467,0.69783777,0.2976327,0.5155916,0.14708976,0.9308061,0.6369573,0.47878215,0.6697008,0.015172367
0.17399372,0.086282246,0.58945656,0.19307265,0.9257576,0.46359178,0.66822815,0.14048916,0.72742254,0.9680328
0.44387996,0.08373431,0.2494529,0.74777156,0.25116256,0.18427293,0.31908092,0.65449065,0.4720144,0.8326512
0.40901205,0.4807819,0.6618082,0.3034341,0.8436445,0.60143024,0.63221407,0.20246735,0.6154863,0.7263969
0.6676443,0.07488441,0.11641169,0.9840784,0.19127607,0.9480893,0.49968988,0.001860087,0.91821426,0.0151652945
0.5684,0.8987738,0.8676539,0.16552654,0.9426219,0.70045656,0.71128756,0.18297021,0.5335991,0.6002268
0.5478077,0.21920782,0.16269767,0.91776186,0.12540369,0.8808572,0.48499072,0.06779177,0.78329164,0.028529122
0.5009187,0.7272436,0.41413012,0.41392928,0.1387081,0.33058286,0.3895923,0.9672715,0.25745645,0.31789565
0.5627971,0.70864475,0.11393856,0.8075177,0.005317648,0.5647235,0.27571324,0.9878692,0.26514286,0.011151961
0.18983358,0.7698926,0.6746276,0.044053897,0.6045539,0.43110338,0.63667625,0.9733576,0.3138459,0.7525197
0.94513214,0.9913005,0.76593703,0.7674551,0.3182405,0.58443415,0.38868842,0.63648653,0.21753827,0.026718928
0.046601113,0.07262571,0.2416032,0.19144261,0.60276467,0.9705714,0.83439535,0.06828535,0.92020136,0.18081966
0.58857125,0.5724992,0.1842979,0.81750256,0.032551043,0.6152193,0.346341,0.865471,0.4117443,0.035942767
0.7356966,0.66730535,0.4127732,0.7827487,0.20339026,0.42456415,0.3576907,0.6391946,0.38048226,0.20405917
0.9140275,0.93134475,0.42016754,0.8412244,0.026179241,0.053883802,0.13064621,0.99591225,0.059453692,0.22619188
0.56924295,0.14649394,0.3276981,0.8435942,0.4818761,0.5652061,0.45002353,0.07159364,0.70065093,0.47957402
0.21486218,0.088209,0.28704518,0.43428445,0.39826453,0.41225094,0.49675027,0.60412216,0.60292894,0.7945009
0.13545378,0.43953794,0.5539695,0.114974275,0.7861209,0.90619075,0.79566675,0.2276821,0.77468413,0.3506349
0.34016955,0.46892706,0.49565747,0.17107889,0.25982657,0.049347576,0.31585383,0.99610835,0.13662536,0.95354176
0.1663672,0.09223815,0.2579243,0.42907277,0.41654143,0.7315812,0.60919446,0.3076299,0.7497914,0.49994326
0.6607016,0.2683659,0.8902373,0.29059303,0.9883928,0.036172297,0.44046414,0.18153687,0.3638281,0.99902225
0.9690638,0.99755365,0.70564026,0.8797354,0.11815311,0.8257423,0.3897128,0.5958883,0.22902925,0.0014524921
0.41829547,0.20468235,0.43343082,0.61611384,0.669667,0.6660954,0.57016635,0.08809308,0.72241956,0.5554098
0.31483078,0.10290891,0.18776987,0.616069,0.103771865,0.1819588,0.31254205,0.9331712,0.38365516,0.74661547
0.4806555,0.71749914,0.89446235,0.07894679,0.96596175,0.116894506,0.56654185,0.7277535,0.28556696,0.99007446
0.6806341,0.8894569,0.7936918,0.4358002,0.8947139,0.8838364,0.71436507,0.034086224,0.6866971,0.15863372
0.17861159,0.28971174,0.4987594,0.16844885,0.67722166,0.62265015,0.6548164,0.5682023,0.6190048,0.72926533
0.8014697,0.5450262,0.46924666,0.8870099,0.47479308,0.62825984,0.42957708,0.066879876,0.6059477,0.18810326
0.93494594,0.99412113,0.65042007,0.77952754,0.097142555,0.67927605,0.36588368,0.87226635,0.18538594,0.005811462
0.83150893,0.94376534,0.7612103,0.43430904,0.4504102,0.12480005,0.32432628,0.95385444,0.12937655,0.64020014
0.44118816,0.8742641,0.5129006,0.20959288,0.15624146,0.3569838,0.44323626,0.98912024,0.20124094,0.28948942
0.73356026,0.50728333,0.6529002,0.56538844,0.62608474,0.057361554,0.28840667,0.82650423,0.21732393,0.9551709
0.21402852,0.03993779,0.5577378,0.15463898,0.8033549,0.0116776675,0.3178533,0.96411574,0.23479907,0.99949837
0.73174095,0.6258679,0.62975454,0.5247878,0.46851295,0.054357637,0.26975465,0.9353166,0.16725303,0.927085
0.72921807,0.963963,0.672903,0.49339354,0.4414026,0.88019454,0.61796016,0.37527683,0.48833376,0.022260454
0.04443867,0.16471702,0.19445637,0.17746678,0.32998356,0.9854704,0.8427859,0.17031562,0.9080795,0.033515543
0.27524763,0.058528263,0.16348067,0.6737899,0.13523743,0.28281647,0.35754865,0.7909364,0.52239627,0.70870894
0.5665355,0.82193935,0.94117194,0.05244655,0.98209053,0.050064288,0.53027207,0.84524477,0.18534061,0.9970439
0.92990613,0.868711,0.5755491,0.878105,0.19470736,0.08641834,0.18786351,0.8784237,0.14040217,0.46291506
0.034352146,0.05204535,0.053589616,0.3231754,0.029499277,0.93885535,0.66913825,0.8382854,0.8126669,0.037487462
0.747122,0.6151591,0.4442447,0.76446867,0.23789355,0.250593,0.3132047,0.74773055,0.31255877,0.43065375
0.55904627,0.4194892,0.455766,0.5364726,0.32259846,0.14395235,0.33165792,0.8956727,0.28318903,0.8117783
0.8472472,0.3092621,0.25273934,0.97523695,0.21548924,0.719664,0.35338208,0.023053404,0.7088552,0.060020693
0.28461733,0.121070795,0.2572494,0.48618862,0.20213501,0.19655794,0.36637568,0.9094603,0.4044726,0.82893896
0.20476064,0.21995185,0.30939925,0.34709746,0.33223656,0.6522763,0.57450765,0.6485386,0.61932826,0.44667584
0.21666396,0.06467833,0.38870874,0.36768183,0.67163527,0.29855096,0.51247436,0.44625792,0.6135385,0.9442931
0.7617976,0.7077635,0.7581604,0.46763152,0.7592316,0.087232426,0.3487137,0.7557026,0.2255525,0.93815356
0.42444512,0.47770485,0.57090235,0.21059316,0.40645936,0.046486992,0.31901097,0.9895477,0.1516403,0.9672578
0.28697008,0.023381233,0.33940426,0.55033153,0.64706075,0.08748107,0.36295503,0.51599777,0.5251845,0.989251
0.595611,0.708829,0.86199313,0.21919002,0.9606416,0.32637855,0.60450727,0.20778057,0.46427017,0.9405124
0.32090214,0.7893478,0.45231444,0.15356699,0.12714653,0.27060118,0.42915383,0.995477,0.18453807,0.4528343
0.7328028,0.96206295,0.60028255,0.62317777,0.37326166,0.9559931,0.6656041,0.14816934,0.6270883,0.005293839
0.85040426,0.7705202,0.56752264,0.77016145,0.290188,0.12131793,0.25393382,0.8485166,0.19776009,0.6018212
0.47468147,0.27919272,0.7958188,0.24239998,0.95890003,0.12741446,0.51983875,0.28720635,0.4548521,0.9919058
0.7431166,0.9165923,0.6762233,0.5681091,0.57237697,0.79029363,0.5768888,0.24490759,0.50725454,0.079310454
0.9319703,0.9547014,0.89497733,0.605799,0.8820721,0.15036143,0.37300438,0.39557573,0.20708083,0.79470056
0.35885382,0.46041855,0.5171884,0.25833946,0.45836884,0.24689156,0.4603908,0.91054887,0.33863774,0.81882507
0.26849043,0.34465727,0.7680609,0.07012523,0.89848846,0.06454729,0.4982709,0.9301763,0.26610795,0.99534863
0.35993174,0.610187,0.30407432,0.3973664,0.092391595,0.50255764,0.44055974,0.9614068,0.34575847,0.18394096
0.22871666,0.17511308,0.6014774,0.1225873,0.7519036,0.062322672,0.43679038,0.9475555,0.28902832,0.99298686
0.65057707,0.612929,0.32474685,0.8158215,0.18320762,0.79035145,0.47452483,0.26787552,0.5992181,0.044553418
0.37390974,0.65781486,0.6500196,0.26779094,0.80108124,0.8371516,0.712541,0.15455495,0.6868211,0.32147482
0.29444978,0.2308454,0.51223147,0.27856272,0.66373783,0.287805,0.5123084,0.6796247,0.48375848,0.90842104
0.38513154,0.078367054,0.18695736,0.70112437,0.10444188,0.09758903,0.25161007,0.9393981,0.33192563,0.8610513
0.5800761,0.81066555,0.6689486,0.33958936,0.6031542,0.4847488,0.5280679,0.6772984,0.38541088,0.46457908
0.32291508,0.123724,0.460509,0.33498433,0.5733036,0.079986334,0.37086523,0.88277894,0.34212255,0.9800056
0.90355194,0.10082207,0.36217746,0.98454523,0.59196895,0.27218017,0.2594347,0.0072810287,0.675338,0.6775413
0.090807684,0.0069966326,0.3114331,0.28002036,0.8045257,0.16034977,0.5170542,0.3755737,0.69979537,0.99529135
0.17163931,0.26469323,0.42388844,0.15753451,0.44206992,0.3535945,0.5421651,0.91775876,0.4412576,0.83257645
0.7507726,0.61518204,0.8728236,0.23034348,0.9119272,0.007186262,0.25671133,0.95788914,0.09177955,0.99876547
0.74101454,0.74595016,0.600968,0.6381581,0.48638695,0.3556954,0.40877965,0.55991006,0.3612047,0.45735142
0.81353116,0.8568473,0.74969304,0.46432897,0.5535767,0.0623819,0.28757295,0.9420551,0.13249454,0.88799924
0.45503452,0.8370767,0.78775716,0.145691,0.8468323,0.5674704,0.6503791,0.5684883,0.44384038,0.65609175
0.93032455,0.94628644,0.4279765,0.9699392,0.19632277,0.9764945,0.5425314,0.00836463,0.75511956,0.0006173071
0.4518464,0.5112876,0.54385024,0.46346065,0.67068243,0.74084747,0.6151948,0.17445599,0.654631,0.3551209
0.43511987,0.20824789,0.42579666,0.48313382,0.42548522,0.12611188,0.35408938,0.8498372,0.3463628,0.9218674
0.45397508,0.6377582,0.7040832,0.28270352,0.8453851,0.651153,0.6469718,0.21824327,0.5921839,0.62011546
0.69018817,0.46275398,0.5486009,0.5495375,0.36478108,0.032606505,0.22787823,0.9653832,0.14855295,0.95728695
0.5750144,0.9692834,0.66256183,0.15002519,0.17167431,0.28288737,0.42410213,0.9962058,0.115579955,0.25555056
0.24289669,0.1776843,0.35391086,0.4754332,0.5883509,0.8404852,0.66397977,0.10127581,0.7958554,0.33562937
0.6973329,0.27011323,0.66124636,0.6882336,0.8737574,0.21190093,0.42797527,0.09472907,0.530606,0.9386418
0.07292998,0.083851896,0.31795937,0.11737756,0.47485113,0.45396626,0.61216533,0.8693212,0.5931096,0.886968
0.40416917,0.75334907,0.61549467,0.26974303,0.64419836,0.79407954,0.6643095,0.3987881,0.5844644,0.234933
0.9365296,0.9952437,0.81347674,0.63011014,0.35108882,0.5896437,0.42225966,0.78524727,0.1821397,0.027251443
0.2599259,0.23040684,0.30093876,0.52053434,0.4014488,0.8559565,0.637688,0.17764096,0.7670087,0.18204546
0.081172645,0.034994554,0.07077307,0.55763793,0.059226945,0.844222,0.568616,0.62166727,0.79082817,0.13068847
0.5844806,0.95971215,0.82829046,0.11217788,0.6978571,0.3772557,0.56080884,0.9386792,0.21584667,0.5626923
0.33488178,0.25796416,0.5399695,0.3887261,0.79763275,0.65217716,0.63041323,0.12920815,0.7023798,0.7107354
0.5490468,0.18570404,0.69500023,0.6334484,0.96700376,0.7018573,0.6657429,0.0034456453,0.83485234,0.85082537
0.9028743,0.6837808,0.82950693,0.77760863,0.9288817,0.1557447,0.37700748,0.064122535,0.39608014,0.9216617
0.13013418,0.011536591,0.27486348,0.30095294,0.53231543,0.04211452,0.3473432,0.90697074,0.4278311,0.99688244
0.53892475,0.2801472,0.36834577,0.76152116,0.45491782,0.6736354,0.50253767,0.11779757,0.6793582,0.30478373
0.71630734,0.8379636,0.75369996,0.43588805,0.7638707,0.4231726,0.50984526,0.42098883,0.38939902,0.5826538
0.44104987,0.27292797,0.22708812,0.7474699,0.14664635,0.6584959,0.44793567,0.4841762,0.59916085,0.15596631
0.19857137,0.1207352,0.54763603,0.19934712,0.8386635,0.3272325,0.59104925,0.43932468,0.6006798,0.9628586
0.24667345,0.0821564,0.7360539,0.09335061,0.9338415,0.0135208545,0.38703218,0.93141824,0.2389263,0.99968255
0.10749346,0.10277522,0.51221687,0.124404214,0.85497504,0.5824171,0.7018973,0.3271336,0.72154367,0.9282393
0.90281194,0.97643375,0.91021425,0.1927658,0.62232465,0.004191363,0.16984841,0.9989802,0.018923216,0.9900051
0.6544256,0.5149679,0.5619468,0.66346234,0.6382146,0.4935568,0.480779,0.20027123,0.540469,0.52323025
0.84088606,0.60086375,0.6288411,0.85300887,0.73446137,0.4959803,0.43649197,0.045695152,0.56900615,0.44612634
0.37911576,0.4490725,0.3360026,0.6202652,0.3696734,0.92514646,0.6584813,0.0998644,0.781803,0.04843708
0.8950565,0.9432815,0.6777012,0.77575606,0.3981884,0.48337033,0.38613823,0.4791642,0.30476022,0.11543719
0.44520468,0.2768055,0.12276467,0.9177847,0.09156953,0.98073614,0.6248074,0.021592015,0.8899047,0.00282871
0.54529274,0.29641616,0.6196134,0.52140534,0.82287866,0.3090718,0.49133283,0.19723268,0.5439508,0.8969902
0.93607146,0.8712551,0.8661557,0.75536835,0.9028226,0.120639354,0.33853713,0.17274353,0.26891816,0.88517445
0.9523863,0.8854541,0.7263718,0.9117738,0.6144882,0.25623903,0.2957278,0.15670423,0.3122955,0.37537637
0.11638218,0.48536578,0.6959558,0.026586566,0.7915052,0.25347397,0.64285046,0.97043824,0.3362644,0.96487314
0.91798466,0.98853475,0.9283023,0.47242522,0.9358886,0.68664235,0.609785,0.08510324,0.39279577,0.21673723
0.32540706,0.21590209,0.25631183,0.52910763,0.16168077,0.35166267,0.40347743,0.87278837,0.44232982,0.5480288
0.5206062,0.6458541,0.49558672,0.40776277,0.29560083,0.27058288,0.40358594,0.9211243,0.28932562,0.57882124
0.44184208,0.26508474,0.5214356,0.52423555,0.7431603,0.5462716,0.5571719,0.14414565,0.6518953,0.71781224
0.671143,0.4716277,0.6455024,0.5799072,0.7474697,0.22804634,0.42195338,0.35883182,0.41996422,0.8640959
0.41571686,0.06236453,0.48597044,0.64708865,0.86742944,0.38955215,0.5250559,0.038333785,0.7398718,0.9384742
0.9516981,0.99649614,0.80044883,0.6641871,0.2183517,0.41265407,0.33571222,0.93068403,0.11208349,0.030397609
0.42090702,0.6633022,0.45090812,0.4314074,0.36054578,0.78319234,0.5916504,0.51071,0.57252604,0.1308903
0.51086587,0.1277837,0.2374604,0.8564552,0.2884744,0.61695606,0.43602604,0.12390808,0.70091295,0.3153695
0.6702996,0.9501895,0.73864466,0.38987386,0.6864574,0.8960553,0.68464303,0.19221991,0.572282,0.047931645
0.9019688,0.8949864,0.8755864,0.504667,0.850309,0.03704665,0.28299153,0.807764,0.12589723,0.96569955
0.870629,0.681063,0.8637257,0.7435842,0.9773323,0.51674473,0.5683198,0.0046012285,0.664269,0.816256
0.16658212,0.061191052,0.13419893,0.763184,0.31517175,0.9802381,0.7402851,0.009733199,0.9412054,0.027657488
0.9277275,0.9982515,0.8153333,0.4677476,0.18754953,0.553576,0.40552637,0.9689507,0.10628476,0.014826752
0.6051587,0.6928225,0.47602674,0.6199447,0.35974756,0.6746271,0.50536996,0.42530182,0.51528937,0.15653113
0.23240538,0.5270398,0.23248367,0.3827964,0.08888708,0.8357662,0.577518,0.86128056,0.5651897,0.048611265
0.61355585,0.089335166,0.7367081,0.62924427,0.9756665,0.17031929,0.49351534,0.016052803,0.670748,0.99217623
0.27093136,0.49503058,0.5546951,0.22862566,0.69593483,0.76417756,0.6800687,0.35452825,0.65024585,0.44595236
0.62284863,0.10993976,0.5423931,0.856092,0.9301338,0.7867125,0.62150127,0.001188999,0.8828022,0.6524192
0.67142534,0.29267174,0.7325817,0.5021563,0.89199287,0.06350734,0.36419675,0.41711468,0.34074378,0.9888088
0.7415551,0.62408864,0.7285341,0.5810333,0.8291912,0.2754434,0.4517696,0.23180063,0.42922023,0.8310242
0.336739,0.26818553,0.5829415,0.3954913,0.8754486,0.78086466,0.693042,0.041086398,0.78322136,0.637968
0.71964604,0.96543413,0.38973936,0.6371015,0.043466154,0.8164406,0.4509439,0.9275418,0.30678415,0.0050441218
0.6807057,0.669258,0.78033704,0.42106193,0.8888004,0.30813435,0.5132585,0.24628708,0.43994597,0.8683716
0.5117658,0.700666,0.5068646,0.4043048,0.3256429,0.42598504,0.4619416,0.85546994,0.35443345,0.3967751
0.8440877,0.56774914,0.74061185,0.6903983,0.7889566,0.056142643,0.28377527,0.5285887,0.241847,0.96294117
0.35223615,0.13417272,0.22539648,0.7078054,0.23137248,0.5935893,0.46443257,0.3805823,0.65022343,0.3663335
0.3689195,0.64221907,0.6317623,0.2476911,0.7389424,0.729708,0.6624487,0.347057,0.59857017,0.44129336
0.33964196,0.48494256,0.5569204,0.23993526,0.58590865,0.39401236,0.5378059,0.7811146,0.43445247,0.7535938
0.6093697,0.9625352,0.796305,0.14091046,0.5797899,0.3839828,0.5313609,0.95344883,0.20240949,0.44231302
0.31965947,0.29515204,0.11872029,0.8428881,0.0771393,0.9820135,0.6587479,0.05729956,0.8780524,0.002957374
0.5861387,0.9189991,0.8485614,0.1790824,0.903901,0.69332963,0.68655294,0.2962305,0.48564363,0.48472857
0.13965662,0.15406342,0.6955587,0.04387946,0.88245374,0.04859345,0.50594133,0.9646275,0.28197342,0.99812704
0.90062356,0.93214864,0.85831493,0.43710583,0.68884206,0.020448234,0.22764093,0.970562,0.06845254,0.9624751
0.91796106,0.44680917,0.32896256,0.9672363,0.12565868,0.10804683,0.16012864,0.5394806,0.2714094,0.4447968
0.49123558,0.41596916,0.87634295,0.15304434,0.9822849,0.12867391,0.5729331,0.25158083,0.43683612,0.9947785
0.05828637,0.2626757,0.24971345,0.16751106,0.39490286,0.9857919,0.84725326,0.1571589,0.89755595,0.030048205
0.4467253,0.15585841,0.48003206,0.6105539,0.75612617,0.47418886,0.52495974,0.099816106,0.67718184,0.8125958
0.17789575,0.005603698,0.09392247,0.8141439,0.21689326,0.35127223,0.3878092,0.24267824,0.7651465,0.8600861
0.6455559,0.08387842,0.17373347,0.96654683,0.29719904,0.8667248,0.47356087,0.0057614236,0.86867136,0.07344976
0.23518263,0.52664393,0.47606987,0.21331626,0.5025454,0.77188694,0.6615915,0.6080601,0.6056543,0.3107244
0.89372766,0.4274795,0.7607739,0.750603,0.8000872,0.008653278,0.17038593,0.770379,0.13164973,0.9955922
0.5731016,0.2365833,0.51755834,0.58879215,0.6056518,0.118226536,0.34904516,0.627447,0.37153012,0.9401308
0.11013925,0.06363463,0.11005558,0.50822115,0.09591443,0.8049797,0.5675548,0.6316106,0.74716735,0.17836028
0.34453192,0.18919118,0.13297935,0.8253363,0.08831317,0.9012926,0.53616214,0.19314882,0.78036976,0.02734467
0.81480074,0.7418018,0.5393598,0.7799933,0.33841854,0.28881326,0.33201125,0.60238636,0.3187898,0.37936985
0.9112944,0.54761475,0.6047888,0.9649684,0.8476102,0.8731083,0.5394026,0.0006276276,0.83807737,0.095777206
0.5668598,0.82871777,0.80046964,0.15649214,0.7777579,0.1433152,0.4673788,0.92315894,0.21014903,0.9212325
0.8821745,0.98431003,0.652602,0.7902733,0.33554605,0.95157784,0.60341704,0.104096584,0.5640788,0.0024947478
0.80328923,0.9652383,0.60175455,0.73194855,0.36698398,0.95518386,0.6385121,0.09566485,0.6308895,0.0042076167
0.8686062,0.6912504,0.62765163,0.9052546,0.77092534,0.8057631,0.5298911,0.0068591116,0.72671103,0.1252244
0.055025157,0.25268465,0.6482291,0.025982466,0.9119789,0.7362291,0.8121542,0.55859214,0.70861775,0.9089651
0.7317855,0.4288064,0.5151241,0.76570743,0.51716,0.24339001,0.3546814,0.3734874,0.4182083,0.7095317
0.82311624,0.91443694,0.8054062,0.4225185,0.6853025,0.13378578,0.36700603,0.8536863,0.17667358,0.79255664
0.81476045,0.19798516,0.7010845,0.8153128,0.91616255,0.090623826,0.33603853,0.056341946,0.47992814,0.9812951
0.8047791,0.9677462,0.56776917,0.4990054,0.07774086,0.20769946,0.2841877,0.9931532,0.09954332,0.13733648
0.7930581,0.9259435,0.5525939,0.663791,0.20133898,0.54253674,0.40463,0.7981731,0.29357433,0.074141614
0.71494544,0.2779106,0.60619843,0.8428469,0.90634197,0.7726727,0.59804887,0.0028547172,0.8258911,0.49905223
0.6669096,0.52267283,0.6799482,0.5481205,0.80097204,0.29744467,0.46578056,0.2606934,0.46063852,0.83503765
0.6162582,0.35834718,0.5399928,0.6374155,0.6358258,0.28536537,0.4212024,0.34403318,0.47341526,0.7948751
0.050372563,0.24243511,0.29338217,0.11296088,0.48608533,0.9752476,0.8428195,0.24574488,0.874276,0.07997528
0.8005785,0.6848078,0.45145747,0.74054396,0.13115774,0.06160304,0.19729675,0.9727558,0.13468365,0.6958006
0.21348399,0.031170253,0.4566463,0.3259977,0.82424724,0.115119845,0.46185863,0.46480596,0.56064534,0.9932927
0.40047273,0.30748457,0.44538867,0.50264835,0.55684686,0.5739417,0.54047835,0.31768754,0.60906893,0.55789644
0.8853781,0.3234243,0.55127525,0.91162866,0.5808073,0.065094456,0.21643856,0.286502,0.3152674,0.9169042
0.48198247,0.8958471,0.8017592,0.16006416,0.86270607,0.77547306,0.71274513,0.3325383,0.5356696,0.36444917
0.19977911,0.26700997,0.35590413,0.37613595,0.5411244,0.9115109,0.71851593,0.12610309,0.8103714,0.16964492
0.31947774,0.09187368,0.37352186,0.5309211,0.5966493,0.34633148,0.48016042,0.3351665,0.6153458,0.87744653
0.14257404,0.05956823,0.26333123,0.45795316,0.5889363,0.8536496,0.68650615,0.072939925,0.85529375,0.46110782
0.39688677,0.73308975,0.3858845,0.50045806,0.28449824,0.9426042,0.67829055,0.24968134,0.71396995,0.01943918
0.32049394,0.110460356,0.12533678,0.8293103,0.10136905,0.84005815,0.5016535,0.20881376,0.7712467,0.06822917
0.59631217,0.28938082,0.26364127,0.80924606,0.14206356,0.33113214,0.3233241,0.68565303,0.4326111,0.37720153
0.7027092,0.13498013,0.3247173,0.9277531,0.51376414,0.58138275,0.41581893,0.022298075,0.7388308,0.41335866
0.12703882,0.031510327,0.18225525,0.63960505,0.5697486,0.9556016,0.74533314,0.009707427,0.9374089,0.18425126
0.100677855,0.26752296,0.6512165,0.028948758,0.7858026,0.11824048,0.575071,0.98153585,0.29834688,0.990729
0.3599566,0.72434783,0.55969834,0.24174626,0.5050053,0.71192855,0.6216853,0.68166816,0.50775754,0.27819
0.3008935,0.24875224,0.2482117,0.46024886,0.1188427,0.290024,0.38167322,0.9502745,0.36952403,0.56791264
0.5969138,0.8960181,0.75382143,0.25268093,0.70858985,0.5499534,0.5790856,0.6567044,0.3768988,0.4249085
0.2960603,0.046833962,0.09269091,0.83103323,0.054511175,0.45526633,0.3435063,0.6828289,0.6083404,0.33041805
0.4753757,0.8945702,0.5318228,0.23603106,0.17922811,0.45335367,0.4712181,0.9792189,0.23390327,0.20423262
0.62973034,0.30488423,0.7746757,0.35675704,0.91064876,0.033491638,0.3486084,0.6697567,0.26055595,0.9959002
0.16138773,0.297817,0.125479,0.38561773,0.024649946,0.61862874,0.44899982,0.9835022,0.42847446,0.10190406
0.3573235,0.084672004,0.35233256,0.47136122,0.36722508,0.049445458,0.28658465,0.93473727,0.2921987,0.9799197
0.7188906,0.4571923,0.4149967,0.85676897,0.43189558,0.6815667,0.460848,0.080655985,0.6432337,0.17724934
0.6576904,0.23668365,0.23026694,0.90218365,0.15387681,0.5030174,0.34455225,0.28639224,0.56975234,0.2090078
0.66085345,0.9126229,0.7651432,0.17988758,0.47917455,0.069909416,0.34452048,0.9913891,0.09903915,0.8813677
0.7987123,0.8763141,0.49841088,0.69425344,0.13829914,0.26227415,0.3002396,0.9324648,0.20021014,0.20577559
0.19853054,0.49733388,0.5644179,0.11290007,0.62340534,0.5348109,0.6337625,0.8378085,0.4831352,0.72155803
0.42803562,0.37719992,0.105184704,0.7732445,0.010799585,0.45409825,0.287154,0.97833085,0.33145982,0.055802334
0.46417326,0.46427685,0.32940423,0.6579715,0.2567225,0.7764829,0.5329671,0.3426437,0.63016814,0.10867676
0.55361885,0.51315534,0.43193287,0.72544974,0.52260566,0.88800746,0.61852527,0.047323376,0.76070744,0.0797281
0.40633377,0.119326964,0.72295624,0.21358645,0.9132935,0.018901106,0.35192758,0.8404243,0.2576269,0.99904925
0.2759202,0.2895806,0.8209116,0.07568295,0.9654677,0.110231124,0.5829099,0.64381754,0.40063876,0.9962288
0.35880634,0.05321714,0.49107087,0.32084516,0.61989164,0.00784183,0.22567129,0.97592306,0.17542808,0.99902546
0.5272943,0.21052048,0.17674564,0.9467596,0.31246823,0.9894337,0.69675285,0.0012207523,0.94594723,0.0038703084
0.7474369,0.3320458,0.41374522,0.8669558,0.41734156,0.34782177,0.35101193,0.19803606,0.5123623,0.51771724
0.4345489,0.3842929,0.653031,0.3491121,0.85093635,0.47108516,0.5867299,0.21017985,0.58929545,0.84077406
0.1843654,0.019189792,0.36284506,0.34648445,0.7034532,0.070803136,0.3970504,0.703348,0.50006557,0.99518013
0.70773304,0.35233337,0.33023295,0.93184227,0.48111203,0.9347761,0.5836812,0.004559593,0.8599035,0.03086698
0.709247,0.9605555,0.49064466,0.5522279,0.10480616,0.77658045,0.4828172,0.88504034,0.32099536,0.01411703
0.8979565,0.8918439,0.32596424,0.9224,0.03518802,0.37669504,0.22641987,0.88317776,0.21973011,0.029085403
0.16394989,0.108934164,0.29179066,0.42102557,0.54000807,0.852605,0.68059623,0.124612704,0.81984,0.36882353
0.8089367,0.6867363,0.4663027,0.87746406,0.3814088,0.7091411,0.4444906,0.09618045,0.58501184,0.088249594
0.2938916,0.05010928,0.3220173,0.67312807,0.705091,0.67226964,0.58219475,0.036140066,0.81970084,0.7272622
0.2691637,0.66040456,0.17392944,0.53658885,0.04350238,0.9532563,0.6242004,0.71863776,0.6706009,0.0046300762
0.19014323,0.5343314,0.41409406,0.150448,0.28656277,0.5884848,0.5869987,0.93955475,0.43833885,0.41451854
0.45750886,0.57373804,0.67571104,0.3356756,0.83940846,0.6735089,0.6438195,0.15838268,0.6283047,0.5983241
0.54482937,0.90771556,0.5925375,0.37877524,0.42487213,0.8755343,0.6457513,0.46382955,0.54165465,0.042610127
0.70423794,0.75234646,0.71140647,0.46755853,0.7062431,0.27393407,0.44473946,0.5760113,0.3392038,0.7389413
0.49033546,0.050434824,0.22409458,0.8013192,0.20678326,0.06886965,0.23174953,0.8020326,0.37223688,0.93916124
0.8883603,0.49101084,0.16966237,0.9866107,0.054290283,0.8007821,0.3024418,0.055411585,0.655137,0.008231378
0.42063347,0.1636254,0.7398163,0.21622255,0.9219064,0.033982303,0.39710313,0.74858505,0.3009664,0.9980306
0.10383586,0.106475174,0.1975424,0.48384464,0.46253833,0.98607033,0.8148732,0.016696787,0.93986297,0.03339626
0.2978728,0.54823864,0.41036025,0.50718313,0.6072172,0.9858233,0.8073961,0.015045745,0.8969132,0.015383337
0.15185638,0.083812915,0.28560168,0.320098,0.4184909,0.47970593,0.54816604,0.6520938,0.629835,0.79202336
0.13980953,0.11105598,0.4816697,0.17465056,0.7973743,0.5208872,0.65300316,0.38503352,0.6827244,0.91455644
0.75055856,0.98130935,0.83064,0.30688882,0.74997324,0.85033625,0.67123985,0.32542044,0.44871873,0.06135478
0.43025723,0.57783514,0.6519303,0.28326216,0.76157635,0.5197179,0.5902269,0.43605265,0.51702595,0.6974283
0.7816644,0.9334858,0.6508149,0.3941703,0.1776685,0.06813783,0.25147274,0.9949352,0.077674225,0.64122605
0.9276252,0.6869538,0.6975655,0.8991894,0.7094852,0.15108258,0.281042,0.14363937,0.33838132,0.7506893
0.9040277,0.90279436,0.5829681,0.8342065,0.22047333,0.22579506,0.26628518,0.78899544,0.20426515,0.22613822
0.73913616,0.83723354,0.7154148,0.6550788,0.8334325,0.8948213,0.6708078,0.018272724,0.7263467,0.0971038
0.09321137,0.1396517,0.644669,0.116265684,0.9748175,0.95336616,0.87989783,0.0064322064,0.92847806,0.7001319
0.52243,0.2740105,0.39019325,0.606391,0.31152755,0.16006969,0.332235,0.83062637,0.34407523,0.81959105
0.3855817,0.11657319,0.4764575,0.6408343,0.8594737,0.77099115,0.64817,0.0124718975,0.83971965,0.65967375
0.34914997,0.21771803,0.69879866,0.14893827,0.83952236,0.030520806,0.38127172,0.93935823,0.22757351,0.9970853
0.04342454,0.13679673,0.14250498,0.1767875,0.13810368,0.94907415,0.7529649,0.68506473,0.8148918,0.06710554
0.18036395,0.08099095,0.254619,0.46117064,0.41074952,0.6662071,0.57874596,0.33180767,0.73000455,0.58016354
0.44659865,0.8540918,0.6545522,0.26560158,0.6569575,0.8672237,0.6981096,0.32591966,0.60277635,0.11979292
0.14724573,0.14371966,0.12596904,0.48929873,0.06502509,0.7730219,0.53183675,0.82260895,0.64993626,0.118282795
0.6516107,0.9577263,0.84799474,0.13509695,0.7478133,0.28525645,0.52481025,0.9275932,0.19630675,0.6850446
0.34252125,0.12214816,0.43442717,0.45288026,0.62301177,0.22470318,0.44766194,0.5401168,0.5138409,0.93171555
0.8124999,0.7816021,0.83505696,0.3269931,0.76877207,0.011513016,0.23160996,0.97564834,0.07807914,0.9928148
0.20395085,0.06467389,0.21460155,0.4765418,0.22634573,0.28023314,0.41641977,0.82988906,0.52007025,0.8244552
0.051115904,0.38988703,0.27484778,0.047630586,0.13500385,0.67528427,0.654286,0.99163216,0.4453046,0.36606845
0.4281965,0.89645594,0.667042,0.17771621,0.5382631,0.73747534,0.64238894,0.7818733,0.42905223,0.1914774
0.3407647,0.32247856,0.3459141,0.6160817,0.50142646,0.92901915,0.68482596,0.04741355,0.8284174,0.08083559
0.23269458,0.58276206,0.66068566,0.12088481,0.8147177,0.7389085,0.71996987,0.43620175,0.6189959,0.608551
0.1825631,0.25108212,0.24426684,0.4687142,0.31051174,0.94654953,0.7124748,0.14675467,0.83225024,0.055214785
0.225603,0.03417982,0.101729736,0.84172547,0.16059172,0.8712581,0.54930556,0.067962795,0.86301744,0.123178825
0.2753885,0.6592898,0.6171532,0.096355036,0.50440913,0.22869241,0.5115636,0.9775777,0.25531068,0.85434353
0.15728392,0.1413217,0.12841034,0.5784329,0.09773152,0.9067438,0.61214936,0.4244052,0.782924,0.050739564
0.2625811,0.009281693,0.15404251,0.8570542,0.48717403,0.5758667,0.48078346,0.02741079,0.8547599,0.7816434
0.16759971,0.10373254,0.71234757,0.07115681,0.93694276,0.06558255,0.53312737,0.8224419,0.39166385,0.9983531
0.4835499,0.023826126,0.14483391,0.9359478,0.26546094,0.48951116,0.36544383,0.052253276,0.7716353,0.55595887
0.14014742,0.15864022,0.23575744,0.34508008,0.27331057,0.8063923,0.6325428,0.5333544,0.7216522,0.26903474
0.34579992,0.2765928,0.43369314,0.43543395,0.53923535,0.5304892,0.5395587,0.4343698,0.58771014,0.63251656
0.95563555,0.9255141,0.94964516,0.6919944,0.9876645,0.19257693,0.46095842,0.018193142,0.37461206,0.93309855
0.12511776,0.0309972,0.5303298,0.079395704,0.7746256,0.009526975,0.3352442,0.9884566,0.20952319,0.9997002
0.093591906,0.038614392,0.32512605,0.22936092,0.69362015,0.5592297,0.64251155,0.3367482,0.7535981,0.90881264
0.50006986,0.68464833,0.15854505,0.8262032,0.03479872,0.9543156,0.5452844,0.40316007,0.69182074,0.002182245
0.14177966,0.15608104,0.21997543,0.36288863,0.23546734,0.7999606,0.61943954,0.575535,0.71242374,0.24940686
0.25463426,0.48950386,0.2130435,0.4243273,0.06669629,0.74716175,0.51567787,0.9182575,0.49816343,0.0688589
0.4573629,0.54253376,0.09582854,0.90301216,0.022402905,0.9835983,0.58678836,0.1507348,0.81910866,0.00058857066
0.93978864,0.9508772,0.50635153,0.886045,0.060843788,0.13183308,0.17489438,0.9642138,0.10384496,0.11885792
0.123235196,0.023115534,0.1589872,0.53348744,0.32096583,0.6173037,0.5479656,0.316424,0.7761318,0.6976707
0.38256693,0.23043732,0.21988423,0.65132844,0.113592625,0.41053307,0.38335535,0.83512044,0.46160713,0.3662934
0.23004623,0.783809,0.54881173,0.12479672,0.4613664,0.8332512,0.70236135,0.79482216,0.53932005,0.16323817
0.18778268,0.25468794,0.45363256,0.26508632,0.7115054,0.84473294,0.7189392,0.15984915,0.77533484,0.43652883
0.8691244,0.8944278,0.86560273,0.50548315,0.8876464,0.1575535,0.4091075,0.4184331,0.25448218,0.873504
0.76031965,0.9150898,0.3253212,0.75579107,0.0326172,0.5485988,0.3231731,0.9573061,0.23665299,0.019973956
0.20105912,0.09307761,0.14577916,0.67649543,0.16687039,0.87072974,0.5870624,0.21361074,0.8044647,0.10903437
0.5801383,0.8163448,0.58213,0.47092757,0.49838483,0.76841646,0.5866647,0.38115352,0.5335767,0.12840946
0.36829492,0.16495386,0.6132473,0.27335414,0.8074934,0.07865463,0.41740832,0.7604259,0.3609768,0.9896616
0.7894168,0.7819544,0.62820005,0.6640309,0.48331577,0.27266103,0.3704624,0.62711656,0.3069345,0.51867265
0.3505572,0.24415067,0.24262112,0.5765139,0.1357725,0.40373784,0.4028342,0.85748047,0.45330185,0.42282236
0.055823255,0.141264,0.1688496,0.19313091,0.17807738,0.9246378,0.7298962,0.6643699,0.79148686,0.11123611
0.30804175,0.8523197,0.6441836,0.095802784,0.46593583,0.5181459,0.59869903,0.95867133,0.31286812,0.45668423
0.5702967,0.729697,0.2412161,0.6962229,0.037320163,0.57905614,0.36466122,0.9422002,0.33280143,0.041490946
0.8002045,0.9635163,0.8898081,0.32512927,0.91950095,0.66340756,0.63675684,0.1637393,0.4375234,0.37419447
0.5420024,0.9795872,0.8472894,0.03727426,0.4446578,0.060495842,0.3976571,0.9994166,0.048325893,0.8788488
0.25913414,0.17356132,0.48139146,0.38356024,0.79696906,0.7431556,0.6687122,0.083173,0.77318686,0.670405
0.10211129,0.028858643,0.2684441,0.36579272,0.6823739,0.752419,0.67682993,0.09810624,0.8475467,0.7816304
0.31676042,0.76806027,0.61030906,0.1720682,0.5978499,0.77265465,0.67522484,0.6464309,0.53646505,0.26950783
0.6896158,0.55929875,0.72752124,0.57147896,0.88506454,0.4572492,0.53736305,0.07912655,0.57060415,0.771106
0.17408569,0.5745205,0.5492555,0.12860805,0.6804524,0.8815944,0.75936425,0.4112978,0.6994355,0.268125
0.7304359,0.1945132,0.46663427,0.93571895,0.8609144,0.9226172,0.63600254,0.00044963122,0.91345626,0.15353891
0.45747232,0.68778586,0.5796205,0.3677684,0.60358053,0.731236,0.6139067,0.37370113,0.57045156,0.28025514
0.8635488,0.8726796,0.7057303,0.6434176,0.4554636,0.09995842,0.27824208,0.88053954,0.16034128,0.7234059
0.60988575,0.90689695,0.752199,0.31169328,0.7597929,0.7805681,0.6542089,0.29237074,0.5209673,0.19799753
0.89197105,0.6072068,0.69825256,0.7879612,0.6332899,0.03192612,0.2077736,0.7273595,0.17032656,0.9571988
0.21317208,0.41424203,0.10621716,0.701122,0.041227464,0.98630327,0.69190454,0.23339501,0.8486126,0.0015618474
0.5362007,0.18735231,0.42295024,0.7160831,0.58621997,0.39210734,0.44374514,0.1846019,0.5996006,0.7378513
0.82138294,0.34618837,0.59292734,0.85378903,0.73349667,0.19367549,0.33787468,0.1085916,0.47162244,0.84923637
0.8983171,0.8460339,0.6891061,0.8893156,0.75463027,0.8018722,0.5240054,0.012142439,0.65801036,0.087049864
0.9224441,0.9681558,0.7863763,0.7969853,0.69653714,0.76344955,0.5143074,0.071379,0.4696135,0.05359808
0.3197168,0.7257302,0.77580607,0.117886044,0.9126919,0.7618114,0.7464133,0.24153152,0.62781245,0.6342135
0.3616068,0.15998518,0.2910449,0.48710304,0.1756177,0.08770849,0.2906549,0.9679887,0.27112365,0.90568787
0.5249309,0.8895999,0.4789249,0.37232965,0.16329658,0.66269636,0.50421196,0.92214376,0.33552128,0.07384556
0.4014528,0.92150676,0.56394786,0.22591469,0.3346626,0.89851224,0.6836898,0.7279097,0.51633507,0.032480612
0.436116,0.8316886,0.57274175,0.3094836,0.4881891,0.8502559,0.65931535,0.47597212,0.5704374,0.092676796
0.38898414,0.062578596,0.58175963,0.47304204,0.9098727,0.16102646,0.47901082,0.13497029,0.6091206,0.9888525
0.30275843,0.6911376,0.64544654,0.086565025,0.490656,0.13548008,0.46217993,0.98975056,0.18848208,0.91356015
0.20737341,0.32214954,0.17405738,0.49159497,0.08193552,0.8554345,0.5730175,0.7407445,0.6527595,0.050604504
0.32717803,0.19480427,0.16469458,0.7384085,0.10703051,0.7880878,0.49664345,0.42713872,0.6873407,0.08724777
0.79156524,0.614049,0.44952756,0.88653445,0.4236061,0.75312084,0.46756738,0.055845927,0.6453814,0.08865287
0.81529033,0.9780961,0.90296656,0.13558888,0.7309701,0.042191718,0.33962077,0.9915262,0.060644533,0.93302745
0.6205315,0.91314715,0.5933304,0.43013173,0.35783762,0.7677061,0.5663519,0.6489343,0.4343094,0.067222305
0.7599978,0.4590097,0.6617403,0.70361733,0.78248554,0.20336694,0.38984662,0.21278755,0.430898,0.8743606
0.5339257,0.13439682,0.72451204,0.46708098,0.9553366,0.1392517,0.48240057,0.09076958,0.5619192,0.99115866
0.52720076,0.020639265,0.2371361,0.8455911,0.31944758,0.027289264,0.18855283,0.723165,0.36004466,0.98820263
0.5413575,0.22021839,0.47039914,0.56852525,0.49004248,0.09042006,0.31795162,0.8004618,0.32049465,0.9450619
0.27481407,0.26287088,0.30588546,0.5683147,0.44367182,0.924446,0.68502456,0.07367119,0.82615185,0.09196917
0.42104343,0.38646173,0.5261002,0.42935652,0.65063244,0.5304209,0.55097544,0.34804887,0.57270473,0.6446147
0.077228606,0.06193318,0.26840052,0.16180196,0.4035054,0.43953693,0.58272654,0.85354215,0.6064199,0.87650806
0.25339025,0.16076633,0.4903652,0.31407303,0.7540285,0.48206362,0.59052145,0.30939192,0.64539737,0.86685
0.7068821,0.71591306,0.1860073,0.88894445,0.025770739,0.7352361,0.345867,0.76393116,0.43744126,0.010664246
0.37860498,0.20514151,0.23721796,0.77911586,0.3173779,0.9111219,0.6112852,0.0487744,0.8285526,0.0655905
0.7875042,0.98232365,0.83828473,0.2997185,0.6957287,0.66488165,0.5834988,0.6355195,0.30785316,0.1371845
0.5434873,0.62602043,0.17393208,0.71818495,0.015856808,0.35358447,0.27340746,0.9872377,0.23554422,0.072456785
0.9497271,0.98022425,0.80062264,0.7749973,0.48959163,0.29607186,0.3268679,0.6230578,0.18476947,0.17858537
0.9900315,0.9962244,0.96431965,0.7518416,0.92310584,0.074319735,0.2751368,0.41739535,0.08841254,0.72220886
0.4050987,0.7105782,0.73919356,0.16989577,0.8365358,0.53431815,0.6366024,0.5161683,0.48433334,0.736631
0.6283307,0.3900348,0.78885037,0.3240095,0.91014105,0.04550533,0.37576935,0.67007697,0.2658729,0.9935267
0.26755002,0.057593692,0.44649976,0.4455992,0.8102813,0.34281495,0.53836393,0.16217671,0.68729335,0.9533856
0.34812397,0.19499552,0.15874709,0.8302715,0.16076888,0.94788885,0.6116164,0.055036142,0.85112983,0.020181108
0.19169678,0.76225436,0.7643337,0.033612553,0.8105749,0.42008936,0.6785236,0.94068855,0.35009465,0.8724713
0.6290029,0.5023663,0.23764126,0.9130422,0.19878294,0.9670536,0.6039314,0.017591719,0.84444964,0.0054933373
0.46688184,0.95496213,0.40250605,0.45880255,0.13123223,0.9856162,0.7363058,0.38529095,0.6895584,0.0009894152
0.62070644,0.6166467,0.56758696,0.48445344,0.44282928,0.19186921,0.37522417,0.8487157,0.28489956,0.7527028
0.6070941,0.62339795,0.26745832,0.8527755,0.15958586,0.9411632,0.57203186,0.08559206,0.7527026,0.0084545165
0.7281914,0.8009971,0.7538425,0.36364055,0.6649504,0.091654286,0.3539392,0.9043596,0.18184808,0.9079956
0.47075948,0.3342033,0.5479963,0.38373503,0.5757216,0.12801233,0.38782483,0.8413593,0.3210156,0.93472
0.42489743,0.33672944,0.6772602,0.21503371,0.77708244,0.06445275,0.4004014,0.8987134,0.2611598,0.9868911
0.6284243,0.9175661,0.7062435,0.24158032,0.4305754,0.26629475,0.44134846,0.96046156,0.19284779,0.5268002
0.27100965,0.05232027,0.57834834,0.38660592,0.9430588,0.3912215,0.61339986,0.041784123,0.76247,0.9778415
0.43470544,0.380599,0.56254536,0.40773088,0.70480114,0.45339876,0.5391802,0.3660464,0.54602736,0.7520948
0.25448313,0.5767166,0.16407233,0.6025116,0.06197928,0.97650504,0.6792359,0.3728555,0.78299606,0.0030444204
0.5988696,0.8673038,0.63396204,0.36120266,0.45615846,0.54744095,0.518813,0.7714039,0.35966083,0.2669631
0.92213494,0.74660444,0.90332884,0.6168565,0.9548867,0.020749018,0.26978916,0.40719062,0.16833554,0.9940012
0.89882547,0.8671637,0.44330516,0.8982935,0.109631404,0.31346527,0.25304064,0.75810724,0.2445023,0.096091814
0.113937214,0.7002061,0.77816653,0.017610403,0.87763196,0.52107084,0.75096565,0.92273706,0.42745462,0.9032521
0.6060509,0.28617632,0.62764716,0.48573345,0.7283464,0.059131436,0.32749724,0.74826276,0.28459722,0.9801941
0.26953346,0.7666391,0.8586793,0.027682716,0.913976,0.13838397,0.60307914,0.9633649,0.2271992,0.9834621
0.39194003,0.7915564,0.6177727,0.26358533,0.6526399,0.8708186,0.7042065,0.30087394,0.6363009,0.13919246
0.52555144,0.24042836,0.2749377,0.61706185,0.0826713,0.03575832,0.18929741,0.9915991,0.15028839,0.9047387
0.8738986,0.9744118,0.9041198,0.2408232,0.7751243,0.046297133,0.32255384,0.97228944,0.07497449,0.92382526
0.79017854,0.30668807,0.48315263,0.89073074,0.6147692,0.37958616,0.37686205,0.06144495,0.5843684,0.59880316
0.008089784,0.005084384,0.17391376,0.07287891,0.80434346,0.96088624,0.88172823,0.046563804,0.96071106,0.76187736
0.3879271,0.84769267,0.83572316,0.07583754,0.8986496,0.4638264,0.667936,0.72149706,0.38928506,0.83194864
0.67739296,0.11414369,0.41440597,0.87396973,0.664474,0.31660768,0.38320577,0.05231525,0.6456628,0.815234
0.37709975,0.38828722,0.709982,0.28570864,0.93182415,0.6865664,0.69520026,0.058775607,0.7208519,0.8006443
0.6269458,0.36214462,0.26147494,0.89932513,0.25366312,0.8943768,0.52924764,0.036340035,0.7834743,0.032510385
0.15666951,0.41895983,0.23115104,0.24663197,0.09435765,0.7306325,0.56691736,0.94802034,0.50413686,0.13734394
0.65794116,0.70879316,0.17941727,0.8653918,0.025137724,0.77120674,0.37060845,0.78143066,0.45649862,0.00952932
0.18283023,0.028072527,0.17367616,0.57416475,0.25302938,0.30626673,0.42056525,0.6485479,0.61872345,0.85696405
0.27746704,0.7109829,0.5874391,0.13019824,0.5082784,0.5427563,0.603594,0.90275675,0.40047565,0.5297862
0.14308038,0.06505772,0.1960137,0.55693346,0.41686592,0.920964,0.6959858,0.0587623,0.88113093,0.18422948
0.63616234,0.9329252,0.5518694,0.4228597,0.20461592,0.67095023,0.4994658,0.8845852,0.32074273,0.06046391
0.18156363,0.09213346,0.2652067,0.30648392,0.23643138,0.16233961,0.39578336,0.95520276,0.3869377,0.9150436
0.44994947,0.6459835,0.58844,0.5374634,0.8351636,0.97712076,0.800759,0.0058150203,0.8856075,0.040219773
0.36658153,0.9339711,0.47647038,0.13362564,0.07609774,0.44201338,0.46530554,0.99739444,0.16224675,0.12932691
0.709727,0.67857313,0.16349086,0.9298691,0.032132953,0.9050997,0.42534646,0.31256634,0.62877905,0.0031726994
0.051165584,0.08747412,0.3226143,0.096557274,0.5874362,0.7647844,0.7327166,0.6093932,0.7527654,0.7332869
0.7303197,0.9641288,0.7298069,0.47820136,0.63318354,0.9225482,0.68085617,0.14702138,0.5851957,0.022533206
0.20100105,0.098663434,0.31494892,0.36989042,0.441432,0.40297693,0.5123693,0.6440144,0.5902311,0.8237215
0.9200351,0.97151136,0.7918493,0.6006344,0.40219223,0.09564231,0.2627925,0.95035845,0.0968487,0.53916883
0.7982346,0.90808874,0.876064,0.2688316,0.86336297,0.08267112,0.39446446,0.8546637,0.16068803,0.9451936
0.039464872,0.009661284,0.31455097,0.07935251,0.71159697,0.09959259,0.53064644,0.9139305,0.54828376,0.9975298
0.48718792,0.14837758,0.32384917,0.7828042,0.47730273,0.6105881,0.48562688,0.09602805,0.7087015,0.4651464
