num_features,RandomForest,AdaBoost,LGBM,XGB,LogisticRegression
8,0.7142857142857143,0.7301587301587301,0.7142857142857143,0.7619047619047619,0.6984126984126984
7,0.6888888888888889,0.7158730158730158,0.6952380952380952,0.7301587301587302,0.6936507936507936
6,0.6984126984126984,0.6825396825396826,0.7079365079365079,0.7317460317460317,0.6746031746031746
5,0.680952380952381,0.6555555555555556,0.6984126984126984,0.6428571428571429,0.6857142857142857
4,0.6793650793650793,0.6476190476190476,0.653968253968254,0.6698412698412699,0.6714285714285715
3,0.6730158730158731,0.6634920634920635,0.6206349206349205,0.6730158730158731,0.646031746031746
2,0.6603174603174603,0.6492063492063492,0.6380952380952379,0.6603174603174604,0.6317460317460316
1,0.6158730158730158,0.6412698412698412,0.6317460317460318,0.6142857142857142,0.611111111111111
