num_features,RandomForest,AdaBoost,LGBM,XGB,LogisticRegression
8,0.7777777777777778,0.6666666666666667,0.7619047619047619,0.746031746031746,0.7142857142857143
7,0.7857142857142856,0.6730158730158731,0.7365079365079364,0.746031746031746,0.7285714285714284
6,0.7634920634920634,0.6904761904761905,0.7349206349206349,0.7285714285714285,0.7031746031746032
5,0.7396825396825397,0.6761904761904762,0.7047619047619047,0.7126984126984126,0.726984126984127
4,0.707936507936508,0.6666666666666667,0.6793650793650794,0.6968253968253968,0.7015873015873015
3,0.7063492063492063,0.6682539682539683,0.661904761904762,0.6492063492063492,0.6746031746031746
2,0.6650793650793652,0.665079365079365,0.6714285714285715,0.6460317460317461,0.7
1,0.6619047619047619,0.6841269841269841,0.6793650793650794,0.6507936507936508,0.6746031746031746
