num_features,RandomForest,AdaBoost,LGBM,XGB,LogisticRegression
8,0.844671201814059,0.6768707482993197,0.7879818594104309,0.8253968253968254,0.7709750566893423
7,0.8397959183673469,0.665079365079365,0.7732426303854875,0.8046485260770975,0.7608843537414967
6,0.8066893424036282,0.6977891156462583,0.7712018140589569,0.7874149659863946,0.706689342403628
5,0.7725056689342403,0.6678004535147392,0.7257369614512472,0.7250566893424035,0.7380952380952381
4,0.7422902494331066,0.6153628117913832,0.6928004535147392,0.6931972789115647,0.690532879818594
3,0.7204081632653062,0.6272675736961452,0.6522675736961452,0.6276643990929704,0.6483560090702948
2,0.6331065759637189,0.5721655328798185,0.6277777777777778,0.5494331065759637,0.6493197278911564
1,0.5735827664399092,0.6349206349206349,0.6232426303854876,0.5124716553287982,0.600907029478458
