num_features,RandomForest,AdaBoost,LGBM,XGB,LogisticRegression
8,0.7,0.76,0.72,0.7,0.76
7,0.712,0.754,0.724,0.7219999999999999,0.75
6,0.748,0.744,0.73,0.714,0.754
5,0.738,0.71,0.734,0.724,0.728
4,0.724,0.7,0.722,0.722,0.728
3,0.72,0.71,0.742,0.7459999999999999,0.714
2,0.716,0.738,0.7459999999999999,0.736,0.734
1,0.7539999999999999,0.7299999999999999,0.752,0.752,0.742
