num_features,RandomForest,AdaBoost,LGBM,XGB,LogisticRegression
8,0.82,0.78,0.82,0.8400000000000001,0.8
7,0.806,0.752,0.778,0.792,0.8
6,0.776,0.766,0.766,0.748,0.774
5,0.768,0.694,0.752,0.768,0.76
4,0.754,0.736,0.728,0.732,0.736
3,0.74,0.712,0.7180000000000001,0.708,0.732
2,0.724,0.722,0.6880000000000001,0.7020000000000001,0.698
1,0.6880000000000001,0.6719999999999999,0.66,0.674,0.69
