num_features,RandomForest,AdaBoost,LGBM,XGB,LogisticRegression
8,0.8805704099821746,0.8324420677361853,0.8609625668449198,0.8324420677361853,0.8805704099821747
7,0.871301247771836,0.8161319073083779,0.8408199643493761,0.8172905525846701,0.8632798573975045
6,0.8490196078431372,0.829946524064171,0.8340463458110516,0.7811051693404634,0.8627450980392156
5,0.85650623885918,0.767379679144385,0.7976827094474154,0.8190730837789661,0.8554367201426025
4,0.7755793226381462,0.7872549019607844,0.7975935828877005,0.776559714795009,0.8276292335115866
3,0.7527629233511586,0.7450089126559714,0.7594474153297682,0.7496434937611408,0.7572192513368983
2,0.7539215686274509,0.706951871657754,0.7126559714795009,0.7159536541889483,0.7091800356506239
1,0.64349376114082,0.6248663101604279,0.6109625668449197,0.6483065953654189,0.7807486631016042
