num_features,RandomForest,AdaBoost,LGBM,XGB,LogisticRegression
8,0.7368421052631579,0.7543859649122807,0.7587719298245614,0.7521929824561404,0.7171052631578947
7,0.7192982456140351,0.7475877192982455,0.7453947368421053,0.6890350877192983,0.7120614035087719
6,0.7140350877192982,0.743859649122807,0.7320175438596491,0.7230263157894736,0.7344298245614035
5,0.737938596491228,0.6889254385964912,0.7109649122807017,0.6614035087719298,0.6517543859649123
4,0.7289473684210526,0.6581140350877194,0.5947368421052631,0.655921052631579,0.6241228070175439
3,0.6879385964912281,0.6574561403508772,0.5797149122807017,0.5966008771929825,0.6388157894736842
2,0.6747807017543861,0.6474780701754386,0.5549342105263158,0.5768640350877193,0.6081140350877193
1,0.6368421052631579,0.606469298245614,0.6046052631578946,0.5165570175438596,0.5290570175438598
