0,1,2,3,4,5,6,7,8,9,10,11,12,13,14
0.0,0.0,1.0,0.0,0.0,0.0,0.0,0.469493,0.234043,0.046025,0.359268,0.003043,0.373641,0.55614,1.0
0.0,0.0,0.0,0.0,0.0,0.0,1.0,0.023008,0.361702,0.089738,0.313746,0.003467,0.422915,0.414912,1.0
0.0,1.0,0.0,0.0,0.0,0.0,0.0,0.90788,0.744681,0.043953,0.474412,0.002985,0.527965,0.364035,0.0
0.0,0.0,0.0,1.0,0.0,0.0,0.0,0.473253,0.851064,0.024919,0.400625,0.001676,0.320818,0.457895,0.0
1.0,0.0,0.0,0.0,0.0,0.0,0.0,0.907216,0.510638,0.049418,0.332639,0.003199,0.305541,0.748684,0.0
0.0,0.0,0.0,0.0,0.0,1.0,0.0,0.893589,0.0,0.139006,0.629128,0.009148,0.486794,0.786842,1.0
0.0,0.0,0.0,0.0,0.0,0.0,1.0,0.008849,0.510638,0.041582,0.377566,0.003467,0.422915,0.414912,0.0
0.0,0.0,0.0,0.0,1.0,0.0,0.0,0.912305,0.638298,0.089318,0.512348,0.009443,0.70145,0.235088,1.0
0.0,0.0,0.0,1.0,0.0,0.0,0.0,0.903323,0.680851,0.06536,0.493752,0.004057,0.525634,0.42807,1.0
0.0,1.0,0.0,0.0,0.0,0.0,0.0,0.867749,0.765957,0.02624,0.489735,0.00168,0.398757,0.882018,0.0
0.0,0.0,1.0,0.0,0.0,0.0,0.0,0.004956,0.978723,0.056323,0.537638,0.003467,0.422915,0.414912,1.0
0.0,0.0,0.0,1.0,0.0,0.0,0.0,0.872439,0.893617,0.043053,0.502827,0.002362,0.471776,0.59386,0.0
0.0,0.0,0.0,0.0,1.0,0.0,0.0,0.893677,0.404255,0.028942,0.487355,0.002042,0.613931,0.325,0.0
0.0,0.0,1.0,0.0,0.0,0.0,0.0,0.009601,0.680851,0.065089,0.504314,0.003467,0.422915,0.414912,1.0
0.0,0.0,0.0,0.0,0.0,1.0,0.0,0.451484,0.191489,0.038699,0.269116,0.000906,0.302952,0.662719,0.0
0.0,1.0,0.0,0.0,0.0,0.0,0.0,0.447281,0.446809,0.083944,0.717048,0.005818,0.648369,0.359649,1.0
0.0,0.0,0.0,1.0,0.0,0.0,0.0,0.87151,0.914894,0.037198,0.474264,0.001674,0.365873,0.832456,0.0
1.0,0.0,0.0,0.0,0.0,0.0,0.0,0.446617,0.021277,0.028101,0.351086,0.001793,0.383739,0.691667,0.0
1.0,0.0,0.0,0.0,0.0,0.0,0.0,0.876421,0.595745,0.028462,0.301101,0.000762,0.214915,0.753947,1.0
0.0,1.0,0.0,0.0,0.0,0.0,0.0,0.004292,0.702128,0.077789,0.576614,0.003467,0.422915,0.414912,1.0
0.0,0.0,0.0,0.0,1.0,0.0,0.0,0.026282,0.510638,0.07959,0.469354,0.003467,0.422915,0.414912,1.0
0.0,1.0,0.0,0.0,0.0,0.0,0.0,0.473784,0.531915,0.030833,0.621839,0.002038,0.539617,0.548246,1.0
1.0,0.0,0.0,0.0,0.0,0.0,0.0,0.885049,0.957447,0.055512,0.437816,0.003675,0.300104,0.574561,1.0
0.0,0.0,1.0,0.0,0.0,0.0,0.0,0.872085,0.361702,0.024919,0.526778,0.001585,0.530295,0.662719,0.0
0.0,0.0,1.0,0.0,0.0,0.0,0.0,0.459935,0.978723,0.046986,0.509967,0.00327,0.447437,0.272368,0.0
0.0,0.0,0.0,0.0,0.0,1.0,0.0,0.425247,0.829787,0.074727,0.320292,0.003467,0.422915,0.414912,1.0
0.0,0.0,0.0,0.0,1.0,0.0,0.0,0.433609,0.404255,0.088027,0.543737,0.003467,0.422915,0.414912,1.0
0.0,0.0,0.0,1.0,0.0,0.0,0.0,0.87182,0.297872,0.0263,0.490628,0.001685,0.582859,0.594737,0.0
0.0,0.0,0.0,0.0,1.0,0.0,0.0,0.424583,0.787234,0.056923,0.283993,0.003467,0.422915,0.414912,0.0
0.0,0.0,0.0,0.0,1.0,0.0,0.0,0.008761,0.765957,0.090369,0.721214,0.003467,0.422915,0.414912,0.0
0.0,0.0,0.0,0.0,0.0,0.0,1.0,0.451838,0.510638,0.033626,0.489884,0.002262,0.382962,0.563596,0.0
0.0,1.0,0.0,0.0,0.0,0.0,0.0,0.894031,0.106383,0.051789,0.276555,0.003319,0.412222,0.775439,0.0
0.0,0.0,0.0,0.0,0.0,1.0,0.0,0.026636,0.12766,0.048607,0.109789,0.003467,0.422915,0.414912,0.0
1.0,0.0,0.0,0.0,0.0,0.0,0.0,0.872307,0.851064,0.035937,0.398393,0.002075,0.294666,0.895175,1.0
0.0,0.0,0.0,0.0,0.0,1.0,0.0,0.443476,0.276596,0.043353,0.473222,0.002964,0.464267,0.460965,0.0
0.0,0.0,0.0,0.0,0.0,1.0,0.0,0.884651,0.723404,0.032425,0.562481,0.002306,0.537804,0.257895,1.0
0.0,0.0,0.0,0.0,1.0,0.0,0.0,0.425822,0.12766,0.055242,0.130616,0.003467,0.422915,0.414912,0.0
0.0,0.0,0.0,0.0,1.0,0.0,0.0,0.469581,0.574468,0.05311,0.54091,0.003525,0.498705,0.420175,1.0
0.0,0.0,0.0,1.0,0.0,0.0,0.0,0.89412,0.659574,0.042632,0.569771,0.002813,0.664682,0.514474,0.0
0.0,1.0,0.0,0.0,0.0,0.0,0.0,0.44268,0.170213,0.046145,0.140881,0.003012,0.181771,0.721053,0.0
0.0,0.0,0.0,0.0,0.0,1.0,0.0,0.018627,0.06383,0.047856,0.319845,0.003467,0.422915,0.414912,0.0
0.0,0.0,1.0,0.0,0.0,0.0,0.0,0.911597,0.106383,0.042933,0.172716,0.002796,0.294666,0.723684,0.0
0.0,0.0,0.0,1.0,0.0,0.0,0.0,0.473563,0.446809,0.02633,0.521571,0.001743,0.559037,0.361404,0.0
0.0,0.0,0.0,0.0,0.0,0.0,1.0,0.009469,0.851064,0.063949,0.627641,0.003467,0.422915,0.414912,1.0
0.0,0.0,1.0,0.0,0.0,0.0,0.0,0.468873,1.0,0.028522,0.407914,0.001909,0.282237,0.560526,0.0
0.0,0.0,0.0,1.0,0.0,0.0,0.0,0.030884,0.87234,0.074817,0.380542,0.003467,0.422915,0.414912,0.0
0.0,0.0,0.0,0.0,0.0,1.0,0.0,0.434583,0.361702,0.050318,0.386195,0.003467,0.422915,0.414912,1.0
0.0,0.0,0.0,0.0,0.0,1.0,0.0,0.894208,0.0,0.060556,0.613805,0.00398,0.534956,0.631579,0.0
0.0,0.0,0.0,0.0,1.0,0.0,0.0,0.460024,0.319149,0.031014,0.506843,0.002075,0.510357,0.278947,0.0
0.0,0.0,0.0,0.0,1.0,0.0,0.0,0.437901,0.361702,0.06611,0.463404,0.003467,0.422915,0.414912,1.0
0.0,0.0,0.0,1.0,0.0,0.0,0.0,0.42945,0.957447,0.058364,0.443469,0.003467,0.422915,0.414912,0.0
0.0,0.0,0.0,0.0,0.0,0.0,1.0,0.022079,0.851064,0.074517,0.319399,0.003467,0.422915,0.414912,1.0
0.0,0.0,1.0,0.0,0.0,0.0,0.0,0.469802,0.12766,0.038099,0.142517,0.002594,0.200673,0.446053,0.0
0.0,0.0,0.0,0.0,1.0,0.0,0.0,0.446794,0.595745,0.043653,0.484677,0.002991,0.525893,0.47807,0.0
1.0,0.0,0.0,0.0,0.0,0.0,0.0,0.889961,0.297872,0.022877,0.228503,0.001477,0.169601,0.763596,0.0
0.0,1.0,0.0,0.0,0.0,0.0,0.0,0.459891,0.808511,0.080401,0.611723,0.005517,0.529259,0.310965,1.0
0.0,0.0,0.0,1.0,0.0,0.0,0.0,0.442193,0.489362,0.099646,0.528414,0.003467,0.422915,0.414912,1.0
0.0,0.0,1.0,0.0,0.0,0.0,0.0,0.031769,0.93617,0.07911,0.25305,0.003467,0.422915,0.414912,1.0
0.0,0.0,0.0,1.0,0.0,0.0,0.0,0.433565,0.744681,0.071034,0.462065,0.003467,0.422915,0.414912,1.0
1.0,0.0,0.0,0.0,0.0,0.0,0.0,0.000265,0.553191,0.10475,0.478578,0.003467,0.422915,0.414912,1.0
0.0,0.0,0.0,0.0,0.0,0.0,1.0,0.004203,0.638298,0.083884,0.333234,0.003467,0.422915,0.414912,1.0
0.0,0.0,0.0,1.0,0.0,0.0,0.0,0.026857,0.319149,0.060046,0.511455,0.003467,0.422915,0.414912,0.0
0.0,0.0,1.0,0.0,0.0,0.0,0.0,0.460555,0.297872,0.02633,0.420113,0.001751,0.472294,0.53114,0.0
0.0,1.0,0.0,0.0,0.0,0.0,0.0,0.872041,0.425532,0.028822,0.666022,0.001826,0.537286,0.70614,0.0
0.0,1.0,0.0,0.0,0.0,0.0,0.0,0.868059,0.87234,0.032064,0.324903,0.000841,0.235111,0.770614,1.0
0.0,0.0,0.0,0.0,0.0,1.0,0.0,0.91173,0.276596,0.087727,0.491818,0.005997,0.669601,0.303947,1.0
1.0,0.0,0.0,0.0,0.0,0.0,0.0,0.47405,0.106383,0.024589,0.094763,0.001631,0.19912,0.767982,0.0
0.0,0.0,0.0,0.0,0.0,0.0,1.0,0.434317,0.446809,0.046625,0.332193,0.003467,0.422915,0.414912,0.0
0.0,0.0,0.0,1.0,0.0,0.0,0.0,0.889253,0.93617,0.029212,0.465635,0.001861,0.381668,0.595175,0.0
0.0,0.0,0.0,1.0,0.0,0.0,0.0,0.911951,0.234043,0.064519,0.394079,0.004344,0.443035,0.47193,1.0
0.0,0.0,0.0,0.0,1.0,0.0,0.0,0.876289,0.297872,0.028702,0.48557,0.00187,0.620404,0.471491,0.0
0.0,0.0,1.0,0.0,0.0,0.0,0.0,0.902969,0.978723,0.099706,0.510116,0.006761,0.554376,0.335526,1.0
0.0,0.0,0.0,0.0,0.0,1.0,0.0,0.867616,0.531915,0.030233,0.543588,0.001953,0.610047,0.530263,0.0
0.0,0.0,0.0,0.0,0.0,0.0,1.0,0.474315,0.510638,0.0263,0.271199,0.001745,0.158726,0.865351,0.0
0.0,0.0,0.0,0.0,0.0,1.0,0.0,0.469006,0.212766,0.03981,0.290539,0.002673,0.274728,0.463596,0.0
0.0,0.0,0.0,0.0,0.0,0.0,1.0,0.894562,0.170213,0.02579,0.220173,0.001647,0.357069,0.791228,0.0
1.0,0.0,0.0,0.0,0.0,0.0,0.0,0.469714,0.489362,0.043233,0.376376,0.002908,0.303988,0.617105,1.0
0.0,1.0,0.0,0.0,0.0,0.0,0.0,0.456528,0.191489,0.024168,0.203065,0.001618,0.274728,0.707456,0.0
0.0,0.0,0.0,0.0,0.0,1.0,0.0,0.437945,0.914894,0.046836,0.255579,0.003467,0.422915,0.414912,0.0
0.0,0.0,0.0,0.0,1.0,0.0,0.0,0.898456,0.0,0.087186,0.533472,0.005715,0.48291,0.544298,1.0
1.0,0.0,0.0,0.0,0.0,0.0,0.0,0.438034,0.297872,0.049898,0.364029,0.003467,0.422915,0.414912,1.0
0.0,0.0,1.0,0.0,0.0,0.0,0.0,0.004956,0.723404,0.042572,0.671824,0.003467,0.422915,0.414912,0.0
1.0,0.0,0.0,0.0,0.0,0.0,0.0,0.875802,0.0,0.028131,0.221363,0.000993,0.278353,0.841667,0.0
0.0,0.0,0.0,0.0,0.0,1.0,0.0,0.026946,0.510638,0.076708,0.356144,0.003467,0.422915,0.414912,0.0
0.0,0.0,0.0,0.0,0.0,1.0,0.0,0.009734,0.234043,0.059625,0.181642,0.003467,0.422915,0.414912,0.0
0.0,0.0,0.0,0.0,0.0,0.0,1.0,0.013141,0.234043,0.040801,0.10607,0.003467,0.422915,0.414912,0.0
0.0,1.0,0.0,0.0,0.0,0.0,0.0,0.906951,0.744681,0.085715,0.368492,0.006032,0.621958,0.209649,1.0
0.0,0.0,0.0,1.0,0.0,0.0,0.0,0.469227,0.617021,0.050378,0.528712,0.003326,0.447437,0.467982,0.0
0.0,1.0,0.0,0.0,0.0,0.0,0.0,0.898943,0.106383,0.047706,0.236686,0.003128,0.390471,0.589474,0.0
0.0,0.0,0.0,0.0,0.0,0.0,1.0,0.894252,0.12766,0.050679,0.291431,0.003245,0.416106,0.712281,0.0
0.0,1.0,0.0,0.0,0.0,0.0,0.0,0.42507,0.851064,0.090609,0.394972,0.003467,0.422915,0.414912,1.0
0.0,0.0,0.0,0.0,0.0,0.0,1.0,0.000841,0.510638,0.089798,0.312258,0.003467,0.422915,0.414912,0.0
0.0,0.0,0.0,0.0,0.0,0.0,1.0,0.45644,0.510638,0.032695,0.404344,0.002192,0.367944,0.51886,1.0
0.0,0.0,1.0,0.0,0.0,0.0,0.0,0.890049,0.957447,0.028762,0.648468,0.001953,0.472294,0.518421,0.0
0.0,0.0,1.0,0.0,0.0,0.0,0.0,0.898367,0.297872,0.061637,0.612467,0.004038,0.561367,0.541667,0.0
0.0,1.0,0.0,0.0,0.0,0.0,0.0,0.877085,0.978723,0.047316,0.475602,0.003214,0.378042,0.327632,1.0
0.0,0.0,0.0,0.0,0.0,0.0,1.0,0.902526,0.723404,0.044104,0.494347,0.002902,0.4029,0.494737,0.0
0.0,0.0,0.0,1.0,0.0,0.0,0.0,0.876554,0.617021,0.034706,0.5964,0.002227,0.559037,0.687281,1.0
0.0,0.0,0.0,1.0,0.0,0.0,0.0,0.005,0.425532,0.050859,0.600714,0.003467,0.422915,0.414912,1.0
0.0,0.0,0.0,0.0,0.0,1.0,0.0,0.026946,0.191489,0.068512,0.124517,0.003467,0.422915,0.414912,0.0
0.0,1.0,0.0,0.0,0.0,0.0,0.0,0.894341,0.893617,0.059896,0.658881,0.004005,0.583894,0.517105,0.0
0.0,0.0,0.0,0.0,0.0,1.0,0.0,0.872528,0.234043,0.031134,0.433651,0.00194,0.446401,0.82807,0.0
0.0,0.0,0.0,0.0,1.0,0.0,0.0,0.893545,0.404255,0.080461,0.742636,0.005351,0.697566,0.430702,0.0
0.0,0.0,0.0,0.0,0.0,1.0,0.0,0.429539,0.021277,0.049838,0.281166,0.003467,0.422915,0.414912,0.0
0.0,0.0,0.0,0.0,1.0,0.0,0.0,0.027521,0.489362,0.076318,0.522315,0.003467,0.422915,0.414912,1.0
0.0,0.0,1.0,0.0,0.0,0.0,0.0,0.447635,0.0,0.041161,0.560101,0.002665,0.447695,0.617105,0.0
1.0,0.0,0.0,0.0,0.0,0.0,0.0,0.013805,0.595745,0.133391,0.707825,0.003467,0.422915,0.414912,1.0
0.0,0.0,0.0,1.0,0.0,0.0,0.0,0.911331,0.297872,0.049147,0.492115,0.003261,0.544278,0.482456,1.0
0.0,1.0,0.0,0.0,0.0,0.0,0.0,0.460511,0.531915,0.028372,0.499256,0.001903,0.54117,0.460088,1.0
1.0,0.0,0.0,0.0,0.0,0.0,0.0,0.026724,0.93617,0.05221,0.418328,0.003467,0.422915,0.414912,0.0
0.0,0.0,0.0,0.0,0.0,1.0,0.0,0.473652,0.978723,0.028492,0.423832,0.001853,0.398498,0.655263,1.0
0.0,0.0,0.0,0.0,0.0,0.0,1.0,0.907792,0.170213,0.02594,0.130021,0.001689,0.204298,0.719298,0.0
0.0,0.0,0.0,0.0,0.0,1.0,0.0,0.880581,0.744681,0.088747,0.555043,0.005955,0.519938,0.277193,1.0
0.0,0.0,1.0,0.0,0.0,0.0,0.0,0.446706,0.212766,0.017413,0.259149,0.001045,0.270844,0.765789,0.0
0.0,1.0,0.0,0.0,0.0,0.0,0.0,0.906951,0.638298,0.042542,0.285034,0.002948,0.430606,0.325877,1.0
0.0,0.0,0.0,0.0,1.0,0.0,0.0,0.474227,0.06383,0.025549,0.111871,0.001699,0.196271,0.739035,0.0
0.0,0.0,0.0,1.0,0.0,0.0,0.0,0.889474,0.93617,0.032605,0.555638,0.002243,0.470223,0.51886,0.0
0.0,1.0,0.0,0.0,0.0,0.0,0.0,0.894031,0.765957,0.145851,0.904641,0.009751,0.8203,0.428947,1.0
0.0,1.0,0.0,0.0,0.0,0.0,0.0,0.86713,0.212766,0.030623,0.206784,0.002075,0.132315,0.59386,1.0
1.0,0.0,0.0,0.0,0.0,0.0,0.0,0.867705,0.723404,0.035937,0.43856,0.002077,0.294407,0.817105,1.0
0.0,0.0,0.0,0.0,0.0,0.0,1.0,0.500111,0.0,0.062387,0.412972,0.004348,0.399793,0.168421,1.0
0.0,0.0,1.0,0.0,0.0,0.0,0.0,0.424494,0.106383,0.055242,0.051026,0.003467,0.422915,0.414912,0.0
0.0,1.0,0.0,0.0,0.0,0.0,0.0,0.872351,0.234043,0.044314,0.370574,0.000893,0.370274,0.782018,1.0
0.0,1.0,0.0,0.0,0.0,0.0,0.0,0.903544,0.574468,0.084454,0.499702,0.00564,0.477732,0.482456,1.0
1.0,0.0,0.0,0.0,0.0,0.0,0.0,0.438653,0.93617,0.053381,0.405683,0.003467,0.422915,0.414912,0.0
0.0,0.0,0.0,0.0,0.0,0.0,1.0,0.44352,0.468085,0.047916,0.51562,0.003245,0.396427,0.527193,0.0
1.0,0.0,0.0,0.0,0.0,0.0,0.0,0.911508,0.468085,0.042993,0.376525,0.002727,0.273951,0.819737,1.0
1.0,0.0,0.0,0.0,0.0,0.0,0.0,0.000885,0.957447,0.161283,0.480512,0.003467,0.422915,0.414912,0.0
0.0,0.0,0.0,0.0,1.0,0.0,0.0,0.473298,0.765957,0.027861,0.475751,0.00188,0.39332,0.507018,1.0
0.0,0.0,0.0,0.0,0.0,0.0,1.0,0.889916,0.106383,0.037829,0.356739,0.001878,0.416106,0.502632,0.0
0.0,0.0,0.0,0.0,1.0,0.0,0.0,0.45175,0.765957,0.083133,0.877269,0.005528,0.73537,0.398684,1.0
1.0,0.0,0.0,0.0,0.0,0.0,0.0,0.889961,0.617021,0.028942,0.41327,0.001851,0.341792,0.630263,0.0
1.0,0.0,0.0,0.0,0.0,0.0,0.0,0.867705,0.829787,0.031284,0.395716,0.00146,0.274987,0.836842,0.0
0.0,0.0,1.0,0.0,0.0,0.0,0.0,0.451971,0.87234,0.058034,0.74814,0.004019,0.51709,0.474561,1.0
0.0,0.0,0.0,0.0,1.0,0.0,0.0,0.890138,0.808511,0.061547,0.869087,0.004188,0.727861,0.392544,0.0
0.0,0.0,1.0,0.0,0.0,0.0,0.0,0.455953,0.0,0.040921,0.545373,0.002848,0.472035,0.485965,0.0
0.0,0.0,0.0,0.0,1.0,0.0,0.0,0.46467,0.085106,0.037529,0.279679,0.00258,0.329363,0.377632,0.0
1.0,0.0,0.0,0.0,0.0,0.0,0.0,0.017477,0.914894,0.074697,0.475602,0.003467,0.422915,0.414912,0.0
0.0,0.0,0.0,0.0,0.0,1.0,0.0,0.438565,0.957447,0.051759,0.332937,0.003467,0.422915,0.414912,0.0
0.0,0.0,0.0,0.0,1.0,0.0,0.0,0.911376,0.06383,0.047406,0.248587,0.003132,0.394614,0.606579,0.0
0.0,0.0,0.0,0.0,0.0,1.0,0.0,0.880581,0.893617,0.042662,0.403749,0.002979,0.428534,0.255702,0.0
0.0,0.0,0.0,1.0,0.0,0.0,0.0,0.87151,0.297872,0.027441,0.55787,0.001776,0.526411,0.763158,0.0
0.0,1.0,0.0,0.0,0.0,0.0,0.0,0.434096,0.425532,0.073136,0.565903,0.003467,0.422915,0.414912,1.0
0.0,0.0,0.0,0.0,0.0,1.0,0.0,0.460997,0.085106,0.032755,0.344838,0.002212,0.340497,0.576754,0.0
0.0,1.0,0.0,0.0,0.0,0.0,0.0,0.876775,0.0,0.02639,0.271348,0.001672,0.27913,0.832456,0.0
1.0,0.0,0.0,0.0,0.0,0.0,0.0,0.017477,0.170213,0.061967,0.148914,0.003467,0.422915,0.414912,0.0
0.0,0.0,0.0,0.0,0.0,0.0,1.0,0.880979,0.553191,0.029242,0.349152,0.000839,0.280684,0.684649,1.0
0.0,0.0,0.0,1.0,0.0,0.0,0.0,0.434184,0.787234,0.066891,0.515025,0.003467,0.422915,0.414912,0.0
0.0,1.0,0.0,0.0,0.0,0.0,0.0,0.469139,0.978723,0.041672,0.415948,0.002752,0.342569,0.532018,0.0
0.0,1.0,0.0,0.0,0.0,0.0,0.0,0.451307,0.148936,0.034526,0.192205,0.00162,0.266442,0.816228,0.0
0.0,0.0,0.0,1.0,0.0,0.0,0.0,0.424848,0.914894,0.060796,0.362838,0.003467,0.422915,0.414912,1.0
1.0,0.0,0.0,0.0,0.0,0.0,0.0,0.897969,0.446809,0.088357,0.564564,0.004852,0.388141,0.857456,1.0
0.0,1.0,0.0,0.0,0.0,0.0,0.0,0.008628,0.893617,0.057734,0.592383,0.003467,0.422915,0.414912,0.0
0.0,0.0,1.0,0.0,0.0,0.0,0.0,0.87589,0.234043,0.034346,0.406873,0.002164,0.433195,0.797368,0.0
0.0,0.0,0.0,0.0,1.0,0.0,0.0,0.456042,0.808511,0.038699,0.708271,0.002613,0.611082,0.367544,0.0
0.0,0.0,0.0,1.0,0.0,0.0,0.0,0.89381,0.446809,0.074667,0.624665,0.005089,0.694977,0.331579,1.0
0.0,0.0,0.0,0.0,0.0,1.0,0.0,0.474271,0.489362,0.030623,0.360904,0.002027,0.117815,0.877193,1.0
0.0,0.0,0.0,0.0,0.0,1.0,0.0,0.446839,0.914894,0.038789,0.442874,0.002597,0.387623,0.658333,1.0
0.0,0.0,0.0,1.0,0.0,0.0,0.0,0.881465,0.914894,0.02612,0.383368,0.001772,0.448472,0.469298,0.0
0.0,0.0,1.0,0.0,0.0,0.0,0.0,0.43383,0.340426,0.047136,0.525736,0.003467,0.422915,0.414912,0.0
0.0,1.0,0.0,0.0,0.0,0.0,0.0,0.881067,0.617021,0.080011,0.496876,0.005528,0.524081,0.299123,1.0
0.0,0.0,0.0,0.0,1.0,0.0,0.0,0.875979,0.659574,0.032935,0.638054,0.001998,0.525375,0.681579,0.0
0.0,0.0,0.0,0.0,0.0,0.0,1.0,0.86797,0.638298,0.05275,0.448974,0.0034,0.31305,0.817105,1.0
0.0,0.0,0.0,1.0,0.0,0.0,0.0,0.433565,0.297872,0.068242,0.498066,0.003467,0.422915,0.414912,1.0
0.0,0.0,0.0,1.0,0.0,0.0,0.0,0.875935,0.553191,0.038609,0.719131,0.002524,0.616002,0.508333,1.0
0.0,0.0,1.0,0.0,0.0,0.0,0.0,0.906995,0.531915,0.089288,0.533026,0.006012,0.585966,0.315351,1.0
0.0,1.0,0.0,0.0,0.0,0.0,0.0,0.894651,0.340426,0.081332,0.668402,0.005461,0.666753,0.482895,1.0
1.0,0.0,0.0,0.0,0.0,0.0,0.0,0.026724,0.808511,0.087276,0.438262,0.003467,0.422915,0.414912,1.0
0.0,0.0,1.0,0.0,0.0,0.0,0.0,0.87682,0.87234,0.025249,0.376822,0.001558,0.372864,0.657895,0.0
0.0,0.0,0.0,0.0,0.0,0.0,1.0,0.022698,0.170213,0.06563,0.055341,0.003467,0.422915,0.414912,0.0
0.0,0.0,0.0,0.0,0.0,0.0,1.0,0.434007,0.148936,0.044134,0.059952,0.003467,0.422915,0.414912,0.0
0.0,0.0,0.0,0.0,1.0,0.0,0.0,0.907393,0.12766,0.043233,0.193246,0.002902,0.284568,0.540789,0.0
0.0,0.0,0.0,1.0,0.0,0.0,0.0,0.455998,0.425532,0.061547,0.649063,0.004163,0.635163,0.369737,1.0
1.0,0.0,0.0,0.0,0.0,0.0,0.0,0.894606,0.170213,0.024409,0.160369,0.001577,0.268255,0.733772,0.0
0.0,0.0,0.0,0.0,0.0,0.0,1.0,0.898854,0.617021,0.069052,0.38679,0.004377,0.355515,0.771053,1.0
0.0,1.0,0.0,0.0,0.0,0.0,0.0,0.464537,0.723404,0.112736,0.388872,0.007449,0.458312,0.617544,1.0
0.0,0.0,0.0,0.0,0.0,0.0,1.0,0.447193,0.978723,0.041011,0.500595,0.002588,0.448213,0.678947,1.0
0.0,0.0,1.0,0.0,0.0,0.0,0.0,0.881421,0.851064,0.028972,0.476644,0.001967,0.537545,0.304386,0.0
0.0,0.0,1.0,0.0,0.0,0.0,0.0,0.022211,0.191489,0.063108,0.138352,0.003467,0.422915,0.414912,1.0
0.0,0.0,0.0,0.0,0.0,0.0,1.0,0.469669,0.021277,0.030383,0.305861,0.002038,0.278094,0.573684,0.0
0.0,1.0,0.0,0.0,0.0,0.0,0.0,0.0,0.085106,0.042482,0.251116,0.003467,0.422915,0.414912,0.0
0.0,1.0,0.0,0.0,0.0,0.0,0.0,0.90757,0.574468,0.089618,0.550431,0.005835,0.568358,0.471491,1.0
0.0,1.0,0.0,0.0,0.0,0.0,0.0,0.447901,0.765957,0.044254,0.842011,0.002956,0.673485,0.503509,1.0
1.0,0.0,0.0,0.0,0.0,0.0,0.0,0.004557,0.255319,0.081722,0.171824,0.003467,0.422915,0.414912,1.0
1.0,0.0,0.0,0.0,0.0,0.0,0.0,0.429317,0.829787,0.070914,0.456263,0.003467,0.422915,0.414912,0.0
0.0,0.0,0.0,0.0,0.0,0.0,1.0,0.889607,0.382979,0.098655,0.572002,0.006315,0.432936,0.650877,1.0
0.0,0.0,0.0,0.0,1.0,0.0,0.0,0.446794,0.87234,0.044194,0.596697,0.003014,0.465821,0.591228,0.0
0.0,0.0,0.0,0.0,1.0,0.0,0.0,0.424583,0.489362,0.074817,0.41089,0.003467,0.422915,0.414912,1.0
1.0,0.0,0.0,0.0,0.0,0.0,0.0,0.867086,0.638298,0.028792,0.283993,0.001955,0.163387,0.62193,1.0
0.0,0.0,0.0,0.0,0.0,1.0,0.0,0.469006,0.638298,0.047616,0.524695,0.003193,0.474883,0.383333,1.0
0.0,1.0,0.0,0.0,0.0,0.0,0.0,0.009557,0.382979,0.041762,0.692502,0.003467,0.422915,0.414912,0.0
0.0,1.0,0.0,0.0,0.0,0.0,0.0,0.439007,0.297872,0.053321,0.398245,0.003467,0.422915,0.414912,0.0
0.0,0.0,0.0,1.0,0.0,0.0,0.0,0.87151,0.170213,0.0266,0.229098,0.001088,0.271621,0.901754,0.0
0.0,0.0,0.0,0.0,0.0,1.0,0.0,0.030972,0.744681,0.064399,0.324755,0.003467,0.422915,0.414912,0.0
0.0,0.0,1.0,0.0,0.0,0.0,0.0,0.442724,0.957447,0.051969,0.5241,0.003511,0.368462,0.512719,0.0
0.0,0.0,0.0,0.0,1.0,0.0,0.0,0.02261,0.914894,0.047076,0.312853,0.003467,0.422915,0.414912,0.0
0.0,0.0,0.0,0.0,0.0,1.0,0.0,0.018318,0.510638,0.051849,0.365367,0.003467,0.422915,0.414912,0.0
0.0,0.0,0.0,1.0,0.0,0.0,0.0,0.430069,0.319149,0.082983,0.510562,0.003467,0.422915,0.414912,1.0
0.0,0.0,1.0,0.0,0.0,0.0,0.0,0.903279,0.87234,0.041582,0.460131,0.002835,0.44407,0.342544,0.0
0.0,1.0,0.0,0.0,0.0,0.0,0.0,0.447591,0.382979,0.068932,0.721065,0.005081,0.629726,0.32193,1.0
1.0,0.0,0.0,0.0,0.0,0.0,0.0,0.000575,0.468085,0.162093,0.524249,0.003467,0.422915,0.414912,1.0
0.0,0.0,0.0,0.0,1.0,0.0,0.0,0.907084,0.765957,0.127987,0.596697,0.008758,0.776541,0.271491,1.0
0.0,1.0,0.0,0.0,0.0,0.0,0.0,0.885094,0.276596,0.068602,0.48319,0.004292,0.408079,0.509211,1.0
0.0,0.0,0.0,0.0,0.0,0.0,1.0,0.005133,0.851064,0.075267,0.528117,0.003467,0.422915,0.414912,1.0
0.0,0.0,0.0,0.0,1.0,0.0,0.0,0.889828,0.87234,0.116308,0.757215,0.007929,0.6261,0.492105,1.0
1.0,0.0,0.0,0.0,0.0,0.0,0.0,0.880713,0.851064,0.031434,0.294109,0.001354,0.299068,0.809649,1.0
1.0,0.0,0.0,0.0,0.0,0.0,0.0,0.022123,0.340426,0.067221,0.231627,0.003467,0.422915,0.414912,1.0
0.0,0.0,0.0,0.0,1.0,0.0,0.0,0.890138,0.212766,0.05224,0.321333,0.003328,0.399793,0.764474,0.0
0.0,0.0,0.0,0.0,0.0,0.0,1.0,0.017433,0.87234,0.089558,0.49152,0.003467,0.422915,0.414912,1.0
0.0,0.0,0.0,1.0,0.0,0.0,0.0,0.907659,0.808511,0.055332,0.520381,0.003749,0.614448,0.338596,1.0
0.0,0.0,0.0,0.0,1.0,0.0,0.0,0.00938,0.319149,0.041912,0.695626,0.003467,0.422915,0.414912,0.0
0.0,0.0,0.0,0.0,0.0,1.0,0.0,0.014336,0.765957,0.149664,0.680899,0.003467,0.422915,0.414912,1.0
0.0,0.0,0.0,0.0,0.0,0.0,1.0,0.899164,0.617021,0.05206,0.306754,0.003365,0.292336,0.708772,0.0
0.0,0.0,0.0,1.0,0.0,0.0,0.0,0.876244,0.042553,0.024919,0.244421,0.00097,0.363542,0.727632,0.0
0.0,0.0,0.0,0.0,1.0,0.0,0.0,0.894474,0.021277,0.060196,0.56501,0.003943,0.490419,0.542544,0.0
1.0,0.0,0.0,0.0,0.0,0.0,0.0,0.456794,0.978723,0.031074,0.388426,0.002096,0.379078,0.671053,1.0
0.0,0.0,0.0,0.0,0.0,0.0,1.0,0.455511,0.170213,0.032905,0.232669,0.002229,0.263594,0.78114,0.0
0.0,1.0,0.0,0.0,0.0,0.0,0.0,0.871731,0.744681,0.02606,0.446891,0.001668,0.432936,0.689035,0.0
0.0,0.0,0.0,0.0,0.0,0.0,1.0,0.898544,0.255319,0.044794,0.223445,0.002921,0.302952,0.69386,0.0
0.0,0.0,0.0,0.0,1.0,0.0,0.0,0.468962,0.574468,0.055542,0.503124,0.003787,0.591921,0.157895,1.0
0.0,0.0,0.0,0.0,0.0,0.0,1.0,0.872262,0.446809,0.034376,0.437221,0.002075,0.348524,0.828509,1.0
1.0,0.0,0.0,0.0,0.0,0.0,0.0,0.885049,0.553191,0.029242,0.321035,0.001903,0.283791,0.627632,0.0
0.0,1.0,0.0,0.0,0.0,0.0,0.0,0.008938,0.12766,0.075958,0.292026,0.003467,0.422915,0.414912,0.0
1.0,0.0,0.0,0.0,0.0,0.0,0.0,0.451263,0.617021,0.03966,0.364326,0.001828,0.238219,0.901754,1.0
0.0,0.0,0.0,0.0,0.0,1.0,0.0,0.013097,0.361702,0.049538,0.507289,0.003467,0.422915,0.414912,1.0
0.0,1.0,0.0,0.0,0.0,0.0,0.0,0.027388,0.0,0.062447,0.35778,0.003467,0.422915,0.414912,0.0
0.0,0.0,0.0,0.0,0.0,0.0,1.0,0.500111,1.0,0.057434,0.322523,0.00393,0.363283,0.232456,1.0
0.0,0.0,1.0,0.0,0.0,0.0,0.0,0.893766,0.851064,0.069593,0.707974,0.004684,0.574314,0.480263,1.0
0.0,1.0,0.0,0.0,0.0,0.0,0.0,0.442989,0.319149,0.060856,0.523505,0.003988,0.468669,0.533772,1.0
0.0,0.0,0.0,0.0,1.0,0.0,0.0,0.894164,0.148936,0.045214,0.312109,0.002894,0.436561,0.795614,0.0
0.0,0.0,0.0,0.0,1.0,0.0,0.0,0.455732,0.170213,0.029693,0.243529,0.001978,0.270326,0.864912,0.0
1.0,0.0,0.0,0.0,0.0,0.0,0.0,0.911508,0.319149,0.042542,0.294853,0.002547,0.208441,0.853509,0.0
0.0,0.0,1.0,0.0,0.0,0.0,0.0,0.009601,0.297872,0.041732,0.531241,0.003467,0.422915,0.414912,0.0
0.0,1.0,0.0,0.0,0.0,0.0,0.0,0.01323,0.191489,0.049538,0.210503,0.003467,0.422915,0.414912,1.0
0.0,0.0,0.0,0.0,0.0,0.0,1.0,0.460422,0.617021,0.027621,0.284885,0.001886,0.220352,0.605263,0.0
0.0,0.0,0.0,0.0,0.0,0.0,1.0,0.018672,0.723404,0.070163,0.331747,0.003467,0.422915,0.414912,1.0
0.0,0.0,0.0,0.0,0.0,0.0,1.0,0.880359,0.574468,0.041492,0.377566,0.002788,0.282496,0.448684,0.0
0.0,0.0,0.0,0.0,1.0,0.0,0.0,0.00969,0.382979,0.059025,0.703065,0.003467,0.422915,0.414912,0.0
0.0,0.0,0.0,0.0,0.0,0.0,1.0,0.438919,0.255319,0.045605,0.081821,0.003467,0.422915,0.414912,0.0
0.0,1.0,0.0,0.0,0.0,0.0,0.0,0.000929,0.468085,0.044134,0.546415,0.003467,0.422915,0.414912,0.0
0.0,0.0,0.0,0.0,0.0,0.0,1.0,0.005442,0.510638,0.074817,0.386938,0.003467,0.422915,0.414912,1.0
0.0,0.0,0.0,0.0,0.0,0.0,1.0,0.452148,0.680851,0.032815,0.465784,0.002254,0.263594,0.479825,0.0
0.0,0.0,0.0,0.0,1.0,0.0,0.0,0.911995,0.93617,0.063048,0.467272,0.004179,0.299845,0.626754,1.0
1.0,0.0,0.0,0.0,0.0,0.0,0.0,0.433432,0.87234,0.056083,0.399435,0.003467,0.422915,0.414912,0.0
1.0,0.0,0.0,0.0,0.0,0.0,0.0,0.47343,0.638298,0.028792,0.329961,0.001944,0.255049,0.638158,0.0
0.0,0.0,0.0,1.0,0.0,0.0,0.0,0.009336,0.680851,0.109493,0.543886,0.003467,0.422915,0.414912,1.0
0.0,1.0,0.0,0.0,0.0,0.0,0.0,0.018451,0.702128,0.056923,0.48319,0.003467,0.422915,0.414912,0.0
0.0,0.0,1.0,0.0,0.0,0.0,0.0,0.890359,0.489362,0.028942,0.695031,0.002038,0.661315,0.337719,0.0
0.0,0.0,0.0,0.0,1.0,0.0,0.0,0.434538,0.446809,0.045785,0.327581,0.003467,0.422915,0.414912,0.0
0.0,0.0,0.0,0.0,0.0,0.0,1.0,0.02699,0.106383,0.068512,0.075722,0.003467,0.422915,0.414912,0.0
0.0,0.0,0.0,0.0,0.0,1.0,0.0,0.89819,0.148936,0.03936,0.284885,0.002547,0.381926,0.732018,0.0
0.0,0.0,0.0,0.0,0.0,0.0,1.0,0.44321,0.553191,0.044914,0.394972,0.003033,0.323925,0.532456,0.0
0.0,0.0,0.0,0.0,1.0,0.0,0.0,0.903057,0.425532,0.123814,0.561291,0.008336,0.598654,0.428947,1.0
1.0,0.0,0.0,0.0,0.0,0.0,0.0,0.433432,0.978723,0.056083,0.417435,0.003467,0.422915,0.414912,0.0
0.0,1.0,0.0,0.0,0.0,0.0,0.0,0.469139,0.319149,0.049297,0.470098,0.003265,0.495857,0.432456,1.0
0.0,1.0,0.0,0.0,0.0,0.0,0.0,0.030795,0.021277,0.054792,0.294258,0.003467,0.422915,0.414912,0.0
0.0,0.0,0.0,0.0,0.0,0.0,1.0,0.876067,0.106383,0.022997,0.12288,0.000881,0.236665,0.747368,0.0
0.0,1.0,0.0,0.0,0.0,0.0,0.0,0.902925,0.106383,0.043533,0.173163,0.002862,0.295961,0.655702,0.0
0.0,0.0,0.0,1.0,0.0,0.0,0.0,0.456617,0.531915,0.032245,0.521125,0.002194,0.589332,0.449561,0.0
0.0,0.0,0.0,1.0,0.0,0.0,0.0,0.022875,0.595745,0.089888,0.474115,0.003467,0.422915,0.414912,1.0
0.0,1.0,0.0,0.0,0.0,0.0,0.0,0.443299,0.021277,0.044164,0.330408,0.002983,0.320818,0.507456,0.0
0.0,0.0,0.0,0.0,0.0,1.0,0.0,0.018627,0.489362,0.07902,0.406873,0.003467,0.422915,0.414912,1.0
0.0,0.0,1.0,0.0,0.0,0.0,0.0,0.906995,0.06383,0.038099,0.241892,0.002607,0.37131,0.325,0.0
0.0,0.0,0.0,0.0,0.0,0.0,1.0,0.000841,0.787234,0.122703,0.521571,0.003467,0.422915,0.414912,1.0
0.0,0.0,0.0,0.0,0.0,0.0,1.0,0.464758,0.765957,0.027891,0.402559,0.00187,0.272657,0.564035,1.0
0.0,0.0,0.0,0.0,0.0,1.0,0.0,0.884651,0.212766,0.028882,0.200982,0.001838,0.31072,0.782456,1.0
0.0,0.0,1.0,0.0,0.0,0.0,0.0,0.022521,0.829787,0.074186,0.461916,0.003467,0.422915,0.414912,0.0
0.0,1.0,0.0,0.0,0.0,0.0,0.0,0.008938,0.234043,0.07869,0.309283,0.003467,0.422915,0.414912,0.0
1.0,0.0,0.0,0.0,0.0,0.0,0.0,0.004867,0.765957,0.149664,0.768968,0.003467,0.422915,0.414912,1.0
0.0,0.0,0.0,0.0,0.0,1.0,0.0,0.464714,0.574468,0.048127,0.45418,0.003344,0.492491,0.259649,1.0
0.0,0.0,0.0,0.0,0.0,0.0,1.0,0.46905,0.553191,0.041281,0.34216,0.002725,0.261005,0.572807,1.0
0.0,1.0,0.0,0.0,0.0,0.0,0.0,0.881377,0.617021,0.029062,0.458197,0.002029,0.538063,0.331579,0.0
0.0,0.0,0.0,0.0,1.0,0.0,0.0,0.45206,0.595745,0.033115,0.513389,0.002227,0.570689,0.44386,0.0
0.0,0.0,0.0,0.0,1.0,0.0,0.0,0.469891,0.723404,0.046595,0.706784,0.003238,0.525375,0.292982,0.0
0.0,0.0,0.0,0.0,1.0,0.0,0.0,0.000442,0.446809,0.149634,0.545076,0.003467,0.422915,0.414912,1.0
0.0,0.0,0.0,0.0,1.0,0.0,0.0,0.473298,0.382979,0.028432,0.561738,0.001894,0.493268,0.416667,1.0
1.0,0.0,0.0,0.0,0.0,0.0,0.0,0.026724,0.702128,0.05221,0.44704,0.003467,0.422915,0.414912,0.0
0.0,0.0,1.0,0.0,0.0,0.0,0.0,0.885448,0.0,0.073556,0.476793,0.004377,0.402123,0.706579,1.0
1.0,0.0,0.0,0.0,0.0,0.0,0.0,0.460776,0.234043,0.027021,0.10235,0.001857,0.09943,0.402632,0.0
0.0,0.0,0.0,0.0,0.0,1.0,0.0,0.000487,0.765957,0.108262,0.53734,0.003467,0.422915,0.414912,1.0
1.0,0.0,0.0,0.0,0.0,0.0,0.0,0.446927,0.723404,0.043623,0.50848,0.002952,0.370016,0.511404,1.0
0.0,0.0,0.0,0.0,0.0,0.0,1.0,0.893943,0.829787,0.086826,0.666171,0.003635,0.50492,0.698246,1.0
0.0,1.0,0.0,0.0,0.0,0.0,0.0,0.898633,0.404255,0.139156,0.709461,0.009408,0.668048,0.34693,1.0
0.0,0.0,0.0,1.0,0.0,0.0,0.0,0.889784,0.106383,0.060016,0.373252,0.003951,0.450544,0.607456,1.0
0.0,0.0,0.0,0.0,1.0,0.0,0.0,0.026592,0.829787,0.083614,0.383517,0.003467,0.422915,0.414912,0.0
0.0,0.0,0.0,0.0,1.0,0.0,0.0,0.871864,0.851064,0.030683,0.567242,0.002027,0.453651,0.625,0.0
0.0,0.0,0.0,0.0,0.0,1.0,0.0,0.871908,0.170213,0.035487,0.223148,0.002324,0.262817,0.758333,0.0
0.0,0.0,1.0,0.0,0.0,0.0,0.0,0.455644,0.574468,0.037559,0.559506,0.002601,0.583635,0.448684,0.0
1.0,0.0,0.0,0.0,0.0,0.0,0.0,0.438343,0.531915,0.088027,0.512496,0.003467,0.422915,0.414912,1.0
0.0,0.0,0.0,0.0,0.0,1.0,0.0,0.908057,0.425532,0.054341,0.541059,0.003673,0.563439,0.377193,0.0
0.0,1.0,0.0,0.0,0.0,0.0,0.0,0.46113,0.12766,0.027021,0.143112,0.001822,0.246245,0.517982,0.0
0.0,0.0,0.0,0.0,0.0,1.0,0.0,0.908057,0.234043,0.094061,0.408212,0.006188,0.429052,0.589912,1.0
0.0,0.0,1.0,0.0,0.0,0.0,0.0,0.455953,0.06383,0.037438,0.454627,0.002601,0.47566,0.476754,0.0
1.0,0.0,0.0,0.0,0.0,0.0,0.0,0.906907,0.468085,0.030623,0.311812,0.00204,0.223459,0.567544,0.0
0.0,0.0,0.0,0.0,0.0,1.0,0.0,0.031901,0.87234,0.058424,0.236983,0.003467,0.422915,0.414912,0.0
0.0,0.0,0.0,1.0,0.0,0.0,0.0,0.00438,1.0,0.045515,0.524249,0.003467,0.422915,0.414912,0.0
1.0,0.0,0.0,0.0,0.0,0.0,0.0,0.446927,0.765957,0.051039,0.607855,0.003535,0.447954,0.526316,1.0
0.0,0.0,0.0,1.0,0.0,0.0,0.0,0.434494,0.06383,0.045605,0.21199,0.003467,0.422915,0.414912,0.0
0.0,0.0,0.0,1.0,0.0,0.0,0.0,0.87151,0.829787,0.028522,0.571556,0.001826,0.482651,0.807895,0.0
0.0,0.0,0.0,0.0,0.0,0.0,1.0,0.424671,0.382979,0.074817,0.296489,0.003467,0.422915,0.414912,1.0
0.0,1.0,0.0,0.0,0.0,0.0,0.0,0.893722,0.361702,0.029933,0.608301,0.002009,0.605645,0.234649,0.0
0.0,0.0,0.0,0.0,0.0,1.0,0.0,0.008805,0.276596,0.041582,0.228206,0.003467,0.422915,0.414912,0.0
0.0,0.0,1.0,0.0,0.0,0.0,0.0,0.469802,0.510638,0.329771,0.674055,0.189294,0.728897,0.326754,1.0
0.0,0.0,1.0,0.0,0.0,0.0,0.0,0.455644,0.87234,0.064159,0.703957,0.004387,0.537027,0.569298,1.0
0.0,1.0,0.0,0.0,0.0,0.0,0.0,0.456528,0.340426,0.047616,0.666915,0.003132,0.658208,0.496491,1.0
0.0,0.0,1.0,0.0,0.0,0.0,0.0,0.912216,0.297872,0.05296,0.485421,0.003641,0.562662,0.305263,0.0
1.0,0.0,0.0,0.0,0.0,0.0,0.0,0.005177,0.510638,0.079711,0.540762,0.003467,0.422915,0.414912,1.0
0.0,0.0,0.0,0.0,0.0,0.0,1.0,0.474315,0.957447,0.025639,0.236983,0.001703,0.154324,0.810526,0.0
0.0,1.0,0.0,0.0,0.0,0.0,0.0,0.876156,0.021277,0.023148,0.19518,0.000841,0.216468,0.856579,0.0
0.0,0.0,0.0,0.0,1.0,0.0,0.0,0.02199,0.021277,0.057464,0.402261,0.003467,0.422915,0.414912,1.0
0.0,0.0,0.0,0.0,0.0,1.0,0.0,0.455776,0.978723,0.090098,0.619161,0.006385,0.503625,0.205702,1.0
1.0,0.0,0.0,0.0,0.0,0.0,0.0,0.880404,0.212766,0.024138,0.098036,0.001545,0.133092,0.814474,0.0
1.0,0.0,0.0,0.0,0.0,0.0,0.0,0.460157,0.255319,0.021166,0.132104,0.001408,0.105386,0.730263,0.0
0.0,0.0,0.0,0.0,0.0,1.0,0.0,0.018008,0.893617,0.069713,0.358227,0.003467,0.422915,0.414912,0.0
0.0,0.0,1.0,0.0,0.0,0.0,0.0,0.429406,0.382979,0.084544,0.549093,0.003467,0.422915,0.414912,1.0
0.0,0.0,0.0,0.0,1.0,0.0,0.0,0.871864,0.489362,0.036808,0.691015,0.00241,0.709477,0.321491,1.0
1.0,0.0,0.0,0.0,0.0,0.0,0.0,0.868015,1.0,0.028522,0.216305,0.000837,0.263076,0.770614,0.0
0.0,0.0,0.0,0.0,1.0,0.0,0.0,0.446794,0.851064,0.044464,0.6205,0.003054,0.484464,0.575877,0.0
0.0,1.0,0.0,0.0,0.0,0.0,0.0,0.021857,0.297872,0.056263,0.375781,0.003467,0.422915,0.414912,0.0
0.0,0.0,0.0,1.0,0.0,0.0,0.0,0.438476,0.93617,0.053951,0.409402,0.003467,0.422915,0.414912,0.0
1.0,0.0,0.0,0.0,0.0,0.0,0.0,0.871997,0.042553,0.027981,0.192651,0.001111,0.316157,0.776316,0.0
0.0,0.0,0.0,0.0,1.0,0.0,0.0,0.899075,0.148936,0.044314,0.252901,0.002923,0.352408,0.569737,0.0
0.0,0.0,0.0,0.0,0.0,1.0,0.0,0.464404,0.638298,0.06515,0.448527,0.004481,0.447954,0.331579,1.0
1.0,0.0,0.0,0.0,0.0,0.0,0.0,0.425335,0.489362,0.093821,0.576763,0.003467,0.422915,0.414912,1.0
0.0,0.0,0.0,1.0,0.0,0.0,0.0,0.469227,0.06383,0.031584,0.20961,0.00209,0.321077,0.539035,0.0
0.0,0.0,0.0,0.0,1.0,0.0,0.0,0.911995,0.085106,0.043593,0.214817,0.002929,0.360694,0.525,0.0
1.0,0.0,0.0,0.0,0.0,0.0,0.0,0.880713,0.191489,0.02678,0.057572,0.00171,0.13361,0.851754,0.0
0.0,0.0,0.0,0.0,1.0,0.0,0.0,0.429804,0.446809,0.07956,0.63493,0.003467,0.422915,0.414912,1.0
0.0,0.0,0.0,0.0,0.0,0.0,1.0,0.013141,0.170213,0.040801,0.099226,0.003467,0.422915,0.414912,0.0
0.0,1.0,0.0,0.0,0.0,0.0,0.0,0.902615,0.234043,0.059835,0.252752,0.003955,0.272139,0.651754,0.0
0.0,0.0,0.0,0.0,1.0,0.0,0.0,0.468962,0.851064,0.028732,0.40003,0.001953,0.384257,0.392544,0.0
0.0,0.0,0.0,1.0,0.0,0.0,0.0,0.425778,0.085106,0.056923,0.169592,0.003467,0.422915,0.414912,0.0
1.0,0.0,0.0,0.0,0.0,0.0,0.0,0.90288,0.425532,0.049327,0.389319,0.002995,0.272657,0.808333,0.0
0.0,0.0,0.0,1.0,0.0,0.0,0.0,0.44706,0.829787,0.05299,0.747099,0.003691,0.566546,0.438596,0.0
0.0,1.0,0.0,0.0,0.0,0.0,0.0,0.021857,0.723404,0.074517,0.454032,0.003467,0.422915,0.414912,0.0
0.0,0.0,0.0,1.0,0.0,0.0,0.0,0.880536,0.787234,0.038369,0.620202,0.002557,0.562144,0.492982,0.0
0.0,0.0,0.0,0.0,0.0,1.0,0.0,0.433653,0.12766,0.041431,0.114103,0.003467,0.422915,0.414912,0.0
0.0,0.0,0.0,0.0,1.0,0.0,0.0,0.02261,0.765957,0.082323,0.45537,0.003467,0.422915,0.414912,1.0
0.0,0.0,0.0,0.0,1.0,0.0,0.0,0.88151,0.148936,0.028762,0.175692,0.001635,0.298291,0.741667,1.0
0.0,0.0,0.0,0.0,1.0,0.0,0.0,0.442503,1.0,0.069713,0.491223,0.004832,0.469705,0.500526,0.0
0.0,1.0,0.0,0.0,0.0,0.0,0.0,0.876466,0.702128,0.028702,0.552514,0.001818,0.518643,0.645175,0.0
0.0,0.0,0.0,0.0,0.0,1.0,0.0,0.880581,1.0,0.081692,0.472181,0.005717,0.478509,0.339912,1.0
0.0,0.0,1.0,0.0,0.0,0.0,0.0,0.429406,0.617021,0.070704,0.525141,0.003467,0.422915,0.414912,1.0
0.0,0.0,0.0,0.0,1.0,0.0,0.0,0.433609,0.06383,0.043053,0.180006,0.003467,0.422915,0.414912,0.0
0.0,0.0,1.0,0.0,0.0,0.0,0.0,0.008982,0.680851,0.134682,0.612318,0.003467,0.422915,0.414912,1.0
0.0,0.0,1.0,0.0,0.0,0.0,0.0,0.451042,0.680851,0.042002,0.639988,0.002798,0.57768,0.39386,0.0
0.0,0.0,1.0,0.0,0.0,0.0,0.0,0.452281,0.617021,0.033055,0.540018,0.00221,0.605386,0.548684,0.0
0.0,0.0,1.0,0.0,0.0,0.0,0.0,0.469183,0.425532,0.071815,0.576019,0.004693,0.516054,0.559649,1.0
0.0,0.0,0.0,0.0,0.0,1.0,0.0,0.451175,0.468085,0.046926,0.635525,0.00312,0.603055,0.416228,1.0
1.0,0.0,0.0,0.0,0.0,0.0,0.0,0.885359,0.617021,0.054852,0.321184,0.002009,0.246763,0.690789,0.0
0.0,0.0,1.0,0.0,0.0,0.0,0.0,0.443343,1.0,0.042272,0.482148,0.00284,0.450285,0.604386,0.0
0.0,0.0,0.0,0.0,1.0,0.0,0.0,0.880271,0.744681,0.040981,0.548944,0.002896,0.484723,0.221053,1.0
0.0,0.0,0.0,0.0,1.0,0.0,0.0,0.442503,0.595745,0.077069,0.466528,0.00532,0.570689,0.500526,1.0
0.0,0.0,0.0,0.0,1.0,0.0,0.0,0.473298,0.06383,0.024889,0.205891,0.001687,0.310461,0.525439,0.0
0.0,0.0,0.0,1.0,0.0,0.0,0.0,0.902703,0.87234,0.055392,0.519935,0.003716,0.541947,0.454825,0.0
0.0,1.0,0.0,0.0,0.0,0.0,0.0,0.425689,0.765957,0.076498,0.421601,0.003467,0.422915,0.414912,1.0
1.0,0.0,0.0,0.0,0.0,0.0,0.0,0.871997,0.893617,0.055212,0.424278,0.001695,0.254531,0.851316,1.0
1.0,0.0,0.0,0.0,0.0,0.0,0.0,0.871997,0.234043,0.024829,0.142815,0.000841,0.158467,0.798246,0.0
0.0,1.0,0.0,0.0,0.0,0.0,0.0,0.01323,0.340426,0.07953,0.648319,0.003467,0.422915,0.414912,1.0
0.0,0.0,0.0,0.0,0.0,0.0,1.0,0.889607,0.212766,0.028942,0.181345,0.001861,0.27421,0.772807,0.0
1.0,0.0,0.0,0.0,0.0,0.0,0.0,0.867705,0.06383,0.028312,0.136418,0.001365,0.296737,0.779825,0.0
0.0,0.0,0.0,0.0,0.0,0.0,1.0,0.907792,0.212766,0.02594,0.120946,0.001685,0.174003,0.754386,0.0
1.0,0.0,0.0,0.0,0.0,0.0,0.0,0.433742,0.446809,0.07866,0.533175,0.003467,0.422915,0.414912,1.0
1.0,0.0,0.0,0.0,0.0,0.0,0.0,0.47343,0.829787,0.035937,0.383071,0.001818,0.300363,0.68114,1.0
0.0,0.0,0.0,0.0,0.0,0.0,1.0,0.460112,0.595745,0.02666,0.369979,0.001774,0.234076,0.621053,0.0
0.0,1.0,0.0,0.0,0.0,0.0,0.0,0.442989,0.680851,0.055872,0.564862,0.003752,0.464008,0.595614,1.0
0.0,0.0,0.0,1.0,0.0,0.0,0.0,0.907969,0.574468,0.042002,0.464594,0.003295,0.562144,0.32807,0.0
1.0,0.0,0.0,0.0,0.0,0.0,0.0,0.880404,0.340426,0.030053,0.269563,0.001699,0.170896,0.80307,0.0
0.0,0.0,0.0,0.0,0.0,0.0,1.0,0.907792,0.106383,0.042542,0.211098,0.002829,0.301139,0.583333,0.0
0.0,1.0,0.0,0.0,0.0,0.0,0.0,0.881067,0.0,0.029002,0.289051,0.001026,0.304764,0.853509,1.0
0.0,0.0,0.0,0.0,0.0,0.0,1.0,0.026371,0.170213,0.06563,0.057423,0.003467,0.422915,0.414912,0.0
0.0,0.0,0.0,0.0,0.0,1.0,0.0,0.465333,0.553191,0.068512,0.526629,0.004686,0.540135,0.299123,1.0
0.0,0.0,0.0,0.0,0.0,1.0,0.0,0.428919,0.170213,0.055242,0.114252,0.003467,0.422915,0.414912,0.0
0.0,0.0,0.0,0.0,1.0,0.0,0.0,0.00969,0.446809,0.092861,0.675989,0.003467,0.422915,0.414912,1.0
0.0,1.0,0.0,0.0,0.0,0.0,0.0,0.013849,0.851064,0.101897,0.722107,0.003467,0.422915,0.414912,1.0
0.0,0.0,1.0,0.0,0.0,0.0,0.0,0.009292,0.212766,0.069173,0.293216,0.003467,0.422915,0.414912,0.0
0.0,1.0,0.0,0.0,0.0,0.0,0.0,0.008628,0.468085,0.057764,0.583309,0.003467,0.422915,0.414912,0.0
0.0,0.0,0.0,0.0,0.0,1.0,0.0,0.495686,0.446809,0.067101,0.506248,0.004626,0.486018,0.298684,1.0
0.0,1.0,0.0,0.0,0.0,0.0,0.0,0.000619,0.0,0.121652,0.472032,0.003467,0.422915,0.414912,1.0
1.0,0.0,0.0,0.0,0.0,0.0,0.0,0.000265,0.191489,0.046806,0.110533,0.003467,0.422915,0.414912,0.0
0.0,0.0,0.0,0.0,0.0,1.0,0.0,0.443476,0.978723,0.045485,0.567986,0.003085,0.509322,0.439912,0.0
0.0,1.0,0.0,0.0,0.0,0.0,0.0,0.880404,0.510638,0.027471,0.548051,0.001901,0.552822,0.45,0.0
0.0,0.0,0.0,0.0,0.0,1.0,0.0,0.013097,0.404255,0.041732,0.533175,0.003467,0.422915,0.414912,0.0
0.0,0.0,0.0,0.0,0.0,0.0,1.0,0.889607,0.531915,0.091299,0.435436,0.003704,0.375453,0.659649,1.0
0.0,0.0,0.0,0.0,0.0,0.0,1.0,0.906863,0.957447,0.041702,0.334871,0.0028,0.258415,0.506579,0.0
0.0,0.0,0.0,0.0,0.0,0.0,1.0,0.02668,0.723404,0.059865,0.293514,0.003467,0.422915,0.414912,1.0
0.0,0.0,1.0,0.0,0.0,0.0,0.0,0.027432,0.234043,0.074517,0.37474,0.003467,0.422915,0.414912,0.0
0.0,0.0,1.0,0.0,0.0,0.0,0.0,0.009292,0.553191,0.110124,0.628384,0.003467,0.422915,0.414912,1.0
0.0,0.0,0.0,1.0,0.0,0.0,0.0,0.013628,0.361702,0.041431,0.548646,0.003467,0.422915,0.414912,0.0
0.0,0.0,0.0,0.0,0.0,1.0,0.0,0.915756,0.255319,0.068992,0.441386,0.004653,0.515018,0.312719,0.0
1.0,0.0,0.0,0.0,0.0,0.0,0.0,0.429627,0.723404,0.083794,0.559952,0.003467,0.422915,0.414912,1.0
0.0,0.0,0.0,1.0,0.0,0.0,0.0,0.438166,0.957447,0.059475,0.43737,0.003467,0.422915,0.414912,0.0
0.0,0.0,0.0,0.0,1.0,0.0,0.0,0.014291,0.914894,0.045485,0.523207,0.003467,0.422915,0.414912,0.0
0.0,0.0,1.0,0.0,0.0,0.0,0.0,0.468873,0.553191,0.029362,0.474115,0.001959,0.167789,0.675,0.0
0.0,0.0,1.0,0.0,0.0,0.0,0.0,0.903588,0.212766,0.040951,0.18194,0.002659,0.117297,0.781579,0.0
0.0,0.0,0.0,0.0,0.0,1.0,0.0,0.876333,0.12766,0.023868,0.168551,0.000831,0.294666,0.753947,0.0
1.0,0.0,0.0,0.0,0.0,0.0,0.0,0.912438,0.042553,0.041101,0.17108,0.002744,0.36406,0.480263,0.0
0.0,0.0,1.0,0.0,0.0,0.0,0.0,0.451661,0.851064,0.044554,0.741148,0.002989,0.617556,0.561842,1.0
0.0,1.0,0.0,0.0,0.0,0.0,0.0,0.912172,0.06383,0.043053,0.166171,0.002894,0.35448,0.497368,1.0
0.0,1.0,0.0,0.0,0.0,0.0,0.0,0.473475,0.489362,0.027921,0.583904,0.001857,0.540135,0.445614,0.0
0.0,0.0,0.0,0.0,0.0,1.0,0.0,0.881244,0.765957,0.029602,0.555787,0.002002,0.566287,0.470175,0.0
0.0,0.0,0.0,1.0,0.0,0.0,0.0,0.001018,0.574468,0.043983,0.482446,0.003467,0.422915,0.414912,0.0
0.0,0.0,0.0,1.0,0.0,0.0,0.0,0.42976,0.702128,0.075597,0.642963,0.003467,0.422915,0.414912,1.0
1.0,0.0,0.0,0.0,0.0,0.0,0.0,0.898898,0.297872,0.029272,0.211395,0.001894,0.180218,0.771491,0.0
0.0,0.0,0.0,0.0,0.0,1.0,0.0,0.464714,0.851064,0.028432,0.383963,0.001953,0.396945,0.400877,0.0
1.0,0.0,0.0,0.0,0.0,0.0,0.0,0.885978,0.957447,0.028582,0.390955,0.001809,0.317452,0.799561,0.0
0.0,0.0,0.0,0.0,1.0,0.0,0.0,0.460953,0.021277,0.034136,0.508926,0.002335,0.358622,0.552193,0.0
0.0,1.0,0.0,0.0,0.0,0.0,0.0,0.00031,0.382979,0.179596,0.558762,0.003467,0.422915,0.414912,1.0
0.0,0.0,0.0,0.0,0.0,1.0,0.0,0.442281,0.574468,0.059565,0.359566,0.003467,0.422915,0.414912,1.0
0.0,1.0,0.0,0.0,0.0,0.0,0.0,0.022477,0.085106,0.040351,0.249331,0.003467,0.422915,0.414912,0.0
0.0,0.0,0.0,0.0,0.0,0.0,1.0,0.425601,0.851064,0.057344,0.284885,0.003467,0.422915,0.414912,0.0
0.0,0.0,0.0,0.0,1.0,0.0,0.0,0.460334,0.765957,0.311577,0.626748,0.021321,0.639565,0.173246,1.0
0.0,1.0,0.0,0.0,0.0,0.0,0.0,1.0,0.234043,0.050228,0.256769,0.003313,0.3058,0.569737,0.0
0.0,1.0,0.0,0.0,0.0,0.0,0.0,0.912172,0.191489,0.057073,0.213181,0.003806,0.24262,0.52807,1.0
0.0,0.0,0.0,0.0,0.0,1.0,0.0,0.009424,0.06383,0.041612,0.410592,0.003467,0.422915,0.414912,0.0
0.0,0.0,0.0,0.0,0.0,1.0,0.0,0.433963,0.93617,0.048697,0.317316,0.003467,0.422915,0.414912,1.0
1.0,0.0,0.0,0.0,0.0,0.0,0.0,0.468785,0.06383,0.027081,0.11931,0.001789,0.263594,0.513596,0.0
0.0,1.0,0.0,0.0,0.0,0.0,0.0,0.473784,0.595745,0.030023,0.623773,0.00199,0.524599,0.585526,0.0
0.0,0.0,0.0,0.0,1.0,0.0,0.0,0.907703,0.234043,0.043473,0.250669,0.002879,0.286639,0.601754,0.0
0.0,0.0,0.0,0.0,0.0,0.0,1.0,0.429583,0.319149,0.081122,0.269711,0.003467,0.422915,0.414912,1.0
0.0,0.0,1.0,0.0,0.0,0.0,0.0,0.465201,0.297872,0.05212,0.415948,0.0036,0.422838,0.256579,1.0
0.0,0.0,0.0,0.0,0.0,0.0,1.0,0.460732,0.446809,0.043563,0.468908,0.003012,0.291818,0.322807,0.0
0.0,0.0,0.0,0.0,1.0,0.0,0.0,0.46436,0.914894,0.027021,0.336953,0.001838,0.358105,0.323684,0.0
0.0,0.0,0.0,1.0,0.0,0.0,0.0,0.460289,0.744681,0.07914,0.581226,0.005411,0.602796,0.278947,1.0
0.0,0.0,0.0,1.0,0.0,0.0,0.0,0.473253,0.042553,0.033596,0.251265,0.002314,0.320559,0.404825,0.0
0.0,1.0,0.0,0.0,0.0,0.0,0.0,0.46082,0.06383,0.030083,0.232966,0.002079,0.31072,0.283772,0.0
0.0,1.0,0.0,0.0,0.0,0.0,0.0,0.451927,0.382979,0.044314,0.773579,0.002854,0.656655,0.610526,0.0
0.0,1.0,0.0,0.0,0.0,0.0,0.0,0.875846,0.340426,0.038549,0.571556,0.002572,0.530036,0.627632,1.0
0.0,0.0,1.0,0.0,0.0,0.0,0.0,0.009292,0.361702,0.096824,0.759149,0.003467,0.422915,0.414912,0.0
0.0,0.0,0.0,0.0,0.0,1.0,0.0,0.438565,0.212766,0.051099,0.131657,0.003467,0.422915,0.414912,0.0
0.0,0.0,0.0,0.0,1.0,0.0,0.0,0.894783,0.12766,0.080401,0.360607,0.005164,0.457276,0.708333,0.0
0.0,1.0,0.0,0.0,0.0,0.0,0.0,0.902925,0.404255,0.130779,0.558911,0.008851,0.595287,0.446491,1.0
0.0,0.0,0.0,1.0,0.0,0.0,0.0,0.013318,0.851064,0.11889,0.755132,0.003467,0.422915,0.414912,1.0
1.0,0.0,0.0,0.0,0.0,0.0,0.0,0.468785,0.12766,0.02636,0.065903,0.001737,0.150181,0.559649,0.0
0.0,0.0,0.0,0.0,0.0,1.0,0.0,0.429229,0.021277,0.056593,0.299464,0.003467,0.422915,0.414912,0.0
1.0,0.0,0.0,0.0,0.0,0.0,0.0,0.000885,0.851064,0.190165,0.582118,0.003467,0.422915,0.414912,1.0
0.0,0.0,0.0,1.0,0.0,0.0,0.0,0.00469,0.893617,0.152756,0.609194,0.003467,0.422915,0.414912,1.0
0.0,0.0,0.0,0.0,1.0,0.0,0.0,0.446794,0.787234,0.073346,0.690866,0.004882,0.571466,0.547368,1.0
0.0,0.0,0.0,0.0,0.0,1.0,0.0,0.907438,0.531915,0.089138,0.496281,0.006022,0.516054,0.417544,1.0
0.0,0.0,1.0,0.0,0.0,0.0,0.0,0.447016,0.361702,0.062838,0.687891,0.004466,0.605386,0.335526,1.0
0.0,0.0,0.0,0.0,1.0,0.0,0.0,0.871554,0.340426,0.035877,0.648021,0.002331,0.596064,0.613596,0.0
0.0,1.0,0.0,0.0,0.0,0.0,0.0,0.885403,0.553191,0.031194,0.559804,0.002133,0.531331,0.424123,0.0
0.0,0.0,0.0,0.0,0.0,0.0,1.0,0.434317,0.510638,0.056023,0.31568,0.003467,0.422915,0.414912,1.0
0.0,0.0,0.0,0.0,0.0,1.0,0.0,0.442547,0.723404,0.093971,0.599821,0.006506,0.547903,0.500526,1.0
0.0,0.0,0.0,0.0,0.0,0.0,1.0,0.44352,0.574468,0.045394,0.422196,0.003047,0.359917,0.591228,0.0
0.0,1.0,0.0,0.0,0.0,0.0,0.0,0.032034,0.297872,0.063408,0.234305,0.003467,0.422915,0.414912,0.0
0.0,1.0,0.0,0.0,0.0,0.0,0.0,0.014159,0.021277,0.061217,0.497769,0.003467,0.422915,0.414912,0.0
0.0,0.0,0.0,1.0,0.0,0.0,0.0,0.889474,0.468085,0.031914,0.575722,0.002258,0.641378,0.212281,0.0
0.0,0.0,0.0,1.0,0.0,0.0,0.0,0.451086,0.06383,0.041191,0.4759,0.002727,0.499741,0.560526,0.0
0.0,1.0,0.0,0.0,0.0,0.0,0.0,0.456528,0.744681,0.054191,0.75424,0.00361,0.716727,0.475439,1.0
0.0,0.0,0.0,0.0,1.0,0.0,0.0,0.001062,0.489362,0.044134,0.518744,0.003467,0.422915,0.414912,0.0
0.0,0.0,0.0,1.0,0.0,0.0,0.0,0.451706,0.106383,0.040891,0.389021,0.001959,0.429052,0.59693,1.0
1.0,0.0,0.0,0.0,0.0,0.0,0.0,0.452192,0.0,0.033115,0.393335,0.002291,0.351631,0.408772,0.0
0.0,0.0,0.0,0.0,1.0,0.0,0.0,0.889208,0.234043,0.02576,0.268373,0.001691,0.31797,0.642544,0.0
0.0,1.0,0.0,0.0,0.0,0.0,0.0,1.0,0.574468,0.075027,0.487355,0.005019,0.549974,0.417982,1.0
0.0,0.0,0.0,1.0,0.0,0.0,0.0,0.867528,0.978723,0.036117,0.425915,0.001373,0.388918,0.773246,1.0
0.0,0.0,0.0,0.0,0.0,1.0,0.0,0.460997,0.191489,0.027021,0.197709,0.001799,0.202486,0.696491,0.0
0.0,0.0,1.0,0.0,0.0,0.0,0.0,0.898367,0.553191,0.055152,0.534811,0.003635,0.62144,0.411404,0.0
0.0,0.0,1.0,0.0,0.0,0.0,0.0,0.482412,0.12766,0.027531,0.182832,0.00187,0.230192,0.519298,0.0
0.0,0.0,0.0,0.0,1.0,0.0,0.0,0.027211,0.765957,0.106131,0.489438,0.003467,0.422915,0.414912,1.0
0.0,1.0,0.0,0.0,0.0,0.0,0.0,0.894031,0.404255,0.115948,0.760042,0.007756,0.74521,0.510965,1.0
0.0,0.0,0.0,1.0,0.0,0.0,0.0,0.442458,0.425532,0.058725,0.524398,0.004103,0.511393,0.500526,0.0
0.0,0.0,0.0,0.0,0.0,1.0,0.0,0.902792,0.12766,0.042692,0.221065,0.002786,0.320041,0.692105,0.0
0.0,0.0,0.0,0.0,0.0,1.0,0.0,0.460378,0.06383,0.042452,0.391996,0.002902,0.447954,0.35307,0.0
0.0,0.0,1.0,0.0,0.0,0.0,0.0,0.907305,0.617021,0.117179,0.488694,0.007808,0.66986,0.353947,1.0
0.0,0.0,0.0,1.0,0.0,0.0,0.0,0.027167,0.595745,0.074817,0.43856,0.003467,0.422915,0.414912,1.0
1.0,0.0,0.0,0.0,0.0,0.0,0.0,0.889961,0.595745,0.028942,0.420411,0.001849,0.339979,0.65,0.0
0.0,0.0,0.0,0.0,0.0,0.0,1.0,0.898544,0.702128,0.090459,0.535555,0.005465,0.359917,0.796053,1.0
0.0,1.0,0.0,0.0,0.0,0.0,0.0,0.004292,0.93617,0.046956,0.450759,0.003467,0.422915,0.414912,0.0
0.0,0.0,1.0,0.0,0.0,0.0,0.0,0.902659,0.446809,0.091149,0.549985,0.006093,0.599171,0.352632,1.0
0.0,0.0,0.0,0.0,0.0,0.0,1.0,0.867661,0.808511,0.03891,0.380244,0.00259,0.527706,0.457895,1.0
0.0,0.0,0.0,0.0,1.0,0.0,0.0,0.868192,0.808511,0.028161,0.499256,0.000841,0.369498,0.777193,0.0
0.0,1.0,0.0,0.0,0.0,0.0,0.0,0.009557,0.234043,0.059295,0.321035,0.003467,0.422915,0.414912,1.0
0.0,0.0,0.0,1.0,0.0,0.0,0.0,0.031813,0.468085,0.058394,0.243677,0.003467,0.422915,0.414912,0.0
0.0,0.0,0.0,0.0,0.0,1.0,0.0,0.464404,0.276596,0.037979,0.346772,0.002599,0.348265,0.334211,1.0
0.0,1.0,0.0,0.0,0.0,0.0,0.0,0.912172,0.297872,0.094992,0.476793,0.00668,0.551269,0.291228,1.0
0.0,0.0,0.0,0.0,1.0,0.0,0.0,0.013672,0.744681,0.041431,0.561291,0.003467,0.422915,0.414912,0.0
0.0,0.0,0.0,0.0,0.0,1.0,0.0,0.876023,0.404255,0.032935,0.55787,0.001867,0.537804,0.646491,1.0
0.0,1.0,0.0,0.0,0.0,0.0,0.0,0.455909,0.255319,0.035577,0.442725,0.002383,0.323666,0.619298,1.0
0.0,0.0,0.0,0.0,1.0,0.0,0.0,0.893854,0.851064,0.136123,0.821035,0.008961,0.684102,0.572368,1.0
0.0,0.0,0.0,0.0,0.0,1.0,0.0,0.446839,0.765957,0.043953,0.633145,0.003101,0.596323,0.325439,1.0
0.0,1.0,0.0,0.0,0.0,0.0,0.0,0.009247,0.12766,0.056443,0.330556,0.003467,0.422915,0.414912,0.0
1.0,0.0,0.0,0.0,0.0,0.0,0.0,0.868015,0.787234,0.028612,0.287414,0.000841,0.218799,0.858333,0.0
0.0,0.0,0.0,0.0,0.0,1.0,0.0,0.889253,0.87234,0.02672,0.495091,0.00184,0.443035,0.492105,0.0
0.0,0.0,1.0,0.0,0.0,0.0,0.0,0.867793,0.382979,0.033295,0.64698,0.00216,0.531331,0.566667,1.0
0.0,0.0,0.0,1.0,0.0,0.0,0.0,0.026547,0.914894,0.102888,0.422196,0.003467,0.422915,0.414912,1.0
0.0,0.0,0.0,0.0,1.0,0.0,0.0,0.460334,0.787234,0.307524,0.629128,0.021111,0.627136,0.176754,1.0
0.0,0.0,0.0,1.0,0.0,0.0,0.0,0.87151,1.0,0.030653,0.400774,0.001764,0.403418,0.828509,0.0
0.0,0.0,0.0,0.0,0.0,0.0,1.0,0.0273,0.978723,0.059265,0.297382,0.003467,0.422915,0.414912,0.0
0.0,1.0,0.0,0.0,0.0,0.0,0.0,0.032034,0.574468,0.063408,0.329664,0.003467,0.422915,0.414912,0.0
0.0,0.0,0.0,1.0,0.0,0.0,0.0,0.013008,0.0,0.092981,0.541506,0.003467,0.422915,0.414912,1.0
0.0,0.0,1.0,0.0,0.0,0.0,0.0,0.021902,0.0,0.056263,0.451503,0.003467,0.422915,0.414912,0.0
1.0,0.0,0.0,0.0,0.0,0.0,0.0,0.429317,0.446809,0.125465,0.697263,0.003467,0.422915,0.414912,1.0
0.0,0.0,0.0,0.0,1.0,0.0,0.0,0.876289,0.319149,0.029242,0.503422,0.001909,0.649146,0.408333,0.0
0.0,0.0,1.0,0.0,0.0,0.0,0.0,0.459935,0.829787,0.045485,0.578697,0.003168,0.516054,0.227193,0.0
0.0,1.0,0.0,0.0,0.0,0.0,0.0,0.009557,0.191489,0.041642,0.239215,0.003467,0.422915,0.414912,0.0
0.0,0.0,0.0,0.0,0.0,1.0,0.0,0.442857,0.957447,0.054371,0.528265,0.003716,0.356033,0.461842,0.0
0.0,1.0,0.0,0.0,0.0,0.0,0.0,0.876466,0.93617,0.02654,0.436775,0.000821,0.270844,0.664912,0.0
0.0,0.0,1.0,0.0,0.0,0.0,0.0,0.031769,0.106383,0.05302,0.058614,0.003467,0.422915,0.414912,0.0
0.0,0.0,1.0,0.0,0.0,0.0,0.0,0.915623,0.170213,0.042482,0.197263,0.002848,0.243397,0.535526,0.0
0.0,0.0,0.0,0.0,0.0,1.0,0.0,0.460997,0.659574,0.030023,0.429337,0.002059,0.397462,0.373684,0.0
0.0,0.0,0.0,0.0,1.0,0.0,0.0,0.000752,0.553191,0.044224,0.479768,0.003467,0.422915,0.414912,0.0
0.0,0.0,0.0,1.0,0.0,0.0,0.0,0.464316,0.170213,0.022547,0.167361,0.001502,0.230192,0.652193,0.0
0.0,0.0,1.0,0.0,0.0,0.0,0.0,0.872085,0.382979,0.024919,0.526927,0.001585,0.532626,0.666667,0.0
0.0,0.0,0.0,0.0,0.0,0.0,1.0,0.031326,0.021277,0.051909,0.173163,0.003467,0.422915,0.414912,0.0
0.0,0.0,0.0,0.0,0.0,0.0,1.0,0.01407,0.510638,0.040891,0.345879,0.003467,0.422915,0.414912,0.0
0.0,0.0,0.0,0.0,1.0,0.0,0.0,0.465289,0.425532,0.073466,0.52053,0.00505,0.49275,0.289035,1.0
0.0,1.0,0.0,0.0,0.0,0.0,0.0,0.894651,0.617021,0.087066,0.682237,0.005548,0.680994,0.596491,1.0
1.0,0.0,0.0,0.0,0.0,0.0,0.0,0.47405,0.680851,0.048697,0.508777,0.003236,0.399016,0.658772,1.0
0.0,0.0,0.0,0.0,1.0,0.0,0.0,0.026901,0.808511,0.101357,0.464743,0.003467,0.422915,0.414912,0.0
1.0,0.0,0.0,0.0,0.0,0.0,0.0,0.468785,0.744681,0.029032,0.312258,0.001897,0.193682,0.666667,1.0
0.0,0.0,0.0,1.0,0.0,0.0,0.0,0.021946,0.06383,0.046445,0.329366,0.003467,0.422915,0.414912,0.0
0.0,0.0,0.0,0.0,0.0,1.0,0.0,0.474271,0.531915,0.029512,0.347664,0.00124,0.101761,0.868421,1.0
0.0,0.0,0.0,1.0,0.0,0.0,0.0,0.430069,0.425532,0.07893,0.529604,0.003467,0.422915,0.414912,1.0
0.0,0.0,0.0,0.0,0.0,1.0,0.0,0.447148,0.851064,0.045545,0.606962,0.003201,0.525117,0.36886,0.0
0.0,0.0,0.0,0.0,1.0,0.0,0.0,0.469271,0.957447,0.045485,0.44823,0.002981,0.264371,0.627632,0.0
0.0,1.0,0.0,0.0,0.0,0.0,0.0,0.005221,0.425532,0.056323,0.634633,0.003467,0.422915,0.414912,0.0
1.0,0.0,0.0,0.0,0.0,0.0,0.0,0.9035,0.702128,0.030563,0.226718,0.001965,0.166235,0.748684,0.0
0.0,0.0,0.0,0.0,0.0,0.0,1.0,0.031326,0.404255,0.074817,0.314192,0.003467,0.422915,0.414912,1.0
0.0,0.0,0.0,0.0,1.0,0.0,0.0,0.898146,0.382979,0.099255,0.731627,0.006572,0.743915,0.491667,1.0
0.0,0.0,0.0,0.0,1.0,0.0,0.0,0.013982,0.574468,0.061066,0.528117,0.003467,0.422915,0.414912,0.0
0.0,0.0,0.0,0.0,0.0,0.0,1.0,0.884695,0.297872,0.029362,0.267926,0.000839,0.278612,0.647368,0.0
0.0,0.0,0.0,0.0,0.0,1.0,0.0,0.438255,0.446809,0.060166,0.423832,0.003467,0.422915,0.414912,0.0
0.0,1.0,0.0,0.0,0.0,0.0,0.0,0.433476,0.531915,0.089168,0.599375,0.003467,0.422915,0.414912,1.0
0.0,0.0,0.0,0.0,1.0,0.0,0.0,0.893677,0.617021,0.028942,0.467569,0.00205,0.605904,0.237719,0.0
0.0,0.0,1.0,0.0,0.0,0.0,0.0,0.013274,0.680851,0.082833,0.496132,0.003467,0.422915,0.414912,1.0
0.0,1.0,0.0,0.0,0.0,0.0,0.0,0.903544,0.297872,0.023838,0.388426,0.001585,0.29363,0.58114,0.0
1.0,0.0,0.0,0.0,0.0,0.0,0.0,0.906907,0.595745,0.027981,0.262273,0.001861,0.177369,0.617544,0.0
0.0,0.0,0.0,0.0,0.0,1.0,0.0,0.906818,0.021277,0.042993,0.382624,0.002941,0.283532,0.425877,0.0
0.0,0.0,0.0,0.0,0.0,0.0,1.0,0.447502,0.808511,0.044944,0.641029,0.003249,0.43941,0.31886,1.0
0.0,1.0,0.0,0.0,0.0,0.0,0.0,0.013539,0.765957,0.043203,0.649509,0.003467,0.422915,0.414912,0.0
0.0,0.0,1.0,0.0,0.0,0.0,0.0,0.977744,0.361702,0.091089,0.607111,0.006385,0.671155,0.22193,1.0
0.0,0.0,0.0,0.0,1.0,0.0,0.0,0.005354,0.382979,0.088297,0.676436,0.003467,0.422915,0.414912,1.0
0.0,0.0,0.0,0.0,1.0,0.0,0.0,0.027211,0.06383,0.051219,0.212437,0.003467,0.422915,0.414912,0.0
0.0,0.0,0.0,0.0,1.0,0.0,0.0,0.438211,0.531915,0.076468,0.50119,0.003467,0.422915,0.414912,1.0
1.0,0.0,0.0,0.0,0.0,0.0,0.0,0.447547,0.787234,0.05287,0.695626,0.00381,0.451838,0.351316,1.0
0.0,0.0,0.0,1.0,0.0,0.0,0.0,0.433875,0.808511,0.055062,0.456561,0.003467,0.422915,0.414912,1.0
0.0,0.0,0.0,1.0,0.0,0.0,0.0,0.456617,0.659574,0.031374,0.476049,0.00214,0.573537,0.497807,0.0
0.0,1.0,0.0,0.0,0.0,0.0,0.0,0.018141,0.765957,0.07932,0.558911,0.003467,0.422915,0.414912,1.0
0.0,1.0,0.0,0.0,0.0,0.0,0.0,0.013539,0.553191,0.103549,0.485421,0.003467,0.422915,0.414912,1.0
0.0,0.0,0.0,0.0,0.0,0.0,1.0,0.876687,0.191489,0.025369,0.161708,0.001606,0.229156,0.875439,0.0
0.0,0.0,0.0,0.0,0.0,0.0,1.0,0.013451,0.12766,0.062958,0.197858,0.003467,0.422915,0.414912,0.0
0.0,0.0,0.0,0.0,1.0,0.0,0.0,0.429804,0.276596,0.075087,0.50848,0.003467,0.422915,0.414912,1.0
0.0,0.0,1.0,0.0,0.0,0.0,0.0,0.022831,0.255319,0.084814,0.291729,0.003467,0.422915,0.414912,1.0
1.0,0.0,0.0,0.0,0.0,0.0,0.0,0.460157,0.702128,0.028312,0.30125,0.001888,0.230709,0.607018,1.0
0.0,1.0,0.0,0.0,0.0,0.0,0.0,0.871422,0.957447,0.02573,0.475007,0.001383,0.307095,0.792105,0.0
0.0,0.0,0.0,1.0,0.0,0.0,0.0,0.031193,0.446809,0.074817,0.510711,0.003467,0.422915,0.414912,1.0
0.0,0.0,0.0,1.0,0.0,0.0,0.0,0.437857,0.723404,0.045935,0.465189,0.003467,0.422915,0.414912,0.0
0.0,1.0,0.0,0.0,0.0,0.0,0.0,0.867749,0.680851,0.027771,0.567837,0.001743,0.550751,0.742105,0.0
0.0,0.0,0.0,0.0,0.0,1.0,0.0,0.89881,0.87234,0.049117,0.484975,0.003351,0.477214,0.427193,0.0
0.0,0.0,0.0,0.0,0.0,1.0,0.0,0.018008,0.574468,0.069713,0.319697,0.003467,0.422915,0.414912,0.0
0.0,0.0,1.0,0.0,0.0,0.0,0.0,0.465201,0.765957,0.067491,0.517406,0.004686,0.49508,0.252193,1.0
0.0,0.0,0.0,0.0,1.0,0.0,0.0,0.872174,0.914894,0.032935,0.473073,0.001973,0.344381,0.85614,0.0
0.0,1.0,0.0,0.0,0.0,0.0,0.0,0.889076,0.170213,0.027621,0.15055,0.001791,0.260228,0.775877,0.0
0.0,0.0,0.0,1.0,0.0,0.0,0.0,0.013628,0.659574,0.043503,0.461619,0.003467,0.422915,0.414912,0.0
1.0,0.0,0.0,0.0,0.0,0.0,0.0,0.443255,0.06383,0.049748,0.241148,0.003511,0.362506,0.445614,1.0
1.0,0.0,0.0,0.0,0.0,0.0,0.0,0.877041,0.170213,0.02663,0.088218,0.001759,0.125583,0.653509,0.0
0.0,0.0,0.0,0.0,0.0,0.0,1.0,0.893943,0.12766,0.048697,0.31925,0.003018,0.423615,0.772368,0.0
0.0,1.0,0.0,0.0,0.0,0.0,0.0,0.455909,0.06383,0.036358,0.333234,0.002486,0.389177,0.591667,1.0
0.0,0.0,0.0,0.0,1.0,0.0,0.0,0.911995,0.957447,0.071094,0.480809,0.004688,0.292336,0.619737,1.0
0.0,0.0,0.0,0.0,0.0,0.0,1.0,0.438919,0.191489,0.045304,0.050729,0.003467,0.422915,0.414912,0.0
0.0,0.0,0.0,1.0,0.0,0.0,0.0,0.465555,0.93617,0.029182,0.430527,0.001973,0.194459,0.714912,0.0
0.0,0.0,1.0,0.0,0.0,0.0,0.0,0.442724,0.0,0.087607,0.495686,0.005978,0.415588,0.52193,1.0
1.0,0.0,0.0,0.0,0.0,0.0,0.0,0.442945,0.489362,0.045935,0.391996,0.003041,0.224236,0.641228,0.0
0.0,0.0,1.0,0.0,0.0,0.0,0.0,0.447635,0.446809,0.064669,0.672121,0.004483,0.639306,0.403947,1.0
0.0,1.0,0.0,0.0,0.0,0.0,0.0,0.452237,0.595745,0.033265,0.519935,0.002235,0.550751,0.563158,0.0
0.0,1.0,0.0,0.0,0.0,0.0,0.0,0.429671,0.723404,0.084064,0.59759,0.003467,0.422915,0.414912,0.0
0.0,1.0,0.0,0.0,0.0,0.0,0.0,0.447591,0.021277,0.037619,0.357929,0.002457,0.344381,0.587719,0.0
0.0,0.0,0.0,1.0,0.0,0.0,0.0,0.889474,0.957447,0.032305,0.549985,0.002192,0.448731,0.474561,0.0
0.0,0.0,0.0,1.0,0.0,0.0,0.0,0.898412,0.93617,0.078089,0.558614,0.005185,0.47566,0.627193,1.0
1.0,0.0,0.0,0.0,0.0,0.0,0.0,0.881333,0.531915,0.029422,0.317911,0.00189,0.290523,0.64693,1.0
0.0,0.0,1.0,0.0,0.0,0.0,0.0,0.013274,0.06383,0.049538,0.417287,0.003467,0.422915,0.414912,0.0
0.0,0.0,0.0,1.0,0.0,0.0,0.0,0.460909,0.531915,0.133001,0.623624,0.009055,0.436561,0.475,1.0
0.0,0.0,0.0,0.0,0.0,0.0,1.0,0.447812,0.170213,0.004023,0.209164,0.000258,0.193423,0.5,0.0
0.0,0.0,0.0,0.0,1.0,0.0,0.0,0.46467,0.893617,0.034766,0.382773,0.00243,0.368462,0.288596,0.0
1.0,0.0,0.0,0.0,0.0,0.0,0.0,0.911508,0.808511,0.045004,0.403303,0.002889,0.334283,0.722368,1.0
0.0,0.0,0.0,1.0,0.0,0.0,0.0,0.44675,0.191489,0.016272,0.2169,0.001049,0.236924,0.741228,0.0
0.0,0.0,0.0,0.0,0.0,0.0,1.0,0.465378,0.361702,0.028221,0.393038,0.001897,0.300363,0.634211,0.0
0.0,0.0,0.0,0.0,0.0,1.0,0.0,0.000796,0.425532,0.156989,0.466528,0.003467,0.422915,0.414912,1.0
0.0,0.0,1.0,0.0,0.0,0.0,0.0,0.911287,0.787234,0.043023,0.455817,0.002742,0.269032,0.678509,0.0
0.0,0.0,0.0,0.0,1.0,0.0,0.0,0.469271,0.723404,0.049267,0.530646,0.003257,0.46116,0.410526,1.0
0.0,0.0,0.0,0.0,0.0,0.0,1.0,0.894252,0.0,0.072055,0.56992,0.004238,0.516313,0.592105,1.0
0.0,0.0,0.0,0.0,0.0,1.0,0.0,0.894828,0.255319,0.062808,0.50476,0.004092,0.486018,0.644737,0.0
0.0,0.0,1.0,0.0,0.0,0.0,0.0,0.000354,0.957447,0.13105,0.464296,0.003467,0.422915,0.414912,1.0
0.0,0.0,0.0,0.0,1.0,0.0,0.0,0.46467,0.787234,0.058244,0.525141,0.004086,0.466339,0.227193,1.0
0.0,0.0,1.0,0.0,0.0,0.0,0.0,0.031149,0.212766,0.093011,0.26867,0.003467,0.422915,0.414912,1.0
0.0,0.0,1.0,0.0,0.0,0.0,0.0,0.889739,0.425532,0.032575,0.65784,0.002273,0.688762,0.221053,0.0
0.0,0.0,0.0,0.0,0.0,1.0,0.0,0.009734,0.957447,0.041642,0.448676,0.003467,0.422915,0.414912,0.0
0.0,0.0,0.0,0.0,0.0,1.0,0.0,0.902792,0.425532,0.086796,0.570068,0.005656,0.571466,0.577632,1.0
0.0,0.0,0.0,0.0,0.0,0.0,1.0,0.890226,0.382979,0.753993,0.703213,0.001766,0.488348,0.414912,1.0
0.0,0.0,1.0,0.0,0.0,0.0,0.0,0.465201,0.468085,0.069923,0.490479,0.004842,0.519938,0.200877,1.0
0.0,0.0,0.0,0.0,1.0,0.0,0.0,0.027211,0.276596,0.106131,0.465933,0.003467,0.422915,0.414912,1.0
0.0,0.0,0.0,0.0,1.0,0.0,0.0,0.911376,0.978723,0.071394,0.456263,0.004659,0.437856,0.584649,1.0
0.0,1.0,0.0,0.0,0.0,0.0,0.0,0.473784,0.702128,0.028912,0.603689,0.001909,0.511911,0.602632,0.0
0.0,0.0,0.0,0.0,1.0,0.0,0.0,0.889208,0.680851,0.027741,0.523654,0.00193,0.508545,0.391667,0.0
0.0,0.0,0.0,1.0,0.0,0.0,0.0,0.451396,0.234043,0.033385,0.285927,0.00221,0.334024,0.790789,0.0
0.0,1.0,0.0,0.0,0.0,0.0,0.0,0.446971,0.787234,0.094182,0.689081,0.006437,0.43449,0.469737,1.0
0.0,0.0,1.0,0.0,0.0,0.0,0.0,0.459935,0.212766,0.029813,0.20842,0.002017,0.215173,0.599561,0.0
0.0,0.0,0.0,0.0,1.0,0.0,0.0,0.005354,0.680851,0.054612,0.504463,0.003467,0.422915,0.414912,0.0
0.0,0.0,1.0,0.0,0.0,0.0,0.0,0.43414,0.87234,0.056533,0.427105,0.003467,0.422915,0.414912,0.0
0.0,0.0,1.0,0.0,0.0,0.0,0.0,0.438122,0.255319,0.073076,0.311217,0.003467,0.422915,0.414912,1.0
0.0,0.0,0.0,0.0,0.0,0.0,1.0,0.460112,0.255319,0.028191,0.207974,0.00189,0.224495,0.592105,0.0
0.0,0.0,0.0,1.0,0.0,0.0,0.0,0.443387,0.446809,0.044944,0.52648,0.003066,0.536769,0.450439,0.0
1.0,0.0,0.0,0.0,0.0,0.0,0.0,0.468785,0.787234,0.029362,0.352127,0.001932,0.200155,0.589035,1.0
1.0,0.0,0.0,0.0,0.0,0.0,0.0,0.013805,0.404255,0.146691,0.735347,0.003467,0.422915,0.414912,1.0
0.0,0.0,0.0,0.0,1.0,0.0,0.0,0.0223,0.170213,0.059926,0.130913,0.003467,0.422915,0.414912,1.0
0.0,1.0,0.0,0.0,0.0,0.0,0.0,0.442989,0.404255,0.058665,0.623475,0.003938,0.516572,0.522368,1.0
0.0,0.0,1.0,0.0,0.0,0.0,0.0,0.004646,0.170213,0.076798,0.222404,0.003467,0.422915,0.414912,0.0
0.0,0.0,0.0,0.0,0.0,1.0,0.0,0.429539,0.553191,0.084034,0.40717,0.003467,0.422915,0.414912,1.0
0.0,1.0,0.0,0.0,0.0,0.0,0.0,0.425689,0.276596,0.089288,0.410146,0.003467,0.422915,0.414912,1.0
0.0,0.0,0.0,0.0,1.0,0.0,0.0,0.452369,0.170213,0.033025,0.27105,0.002233,0.288969,0.738158,0.0
1.0,0.0,0.0,0.0,0.0,0.0,0.0,0.898279,0.06383,0.051219,0.311217,0.003365,0.460383,0.547368,0.0
0.0,0.0,0.0,0.0,0.0,0.0,1.0,0.46936,0.446809,0.042632,0.398691,0.002825,0.312532,0.614474,0.0
1.0,0.0,0.0,0.0,0.0,0.0,0.0,0.447237,0.297872,0.037468,0.256323,0.000931,0.123511,0.765789,1.0
0.0,1.0,0.0,0.0,0.0,0.0,0.0,0.425379,0.531915,0.117389,0.647278,0.003467,0.422915,0.414912,1.0
0.0,1.0,0.0,0.0,0.0,0.0,0.0,0.889695,0.957447,0.029272,0.576317,0.001924,0.427758,0.517544,0.0
0.0,0.0,0.0,0.0,1.0,0.0,0.0,0.013982,0.446809,0.061066,0.606665,0.003467,0.422915,0.414912,0.0
0.0,0.0,0.0,1.0,0.0,0.0,0.0,0.464316,0.638298,0.028522,0.418774,0.001965,0.458053,0.342982,0.0
0.0,0.0,0.0,0.0,0.0,1.0,0.0,0.473961,0.574468,0.029422,0.638649,0.001944,0.449249,0.647807,0.0
0.0,0.0,0.0,0.0,1.0,0.0,0.0,0.442812,0.212766,0.035877,0.203362,0.002376,0.215691,0.685526,0.0
0.0,0.0,0.0,0.0,0.0,0.0,1.0,0.885005,0.617021,0.090249,0.369087,0.005874,0.312273,0.585965,1.0
0.0,0.0,1.0,0.0,0.0,0.0,0.0,0.018495,0.531915,0.048517,0.473669,0.003467,0.422915,0.414912,0.0
0.0,0.0,0.0,0.0,0.0,1.0,0.0,0.009115,0.106383,0.044554,0.338143,0.003467,0.422915,0.414912,0.0
0.0,1.0,0.0,0.0,0.0,0.0,0.0,0.451617,0.042553,0.041011,0.365665,0.002696,0.467633,0.678947,1.0
0.0,0.0,1.0,0.0,0.0,0.0,0.0,0.977744,0.276596,0.125285,0.520083,0.008378,0.506732,0.55307,1.0
0.0,1.0,0.0,0.0,0.0,0.0,0.0,0.90757,0.446809,0.089288,0.574085,0.005856,0.553599,0.456579,1.0
0.0,0.0,0.0,0.0,1.0,0.0,0.0,0.02199,0.361702,0.049928,0.468462,0.003467,0.422915,0.414912,0.0
0.0,0.0,0.0,0.0,1.0,0.0,0.0,0.893677,0.255319,0.047076,0.35064,0.003056,0.384775,0.630263,1.0
0.0,0.0,0.0,1.0,0.0,0.0,0.0,0.451706,0.148936,0.033445,0.29634,0.002113,0.349301,0.728509,0.0
0.0,0.0,0.0,0.0,0.0,1.0,0.0,0.465643,0.191489,0.02657,0.202916,0.001791,0.214656,0.578947,0.0
0.0,0.0,0.0,0.0,1.0,0.0,0.0,0.438211,0.702128,0.068782,0.459387,0.003467,0.422915,0.414912,0.0
0.0,1.0,0.0,0.0,0.0,0.0,0.0,0.868059,0.893617,0.035517,0.350937,0.002225,0.212325,0.817982,1.0
0.0,0.0,0.0,0.0,0.0,1.0,0.0,0.907128,0.680851,0.087426,0.4759,0.005841,0.57768,0.551316,0.0
0.0,0.0,1.0,0.0,0.0,0.0,0.0,0.894695,0.851064,0.099285,0.818953,0.00657,0.685396,0.45307,1.0
0.0,0.0,0.0,0.0,1.0,0.0,0.0,0.871864,0.510638,0.037679,0.705891,0.002482,0.726308,0.296491,1.0
1.0,0.0,0.0,0.0,0.0,0.0,0.0,0.434052,0.744681,0.049538,0.457453,0.003467,0.422915,0.414912,0.0
0.0,0.0,1.0,0.0,0.0,0.0,0.0,0.430025,0.085106,0.049838,0.171675,0.003467,0.422915,0.414912,0.0
0.0,0.0,0.0,0.0,0.0,1.0,0.0,0.017698,0.404255,0.077519,0.497322,0.003467,0.422915,0.414912,1.0
0.0,0.0,0.0,0.0,0.0,0.0,1.0,0.867661,0.93617,0.036808,0.37831,0.002389,0.354221,0.742544,0.0
0.0,0.0,1.0,0.0,0.0,0.0,0.0,0.903588,0.957447,0.043833,0.423683,0.002879,0.2768,0.610965,0.0
0.0,0.0,0.0,0.0,0.0,1.0,0.0,0.437945,0.404255,0.049868,0.422196,0.003467,0.422915,0.414912,0.0
0.0,0.0,0.0,1.0,0.0,0.0,0.0,0.871731,0.978723,0.075057,0.480065,0.005006,0.517607,0.533772,1.0
0.0,1.0,0.0,0.0,0.0,0.0,0.0,0.903544,0.787234,0.0789,0.56144,0.005322,0.510357,0.425877,1.0
0.0,0.0,0.0,1.0,0.0,0.0,0.0,0.455688,0.382979,0.048817,0.704255,0.003313,0.64086,0.519737,1.0
0.0,0.0,1.0,0.0,0.0,0.0,0.0,0.000354,0.319149,0.193287,0.525588,0.003467,0.422915,0.414912,1.0
1.0,0.0,0.0,0.0,0.0,0.0,0.0,0.911508,0.042553,0.043443,0.186254,0.002844,0.365355,0.557018,0.0
1.0,0.0,0.0,0.0,0.0,0.0,0.0,0.911508,0.340426,0.043113,0.346474,0.002613,0.235629,0.860526,0.0
0.0,0.0,0.0,1.0,0.0,0.0,0.0,0.464316,0.234043,0.02675,0.228057,0.001793,0.261523,0.603947,0.0
0.0,0.0,0.0,0.0,0.0,1.0,0.0,0.876643,0.12766,0.018074,0.151294,0.000885,0.261781,0.815351,0.0
1.0,0.0,0.0,0.0,0.0,0.0,0.0,0.434671,0.276596,0.051129,0.126748,0.003467,0.422915,0.414912,1.0
1.0,0.0,0.0,0.0,0.0,0.0,0.0,0.455555,0.148936,0.029272,0.186105,0.001971,0.265148,0.791228,0.0
0.0,0.0,0.0,0.0,0.0,0.0,1.0,0.437989,0.765957,0.056023,0.425469,0.003467,0.422915,0.414912,1.0
0.0,0.0,0.0,0.0,0.0,1.0,0.0,0.446839,0.638298,0.043233,0.499554,0.002989,0.476178,0.524123,1.0
0.0,0.0,0.0,0.0,1.0,0.0,0.0,0.867882,0.553191,0.034526,0.641029,0.002216,0.81564,0.336842,1.0
0.0,0.0,0.0,0.0,0.0,1.0,0.0,0.452104,0.276596,0.034887,0.562035,0.002447,0.466857,0.370175,0.0
0.0,0.0,0.0,1.0,0.0,0.0,0.0,0.026857,0.510638,0.147022,0.622583,0.003467,0.422915,0.414912,1.0
0.0,0.0,1.0,0.0,0.0,0.0,0.0,0.884828,0.446809,0.029512,0.585391,0.002009,0.589332,0.392105,0.0
0.0,0.0,1.0,0.0,0.0,0.0,0.0,0.460245,0.340426,0.071064,0.53258,0.004842,0.592439,0.209211,1.0
0.0,1.0,0.0,0.0,0.0,0.0,0.0,0.023096,0.276596,0.101567,0.428741,0.003467,0.422915,0.414912,1.0
0.0,0.0,0.0,0.0,0.0,1.0,0.0,0.004779,0.085106,0.072415,0.358524,0.003467,0.422915,0.414912,0.0
0.0,0.0,0.0,0.0,0.0,0.0,1.0,0.902526,1.0,0.040561,0.415799,0.002678,0.372087,0.575439,0.0
0.0,1.0,0.0,0.0,0.0,0.0,0.0,0.425689,0.12766,0.055242,0.103689,0.003467,0.422915,0.414912,0.0
0.0,0.0,0.0,0.0,0.0,0.0,1.0,0.911774,0.468085,0.044254,0.41803,0.002889,0.362248,0.692544,0.0
1.0,0.0,0.0,0.0,0.0,0.0,0.0,0.008893,0.12766,0.041341,0.19994,0.003467,0.422915,0.414912,0.0
0.0,1.0,0.0,0.0,0.0,0.0,0.0,0.890315,0.851064,0.029633,0.771943,0.002017,0.597618,0.52193,0.0
0.0,0.0,1.0,0.0,0.0,0.0,0.0,0.430025,0.255319,0.07866,0.42532,0.003467,0.422915,0.414912,1.0
0.0,0.0,0.0,0.0,0.0,1.0,0.0,0.89912,0.212766,0.071004,0.261678,0.004674,0.33972,0.63114,0.0
1.0,0.0,0.0,0.0,0.0,0.0,0.0,0.995575,0.914894,0.070253,0.412824,0.004314,0.357587,0.727632,1.0
0.0,0.0,0.0,0.0,0.0,0.0,1.0,0.894252,0.191489,0.0257,0.208569,0.001658,0.327033,0.728947,0.0
0.0,0.0,0.0,1.0,0.0,0.0,0.0,0.473873,0.595745,0.055032,0.680899,0.003698,0.569394,0.564474,1.0
0.0,1.0,0.0,0.0,0.0,0.0,0.0,0.872041,0.829787,0.030713,0.466082,0.000924,0.410668,0.666667,1.0
0.0,0.0,0.0,0.0,0.0,0.0,1.0,0.867661,0.680851,0.055572,0.417287,0.003677,0.646297,0.327193,1.0
0.0,0.0,0.0,0.0,0.0,1.0,0.0,0.018318,0.617021,0.047496,0.297977,0.003467,0.422915,0.414912,0.0
0.0,0.0,0.0,1.0,0.0,0.0,0.0,0.013008,0.787234,0.041732,0.693395,0.003467,0.422915,0.414912,0.0
0.0,0.0,0.0,0.0,0.0,0.0,1.0,0.872262,0.978723,0.029783,0.292919,0.000968,0.307613,0.791228,0.0
0.0,0.0,0.0,0.0,0.0,0.0,1.0,0.437989,1.0,0.046806,0.298721,0.003467,0.422915,0.414912,0.0
0.0,0.0,0.0,0.0,0.0,1.0,0.0,0.451175,0.723404,0.05266,0.741892,0.003419,0.589591,0.552193,1.0
0.0,1.0,0.0,0.0,0.0,0.0,0.0,0.890315,0.489362,0.028942,0.647129,0.002046,0.639824,0.369298,0.0
0.0,0.0,0.0,0.0,1.0,0.0,0.0,0.88089,0.170213,0.019665,0.147724,0.001246,0.260228,0.876754,0.0
1.0,0.0,0.0,0.0,0.0,0.0,0.0,0.871687,0.255319,0.025369,0.178816,0.001107,0.127395,0.889474,0.0
0.0,0.0,0.0,0.0,1.0,0.0,0.0,0.876598,0.340426,0.030413,0.55906,0.001944,0.547126,0.667544,0.0
0.0,0.0,0.0,1.0,0.0,0.0,0.0,0.009336,0.085106,0.041401,0.43008,0.003467,0.422915,0.414912,0.0
0.0,0.0,0.0,0.0,0.0,1.0,0.0,0.907128,0.340426,0.13135,0.465784,0.008943,0.691611,0.289035,1.0
0.0,0.0,0.0,1.0,0.0,0.0,0.0,0.434494,0.893617,0.044224,0.381434,0.003467,0.422915,0.414912,0.0
0.0,0.0,0.0,0.0,0.0,1.0,0.0,0.018627,0.085106,0.046746,0.258405,0.003467,0.422915,0.414912,0.0
0.0,0.0,0.0,0.0,0.0,1.0,0.0,0.473652,0.382979,0.029182,0.590152,0.00194,0.647851,0.380263,0.0
0.0,0.0,1.0,0.0,0.0,0.0,0.0,0.022521,0.978723,0.074457,0.423535,0.003467,0.422915,0.414912,0.0
0.0,0.0,0.0,0.0,1.0,0.0,0.0,0.000133,0.0,0.075868,0.459833,0.003467,0.422915,0.414912,1.0
1.0,0.0,0.0,0.0,0.0,0.0,0.0,0.875979,0.978723,0.029542,0.370128,0.001884,0.349819,0.667105,0.0
0.0,0.0,1.0,0.0,0.0,0.0,0.0,0.894385,0.276596,0.06527,0.517852,0.00392,0.551528,0.429386,0.0
0.0,1.0,0.0,0.0,0.0,0.0,0.0,0.881067,0.148936,0.01348,0.10726,0.000868,0.233299,0.777193,0.0
0.0,1.0,0.0,0.0,0.0,0.0,0.0,0.473784,0.87234,0.030233,0.427105,0.001986,0.365614,0.680702,0.0
0.0,0.0,0.0,1.0,0.0,0.0,0.0,0.013008,0.340426,0.041732,0.644451,0.003467,0.422915,0.414912,0.0
1.0,0.0,0.0,0.0,0.0,0.0,0.0,0.885049,0.617021,0.028762,0.272092,0.001843,0.243397,0.652193,0.0
0.0,0.0,0.0,1.0,0.0,0.0,0.0,0.022565,0.255319,0.073526,0.29753,0.003467,0.422915,0.414912,1.0
1.0,0.0,0.0,0.0,0.0,0.0,0.0,0.894297,0.361702,0.067371,0.461619,0.002256,0.323408,0.719737,1.0
0.0,0.0,0.0,0.0,1.0,0.0,0.0,0.460334,0.468085,0.072805,0.504463,0.005037,0.562662,0.205702,1.0
0.0,0.0,0.0,0.0,0.0,1.0,0.0,0.026636,0.510638,0.075778,0.346177,0.003467,0.422915,0.414912,1.0
1.0,0.0,0.0,0.0,0.0,0.0,0.0,0.438963,0.702128,0.054612,0.465189,0.003467,0.422915,0.414912,1.0
0.0,0.0,0.0,1.0,0.0,0.0,0.0,0.44706,0.446809,0.073976,0.675394,0.005127,0.641378,0.373246,1.0
0.0,0.0,0.0,0.0,0.0,0.0,1.0,0.031636,0.893617,0.07944,0.327432,0.003467,0.422915,0.414912,1.0
0.0,0.0,0.0,0.0,0.0,1.0,0.0,0.452104,0.191489,0.033025,0.249926,0.002212,0.276541,0.768421,0.0
0.0,0.0,0.0,0.0,0.0,1.0,0.0,0.017698,0.680851,0.046385,0.270455,0.003467,0.422915,0.414912,0.0
0.0,0.0,0.0,1.0,0.0,0.0,0.0,0.473563,0.382979,0.027351,0.528117,0.001836,0.530554,0.362281,1.0
0.0,0.0,0.0,1.0,0.0,0.0,0.0,0.022565,0.595745,0.057644,0.458792,0.003467,0.422915,0.414912,0.0
0.0,0.0,0.0,0.0,0.0,1.0,0.0,0.424627,0.0,0.072895,0.302589,0.003467,0.422915,0.414912,1.0
1.0,0.0,0.0,0.0,0.0,0.0,0.0,0.018406,0.765957,0.089648,0.539572,0.003467,0.422915,0.414912,1.0
0.0,0.0,0.0,0.0,0.0,0.0,1.0,0.02668,0.744681,0.072955,0.308539,0.003467,0.422915,0.414912,1.0
0.0,1.0,0.0,0.0,0.0,0.0,0.0,0.902925,0.595745,0.088087,0.483785,0.005937,0.587519,0.44693,1.0
0.0,0.0,0.0,0.0,0.0,0.0,1.0,0.018362,0.553191,0.068422,0.262719,0.003467,0.422915,0.414912,1.0
0.0,0.0,0.0,1.0,0.0,0.0,0.0,0.026857,0.085106,0.049478,0.179411,0.003467,0.422915,0.414912,0.0
0.0,0.0,0.0,0.0,0.0,0.0,1.0,0.880979,0.361702,0.032184,0.399286,0.002009,0.319782,0.794737,1.0
0.0,0.0,0.0,0.0,0.0,0.0,1.0,0.031636,0.914894,0.068482,0.318358,0.003467,0.422915,0.414912,0.0
0.0,0.0,1.0,0.0,0.0,0.0,0.0,0.87589,0.723404,0.043713,0.60964,0.003,0.7087,0.432018,1.0
0.0,1.0,0.0,0.0,0.0,0.0,0.0,0.447281,0.170213,0.01264,0.202618,0.000827,0.223977,0.557456,0.0
0.0,1.0,0.0,0.0,0.0,0.0,0.0,0.031415,0.191489,0.074787,0.226272,0.003467,0.422915,0.414912,0.0
0.0,0.0,1.0,0.0,0.0,0.0,0.0,0.474448,0.829787,0.035907,0.362838,0.002509,0.194977,0.439035,0.0
0.0,0.0,1.0,0.0,0.0,0.0,0.0,0.911907,0.638298,0.048397,0.532133,0.003295,0.534438,0.446491,0.0
0.0,0.0,0.0,0.0,0.0,0.0,1.0,0.906863,0.148936,0.023898,0.121095,0.001548,0.124288,0.726316,0.0
0.0,0.0,1.0,0.0,0.0,0.0,0.0,0.460555,0.978723,0.033085,0.472925,0.002137,0.487571,0.624561,1.0
0.0,0.0,0.0,0.0,0.0,1.0,0.0,0.425247,0.170213,0.070163,0.104284,0.003467,0.422915,0.414912,1.0
0.0,0.0,0.0,0.0,1.0,0.0,0.0,0.018583,0.595745,0.054281,0.44332,0.003467,0.422915,0.414912,0.0
0.0,0.0,0.0,0.0,0.0,1.0,0.0,0.429539,0.404255,0.080401,0.447486,0.003467,0.422915,0.414912,1.0
1.0,0.0,0.0,0.0,0.0,0.0,0.0,0.03168,0.638298,0.059926,0.460428,0.003467,0.422915,0.414912,0.0
0.0,0.0,0.0,0.0,0.0,1.0,0.0,0.907747,0.93617,0.048697,0.419518,0.003292,0.367685,0.477193,0.0
0.0,0.0,0.0,0.0,0.0,1.0,0.0,0.442281,0.595745,0.064429,0.343201,0.003467,0.422915,0.414912,1.0
0.0,0.0,0.0,0.0,0.0,1.0,0.0,0.912039,0.595745,0.043563,0.463404,0.002923,0.547126,0.447807,0.0
0.0,0.0,1.0,0.0,0.0,0.0,0.0,0.430025,0.0,0.068632,0.360458,0.003467,0.422915,0.414912,0.0
0.0,0.0,0.0,0.0,1.0,0.0,0.0,0.46436,0.93617,0.029843,0.399137,0.002036,0.33506,0.358772,1.0
1.0,0.0,0.0,0.0,0.0,0.0,0.0,0.880404,1.0,0.034917,0.303779,0.002225,0.297255,0.72807,1.0
0.0,0.0,0.0,1.0,0.0,0.0,0.0,0.44706,0.957447,0.038699,0.604284,0.002511,0.413516,0.748246,0.0
0.0,1.0,0.0,0.0,0.0,0.0,0.0,0.443299,0.489362,0.061307,0.545373,0.004204,0.589073,0.405263,1.0
0.0,0.0,0.0,1.0,0.0,0.0,0.0,0.894739,0.255319,0.07902,0.474412,0.005158,0.49275,0.582456,0.0
0.0,1.0,0.0,0.0,0.0,0.0,0.0,0.880404,0.148936,0.02657,0.1385,0.00172,0.268514,0.747368,0.0
0.0,0.0,0.0,0.0,0.0,0.0,1.0,0.434627,0.659574,0.044314,0.210205,0.003467,0.422915,0.414912,0.0
0.0,1.0,0.0,0.0,0.0,0.0,0.0,0.013539,0.531915,0.087697,0.49033,0.003467,0.422915,0.414912,1.0
0.0,0.0,0.0,0.0,0.0,0.0,1.0,0.447193,0.787234,0.046295,0.683279,0.003278,0.504143,0.461842,1.0
0.0,0.0,0.0,0.0,0.0,1.0,0.0,0.473961,0.106383,0.025069,0.152336,0.001396,0.231745,0.707018,0.0
0.0,0.0,0.0,0.0,0.0,1.0,0.0,0.022654,0.0,0.088597,0.396906,0.003467,0.422915,0.414912,1.0
0.0,1.0,0.0,0.0,0.0,0.0,0.0,0.429981,0.06383,0.049838,0.224933,0.003467,0.422915,0.414912,0.0
0.0,0.0,0.0,1.0,0.0,0.0,0.0,0.027167,0.574468,0.074817,0.444511,0.003467,0.422915,0.414912,1.0
1.0,0.0,0.0,0.0,0.0,0.0,0.0,0.469094,0.595745,0.027681,0.251711,0.00182,0.203521,0.622368,0.0
0.0,0.0,0.0,0.0,0.0,0.0,1.0,0.885625,0.06383,0.113216,0.396459,0.005663,0.445624,0.628509,1.0
0.0,1.0,0.0,0.0,0.0,0.0,0.0,0.473784,0.893617,0.034526,0.441386,0.002285,0.333765,0.701316,1.0
0.0,0.0,0.0,1.0,0.0,0.0,0.0,0.460909,0.617021,0.069443,0.593127,0.004717,0.437856,0.514035,0.0
1.0,0.0,0.0,0.0,0.0,0.0,0.0,0.455865,0.914894,0.042032,0.529158,0.002526,0.350596,0.778509,1.0
0.0,0.0,0.0,1.0,0.0,0.0,0.0,0.000398,0.468085,0.107752,0.537043,0.003467,0.422915,0.414912,0.0
0.0,0.0,0.0,0.0,1.0,0.0,0.0,0.45113,0.553191,0.041912,0.603094,0.002779,0.607198,0.341667,1.0
0.0,0.0,0.0,0.0,1.0,0.0,0.0,0.447414,1.0,0.042752,0.587623,0.002881,0.525117,0.489035,0.0
0.0,0.0,1.0,0.0,0.0,0.0,0.0,0.911907,0.042553,0.048277,0.294704,0.003209,0.422061,0.528947,1.0
0.0,0.0,0.0,1.0,0.0,0.0,0.0,0.907349,0.680851,0.055512,0.459982,0.00372,0.512947,0.519298,0.0
0.0,1.0,0.0,0.0,0.0,0.0,0.0,0.894341,0.93617,0.055392,0.602053,0.003762,0.510875,0.548684,0.0
0.0,0.0,0.0,0.0,1.0,0.0,0.0,0.000752,0.787234,0.095473,0.588069,0.003467,0.422915,0.414912,1.0
0.0,1.0,0.0,0.0,0.0,0.0,0.0,0.456219,0.425532,0.037829,0.590003,0.002576,0.612895,0.475439,1.0
0.0,0.0,0.0,0.0,0.0,1.0,0.0,0.884651,0.595745,0.0269,0.488991,0.001861,0.542465,0.421053,0.0
0.0,0.0,0.0,0.0,0.0,0.0,1.0,0.46874,0.808511,0.029062,0.358078,0.001911,0.273692,0.601316,0.0
0.0,0.0,1.0,0.0,0.0,0.0,0.0,0.442724,0.148936,0.043983,0.211247,0.002889,0.246245,0.716667,0.0
1.0,0.0,0.0,0.0,0.0,0.0,0.0,0.907526,0.617021,0.056503,0.391253,0.003596,0.234335,0.851316,1.0
1.0,0.0,0.0,0.0,0.0,0.0,0.0,0.468785,0.106383,0.027651,0.076168,0.00182,0.177628,0.523684,0.0
0.0,1.0,0.0,0.0,0.0,0.0,0.0,0.447591,0.957447,0.040681,0.609194,0.002651,0.4029,0.651316,0.0
0.0,0.0,0.0,0.0,0.0,1.0,0.0,0.89912,0.595745,0.075657,0.469949,0.005033,0.530036,0.464912,0.0
0.0,0.0,1.0,0.0,0.0,0.0,0.0,0.902659,0.489362,0.090459,0.524398,0.006053,0.589591,0.404386,1.0
0.0,0.0,0.0,0.0,0.0,0.0,1.0,0.872572,0.382979,0.035667,0.464445,0.002056,0.352408,0.829386,1.0
0.0,0.0,0.0,0.0,0.0,1.0,0.0,0.022034,0.340426,0.070464,0.322077,0.003467,0.422915,0.414912,1.0
0.0,0.0,0.0,0.0,1.0,0.0,0.0,0.02261,0.978723,0.060046,0.424427,0.003467,0.422915,0.414912,0.0
0.0,0.0,0.0,0.0,0.0,1.0,0.0,0.907438,0.723404,0.075027,0.443767,0.005089,0.484205,0.344737,1.0
0.0,0.0,0.0,0.0,0.0,0.0,1.0,0.429892,0.276596,0.070584,0.204403,0.003467,0.422915,0.414912,0.0
1.0,0.0,0.0,0.0,0.0,0.0,0.0,0.000575,0.702128,0.137294,0.52291,0.003467,0.422915,0.414912,1.0
0.0,0.0,0.0,0.0,0.0,0.0,1.0,0.017743,0.148936,0.044974,0.102499,0.003467,0.422915,0.414912,0.0
0.0,0.0,0.0,1.0,0.0,0.0,0.0,0.867528,0.319149,0.029422,0.517852,0.00193,0.629984,0.483333,0.0
0.0,0.0,0.0,0.0,0.0,1.0,0.0,0.903102,0.765957,0.064789,0.537191,0.004474,0.531331,0.315351,0.0
1.0,0.0,0.0,0.0,0.0,0.0,0.0,0.912128,0.340426,0.044344,0.340821,0.002883,0.244692,0.734649,0.0
0.0,0.0,0.0,0.0,1.0,0.0,0.0,0.903057,0.893617,0.053651,0.491669,0.003654,0.48291,0.402632,0.0
0.0,0.0,0.0,0.0,0.0,1.0,0.0,0.424937,0.340426,0.087787,0.351384,0.003467,0.422915,0.414912,1.0
0.0,1.0,0.0,0.0,0.0,0.0,0.0,0.907261,0.978723,0.097904,0.453585,0.006498,0.525117,0.500877,0.0
0.0,0.0,0.0,0.0,0.0,0.0,1.0,0.005442,0.021277,0.063378,0.342904,0.003467,0.422915,0.414912,0.0
0.0,1.0,0.0,0.0,0.0,0.0,0.0,0.894651,0.765957,0.154137,0.911187,0.009884,0.767996,0.657018,1.0
0.0,0.0,0.0,0.0,0.0,0.0,1.0,0.469979,0.382979,0.03996,0.450759,0.002752,0.31564,0.450877,1.0
0.0,0.0,0.0,0.0,0.0,0.0,1.0,0.876377,0.319149,0.032064,0.421303,0.001959,0.32755,0.898684,0.0
0.0,1.0,0.0,0.0,0.0,0.0,0.0,0.42476,0.489362,0.074817,0.450312,0.003467,0.422915,0.414912,0.0
0.0,0.0,0.0,0.0,0.0,0.0,1.0,0.884695,0.723404,0.034586,0.496132,0.002212,0.360176,0.710965,1.0
0.0,0.0,0.0,1.0,0.0,0.0,0.0,0.899031,0.638298,0.096223,0.519488,0.00625,0.542983,0.482018,1.0
0.0,0.0,1.0,0.0,0.0,0.0,0.0,0.008672,0.659574,0.092771,0.516513,0.003467,0.422915,0.414912,1.0
0.0,0.0,0.0,0.0,1.0,0.0,0.0,0.455732,0.510638,0.032275,0.555489,0.002196,0.577939,0.649561,0.0
0.0,0.0,0.0,0.0,1.0,0.0,0.0,0.902748,0.340426,0.085745,0.536894,0.005658,0.639824,0.495614,1.0
0.0,0.0,1.0,0.0,0.0,0.0,0.0,0.8762,0.93617,0.028822,0.428295,0.000837,0.294148,0.681579,1.0
0.0,0.0,1.0,0.0,0.0,0.0,0.0,0.465201,0.510638,0.06533,0.482148,0.004526,0.501036,0.178947,1.0
1.0,0.0,0.0,0.0,0.0,0.0,0.0,0.446927,0.702128,0.041972,0.402112,0.002804,0.284568,0.692105,1.0
0.0,1.0,0.0,0.0,0.0,0.0,0.0,0.875846,0.361702,0.034556,0.586135,0.002179,0.538322,0.659649,1.0
0.0,0.0,0.0,0.0,0.0,1.0,0.0,0.460997,0.361702,0.033025,0.530794,0.002268,0.498187,0.369737,0.0
0.0,0.0,0.0,0.0,1.0,0.0,0.0,0.45113,0.468085,0.042182,0.665129,0.002802,0.61419,0.446053,1.0
0.0,0.0,0.0,1.0,0.0,0.0,0.0,0.907969,0.042553,0.076348,0.323118,0.005164,0.491196,0.412281,1.0
1.0,0.0,0.0,0.0,0.0,0.0,0.0,0.875979,0.085106,0.029002,0.166171,0.001903,0.317452,0.586842,0.0
0.0,0.0,0.0,0.0,0.0,1.0,0.0,0.442281,0.808511,0.055722,0.418923,0.003467,0.422915,0.414912,1.0
0.0,0.0,1.0,0.0,0.0,0.0,0.0,0.429096,0.93617,0.087066,0.429188,0.003467,0.422915,0.414912,1.0
0.0,0.0,0.0,1.0,0.0,0.0,0.0,0.425778,0.340426,0.10514,0.555936,0.003467,0.422915,0.414912,1.0
0.0,0.0,0.0,0.0,0.0,0.0,1.0,0.425291,0.319149,0.075237,0.235942,0.003467,0.422915,0.414912,1.0
0.0,0.0,0.0,0.0,1.0,0.0,0.0,0.889828,0.468085,0.099586,0.649063,0.006994,0.722941,0.255263,0.0
0.0,0.0,0.0,1.0,0.0,0.0,0.0,0.898412,0.808511,0.059175,0.673907,0.003947,0.670896,0.377193,0.0
0.0,0.0,0.0,1.0,0.0,0.0,0.0,0.438786,0.170213,0.048337,0.143707,0.003467,0.422915,0.414912,0.0
0.0,0.0,0.0,0.0,0.0,0.0,1.0,0.434007,0.638298,0.067551,0.288605,0.003467,0.422915,0.414912,1.0
0.0,0.0,1.0,0.0,0.0,0.0,0.0,0.474138,0.638298,0.029332,0.511009,0.002013,0.374417,0.610526,0.0
0.0,1.0,0.0,0.0,0.0,0.0,0.0,0.880404,0.404255,0.027771,0.557721,0.001909,0.596582,0.39693,0.0
0.0,0.0,0.0,0.0,0.0,1.0,0.0,0.000177,0.510638,0.072145,0.354508,0.003467,0.422915,0.414912,0.0
0.0,0.0,0.0,0.0,0.0,0.0,1.0,0.890226,0.617021,0.642278,0.427551,0.000839,0.424392,0.414912,1.0
0.0,0.0,0.0,1.0,0.0,0.0,0.0,0.442768,0.234043,0.043593,0.275662,0.002827,0.255049,0.758772,0.0
0.0,0.0,0.0,1.0,0.0,0.0,0.0,0.013937,0.468085,0.11859,0.670187,0.003467,0.422915,0.414912,1.0
0.0,1.0,0.0,0.0,0.0,0.0,0.0,0.890005,0.893617,0.029542,0.625707,0.002048,0.57276,0.375439,0.0
0.0,0.0,0.0,0.0,1.0,0.0,0.0,0.902748,0.255319,0.058094,0.363434,0.003833,0.409632,0.624561,0.0
0.0,0.0,1.0,0.0,0.0,0.0,0.0,0.013274,0.702128,0.088567,0.530497,0.003467,0.422915,0.414912,1.0
0.0,0.0,1.0,0.0,0.0,0.0,0.0,0.460245,0.489362,0.042572,0.512943,0.003004,0.543242,0.23114,0.0
0.0,0.0,1.0,0.0,0.0,0.0,0.0,0.867174,0.553191,0.054341,0.479173,0.003702,0.402123,0.302632,1.0
0.0,0.0,0.0,1.0,0.0,0.0,0.0,0.451706,0.446809,0.041431,0.679857,0.002777,0.694459,0.446491,1.0
0.0,0.0,0.0,0.0,1.0,0.0,0.0,0.447724,0.382979,0.071364,0.782654,0.005037,0.677369,0.342982,1.0
0.0,0.0,0.0,1.0,0.0,0.0,0.0,0.464625,1.0,0.06566,0.450312,0.004551,0.417141,0.313158,1.0
0.0,0.0,0.0,0.0,0.0,0.0,1.0,0.474006,0.93617,0.035577,0.382773,0.002358,0.262299,0.812281,1.0
0.0,0.0,0.0,0.0,0.0,1.0,0.0,0.014336,0.638298,0.088807,0.471883,0.003467,0.422915,0.414912,1.0
0.0,0.0,0.0,0.0,0.0,1.0,0.0,0.872528,0.680851,0.028822,0.660666,0.001741,0.520456,0.783333,0.0
0.0,0.0,0.0,0.0,0.0,0.0,1.0,0.45675,0.382979,0.029963,0.529604,0.001921,0.374935,0.715351,0.0
0.0,0.0,0.0,0.0,0.0,0.0,1.0,0.880979,0.06383,0.029242,0.293663,0.00182,0.376489,0.72193,1.0
0.0,0.0,0.0,1.0,0.0,0.0,0.0,0.89412,1.0,0.072835,0.614252,0.004732,0.534697,0.639912,0.0
1.0,0.0,0.0,0.0,0.0,0.0,0.0,0.898898,0.574468,0.05239,0.308688,0.003311,0.310979,0.772807,0.0
1.0,0.0,0.0,0.0,0.0,0.0,0.0,0.026724,0.659574,0.05221,0.441386,0.003467,0.422915,0.414912,0.0
0.0,0.0,0.0,0.0,0.0,0.0,1.0,0.022388,1.0,0.047526,0.290241,0.003467,0.422915,0.414912,0.0
0.0,0.0,0.0,0.0,0.0,1.0,0.0,0.893899,0.276596,0.087336,0.555489,0.005688,0.556189,0.695175,1.0
1.0,0.0,0.0,0.0,0.0,0.0,0.0,0.000265,0.595745,0.13105,0.473222,0.003467,0.422915,0.414912,1.0
0.0,0.0,0.0,0.0,1.0,0.0,0.0,0.424583,0.510638,0.088237,0.411633,0.003467,0.422915,0.414912,1.0
1.0,0.0,0.0,0.0,0.0,0.0,0.0,0.47436,0.148936,0.016152,0.02172,0.001076,0.037286,0.804386,0.0
0.0,0.0,0.0,1.0,0.0,0.0,0.0,0.880227,0.829787,0.034826,0.482594,0.002439,0.514759,0.199561,0.0
0.0,0.0,0.0,1.0,0.0,0.0,0.0,0.438166,0.851064,0.076348,0.469206,0.003467,0.422915,0.414912,0.0
0.0,1.0,0.0,0.0,0.0,0.0,0.0,0.876156,0.531915,0.024559,0.503719,0.000812,0.257121,0.857018,0.0
1.0,0.0,0.0,0.0,0.0,0.0,0.0,0.004557,0.489362,0.095803,0.428295,0.003467,0.422915,0.414912,1.0
0.0,0.0,0.0,1.0,0.0,0.0,0.0,0.433875,0.021277,0.043533,0.295299,0.003467,0.422915,0.414912,0.0
0.0,1.0,0.0,0.0,0.0,0.0,0.0,0.885403,0.468085,0.032695,0.58197,0.002216,0.547903,0.445175,0.0
0.0,0.0,0.0,0.0,0.0,1.0,0.0,0.880625,0.851064,0.03996,0.304969,0.002497,0.265407,0.87807,0.0
0.0,0.0,0.0,1.0,0.0,0.0,0.0,0.022565,0.787234,0.082112,0.518447,0.003467,0.422915,0.414912,1.0
0.0,0.0,0.0,0.0,0.0,0.0,1.0,0.438299,0.851064,0.056803,0.352722,0.003467,0.422915,0.414912,1.0
0.0,0.0,1.0,0.0,0.0,0.0,0.0,0.429096,0.340426,0.085655,0.49152,0.003467,0.422915,0.414912,1.0
1.0,0.0,0.0,0.0,0.0,0.0,0.0,0.469714,0.042553,0.03882,0.154418,0.002615,0.309166,0.564912,0.0
0.0,0.0,0.0,0.0,0.0,1.0,0.0,0.89819,0.170213,0.030833,0.263166,0.001955,0.353703,0.772368,0.0
0.0,0.0,0.0,1.0,0.0,0.0,0.0,0.451396,0.255319,0.038309,0.378756,0.002563,0.399275,0.660965,0.0
0.0,0.0,0.0,0.0,1.0,0.0,0.0,0.013672,0.404255,0.041552,0.589408,0.003467,0.422915,0.414912,0.0
0.0,0.0,0.0,1.0,0.0,0.0,0.0,0.889784,0.425532,0.068902,0.745909,0.004796,0.718281,0.267105,1.0
0.0,0.0,0.0,0.0,0.0,1.0,0.0,0.004159,0.680851,0.043983,0.323416,0.003467,0.422915,0.414912,0.0
0.0,1.0,0.0,0.0,0.0,0.0,0.0,0.898943,0.340426,0.098715,0.624814,0.006545,0.661056,0.342105,1.0
0.0,0.0,0.0,0.0,0.0,0.0,1.0,0.424981,0.808511,0.066981,0.265248,0.003467,0.422915,0.414912,1.0
0.0,0.0,1.0,0.0,0.0,0.0,0.0,0.451661,0.93617,0.037889,0.621095,0.002179,0.473071,0.698684,0.0
1.0,0.0,0.0,0.0,0.0,0.0,0.0,0.902571,0.893617,0.06545,0.41565,0.004375,0.359399,0.550877,1.0
0.0,0.0,0.0,0.0,1.0,0.0,0.0,0.876156,0.489362,0.102108,0.483338,0.006984,0.577421,0.374561,1.0
0.0,0.0,0.0,0.0,1.0,0.0,0.0,0.008761,0.404255,0.125796,0.721511,0.003467,0.422915,0.414912,1.0
1.0,0.0,0.0,0.0,0.0,0.0,0.0,0.022433,0.957447,0.074607,0.401815,0.003467,0.422915,0.414912,1.0
0.0,0.0,0.0,0.0,0.0,1.0,0.0,0.000796,0.723404,0.209109,0.47114,0.003467,0.422915,0.414912,1.0
0.0,0.0,1.0,0.0,0.0,0.0,0.0,0.443033,0.574468,0.075267,0.512645,0.005147,0.545831,0.356579,1.0
1.0,0.0,0.0,0.0,0.0,0.0,0.0,0.438343,0.446809,0.096884,0.530794,0.003467,0.422915,0.414912,1.0
0.0,0.0,0.0,1.0,0.0,0.0,0.0,0.898102,0.06383,0.06551,0.449866,0.004258,0.487571,0.663158,0.0
0.0,1.0,0.0,0.0,0.0,0.0,0.0,0.912172,0.255319,0.093041,0.398691,0.00651,0.513206,0.263596,1.0
0.0,0.0,0.0,0.0,1.0,0.0,0.0,0.425822,0.744681,0.096673,0.446147,0.003467,0.422915,0.414912,1.0
0.0,1.0,0.0,0.0,0.0,0.0,0.0,0.459891,0.191489,0.025339,0.146831,0.00168,0.186432,0.844298,0.0
0.0,0.0,0.0,1.0,0.0,0.0,0.0,0.867838,0.06383,0.02696,0.21199,0.000841,0.347229,0.661404,0.0
1.0,0.0,0.0,0.0,0.0,0.0,0.0,0.013185,0.12766,0.040801,0.179411,0.003467,0.422915,0.414912,0.0
0.0,0.0,1.0,0.0,0.0,0.0,0.0,0.017875,0.255319,0.093011,0.373103,0.003467,0.422915,0.414912,1.0
0.0,1.0,0.0,0.0,0.0,0.0,0.0,0.894341,0.276596,0.061487,0.501636,0.004163,0.520197,0.495614,1.0
0.0,0.0,1.0,0.0,0.0,0.0,0.0,0.482412,0.425532,0.047676,0.507438,0.003303,0.494562,0.268421,1.0
0.0,0.0,0.0,0.0,0.0,0.0,1.0,0.890226,0.765957,0.648673,0.764207,0.002009,0.626359,0.442105,1.0
0.0,1.0,0.0,0.0,0.0,0.0,0.0,0.898323,0.893617,0.068992,0.660964,0.004524,0.525375,0.637281,1.0
0.0,1.0,0.0,0.0,0.0,0.0,0.0,0.429981,0.468085,0.07959,0.576465,0.003467,0.422915,0.414912,0.0
0.0,0.0,0.0,0.0,0.0,1.0,0.0,0.446839,0.510638,0.043653,0.551622,0.003012,0.497929,0.492544,1.0
0.0,0.0,0.0,0.0,0.0,0.0,1.0,0.889607,0.829787,0.055482,0.53734,0.003598,0.44899,0.625439,0.0
0.0,0.0,0.0,0.0,0.0,1.0,0.0,0.912039,0.361702,0.087036,0.565754,0.005845,0.555671,0.412281,1.0
0.0,0.0,0.0,1.0,0.0,0.0,0.0,0.45998,0.425532,0.048457,0.559952,0.003315,0.513465,0.285526,0.0
1.0,0.0,0.0,0.0,0.0,0.0,0.0,0.461086,0.276596,0.02591,0.125558,0.001739,0.085966,0.659211,0.0
0.0,1.0,0.0,0.0,0.0,0.0,0.0,0.898013,0.595745,0.077729,0.590152,0.005035,0.600725,0.520175,1.0
0.0,1.0,0.0,0.0,0.0,0.0,0.0,0.912482,0.723404,0.044013,0.470991,0.003004,0.515795,0.371491,0.0
0.0,0.0,0.0,0.0,0.0,1.0,0.0,0.443476,0.93617,0.059565,0.543439,0.004044,0.414811,0.595614,0.0
0.0,0.0,0.0,1.0,0.0,0.0,0.0,0.001018,0.361702,0.043983,0.591788,0.003467,0.422915,0.414912,0.0
0.0,0.0,0.0,0.0,1.0,0.0,0.0,0.903057,0.957447,0.083073,0.505504,0.005299,0.414293,0.587281,1.0
0.0,0.0,0.0,0.0,0.0,1.0,0.0,0.013097,0.106383,0.048247,0.282208,0.003467,0.422915,0.414912,1.0
0.0,0.0,0.0,1.0,0.0,0.0,0.0,0.902703,0.170213,0.044434,0.179708,0.002896,0.314345,0.736842,0.0
0.0,0.0,1.0,0.0,0.0,0.0,0.0,0.465201,0.148936,0.028221,0.171675,0.001936,0.241585,0.37807,0.0
0.0,0.0,1.0,0.0,0.0,0.0,0.0,0.867307,0.319149,0.073106,0.544035,0.004902,0.576126,0.453947,1.0
0.0,0.0,0.0,0.0,0.0,1.0,0.0,0.004159,0.404255,0.109103,0.523505,0.003467,0.422915,0.414912,1.0
1.0,0.0,0.0,0.0,0.0,0.0,0.0,0.881333,0.787234,0.041492,0.462809,0.002725,0.443035,0.58114,1.0
0.0,0.0,0.0,1.0,0.0,0.0,0.0,0.022875,0.978723,0.089888,0.424874,0.003467,0.422915,0.414912,1.0
0.0,0.0,0.0,0.0,1.0,0.0,0.0,0.026592,0.404255,0.107572,0.516067,0.003467,0.422915,0.414912,1.0
1.0,0.0,0.0,0.0,0.0,0.0,0.0,0.871377,0.574468,0.05272,0.453139,0.003081,0.3884,0.851316,1.0
0.0,0.0,0.0,1.0,0.0,0.0,0.0,0.872439,0.382979,0.032935,0.543142,0.0021,0.681512,0.42807,1.0
0.0,0.0,0.0,0.0,1.0,0.0,0.0,0.911685,0.319149,0.098235,0.504165,0.006653,0.617556,0.367544,1.0
0.0,1.0,0.0,0.0,0.0,0.0,0.0,0.468829,0.659574,0.030563,0.474264,0.002061,0.315381,0.438596,0.0
1.0,0.0,0.0,0.0,0.0,0.0,0.0,0.867705,0.319149,0.029182,0.296935,0.000841,0.182289,0.902632,0.0
0.0,0.0,1.0,0.0,0.0,0.0,0.0,0.438432,0.340426,0.061247,0.473371,0.003467,0.422915,0.414912,1.0
0.0,1.0,0.0,0.0,0.0,0.0,0.0,0.022167,0.404255,0.084965,0.508182,0.003467,0.422915,0.414912,1.0
0.0,0.0,0.0,1.0,0.0,0.0,0.0,0.442768,0.510638,0.063378,0.499405,0.004254,0.515795,0.385965,0.0
1.0,0.0,0.0,0.0,0.0,0.0,0.0,0.906907,0.085106,0.027981,0.135525,0.001847,0.233299,0.555263,0.0
0.0,0.0,0.0,1.0,0.0,0.0,0.0,0.474183,0.617021,0.031464,0.479768,0.002106,0.271621,0.70614,1.0
0.0,1.0,0.0,0.0,0.0,0.0,0.0,0.026459,0.617021,0.057043,0.456114,0.003467,0.422915,0.414912,0.0
0.0,0.0,0.0,0.0,1.0,0.0,0.0,0.442812,0.404255,0.063798,0.569771,0.004393,0.542206,0.330702,1.0
0.0,0.0,0.0,0.0,1.0,0.0,0.0,0.429494,0.531915,0.080551,0.559209,0.003467,0.422915,0.414912,1.0
1.0,0.0,0.0,0.0,0.0,0.0,0.0,0.912128,0.12766,0.022847,0.080928,0.001502,0.204816,0.655702,0.0
1.0,0.0,0.0,0.0,0.0,0.0,0.0,0.014114,0.297872,0.072625,0.517703,0.003467,0.422915,0.414912,1.0
0.0,0.0,1.0,0.0,0.0,0.0,0.0,0.451042,0.914894,0.041101,0.600119,0.002686,0.482393,0.640789,0.0
0.0,0.0,0.0,0.0,0.0,0.0,1.0,0.447812,0.085106,0.029332,0.367004,0.001786,0.389953,0.765789,0.0
1.0,0.0,0.0,0.0,0.0,0.0,0.0,0.47343,0.106383,0.024108,0.112467,0.001645,0.180218,0.508333,0.0
0.0,0.0,0.0,0.0,0.0,1.0,0.0,0.000177,0.829787,0.047256,0.351532,0.003467,0.422915,0.414912,0.0
0.0,0.0,1.0,0.0,0.0,0.0,0.0,0.443343,0.93617,0.040561,0.468908,0.002671,0.394614,0.700877,0.0
0.0,1.0,0.0,0.0,0.0,0.0,0.0,0.425689,0.425532,0.096013,0.557423,0.003467,0.422915,0.414912,1.0
1.0,0.0,0.0,0.0,0.0,0.0,0.0,0.894606,0.765957,0.091029,0.728801,0.005935,0.576385,0.764474,1.0
0.0,0.0,0.0,0.0,0.0,1.0,0.0,0.907128,0.723404,0.089318,0.510414,0.005901,0.624288,0.459211,1.0
1.0,0.0,0.0,0.0,0.0,0.0,0.0,0.03199,0.553191,0.063408,0.316126,0.003467,0.422915,0.414912,1.0
0.0,0.0,0.0,1.0,0.0,0.0,0.0,0.876554,0.404255,0.034556,0.584052,0.002208,0.545313,0.577193,1.0
1.0,0.0,0.0,0.0,0.0,0.0,0.0,0.031061,0.361702,0.071815,0.510562,0.003467,0.422915,0.414912,1.0
0.0,0.0,0.0,0.0,0.0,1.0,0.0,0.428919,0.957447,0.072025,0.325945,0.003467,0.422915,0.414912,0.0
1.0,0.0,0.0,0.0,0.0,0.0,0.0,0.446927,0.87234,0.043653,0.512794,0.002927,0.340497,0.706579,1.0
0.0,0.0,0.0,0.0,0.0,1.0,0.0,0.991018,0.702128,0.028942,0.528712,0.001955,0.491973,0.532456,0.0
0.0,0.0,0.0,0.0,1.0,0.0,0.0,0.460643,0.553191,0.036958,0.494496,0.002503,0.50492,0.388158,0.0
0.0,1.0,0.0,0.0,0.0,0.0,0.0,0.026459,0.404255,0.074817,0.545373,0.003467,0.422915,0.414912,1.0
0.0,0.0,0.0,1.0,0.0,0.0,0.0,0.023185,0.680851,0.07959,0.440196,0.003467,0.422915,0.414912,1.0
0.0,0.0,1.0,0.0,0.0,0.0,0.0,0.885138,0.978723,0.040411,0.497917,0.002707,0.430606,0.489474,0.0
0.0,0.0,0.0,0.0,0.0,0.0,1.0,0.903146,0.531915,0.089138,0.378905,0.005488,0.346194,0.699561,1.0
1.0,0.0,0.0,0.0,0.0,0.0,0.0,0.456175,0.531915,0.030713,0.338887,0.001732,0.249353,0.708772,1.0
0.0,0.0,0.0,0.0,0.0,0.0,1.0,0.46905,0.021277,0.027921,0.299762,0.001849,0.27421,0.590351,0.0
0.0,0.0,0.0,0.0,1.0,0.0,0.0,0.465289,0.702128,0.055152,0.475454,0.00383,0.473848,0.223246,1.0
0.0,0.0,0.0,1.0,0.0,0.0,0.0,0.473253,0.531915,0.029182,0.567093,0.002094,0.454687,0.333333,0.0
1.0,0.0,0.0,0.0,0.0,0.0,0.0,0.429008,0.106383,0.041131,0.10964,0.003467,0.422915,0.414912,0.0
0.0,0.0,0.0,0.0,0.0,1.0,0.0,0.452104,0.468085,0.033325,0.603094,0.002295,0.57768,0.317544,0.0
0.0,0.0,0.0,0.0,1.0,0.0,0.0,0.013362,0.808511,0.11784,0.732074,0.003467,0.422915,0.414912,1.0
0.0,0.0,0.0,0.0,0.0,1.0,0.0,0.894208,0.702128,0.071274,0.665427,0.004767,0.661056,0.432456,1.0
0.0,0.0,1.0,0.0,0.0,0.0,0.0,0.473829,0.531915,0.030323,0.615442,0.002007,0.557742,0.554825,1.0
0.0,0.0,0.0,1.0,0.0,0.0,0.0,0.022256,0.765957,0.071334,0.489289,0.003467,0.422915,0.414912,1.0
0.0,0.0,1.0,0.0,0.0,0.0,0.0,0.424804,0.404255,0.068722,0.406129,0.003467,0.422915,0.414912,0.0
1.0,0.0,0.0,0.0,0.0,0.0,0.0,0.875802,0.297872,0.02693,0.229098,0.00092,0.168824,0.900877,0.0
0.0,0.0,0.0,1.0,0.0,0.0,0.0,0.013937,0.617021,0.106131,0.571407,0.003467,0.422915,0.414912,1.0
0.0,1.0,0.0,0.0,0.0,0.0,0.0,0.446662,0.276596,0.048757,0.52767,0.003076,0.447954,0.643421,1.0
0.0,0.0,1.0,0.0,0.0,0.0,0.0,0.456573,0.382979,0.042933,0.698304,0.002848,0.665199,0.510088,1.0
0.0,0.0,0.0,0.0,0.0,0.0,1.0,0.872262,0.808511,0.029392,0.370723,0.001371,0.283791,0.835088,0.0
0.0,0.0,1.0,0.0,0.0,0.0,0.0,0.451042,0.617021,0.042152,0.608599,0.002808,0.605645,0.35307,0.0
0.0,1.0,0.0,0.0,0.0,0.0,0.0,0.443299,0.468085,0.071514,0.555341,0.004921,0.602279,0.407018,1.0
0.0,0.0,0.0,1.0,0.0,0.0,0.0,0.867838,0.531915,0.030293,0.586879,0.001967,0.658726,0.475877,1.0
0.0,1.0,0.0,0.0,0.0,0.0,0.0,0.439007,0.0,0.054612,0.415501,0.003467,0.422915,0.414912,0.0
0.0,0.0,0.0,0.0,1.0,0.0,0.0,0.465599,0.808511,0.054131,0.491818,0.003768,0.433972,0.325439,1.0
0.0,0.0,0.0,1.0,0.0,0.0,0.0,0.001018,0.212766,0.082383,0.223594,0.003467,0.422915,0.414912,1.0
1.0,0.0,0.0,0.0,0.0,0.0,0.0,0.460466,0.702128,0.02669,0.310324,0.001799,0.328068,0.657018,1.0
0.0,1.0,0.0,0.0,0.0,0.0,0.0,0.017521,0.893617,0.080581,0.561738,0.003467,0.422915,0.414912,0.0
0.0,1.0,0.0,0.0,0.0,0.0,0.0,0.871422,0.87234,0.02633,0.495388,0.001653,0.441222,0.764474,0.0
0.0,0.0,0.0,1.0,0.0,0.0,0.0,0.022875,0.021277,0.060796,0.401964,0.003467,0.422915,0.414912,1.0
0.0,1.0,0.0,0.0,0.0,0.0,0.0,0.455909,0.787234,0.06524,0.782654,0.004489,0.675557,0.373246,1.0
0.0,0.0,1.0,0.0,0.0,0.0,0.0,0.429406,0.957447,0.058364,0.439899,0.003467,0.422915,0.414912,0.0
0.0,0.0,0.0,0.0,1.0,0.0,0.0,0.908013,0.723404,0.042062,0.458941,0.002894,0.489902,0.292105,0.0
0.0,0.0,0.0,0.0,1.0,0.0,0.0,0.02261,0.404255,0.10496,0.541059,0.003467,0.422915,0.414912,1.0
0.0,1.0,0.0,0.0,0.0,0.0,0.0,0.889076,0.255319,0.028101,0.346921,0.001853,0.348006,0.683772,0.0
0.0,0.0,0.0,1.0,0.0,0.0,0.0,0.912261,0.319149,0.070133,0.506546,0.00479,0.547903,0.325877,0.0
0.0,0.0,0.0,0.0,0.0,0.0,1.0,0.44321,0.148936,0.036208,0.170039,0.002381,0.209218,0.652632,0.0
0.0,0.0,0.0,0.0,0.0,0.0,1.0,0.885315,0.808511,0.087456,0.476644,0.005835,0.410927,0.586404,1.0
0.0,0.0,0.0,0.0,1.0,0.0,0.0,0.438211,0.489362,0.083914,0.512943,0.003467,0.422915,0.414912,1.0
0.0,0.0,0.0,0.0,0.0,0.0,1.0,0.898235,0.978723,0.089468,0.519488,0.005841,0.47825,0.655702,1.0
0.0,0.0,0.0,1.0,0.0,0.0,0.0,0.447679,0.042553,0.041311,0.515174,0.002646,0.523822,0.581579,0.0
0.0,0.0,1.0,0.0,0.0,0.0,0.0,0.438742,0.87234,0.058544,0.419518,0.003467,0.422915,0.414912,1.0
1.0,0.0,0.0,0.0,0.0,0.0,0.0,0.876731,0.489362,0.029963,0.445254,0.001886,0.431383,0.624561,1.0
0.0,1.0,0.0,0.0,0.0,0.0,0.0,0.911862,0.12766,0.02627,0.126302,0.001708,0.208959,0.682895,0.0
0.0,1.0,0.0,0.0,0.0,0.0,0.0,0.469758,0.234043,0.042722,0.36983,0.002885,0.323408,0.545614,1.0
0.0,0.0,0.0,0.0,0.0,0.0,1.0,0.0273,0.829787,0.077639,0.336656,0.003467,0.422915,0.414912,1.0
1.0,0.0,0.0,0.0,0.0,0.0,0.0,0.871377,0.106383,0.01291,0.110235,0.000837,0.208441,0.846491,0.0
0.0,0.0,0.0,0.0,1.0,0.0,0.0,0.013672,0.234043,0.051549,0.259149,0.003467,0.422915,0.414912,1.0
1.0,0.0,0.0,0.0,0.0,0.0,0.0,0.90288,0.531915,0.058635,0.320143,0.003031,0.27913,0.789912,1.0
0.0,0.0,0.0,0.0,0.0,1.0,0.0,0.433963,0.468085,0.051039,0.384409,0.003467,0.422915,0.414912,1.0
0.0,0.0,0.0,0.0,0.0,0.0,1.0,0.461042,0.468085,0.030263,0.399435,0.002081,0.273175,0.409211,0.0
0.0,0.0,0.0,0.0,0.0,0.0,1.0,0.02699,0.021277,0.048487,0.187742,0.003467,0.422915,0.414912,0.0
0.0,0.0,0.0,0.0,0.0,0.0,1.0,0.429892,0.617021,0.081122,0.414758,0.003467,0.422915,0.414912,1.0
0.0,0.0,0.0,0.0,0.0,1.0,0.0,0.89912,0.425532,0.085775,0.60235,0.005758,0.613154,0.462719,1.0
0.0,1.0,0.0,0.0,0.0,0.0,0.0,0.474094,0.361702,0.038639,0.6687,0.002565,0.445883,0.639474,1.0
0.0,0.0,0.0,0.0,0.0,1.0,0.0,0.474271,0.765957,0.029723,0.342458,0.001789,0.113413,0.855263,1.0
0.0,0.0,1.0,0.0,0.0,0.0,0.0,0.903279,0.680851,0.087306,0.494644,0.005847,0.529259,0.480702,1.0
0.0,0.0,0.0,0.0,0.0,0.0,1.0,0.881288,0.170213,0.029092,0.116037,0.001888,0.208959,0.699123,0.0
0.0,0.0,1.0,0.0,0.0,0.0,0.0,0.437812,0.808511,0.054912,0.462957,0.003467,0.422915,0.414912,0.0
0.0,0.0,0.0,0.0,0.0,0.0,1.0,0.9158,0.340426,0.082473,0.460726,0.005675,0.371569,0.373684,1.0
0.0,0.0,0.0,0.0,0.0,1.0,0.0,0.008805,0.106383,0.041582,0.282059,0.003467,0.422915,0.414912,0.0
0.0,0.0,0.0,1.0,0.0,0.0,0.0,0.023185,0.170213,0.068422,0.151294,0.003467,0.422915,0.414912,0.0
1.0,0.0,0.0,0.0,0.0,0.0,0.0,0.867395,0.808511,0.028732,0.340672,0.00189,0.361989,0.792105,0.0
0.0,1.0,0.0,0.0,0.0,0.0,0.0,0.902615,0.851064,0.088898,0.556531,0.005926,0.562403,0.433333,1.0
0.0,1.0,0.0,0.0,0.0,0.0,0.0,0.44237,0.808511,0.10559,0.506843,0.007906,0.499482,0.500526,1.0
0.0,0.0,0.0,1.0,0.0,0.0,0.0,0.890093,0.659574,0.072835,0.66022,0.005174,0.729674,0.26886,0.0
0.0,0.0,0.0,0.0,0.0,1.0,0.0,0.912039,1.0,0.082713,0.439006,0.005515,0.425945,0.530263,1.0
0.0,0.0,1.0,0.0,0.0,0.0,0.0,0.022521,0.510638,0.10493,0.51681,0.003467,0.422915,0.414912,1.0
1.0,0.0,0.0,0.0,0.0,0.0,0.0,0.434052,0.851064,0.044884,0.389467,0.003467,0.422915,0.414912,0.0
0.0,0.0,0.0,0.0,0.0,0.0,1.0,0.031636,0.382979,0.068482,0.328176,0.003467,0.422915,0.414912,1.0
0.0,0.0,1.0,0.0,0.0,0.0,0.0,0.022521,0.957447,0.086976,0.414014,0.003467,0.422915,0.414912,1.0
0.0,0.0,0.0,0.0,0.0,1.0,0.0,0.915756,0.489362,0.096613,0.589705,0.00646,0.562921,0.403509,1.0
0.0,1.0,0.0,0.0,0.0,0.0,0.0,0.885403,0.659574,0.029452,0.547307,0.002,0.501295,0.464912,0.0
0.0,0.0,0.0,0.0,0.0,0.0,1.0,0.460732,0.723404,0.030053,0.358375,0.002069,0.231745,0.382456,0.0
0.0,0.0,0.0,0.0,1.0,0.0,0.0,0.899075,0.574468,0.080101,0.539423,0.005243,0.593993,0.567105,1.0
1.0,0.0,0.0,0.0,0.0,0.0,0.0,0.442635,0.893617,0.056713,0.42889,0.003874,0.295443,0.519298,0.0
1.0,0.0,0.0,0.0,0.0,0.0,0.0,0.906907,0.12766,0.024859,0.08554,0.001643,0.144226,0.640789,0.0
0.0,1.0,0.0,0.0,0.0,0.0,0.0,0.017831,0.510638,0.083133,0.484528,0.003467,0.422915,0.414912,1.0
0.0,0.0,0.0,0.0,0.0,0.0,1.0,0.452148,0.382979,0.033055,0.597441,0.002258,0.374417,0.390789,0.0
0.0,0.0,0.0,1.0,0.0,0.0,0.0,0.915667,0.276596,0.093131,0.451651,0.006408,0.59477,0.302632,1.0
0.0,0.0,0.0,1.0,0.0,0.0,0.0,0.425158,0.659574,0.058394,0.484231,0.003467,0.422915,0.414912,0.0
0.0,0.0,0.0,1.0,0.0,0.0,0.0,0.430069,0.0,0.068842,0.356739,0.003467,0.422915,0.414912,0.0
0.0,1.0,0.0,0.0,0.0,0.0,0.0,0.021857,0.170213,0.064519,0.16022,0.003467,0.422915,0.414912,1.0
0.0,1.0,0.0,0.0,0.0,0.0,0.0,0.911862,0.808511,0.044104,0.460875,0.002916,0.411445,0.49693,0.0
0.0,1.0,0.0,0.0,0.0,0.0,0.0,0.465156,0.617021,0.041762,0.44213,0.002931,0.494821,0.098246,1.0
0.0,0.0,1.0,0.0,0.0,0.0,0.0,0.447016,0.914894,0.043113,0.570217,0.002958,0.443294,0.522368,0.0
0.0,0.0,0.0,0.0,0.0,1.0,0.0,0.903102,0.87234,0.041972,0.431419,0.002885,0.44666,0.319737,0.0
0.0,0.0,0.0,0.0,0.0,0.0,1.0,0.009159,0.93617,0.088838,0.52291,0.003467,0.422915,0.414912,1.0
0.0,1.0,0.0,0.0,0.0,0.0,0.0,0.027388,0.893617,0.1058,0.388575,0.003467,0.422915,0.414912,1.0
1.0,0.0,0.0,0.0,0.0,0.0,0.0,0.911818,0.553191,0.043713,0.318506,0.002844,0.261005,0.719298,1.0
0.0,0.0,1.0,0.0,0.0,0.0,0.0,0.027432,0.255319,0.074817,0.384112,0.003467,0.422915,0.414912,0.0
0.0,0.0,1.0,0.0,0.0,0.0,0.0,0.893766,0.787234,0.099886,0.786819,0.006737,0.671932,0.396491,1.0
0.0,0.0,0.0,0.0,0.0,0.0,1.0,0.018672,0.191489,0.044494,0.075573,0.003467,0.422915,0.414912,0.0
0.0,0.0,0.0,0.0,0.0,0.0,1.0,0.995443,0.87234,0.043743,0.464891,0.002817,0.365096,0.780263,1.0
0.0,0.0,0.0,0.0,0.0,0.0,1.0,0.86797,0.893617,0.034646,0.335168,0.00177,0.267219,0.802193,0.0
0.0,0.0,0.0,0.0,0.0,0.0,1.0,0.876997,0.255319,0.036418,0.234752,0.002422,0.244433,0.478947,1.0
1.0,0.0,0.0,0.0,0.0,0.0,0.0,0.911818,0.914894,0.042722,0.335912,0.002765,0.241844,0.817982,1.0
0.0,0.0,0.0,0.0,0.0,1.0,0.0,0.880625,0.0,0.050348,0.381732,0.00323,0.332988,0.767544,1.0
0.0,0.0,0.0,0.0,0.0,0.0,1.0,0.894562,0.702128,0.070313,0.563374,0.004429,0.453651,0.830702,1.0
0.0,0.0,0.0,0.0,0.0,0.0,1.0,0.898544,0.234043,0.042062,0.194139,0.002752,0.28405,0.685526,0.0
1.0,0.0,0.0,0.0,0.0,0.0,0.0,0.031061,0.425532,0.074547,0.501785,0.003467,0.422915,0.414912,1.0
0.0,1.0,0.0,0.0,0.0,0.0,0.0,0.90788,0.595745,0.077189,0.540167,0.005118,0.535215,0.467982,1.0
0.0,0.0,0.0,0.0,0.0,0.0,1.0,0.424981,0.0,0.055242,0.202767,0.003467,0.422915,0.414912,0.0
0.0,0.0,0.0,0.0,1.0,0.0,0.0,0.889208,0.170213,0.025609,0.193246,0.00167,0.306577,0.7,0.0
0.0,1.0,0.0,0.0,0.0,0.0,0.0,0.456528,0.489362,0.040471,0.602202,0.002673,0.657172,0.514912,1.0
0.0,0.0,0.0,0.0,0.0,0.0,1.0,0.031016,0.361702,0.082112,0.318953,0.003467,0.422915,0.414912,1.0
0.0,0.0,1.0,0.0,0.0,0.0,0.0,0.429096,0.468085,0.085655,0.523505,0.003467,0.422915,0.414912,1.0
0.0,0.0,0.0,1.0,0.0,0.0,0.0,0.443078,0.148936,0.040771,0.210503,0.002642,0.25246,0.727193,0.0
1.0,0.0,0.0,0.0,0.0,0.0,0.0,0.911508,0.638298,0.03918,0.313151,0.002491,0.242103,0.79693,0.0
1.0,0.0,0.0,0.0,0.0,0.0,0.0,0.465112,0.914894,0.031584,0.304671,0.002142,0.290005,0.494298,0.0
0.0,1.0,0.0,0.0,0.0,0.0,0.0,0.447901,0.680851,0.042152,0.632699,0.00284,0.542465,0.517544,1.0
0.0,0.0,0.0,1.0,0.0,0.0,0.0,0.021946,0.914894,0.046445,0.351979,0.003467,0.422915,0.414912,0.0
1.0,0.0,0.0,0.0,0.0,0.0,0.0,0.005177,0.93617,0.042572,0.505951,0.003467,0.422915,0.414912,0.0
0.0,0.0,0.0,0.0,0.0,0.0,1.0,0.031636,0.0,0.056833,0.208718,0.003467,0.422915,0.414912,0.0
0.0,0.0,0.0,0.0,1.0,0.0,0.0,0.469581,0.255319,0.045364,0.378756,0.003054,0.464526,0.470175,1.0
0.0,0.0,0.0,0.0,0.0,1.0,0.0,0.429539,0.93617,0.069293,0.354954,0.003467,0.422915,0.414912,0.0
0.0,0.0,0.0,1.0,0.0,0.0,0.0,0.031193,0.574468,0.125465,0.476793,0.003467,0.422915,0.414912,1.0
0.0,0.0,0.0,0.0,0.0,1.0,0.0,0.464714,0.723404,0.030323,0.423237,0.0021,0.46841,0.288158,0.0
0.0,0.0,0.0,0.0,0.0,1.0,0.0,0.460378,0.957447,0.032455,0.498512,0.00225,0.364319,0.405702,0.0
0.0,0.0,1.0,0.0,0.0,0.0,0.0,0.429406,0.191489,0.070704,0.223148,0.003467,0.422915,0.414912,1.0
1.0,0.0,0.0,0.0,0.0,0.0,0.0,0.434052,0.787234,0.061307,0.458346,0.003467,0.422915,0.414912,1.0
0.0,0.0,0.0,0.0,1.0,0.0,0.0,0.907393,0.574468,0.081002,0.473371,0.005567,0.555153,0.32193,1.0
0.0,0.0,0.0,0.0,1.0,0.0,0.0,0.474227,0.957447,0.02642,0.250669,0.001651,0.092698,0.889035,1.0
0.0,0.0,0.0,0.0,0.0,1.0,0.0,0.907438,0.425532,0.086616,0.536001,0.005893,0.524858,0.427632,1.0
0.0,0.0,0.0,0.0,0.0,0.0,1.0,0.442326,0.87234,0.05242,0.347813,0.003467,0.422915,0.414912,0.0
0.0,0.0,0.0,1.0,0.0,0.0,0.0,0.902703,0.978723,0.089288,0.488545,0.005914,0.522009,0.492105,1.0
0.0,0.0,0.0,0.0,1.0,0.0,0.0,0.443432,0.531915,0.061667,0.497025,0.004244,0.627395,0.35307,1.0
0.0,0.0,1.0,0.0,0.0,0.0,0.0,0.903279,0.510638,0.087426,0.522464,0.005816,0.548421,0.425439,1.0
0.0,0.0,0.0,0.0,0.0,0.0,1.0,0.447502,0.531915,0.041852,0.449717,0.002877,0.336613,0.525877,1.0
0.0,0.0,0.0,0.0,1.0,0.0,0.0,0.438211,0.510638,0.091389,0.506546,0.003467,0.422915,0.414912,1.0
0.0,0.0,0.0,0.0,1.0,0.0,0.0,0.45206,0.787234,0.057914,0.767926,0.003928,0.669601,0.304825,1.0
0.0,0.0,1.0,0.0,0.0,0.0,0.0,0.429715,0.808511,0.066741,0.494793,0.003467,0.422915,0.414912,0.0
0.0,0.0,1.0,0.0,0.0,0.0,0.0,0.424494,0.468085,0.056923,0.193544,0.003467,0.422915,0.414912,0.0
0.0,1.0,0.0,0.0,0.0,0.0,0.0,0.438078,0.340426,0.086105,0.481256,0.003467,0.422915,0.414912,1.0
0.0,1.0,0.0,0.0,0.0,0.0,0.0,0.008938,0.531915,0.070313,0.570961,0.003467,0.422915,0.414912,0.0
0.0,1.0,0.0,0.0,0.0,0.0,0.0,0.446662,0.93617,0.03897,0.57349,0.002046,0.441481,0.765789,0.0
0.0,1.0,0.0,0.0,0.0,0.0,0.0,0.911862,0.87234,0.041311,0.379054,0.002736,0.408338,0.492544,0.0
0.0,0.0,0.0,0.0,1.0,0.0,0.0,0.017654,0.531915,0.06644,0.486016,0.003467,0.422915,0.414912,0.0
0.0,0.0,0.0,0.0,0.0,1.0,0.0,0.460378,1.0,0.036328,0.507289,0.002505,0.458571,0.367982,1.0
0.0,0.0,0.0,1.0,0.0,0.0,0.0,0.031503,0.978723,0.078029,0.420559,0.003467,0.422915,0.414912,1.0
0.0,0.0,0.0,0.0,1.0,0.0,0.0,0.005044,0.531915,0.042572,0.528414,0.003467,0.422915,0.414912,0.0
0.0,0.0,0.0,1.0,0.0,0.0,0.0,0.026547,0.957447,0.106221,0.435138,0.003467,0.422915,0.414912,1.0
0.0,0.0,0.0,1.0,0.0,0.0,0.0,0.005309,0.319149,0.089798,0.623326,0.003467,0.422915,0.414912,1.0
0.0,1.0,0.0,0.0,0.0,0.0,0.0,0.872351,0.808511,0.028762,0.443767,0.000995,0.403677,0.747368,0.0
0.0,0.0,0.0,0.0,1.0,0.0,0.0,0.424583,0.0,0.058394,0.288753,0.003467,0.422915,0.414912,1.0
1.0,0.0,0.0,0.0,0.0,0.0,0.0,0.027344,0.744681,0.062447,0.43618,0.003467,0.422915,0.414912,0.0
0.0,1.0,0.0,0.0,0.0,0.0,0.0,0.018451,0.638298,0.089378,0.478429,0.003467,0.422915,0.414912,1.0
0.0,0.0,0.0,0.0,1.0,0.0,0.0,0.876289,0.212766,0.050739,0.308688,0.003209,0.389694,0.766228,1.0
0.0,0.0,0.0,0.0,0.0,1.0,0.0,0.000796,0.553191,0.090939,0.335168,0.003467,0.422915,0.414912,0.0
0.0,0.0,0.0,0.0,0.0,0.0,1.0,0.452148,0.042553,0.038459,0.491074,0.002723,0.446142,0.256579,0.0
1.0,0.0,0.0,0.0,0.0,0.0,0.0,0.451263,0.893617,0.041762,0.548646,0.002711,0.389953,0.776316,1.0
0.0,0.0,0.0,0.0,1.0,0.0,0.0,0.876908,0.893617,0.028732,0.413419,0.001903,0.338167,0.630702,0.0
1.0,0.0,0.0,0.0,0.0,0.0,0.0,0.438963,0.93617,0.053621,0.387236,0.003467,0.422915,0.414912,0.0
0.0,0.0,0.0,0.0,0.0,1.0,0.0,0.889562,0.914894,0.02657,0.487652,0.001847,0.428793,0.442105,0.0
0.0,1.0,0.0,0.0,0.0,0.0,0.0,0.434096,0.042553,0.044134,0.23609,0.003467,0.422915,0.414912,0.0
1.0,0.0,0.0,0.0,0.0,0.0,0.0,0.03199,0.468085,0.074817,0.334573,0.003467,0.422915,0.414912,1.0
0.0,0.0,0.0,1.0,0.0,0.0,0.0,0.915667,0.617021,0.124234,0.541357,0.008523,0.722165,0.25307,1.0
1.0,0.0,0.0,0.0,0.0,0.0,0.0,0.017787,0.617021,0.072205,0.458346,0.003467,0.422915,0.414912,1.0
0.0,0.0,0.0,0.0,0.0,0.0,1.0,0.867351,0.553191,0.028342,0.346177,0.001867,0.364837,0.79386,0.0
0.0,0.0,0.0,0.0,0.0,1.0,0.0,0.903102,0.595745,0.058995,0.475602,0.003941,0.512688,0.496053,0.0
0.0,0.0,0.0,1.0,0.0,0.0,0.0,0.013318,0.829787,0.088567,0.775811,0.003467,0.422915,0.414912,1.0
0.0,0.0,0.0,1.0,0.0,0.0,0.0,0.89381,0.255319,0.044073,0.424725,0.002892,0.424392,0.598246,0.0
0.0,0.0,0.0,0.0,0.0,1.0,0.0,0.026636,0.085106,0.048607,0.157096,0.003467,0.422915,0.414912,0.0
0.0,1.0,0.0,0.0,0.0,0.0,0.0,0.903234,0.042553,0.053771,0.251413,0.003523,0.407043,0.437719,0.0
0.0,1.0,0.0,0.0,0.0,0.0,0.0,0.459891,0.106383,0.027951,0.185808,0.001624,0.285603,0.746491,1.0
0.0,0.0,0.0,0.0,0.0,1.0,0.0,0.026636,1.0,0.048487,0.237281,0.003467,0.422915,0.414912,0.0
0.0,0.0,0.0,0.0,1.0,0.0,0.0,0.026901,0.191489,0.059865,0.215858,0.003467,0.422915,0.414912,0.0
0.0,0.0,0.0,0.0,0.0,0.0,1.0,0.903146,0.319149,0.090699,0.343053,0.002528,0.265148,0.594298,1.0
0.0,0.0,0.0,0.0,0.0,1.0,0.0,0.018627,0.510638,0.075327,0.398988,0.003467,0.422915,0.414912,1.0
0.0,0.0,1.0,0.0,0.0,0.0,0.0,0.87589,0.489362,0.034887,0.662749,0.002264,0.689539,0.382018,1.0
0.0,0.0,0.0,1.0,0.0,0.0,0.0,0.001018,0.06383,0.077999,0.39155,0.003467,0.422915,0.414912,1.0
0.0,0.0,0.0,1.0,0.0,0.0,0.0,0.880536,0.0,0.03966,0.430675,0.002621,0.357328,0.547368,0.0
0.0,1.0,0.0,0.0,0.0,0.0,0.0,0.97332,0.106383,0.040171,0.223892,0.002613,0.333765,0.682895,0.0
0.0,0.0,0.0,0.0,0.0,0.0,1.0,0.442901,0.425532,0.059415,0.514877,0.004086,0.345676,0.442105,1.0
1.0,0.0,0.0,0.0,0.0,0.0,0.0,0.885049,0.212766,0.028372,0.127938,0.001838,0.215691,0.756579,0.0
0.0,1.0,0.0,0.0,0.0,0.0,0.0,0.032034,0.978723,0.089798,0.335168,0.003467,0.422915,0.414912,1.0
0.0,0.0,0.0,0.0,0.0,1.0,0.0,0.908057,0.702128,0.048307,0.494347,0.003301,0.497411,0.301754,0.0
0.0,0.0,0.0,0.0,0.0,0.0,1.0,0.469979,0.851064,0.029182,0.394972,0.001969,0.260228,0.565789,0.0
0.0,0.0,0.0,0.0,0.0,0.0,1.0,0.907482,0.382979,0.086976,0.434841,0.005806,0.352149,0.449123,1.0
0.0,0.0,0.0,0.0,0.0,1.0,0.0,0.438874,0.021277,0.048337,0.296638,0.003467,0.422915,0.414912,0.0
0.0,0.0,1.0,0.0,0.0,0.0,0.0,0.022211,0.808511,0.047286,0.45537,0.003467,0.422915,0.414912,0.0
0.0,0.0,0.0,0.0,0.0,0.0,1.0,0.004513,1.0,0.043683,0.384261,0.003467,0.422915,0.414912,0.0
0.0,0.0,0.0,1.0,0.0,0.0,0.0,0.903633,0.170213,0.02648,0.141178,0.001716,0.115484,0.802193,0.0
0.0,0.0,0.0,1.0,0.0,0.0,0.0,0.00438,0.085106,0.045244,0.323862,0.003467,0.422915,0.414912,0.0
0.0,0.0,0.0,0.0,1.0,0.0,0.0,0.429185,0.404255,0.095232,0.606367,0.003467,0.422915,0.414912,1.0
0.0,0.0,0.0,1.0,0.0,0.0,0.0,0.437857,0.510638,0.060676,0.498364,0.003467,0.422915,0.414912,1.0
0.0,0.0,0.0,0.0,0.0,0.0,1.0,0.876067,0.595745,0.02612,0.30601,0.000956,0.272398,0.834649,0.0
0.0,0.0,0.0,0.0,0.0,1.0,0.0,0.455776,0.446809,0.040381,0.606367,0.002748,0.683843,0.429825,1.0
1.0,0.0,0.0,0.0,0.0,0.0,0.0,0.022123,0.744681,0.103248,0.361648,0.003467,0.422915,0.414912,1.0
0.0,0.0,0.0,0.0,0.0,0.0,1.0,0.86797,0.191489,0.029963,0.170783,0.000885,0.194977,0.902193,1.0
0.0,0.0,1.0,0.0,0.0,0.0,0.0,0.451971,0.446809,0.038489,0.707676,0.002603,0.620922,0.464035,0.0
0.0,1.0,0.0,0.0,0.0,0.0,0.0,0.889076,0.851064,0.028942,0.539125,0.002007,0.54376,0.313596,0.0
0.0,0.0,0.0,0.0,0.0,1.0,0.0,0.009734,0.87234,0.041582,0.493752,0.003467,0.422915,0.414912,0.0
0.0,0.0,0.0,0.0,1.0,0.0,0.0,0.880271,0.93617,0.042662,0.431717,0.002931,0.359917,0.392544,1.0
1.0,0.0,0.0,0.0,0.0,0.0,0.0,0.867705,0.021277,0.029242,0.205594,0.001697,0.278871,0.814474,0.0
0.0,0.0,0.0,0.0,0.0,0.0,1.0,0.026371,0.595745,0.054732,0.248289,0.003467,0.422915,0.414912,0.0
0.0,1.0,0.0,0.0,0.0,0.0,0.0,0.464537,0.468085,0.06566,0.346772,0.004362,0.483687,0.506579,1.0
0.0,0.0,0.0,0.0,1.0,0.0,0.0,0.45206,0.574468,0.033325,0.526927,0.002256,0.582082,0.404825,0.0
0.0,0.0,0.0,0.0,0.0,1.0,0.0,0.460997,0.765957,0.031494,0.51681,0.002167,0.453392,0.355702,0.0
1.0,0.0,0.0,0.0,0.0,0.0,0.0,0.456794,0.340426,0.029723,0.317614,0.001248,0.185655,0.813158,1.0
0.0,1.0,0.0,0.0,0.0,0.0,0.0,0.911553,0.12766,0.02648,0.127343,0.001718,0.256603,0.695614,0.0
0.0,0.0,0.0,0.0,0.0,0.0,1.0,0.425291,0.255319,0.073826,0.100863,0.003467,0.422915,0.414912,0.0
0.0,0.0,0.0,1.0,0.0,0.0,0.0,0.899031,0.148936,0.049958,0.245463,0.003236,0.371051,0.632895,0.0
0.0,0.0,1.0,0.0,0.0,0.0,0.0,0.872395,0.085106,0.035547,0.164981,0.000831,0.291041,0.63114,1.0
0.0,0.0,1.0,0.0,0.0,0.0,0.0,0.455644,0.276596,0.037468,0.576317,0.002611,0.536769,0.424123,0.0
0.0,0.0,0.0,1.0,0.0,0.0,0.0,0.013008,0.510638,0.041732,0.547456,0.003467,0.422915,0.414912,0.0
0.0,1.0,0.0,0.0,0.0,0.0,0.0,0.009557,0.808511,0.041642,0.717941,0.003467,0.422915,0.414912,0.0
0.0,0.0,0.0,0.0,1.0,0.0,0.0,0.885226,0.148936,0.040651,0.202916,0.002653,0.266442,0.634211,1.0
1.0,0.0,0.0,0.0,0.0,0.0,0.0,0.433742,0.382979,0.081092,0.546415,0.003467,0.422915,0.414912,1.0
0.0,0.0,0.0,0.0,0.0,0.0,1.0,0.429273,0.574468,0.095473,0.459536,0.003467,0.422915,0.414912,1.0
0.0,0.0,0.0,0.0,0.0,0.0,1.0,0.009469,0.404255,0.042602,0.524844,0.003467,0.422915,0.414912,0.0
0.0,1.0,0.0,0.0,0.0,0.0,0.0,0.433476,0.574468,0.080251,0.599375,0.003467,0.422915,0.414912,1.0
0.0,0.0,0.0,0.0,0.0,1.0,0.0,0.876643,0.638298,0.047526,0.666022,0.003218,0.659762,0.373684,1.0
1.0,0.0,0.0,0.0,0.0,0.0,0.0,0.438653,0.0,0.050198,0.286671,0.003467,0.422915,0.414912,0.0
0.0,1.0,0.0,0.0,0.0,0.0,0.0,0.026769,0.255319,0.107572,0.386641,0.003467,0.422915,0.414912,1.0
0.0,0.0,1.0,0.0,0.0,0.0,0.0,0.425424,0.93617,0.114297,0.458643,0.003467,0.422915,0.414912,0.0
0.0,0.0,0.0,0.0,0.0,0.0,1.0,0.017433,0.191489,0.061967,0.111574,0.003467,0.422915,0.414912,0.0
0.0,1.0,0.0,0.0,0.0,0.0,0.0,0.439007,0.765957,0.110034,0.578846,0.003467,0.422915,0.414912,1.0
1.0,0.0,0.0,0.0,0.0,0.0,0.0,0.442945,0.659574,0.045635,0.324903,0.00301,0.223718,0.665789,0.0
0.0,1.0,0.0,0.0,0.0,0.0,0.0,0.880448,0.638298,0.049057,0.592681,0.003438,0.537027,0.271053,1.0
0.0,0.0,0.0,0.0,0.0,1.0,0.0,0.991018,0.723404,0.031134,0.607855,0.002065,0.540911,0.551754,0.0
0.0,0.0,0.0,0.0,0.0,0.0,1.0,0.442326,0.744681,0.077939,0.45909,0.003467,0.422915,0.414912,1.0
0.0,0.0,0.0,1.0,0.0,0.0,0.0,0.000708,0.914894,0.044104,0.426659,0.003467,0.422915,0.414912,0.0
0.0,1.0,0.0,0.0,0.0,0.0,0.0,0.031415,0.255319,0.099346,0.398096,0.003467,0.422915,0.414912,1.0
0.0,0.0,0.0,1.0,0.0,0.0,0.0,0.912261,0.021277,0.055092,0.347664,0.003774,0.352667,0.362719,0.0
0.0,1.0,0.0,0.0,0.0,0.0,0.0,0.44237,0.510638,0.074997,0.526629,0.005395,0.462714,0.500526,1.0
0.0,0.0,0.0,0.0,1.0,0.0,0.0,0.000133,0.617021,0.149664,0.456709,0.003467,0.422915,0.414912,1.0
0.0,1.0,0.0,0.0,0.0,0.0,0.0,0.44237,0.255319,0.045485,0.288753,0.003029,0.245469,0.500526,0.0
0.0,0.0,0.0,1.0,0.0,0.0,0.0,0.455998,0.404255,0.073256,0.679857,0.004944,0.639047,0.367982,1.0
1.0,0.0,0.0,0.0,0.0,0.0,0.0,0.876421,0.06383,0.024409,0.144302,0.000841,0.283014,0.732018,0.0
0.0,0.0,0.0,0.0,0.0,1.0,0.0,0.469935,0.595745,0.036177,0.61812,0.003099,0.491455,0.214035,0.0
0.0,0.0,0.0,0.0,1.0,0.0,0.0,0.871554,0.574468,0.060796,0.696073,0.004067,0.748835,0.20307,1.0
0.0,0.0,1.0,0.0,0.0,0.0,0.0,0.911907,0.978723,0.088597,0.452395,0.005985,0.423615,0.512719,1.0
0.0,0.0,0.0,0.0,0.0,0.0,1.0,0.455511,0.659574,0.033025,0.407319,0.002042,0.311756,0.798246,0.0
0.0,0.0,0.0,0.0,0.0,1.0,0.0,0.455776,0.06383,0.040201,0.4518,0.002786,0.48291,0.427193,1.0
1.0,0.0,0.0,0.0,0.0,0.0,0.0,0.469404,0.787234,0.036298,0.342755,0.002412,0.291041,0.583333,1.0
0.0,0.0,0.0,1.0,0.0,0.0,0.0,0.880536,0.12766,0.031734,0.180601,0.001934,0.260228,0.634211,0.0
0.0,0.0,0.0,0.0,1.0,0.0,0.0,0.911995,0.382979,0.061607,0.55787,0.004159,0.541429,0.367982,1.0
0.0,0.0,0.0,0.0,1.0,0.0,0.0,0.8812,0.829787,0.029392,0.524993,0.002013,0.539099,0.447368,0.0
0.0,0.0,0.0,0.0,0.0,1.0,0.0,0.893589,0.829787,0.06629,0.728355,0.004364,0.570171,0.532456,0.0
0.0,0.0,0.0,1.0,0.0,0.0,0.0,0.031813,0.106383,0.040351,0.00967,0.003467,0.422915,0.414912,0.0
1.0,0.0,0.0,0.0,0.0,0.0,0.0,0.425335,0.06383,0.067131,0.134186,0.003467,0.422915,0.414912,0.0
0.0,0.0,0.0,0.0,0.0,1.0,0.0,0.447458,0.425532,0.048157,0.689378,0.003589,0.655878,0.225,0.0
0.0,0.0,0.0,1.0,0.0,0.0,0.0,0.889784,0.446809,0.063468,0.733859,0.004435,0.698084,0.282018,1.0
0.0,0.0,0.0,1.0,0.0,0.0,0.0,0.473873,0.340426,0.028402,0.569176,0.001878,0.517349,0.637719,0.0
0.0,0.0,0.0,1.0,0.0,0.0,0.0,0.464625,0.042553,0.093101,0.396459,0.006375,0.393061,0.375877,1.0
0.0,0.0,0.0,0.0,0.0,1.0,0.0,0.903411,0.829787,0.045274,0.537935,0.003049,0.511911,0.417544,0.0
0.0,0.0,0.0,0.0,0.0,0.0,1.0,0.428963,0.957447,0.055242,0.292026,0.003467,0.422915,0.414912,0.0
1.0,0.0,0.0,0.0,0.0,0.0,0.0,0.438034,0.617021,0.073136,0.462957,0.003467,0.422915,0.414912,1.0
0.0,0.0,1.0,0.0,0.0,0.0,0.0,0.464581,0.914894,0.030023,0.40717,0.002059,0.367685,0.387719,0.0
0.0,0.0,0.0,0.0,0.0,0.0,1.0,0.452148,0.297872,0.033205,0.325498,0.002285,0.220352,0.539474,0.0
1.0,0.0,0.0,0.0,0.0,0.0,0.0,0.447547,0.212766,0.0,0.147129,0.0,0.101502,0.469298,0.0
0.0,0.0,0.0,0.0,0.0,1.0,0.0,0.442281,0.425532,0.054401,0.452693,0.003467,0.422915,0.414912,0.0
0.0,0.0,0.0,0.0,0.0,0.0,1.0,0.885005,0.87234,0.088747,0.415799,0.005997,0.394355,0.424561,1.0
0.0,0.0,0.0,0.0,0.0,1.0,0.0,0.438874,1.0,0.049898,0.299167,0.003467,0.422915,0.414912,0.0
0.0,1.0,0.0,0.0,0.0,0.0,0.0,0.032034,0.531915,0.074817,0.344838,0.003467,0.422915,0.414912,1.0
0.0,0.0,0.0,1.0,0.0,0.0,0.0,0.89381,0.744681,0.102438,0.777745,0.007042,0.769291,0.314035,1.0
1.0,0.0,0.0,0.0,0.0,0.0,0.0,0.906907,0.787234,0.056203,0.367301,0.004123,0.431901,0.398246,1.0
0.0,0.0,1.0,0.0,0.0,0.0,0.0,0.903279,0.893617,0.030383,0.41803,0.002069,0.415847,0.403947,0.0
0.0,1.0,0.0,0.0,0.0,0.0,0.0,0.018451,0.829787,0.046565,0.462511,0.003467,0.422915,0.414912,0.0
0.0,0.0,0.0,0.0,1.0,0.0,0.0,0.022919,0.702128,0.084814,0.465189,0.003467,0.422915,0.414912,1.0
0.0,1.0,0.0,0.0,0.0,0.0,0.0,0.911553,0.404255,0.050078,0.539125,0.003297,0.542465,0.487281,1.0
0.0,1.0,0.0,0.0,0.0,0.0,0.0,0.885094,0.553191,0.037468,0.536001,0.002763,0.682548,0.058772,0.0
0.0,1.0,0.0,0.0,0.0,0.0,0.0,0.451307,0.510638,0.040441,0.576317,0.002621,0.532367,0.639474,1.0
0.0,1.0,0.0,0.0,0.0,0.0,0.0,0.004602,0.510638,0.121202,0.591342,0.003467,0.422915,0.414912,1.0
0.0,0.0,0.0,0.0,0.0,1.0,0.0,0.013406,0.404255,0.078029,0.614698,0.003467,0.422915,0.414912,0.0
0.0,0.0,0.0,0.0,1.0,0.0,0.0,0.885536,0.531915,0.028852,0.505802,0.002029,0.6261,0.342544,0.0
0.0,0.0,0.0,0.0,0.0,1.0,0.0,0.022964,0.680851,0.077819,0.284885,0.003467,0.422915,0.414912,1.0
1.0,0.0,0.0,0.0,0.0,0.0,0.0,0.907216,0.319149,0.064789,0.245165,0.003945,0.200414,0.852632,0.0
0.0,0.0,0.0,0.0,1.0,0.0,0.0,0.005044,0.659574,0.042422,0.471586,0.003467,0.422915,0.414912,0.0
0.0,0.0,0.0,0.0,1.0,0.0,0.0,0.460643,0.425532,0.073106,0.552217,0.004911,0.534956,0.390789,1.0
0.0,0.0,1.0,0.0,0.0,0.0,0.0,0.894075,0.106383,0.063618,0.386343,0.004173,0.465821,0.685526,0.0
0.0,0.0,0.0,1.0,0.0,0.0,0.0,0.465555,0.553191,0.030323,0.504909,0.002104,0.389953,0.488158,0.0
1.0,0.0,0.0,0.0,0.0,0.0,0.0,0.876421,0.361702,0.028462,0.347664,0.000721,0.216468,0.813158,1.0
0.0,1.0,0.0,0.0,0.0,0.0,0.0,0.017831,0.170213,0.046685,0.17346,0.003467,0.422915,0.414912,0.0
0.0,0.0,0.0,1.0,0.0,0.0,0.0,0.013937,0.06383,0.041431,0.469949,0.003467,0.422915,0.414912,0.0
0.0,0.0,1.0,0.0,0.0,0.0,0.0,0.465201,0.021277,0.062958,0.441982,0.004331,0.387364,0.311842,1.0
0.0,0.0,0.0,0.0,0.0,1.0,0.0,0.884651,0.510638,0.028101,0.519339,0.001953,0.553081,0.410526,0.0
0.0,0.0,0.0,0.0,0.0,1.0,0.0,0.014026,0.595745,0.040801,0.323416,0.003467,0.422915,0.414912,0.0
0.0,0.0,0.0,0.0,1.0,0.0,0.0,0.885536,0.957447,0.069923,0.545671,0.004414,0.439669,0.524561,1.0
0.0,0.0,1.0,0.0,0.0,0.0,0.0,0.439051,0.595745,0.055062,0.49643,0.003467,0.422915,0.414912,0.0
0.0,0.0,1.0,0.0,0.0,0.0,0.0,0.424494,0.12766,0.055242,0.027522,0.003467,0.422915,0.414912,0.0
0.0,0.0,0.0,0.0,0.0,1.0,0.0,0.912039,0.914894,0.048457,0.420559,0.003184,0.328327,0.566667,0.0
0.0,0.0,0.0,0.0,0.0,1.0,0.0,0.456396,0.319149,0.042002,0.647724,0.00279,0.597877,0.498246,1.0
0.0,0.0,0.0,1.0,0.0,0.0,0.0,0.875935,0.787234,0.034106,0.598334,0.001425,0.422061,0.661404,0.0
1.0,0.0,0.0,0.0,0.0,0.0,0.0,0.008893,0.851064,0.120151,0.707081,0.003467,0.422915,0.414912,1.0
0.0,1.0,0.0,0.0,0.0,0.0,0.0,0.890005,0.170213,0.027261,0.17465,0.001762,0.316416,0.679825,0.0
0.0,0.0,0.0,0.0,1.0,0.0,0.0,0.030928,0.93617,0.102258,0.444064,0.003467,0.422915,0.414912,1.0
0.0,0.0,0.0,0.0,0.0,0.0,1.0,0.008849,0.319149,0.078209,0.270604,0.003467,0.422915,0.414912,1.0
0.0,0.0,0.0,0.0,1.0,0.0,0.0,0.45144,0.851064,0.107992,0.793514,0.007245,0.600207,0.660526,1.0
0.0,1.0,0.0,0.0,0.0,0.0,0.0,0.004602,0.042553,0.043833,0.383368,0.003467,0.422915,0.414912,0.0
0.0,0.0,1.0,0.0,0.0,0.0,0.0,0.43414,0.510638,0.081902,0.600417,0.003467,0.422915,0.414912,1.0
0.0,0.0,0.0,0.0,0.0,0.0,1.0,0.460112,0.404255,0.028251,0.530943,0.001888,0.353962,0.533772,0.0
0.0,0.0,0.0,0.0,1.0,0.0,0.0,0.893677,0.361702,0.029122,0.524695,0.002011,0.613413,0.294737,0.0
1.0,0.0,0.0,0.0,0.0,0.0,0.0,0.9035,0.170213,0.030683,0.085391,0.001847,0.108493,0.827632,0.0
0.0,0.0,1.0,0.0,0.0,0.0,0.0,0.43445,0.489362,0.070974,0.515025,0.003467,0.422915,0.414912,1.0
0.0,0.0,0.0,0.0,1.0,0.0,0.0,0.45144,0.531915,0.038699,0.5964,0.002611,0.651217,0.425877,0.0
0.0,0.0,0.0,0.0,0.0,1.0,0.0,0.884651,0.085106,0.028101,0.292175,0.001774,0.397721,0.572807,1.0
1.0,0.0,0.0,0.0,0.0,0.0,0.0,0.455555,0.212766,0.028161,0.163939,0.001834,0.188244,0.896491,0.0
0.0,1.0,0.0,0.0,0.0,0.0,0.0,0.429362,0.234043,0.080101,0.384856,0.003467,0.422915,0.414912,0.0
1.0,0.0,0.0,0.0,0.0,0.0,0.0,0.434052,0.765957,0.049538,0.447635,0.003467,0.422915,0.414912,0.0
0.0,0.0,1.0,0.0,0.0,0.0,0.0,0.867484,0.489362,0.037228,0.642963,0.002462,0.719057,0.350439,1.0
0.0,0.0,0.0,1.0,0.0,0.0,0.0,0.45998,0.574468,0.030353,0.473222,0.002083,0.494821,0.255263,0.0
0.0,0.0,0.0,1.0,0.0,0.0,0.0,8.8e-05,0.425532,0.046956,0.520976,0.003467,0.422915,0.414912,1.0
0.0,0.0,0.0,1.0,0.0,0.0,0.0,0.00438,0.638298,0.043743,0.459387,0.003467,0.422915,0.414912,0.0
0.0,0.0,0.0,1.0,0.0,0.0,0.0,0.438786,0.042553,0.05248,0.35778,0.003467,0.422915,0.414912,0.0
1.0,0.0,0.0,0.0,0.0,0.0,0.0,0.443255,0.93617,0.044554,0.422493,0.002995,0.292595,0.569737,0.0
0.0,0.0,0.0,0.0,0.0,0.0,1.0,0.474315,0.617021,0.024919,0.231479,0.00161,0.139047,0.881579,0.0
1.0,0.0,0.0,0.0,0.0,0.0,0.0,0.898279,0.851064,0.078119,0.635079,0.004684,0.490678,0.706579,1.0
0.0,1.0,0.0,0.0,0.0,0.0,0.0,0.474094,0.574468,0.073286,0.70485,0.004969,0.441222,0.620614,1.0
0.0,0.0,0.0,0.0,0.0,1.0,0.0,0.455467,0.106383,0.036838,0.373103,0.002522,0.404713,0.65,0.0
0.0,0.0,1.0,0.0,0.0,0.0,0.0,0.87682,0.680851,0.028822,0.569771,0.001892,0.517607,0.492544,0.0
0.0,0.0,0.0,0.0,0.0,1.0,0.0,0.424627,0.468085,0.080611,0.328771,0.003467,0.422915,0.414912,1.0
0.0,0.0,0.0,1.0,0.0,0.0,0.0,0.473873,0.361702,0.028161,0.593425,0.001845,0.522009,0.642544,0.0
1.0,0.0,0.0,0.0,0.0,0.0,0.0,0.464493,0.808511,0.033145,0.373401,0.002264,0.392284,0.468421,1.0
0.0,0.0,0.0,1.0,0.0,0.0,0.0,0.90704,0.340426,0.088417,0.47114,0.00613,0.778871,0.175439,1.0
0.0,1.0,0.0,0.0,0.0,0.0,0.0,0.009557,0.12766,0.041642,0.308539,0.003467,0.422915,0.414912,0.0
0.0,1.0,0.0,0.0,0.0,0.0,0.0,0.455909,0.595745,0.075988,0.56873,0.005544,0.699637,0.136842,1.0
0.0,0.0,1.0,0.0,0.0,0.0,0.0,0.425424,0.170213,0.074186,0.172568,0.003467,0.422915,0.414912,0.0
0.0,0.0,0.0,1.0,0.0,0.0,0.0,0.880227,0.0,0.03999,0.427998,0.002638,0.351631,0.558772,1.0
0.0,0.0,0.0,0.0,0.0,0.0,1.0,0.433388,0.148936,0.041131,0.071854,0.003467,0.422915,0.414912,0.0
0.0,0.0,0.0,0.0,1.0,0.0,0.0,0.008761,0.659574,0.125796,0.527522,0.003467,0.422915,0.414912,1.0
0.0,1.0,0.0,0.0,0.0,0.0,0.0,0.021857,0.851064,0.071995,0.487057,0.003467,0.422915,0.414912,0.0
0.0,0.0,0.0,0.0,0.0,1.0,0.0,0.014336,0.574468,0.088807,0.479768,0.003467,0.422915,0.414912,1.0
0.0,1.0,0.0,0.0,0.0,0.0,0.0,0.902925,0.255319,0.067401,0.350937,0.004474,0.343863,0.604386,1.0
0.0,0.0,0.0,0.0,0.0,1.0,0.0,0.495686,0.787234,0.050799,0.476049,0.00356,0.483946,0.157456,1.0
0.0,0.0,0.0,1.0,0.0,0.0,0.0,0.01792,0.723404,0.084754,0.484975,0.003467,0.422915,0.414912,1.0
0.0,1.0,0.0,0.0,0.0,0.0,0.0,0.429052,0.0,0.067731,0.358078,0.003467,0.422915,0.414912,0.0
0.0,0.0,0.0,0.0,0.0,1.0,0.0,0.031592,0.106383,0.05302,0.106813,0.003467,0.422915,0.414912,0.0
0.0,0.0,1.0,0.0,0.0,0.0,0.0,0.027432,0.382979,0.080131,0.532282,0.003467,0.422915,0.414912,1.0
0.0,1.0,0.0,0.0,0.0,0.0,0.0,0.907261,0.404255,0.127957,0.543737,0.008375,0.629208,0.536404,1.0
0.0,0.0,0.0,1.0,0.0,0.0,0.0,0.027477,1.0,0.069713,0.380095,0.003467,0.422915,0.414912,1.0
0.0,0.0,0.0,0.0,0.0,0.0,1.0,0.876687,0.893617,0.028732,0.389616,0.001103,0.283532,0.679825,0.0
0.0,1.0,0.0,0.0,0.0,0.0,0.0,0.009867,0.531915,0.075267,0.547902,0.003467,0.422915,0.414912,1.0
0.0,0.0,0.0,0.0,0.0,0.0,1.0,0.017743,0.042553,0.046385,0.275811,0.003467,0.422915,0.414912,0.0
0.0,0.0,0.0,1.0,0.0,0.0,0.0,0.465555,0.723404,0.029362,0.470247,0.002013,0.350596,0.584649,0.0
0.0,1.0,0.0,0.0,0.0,0.0,0.0,0.903234,0.617021,0.081722,0.480512,0.005555,0.550492,0.390789,1.0
0.0,0.0,0.0,0.0,0.0,0.0,1.0,0.894252,0.87234,0.076648,0.584945,0.00478,0.470741,0.695175,1.0
0.0,0.0,1.0,0.0,0.0,0.0,0.0,0.009911,0.829787,0.041281,0.660369,0.003467,0.422915,0.414912,0.0
0.0,0.0,1.0,0.0,0.0,0.0,0.0,0.868103,0.489362,0.029963,0.590003,0.001955,0.539099,0.492105,0.0
0.0,0.0,0.0,0.0,1.0,0.0,0.0,0.43852,0.829787,0.05305,0.422642,0.003467,0.422915,0.414912,0.0
0.0,0.0,1.0,0.0,0.0,0.0,0.0,0.424494,0.680851,0.056923,0.178667,0.003467,0.422915,0.414912,0.0
0.0,0.0,0.0,0.0,1.0,0.0,0.0,0.447414,0.06383,0.03981,0.477983,0.002657,0.475919,0.564035,0.0
0.0,0.0,0.0,0.0,1.0,0.0,0.0,0.425822,0.978723,0.081782,0.428741,0.003467,0.422915,0.414912,1.0
0.0,0.0,0.0,0.0,0.0,0.0,1.0,0.876687,1.0,0.028191,0.275811,0.001737,0.304764,0.723684,0.0
0.0,1.0,0.0,0.0,0.0,0.0,0.0,0.008628,0.87234,0.057734,0.638054,0.003467,0.422915,0.414912,0.0
0.0,0.0,0.0,0.0,1.0,0.0,0.0,0.031547,0.531915,0.060406,0.439453,0.003467,0.422915,0.414912,0.0
0.0,0.0,0.0,0.0,0.0,1.0,0.0,0.451794,0.468085,0.042752,0.668849,0.00286,0.644485,0.452632,0.0
0.0,0.0,1.0,0.0,0.0,0.0,0.0,0.907924,0.085106,0.047466,0.204552,0.003182,0.375712,0.479386,0.0
0.0,0.0,0.0,0.0,1.0,0.0,0.0,0.00938,0.12766,0.06599,0.319548,0.003467,0.422915,0.414912,0.0
0.0,0.0,1.0,0.0,0.0,0.0,0.0,0.022521,0.212766,0.06545,0.165129,0.003467,0.422915,0.414912,0.0
0.0,0.0,0.0,0.0,1.0,0.0,0.0,0.876908,0.468085,0.035217,0.555638,0.002395,0.527706,0.445175,1.0
0.0,0.0,0.0,0.0,0.0,0.0,1.0,0.867351,0.659574,0.032245,0.329217,0.002135,0.399793,0.726754,1.0
0.0,0.0,0.0,0.0,0.0,1.0,0.0,0.89881,0.893617,0.045935,0.455073,0.003122,0.445106,0.410088,0.0
0.0,0.0,0.0,0.0,1.0,0.0,0.0,0.008761,0.893617,0.041732,0.527075,0.003467,0.422915,0.414912,0.0
1.0,0.0,0.0,0.0,0.0,0.0,0.0,0.031061,0.617021,0.090098,0.517554,0.003467,0.422915,0.414912,1.0
0.0,0.0,0.0,0.0,0.0,0.0,1.0,0.500111,0.212766,0.02696,0.100268,0.001836,0.169342,0.45,0.0
0.0,0.0,1.0,0.0,0.0,0.0,0.0,0.469493,0.021277,0.027351,0.305118,0.001822,0.305541,0.559649,0.0
0.0,0.0,0.0,0.0,0.0,0.0,1.0,0.903146,0.702128,0.053921,0.314787,0.003238,0.298291,0.623684,0.0
0.0,0.0,0.0,0.0,0.0,1.0,0.0,0.908057,0.87234,0.040591,0.378905,0.002723,0.37623,0.433772,0.0
0.0,1.0,0.0,0.0,0.0,0.0,0.0,0.023096,0.148936,0.067761,0.134781,0.003467,0.422915,0.414912,0.0
0.0,0.0,0.0,1.0,0.0,0.0,0.0,0.465555,0.106383,0.025399,0.141029,0.001693,0.200673,0.578509,0.0
0.0,0.0,0.0,0.0,1.0,0.0,0.0,0.876156,0.87234,0.047916,0.455668,0.003297,0.515277,0.364035,0.0
1.0,0.0,0.0,0.0,0.0,0.0,0.0,0.875802,0.744681,0.028822,0.34573,0.001068,0.28146,0.841667,1.0
0.0,0.0,1.0,0.0,0.0,0.0,0.0,0.872085,0.489362,0.024799,0.518149,0.001572,0.520197,0.709211,0.0
0.0,0.0,0.0,1.0,0.0,0.0,0.0,0.880227,0.659574,0.034826,0.514877,0.002422,0.5,0.242982,0.0
0.0,0.0,0.0,0.0,1.0,0.0,0.0,0.867263,0.680851,0.036208,0.469652,0.002464,0.464267,0.439035,1.0
0.0,0.0,0.0,0.0,0.0,1.0,0.0,0.456396,0.638298,0.030623,0.463553,0.002144,0.47566,0.474123,0.0
0.0,0.0,0.0,0.0,0.0,0.0,1.0,0.911464,0.042553,0.046445,0.26748,0.003049,0.407302,0.603947,1.0
0.0,0.0,0.0,0.0,0.0,0.0,1.0,0.451219,0.06383,0.054341,0.479024,0.00361,0.481357,0.460088,1.0
0.0,0.0,0.0,0.0,1.0,0.0,0.0,0.434538,0.255319,0.041792,0.13017,0.003467,0.422915,0.414912,0.0
0.0,0.0,0.0,1.0,0.0,0.0,0.0,0.474183,0.021277,0.025189,0.264058,0.001658,0.245469,0.825439,0.0
0.0,1.0,0.0,0.0,0.0,0.0,0.0,0.474094,0.808511,0.029633,0.507736,0.002013,0.280943,0.693421,0.0
1.0,0.0,0.0,0.0,0.0,0.0,0.0,0.460776,0.978723,0.033025,0.379203,0.002264,0.31564,0.258772,1.0
0.0,0.0,0.0,0.0,0.0,1.0,0.0,0.018318,0.148936,0.043293,0.155757,0.003467,0.422915,0.414912,0.0
0.0,0.0,0.0,0.0,0.0,1.0,0.0,0.026946,0.638298,0.074817,0.314639,0.003467,0.422915,0.414912,0.0
0.0,0.0,0.0,0.0,0.0,0.0,1.0,0.455511,0.12766,0.036958,0.305564,0.002154,0.334024,0.607895,0.0
0.0,0.0,0.0,0.0,0.0,1.0,0.0,0.884651,0.808511,0.032305,0.519935,0.002308,0.57768,0.211404,1.0
1.0,0.0,0.0,0.0,0.0,0.0,0.0,0.438034,0.382979,0.095653,0.517852,0.003467,0.422915,0.414912,1.0
0.0,0.0,0.0,0.0,1.0,0.0,0.0,0.026282,0.553191,0.081092,0.4518,0.003467,0.422915,0.414912,1.0
0.0,0.0,0.0,0.0,0.0,0.0,1.0,0.429273,0.340426,0.085655,0.339631,0.003467,0.422915,0.414912,1.0
0.0,0.0,0.0,0.0,0.0,0.0,1.0,0.0273,0.212766,0.069443,0.074978,0.003467,0.422915,0.414912,0.0
1.0,0.0,0.0,0.0,0.0,0.0,0.0,0.447547,0.021277,0.040891,0.378161,0.002682,0.360435,0.585526,0.0
0.0,0.0,0.0,0.0,0.0,1.0,0.0,0.898102,0.531915,0.028612,0.493454,0.002005,0.559296,0.283333,0.0
0.0,0.0,1.0,0.0,0.0,0.0,0.0,0.008982,0.276596,0.125796,0.50357,0.003467,0.422915,0.414912,1.0
0.0,0.0,0.0,0.0,0.0,0.0,1.0,0.022698,0.021277,0.069443,0.234454,0.003467,0.422915,0.414912,0.0
0.0,0.0,0.0,0.0,0.0,1.0,0.0,0.902792,0.276596,0.067521,0.448676,0.004487,0.465821,0.564912,1.0
0.0,0.0,1.0,0.0,0.0,0.0,0.0,0.868103,0.170213,0.02693,0.14936,0.001764,0.192905,0.828947,0.0
1.0,0.0,0.0,0.0,0.0,0.0,0.0,0.911199,0.765957,0.044314,0.385153,0.002875,0.269032,0.735088,1.0
0.0,0.0,0.0,1.0,0.0,0.0,0.0,0.872439,0.425532,0.043263,0.558316,0.002794,0.732522,0.307018,1.0
0.0,0.0,0.0,0.0,1.0,0.0,0.0,0.000752,0.489362,0.095473,0.514877,0.003467,0.422915,0.414912,1.0
0.0,0.0,0.0,1.0,0.0,0.0,0.0,0.464625,0.553191,0.069503,0.467272,0.004817,0.482651,0.268421,0.0
0.0,0.0,0.0,0.0,0.0,1.0,0.0,0.881244,0.468085,0.029392,0.541654,0.001973,0.53392,0.518421,0.0
1.0,0.0,0.0,0.0,0.0,0.0,0.0,0.995575,0.723404,0.057223,0.324011,0.003311,0.314345,0.734649,0.0
0.0,0.0,0.0,0.0,1.0,0.0,0.0,0.429494,0.234043,0.077999,0.396311,0.003467,0.422915,0.414912,1.0
0.0,0.0,0.0,0.0,0.0,0.0,1.0,0.009469,0.361702,0.063949,0.447932,0.003467,0.422915,0.414912,1.0
0.0,0.0,0.0,1.0,0.0,0.0,0.0,0.437857,0.425532,0.060676,0.504017,0.003467,0.422915,0.414912,1.0
0.0,0.0,1.0,0.0,0.0,0.0,0.0,0.424804,0.808511,0.055242,0.284439,0.003467,0.422915,0.414912,0.0
0.0,0.0,0.0,0.0,1.0,0.0,0.0,0.031238,0.851064,0.056113,0.324159,0.003467,0.422915,0.414912,0.0
0.0,0.0,0.0,1.0,0.0,0.0,0.0,0.899031,0.170213,0.040411,0.225677,0.002651,0.338944,0.601316,0.0
0.0,0.0,0.0,0.0,0.0,1.0,0.0,0.880625,0.702128,0.036718,0.294258,0.002229,0.17245,0.918421,0.0
0.0,0.0,0.0,0.0,0.0,1.0,0.0,0.867926,0.382979,0.030353,0.693841,0.001924,0.524599,0.735965,1.0
0.0,0.0,0.0,1.0,0.0,0.0,0.0,0.474492,0.12766,0.028131,0.090003,0.001928,0.095546,0.535088,0.0
1.0,0.0,0.0,0.0,0.0,0.0,0.0,0.9035,0.148936,0.042332,0.101904,0.002356,0.128949,0.809649,0.0
0.0,1.0,0.0,0.0,0.0,0.0,0.0,0.00031,0.148936,0.062417,0.167361,0.003467,0.422915,0.414912,0.0
0.0,0.0,1.0,0.0,0.0,0.0,0.0,0.871466,0.361702,0.028011,0.714817,0.001797,0.565251,0.725439,0.0
0.0,0.0,0.0,0.0,0.0,1.0,0.0,0.915756,0.297872,0.09256,0.523505,0.00635,0.562144,0.294298,1.0
0.0,0.0,0.0,0.0,1.0,0.0,0.0,0.88151,0.595745,0.027261,0.47114,0.001824,0.553599,0.40614,0.0
1.0,0.0,0.0,0.0,0.0,0.0,0.0,0.876112,0.446809,0.028822,0.325647,0.000823,0.216986,0.847807,1.0
0.0,0.0,0.0,0.0,0.0,1.0,0.0,0.889872,0.680851,0.027261,0.581523,0.001955,0.632315,0.166667,0.0
0.0,1.0,0.0,0.0,0.0,0.0,0.0,0.456528,0.148936,0.025309,0.20485,0.001699,0.308131,0.644298,0.0
0.0,0.0,0.0,0.0,1.0,0.0,0.0,0.867572,0.914894,0.029903,0.439006,0.000839,0.289487,0.790789,0.0
0.0,0.0,0.0,0.0,1.0,0.0,0.0,0.460953,0.957447,0.035097,0.537043,0.002397,0.365873,0.50307,0.0
0.0,0.0,0.0,0.0,0.0,1.0,0.0,0.424937,0.234043,0.066801,0.125409,0.003467,0.422915,0.414912,0.0
0.0,0.0,0.0,1.0,0.0,0.0,0.0,0.469537,0.021277,0.027201,0.32163,0.001809,0.294925,0.626754,0.0
1.0,0.0,0.0,0.0,0.0,0.0,0.0,0.03199,0.042553,0.018344,0.081077,0.003467,0.422915,0.414912,0.0
0.0,0.0,0.0,0.0,1.0,0.0,0.0,0.429494,0.510638,0.084214,0.565308,0.003467,0.422915,0.414912,1.0
0.0,0.0,0.0,0.0,0.0,1.0,0.0,0.889872,0.531915,0.051549,0.617673,0.003635,0.668824,0.194737,0.0
0.0,0.0,0.0,1.0,0.0,0.0,0.0,0.021946,0.489362,0.074457,0.473073,0.003467,0.422915,0.414912,1.0
0.0,0.0,0.0,0.0,0.0,1.0,0.0,0.880934,0.744681,0.028312,0.51681,0.001911,0.487312,0.584649,1.0
0.0,0.0,0.0,1.0,0.0,0.0,0.0,0.442193,0.978723,0.058725,0.469206,0.003467,0.422915,0.414912,0.0
1.0,0.0,0.0,0.0,0.0,0.0,0.0,0.017787,0.297872,0.083794,0.445254,0.003467,0.422915,0.414912,1.0
0.0,1.0,0.0,0.0,0.0,0.0,0.0,0.008938,0.106383,0.075958,0.335912,0.003467,0.422915,0.414912,0.0
0.0,0.0,0.0,1.0,0.0,0.0,0.0,0.465555,0.340426,0.037619,0.519042,0.002603,0.414293,0.477632,0.0
0.0,0.0,0.0,0.0,0.0,1.0,0.0,0.885271,0.191489,0.027321,0.177031,0.001784,0.234593,0.706579,0.0
0.0,0.0,0.0,0.0,0.0,1.0,0.0,0.907128,0.404255,0.150054,0.549985,0.01026,0.677887,0.324123,1.0
0.0,0.0,0.0,0.0,0.0,1.0,0.0,0.451175,0.702128,0.042092,0.655906,0.002763,0.53651,0.510088,0.0
0.0,0.0,0.0,0.0,1.0,0.0,0.0,0.468962,0.021277,0.027801,0.320292,0.001861,0.287416,0.535526,0.0
0.0,1.0,0.0,0.0,0.0,0.0,0.0,0.42476,0.382979,0.200733,0.500446,0.003467,0.422915,0.414912,1.0
0.0,0.0,0.0,1.0,0.0,0.0,0.0,0.889474,0.914894,0.028612,0.540018,0.001992,0.504402,0.38114,0.0
0.0,0.0,0.0,1.0,0.0,0.0,0.0,0.89412,0.574468,0.061187,0.587325,0.004179,0.694459,0.384211,0.0
0.0,0.0,0.0,0.0,1.0,0.0,0.0,0.45144,1.0,0.03936,0.624665,0.00263,0.544278,0.642982,0.0
1.0,0.0,0.0,0.0,0.0,0.0,0.0,0.469404,0.893617,0.035397,0.318358,0.002345,0.243397,0.63114,1.0
1.0,0.0,0.0,0.0,0.0,0.0,0.0,0.880713,0.319149,0.031104,0.190271,0.001169,0.120145,0.838158,0.0
0.0,0.0,0.0,1.0,0.0,0.0,0.0,0.001018,0.723404,0.053651,0.600863,0.003467,0.422915,0.414912,0.0
0.0,0.0,0.0,0.0,1.0,0.0,0.0,0.026282,0.042553,0.046746,0.271794,0.003467,0.422915,0.414912,0.0
0.0,0.0,0.0,0.0,1.0,0.0,0.0,0.45113,0.680851,0.040861,0.599078,0.002703,0.560073,0.449123,0.0
0.0,0.0,1.0,0.0,0.0,0.0,0.0,0.473829,0.191489,0.028041,0.214817,0.001859,0.250129,0.718421,0.0
0.0,0.0,0.0,1.0,0.0,0.0,0.0,0.027167,0.957447,0.080161,0.419667,0.003467,0.422915,0.414912,1.0
0.0,0.0,0.0,1.0,0.0,0.0,0.0,0.875935,0.276596,0.032935,0.508033,0.00216,0.586743,0.567105,0.0
0.0,0.0,0.0,0.0,0.0,0.0,1.0,0.893633,0.914894,0.060856,0.533472,0.003176,0.395132,0.681579,0.0
0.0,0.0,1.0,0.0,0.0,0.0,0.0,0.442414,0.744681,0.124745,0.597441,0.011284,0.652771,0.500526,1.0
1.0,0.0,0.0,0.0,0.0,0.0,0.0,0.470023,0.0,0.02606,0.249479,0.001757,0.249094,0.56886,0.0
0.0,1.0,0.0,0.0,0.0,0.0,0.0,0.452237,0.851064,0.035007,0.697858,0.002362,0.547644,0.638596,1.0
0.0,0.0,0.0,0.0,0.0,1.0,0.0,0.026946,0.12766,0.059865,0.115442,0.003467,0.422915,0.414912,0.0
0.0,0.0,0.0,1.0,0.0,0.0,0.0,0.867218,0.382979,0.040531,0.496281,0.00275,0.40782,0.442982,1.0
0.0,0.0,1.0,0.0,0.0,0.0,0.0,0.443033,0.319149,0.047916,0.559506,0.003238,0.51217,0.481579,0.0
0.0,0.0,0.0,0.0,0.0,1.0,0.0,0.868236,0.659574,0.030623,0.704255,0.001961,0.538063,0.641667,1.0
0.0,0.0,0.0,0.0,1.0,0.0,0.0,0.469581,0.808511,0.045034,0.457156,0.003056,0.34697,0.394298,1.0
1.0,0.0,0.0,0.0,0.0,0.0,0.0,0.867086,0.829787,0.031254,0.332937,0.002123,0.171673,0.617544,1.0
0.0,0.0,0.0,0.0,0.0,1.0,0.0,0.022654,0.340426,0.094842,0.340375,0.003467,0.422915,0.414912,1.0
0.0,0.0,0.0,1.0,0.0,0.0,0.0,0.451706,0.191489,0.032665,0.265843,0.002158,0.314863,0.828509,0.0
0.0,0.0,0.0,1.0,0.0,0.0,0.0,0.473563,0.510638,0.027111,0.517108,0.001793,0.560331,0.360526,0.0
0.0,0.0,0.0,0.0,1.0,0.0,0.0,0.00969,0.06383,0.041582,0.442725,0.003467,0.422915,0.414912,0.0
0.0,0.0,1.0,0.0,0.0,0.0,0.0,0.451042,0.425532,0.047076,0.75424,0.003245,0.657949,0.370175,1.0
0.0,0.0,0.0,0.0,1.0,0.0,0.0,0.893677,0.595745,0.029092,0.477239,0.002056,0.608493,0.237719,0.0
1.0,0.0,0.0,0.0,0.0,0.0,0.0,0.460157,0.510638,0.031914,0.401369,0.002096,0.264371,0.625439,1.0
0.0,0.0,0.0,1.0,0.0,0.0,0.0,0.022565,0.978723,0.089198,0.427551,0.003467,0.422915,0.414912,1.0
0.0,1.0,0.0,0.0,0.0,0.0,0.0,0.438078,0.255319,0.05281,0.320143,0.003467,0.422915,0.414912,0.0
0.0,0.0,0.0,0.0,0.0,0.0,1.0,0.013141,0.702128,0.041401,0.313448,0.003467,0.422915,0.414912,0.0
0.0,0.0,1.0,0.0,0.0,0.0,0.0,0.43383,0.617021,0.055842,0.569325,0.003467,0.422915,0.414912,1.0
0.0,0.0,1.0,0.0,0.0,0.0,0.0,0.022211,0.042553,0.074517,0.390509,0.003467,0.422915,0.414912,1.0
0.0,0.0,1.0,0.0,0.0,0.0,0.0,0.018495,0.851064,0.048577,0.444659,0.003467,0.422915,0.414912,0.0
0.0,0.0,0.0,1.0,0.0,0.0,0.0,0.424539,0.638298,0.058394,0.3313,0.003467,0.422915,0.414912,1.0
0.0,0.0,1.0,0.0,0.0,0.0,0.0,0.87682,0.723404,0.028672,0.538084,0.001863,0.468151,0.600439,0.0
0.0,0.0,0.0,1.0,0.0,0.0,0.0,0.44706,0.510638,0.043893,0.621244,0.003087,0.615225,0.326316,0.0
1.0,0.0,0.0,0.0,0.0,0.0,0.0,0.456484,0.404255,0.034526,0.500595,0.002293,0.337649,0.587719,1.0
0.0,0.0,1.0,0.0,0.0,0.0,0.0,0.455644,0.978723,0.049207,0.585094,0.003392,0.497411,0.515351,1.0
0.0,0.0,0.0,0.0,0.0,1.0,0.0,0.455776,0.744681,0.115047,0.697411,0.008091,0.643967,0.033333,1.0
1.0,0.0,0.0,0.0,0.0,0.0,0.0,0.008584,0.680851,0.106071,0.561738,0.003467,0.422915,0.414912,1.0
1.0,0.0,0.0,0.0,0.0,0.0,0.0,0.89027,0.978723,0.214963,0.49762,0.002009,0.401864,0.574561,1.0
0.0,1.0,0.0,0.0,0.0,0.0,0.0,0.005221,0.170213,0.075958,0.192353,0.003467,0.422915,0.414912,1.0
0.0,0.0,1.0,0.0,0.0,0.0,0.0,0.469802,0.489362,0.278642,0.663047,0.018855,0.695495,0.312719,1.0
0.0,0.0,1.0,0.0,0.0,0.0,0.0,0.906995,0.702128,0.074817,0.479173,0.005129,0.649404,0.20614,1.0
0.0,0.0,1.0,0.0,0.0,0.0,0.0,0.87651,0.404255,0.030984,0.580036,0.00198,0.557224,0.652632,1.0
0.0,0.0,0.0,0.0,1.0,0.0,0.0,0.447104,0.361702,0.073286,0.696965,0.005033,0.616261,0.445614,1.0
0.0,0.0,1.0,0.0,0.0,0.0,0.0,0.911597,0.553191,0.076288,0.50967,0.005068,0.59943,0.436842,1.0
1.0,0.0,0.0,0.0,0.0,0.0,0.0,0.875979,0.170213,0.025489,0.090449,0.001668,0.2232,0.69693,0.0
0.0,1.0,0.0,0.0,0.0,0.0,0.0,0.42507,0.042553,0.071694,0.225082,0.003467,0.422915,0.414912,1.0
0.0,0.0,0.0,1.0,0.0,0.0,0.0,0.469846,0.723404,0.428215,0.669444,0.028799,0.708441,0.357456,1.0
0.0,0.0,0.0,1.0,0.0,0.0,0.0,0.031503,0.085106,0.073136,0.175394,0.003467,0.422915,0.414912,1.0
0.0,0.0,0.0,0.0,0.0,0.0,1.0,0.429273,0.191489,0.068602,0.098334,0.003467,0.422915,0.414912,0.0
0.0,0.0,0.0,0.0,1.0,0.0,0.0,0.026592,0.446809,0.107572,0.511455,0.003467,0.422915,0.414912,1.0
0.0,1.0,0.0,0.0,0.0,0.0,0.0,0.911243,0.382979,0.047796,0.555192,0.003118,0.426722,0.569298,1.0
0.0,0.0,0.0,1.0,0.0,0.0,0.0,0.898412,0.957447,0.06641,0.557721,0.00441,0.447437,0.6,0.0
0.0,1.0,0.0,0.0,0.0,0.0,0.0,0.46113,0.255319,0.028762,0.306308,0.001886,0.29855,0.545175,0.0
0.0,0.0,1.0,0.0,0.0,0.0,0.0,0.889739,0.978723,0.041281,0.599524,0.002811,0.510098,0.502632,0.0
0.0,0.0,0.0,0.0,1.0,0.0,0.0,0.018583,0.446809,0.053981,0.506546,0.003467,0.422915,0.414912,0.0
1.0,0.0,0.0,0.0,0.0,0.0,0.0,0.885049,0.914894,0.059115,0.43737,0.003916,0.32755,0.559211,1.0
0.0,0.0,0.0,0.0,0.0,0.0,1.0,0.455821,0.87234,0.045124,0.582416,0.003074,0.389694,0.662281,0.0
0.0,1.0,0.0,0.0,0.0,0.0,0.0,0.021857,0.808511,0.074517,0.537489,0.003467,0.422915,0.414912,0.0
0.0,0.0,0.0,1.0,0.0,0.0,0.0,0.876554,0.829787,0.028131,0.472181,0.001778,0.447178,0.731579,0.0
1.0,0.0,0.0,0.0,0.0,0.0,0.0,0.442326,0.702128,0.05257,0.316572,0.00354,0.278871,0.500526,1.0
0.0,0.0,0.0,0.0,1.0,0.0,0.0,0.001062,0.212766,0.082473,0.219726,0.003467,0.422915,0.414912,1.0
1.0,0.0,0.0,0.0,0.0,0.0,0.0,0.027344,0.553191,0.080491,0.500446,0.003467,0.422915,0.414912,1.0
1.0,0.0,0.0,0.0,0.0,0.0,0.0,0.894606,0.617021,0.087216,0.498512,0.004408,0.378301,0.869737,1.0
0.0,0.0,0.0,0.0,0.0,1.0,0.0,0.004469,0.638298,0.043683,0.307795,0.003467,0.422915,0.414912,0.0
0.0,0.0,0.0,0.0,0.0,0.0,1.0,0.871953,0.042553,0.032245,0.233264,0.002131,0.345158,0.696491,0.0
0.0,1.0,0.0,0.0,0.0,0.0,0.0,0.443299,0.234043,0.040681,0.253942,0.002644,0.209218,0.702193,0.0
1.0,0.0,0.0,0.0,0.0,0.0,0.0,0.456794,0.446809,0.031914,0.397798,0.001863,0.239254,0.729825,1.0
0.0,0.0,0.0,0.0,0.0,0.0,1.0,0.44321,0.085106,0.042632,0.296638,0.002829,0.348006,0.629386,0.0
0.0,0.0,0.0,0.0,0.0,1.0,0.0,0.890182,0.042553,0.06518,0.562928,0.00343,0.541947,0.555702,0.0
0.0,0.0,0.0,0.0,0.0,0.0,1.0,0.447193,0.489362,0.042873,0.476644,0.002921,0.391766,0.621053,0.0
0.0,0.0,0.0,1.0,0.0,0.0,0.0,0.456307,0.744681,0.043353,0.740405,0.00291,0.634645,0.557018,1.0
0.0,1.0,0.0,0.0,0.0,0.0,0.0,0.871422,0.276596,0.028071,0.499256,0.00182,0.64086,0.524123,0.0
0.0,0.0,0.0,0.0,0.0,0.0,1.0,0.884695,0.234043,0.028672,0.144451,0.000835,0.252719,0.67807,0.0
0.0,1.0,0.0,0.0,0.0,0.0,0.0,0.898943,0.021277,0.048427,0.351681,0.00318,0.406784,0.584211,0.0
0.0,1.0,0.0,0.0,0.0,0.0,0.0,0.473475,0.829787,0.027561,0.45909,0.001867,0.396427,0.536404,0.0
0.0,0.0,1.0,0.0,0.0,0.0,0.0,0.009911,0.234043,0.069173,0.301993,0.003467,0.422915,0.414912,1.0
0.0,0.0,0.0,1.0,0.0,0.0,0.0,0.000398,0.93617,0.121713,0.477388,0.003467,0.422915,0.414912,1.0
0.0,0.0,0.0,0.0,1.0,0.0,0.0,0.460024,0.978723,0.030533,0.497025,0.002023,0.471517,0.357895,0.0
0.0,0.0,0.0,1.0,0.0,0.0,0.0,0.026547,0.255319,0.098475,0.406278,0.003467,0.422915,0.414912,1.0
0.0,0.0,1.0,0.0,0.0,0.0,0.0,0.433521,0.553191,0.071064,0.522166,0.003467,0.422915,0.414912,1.0
0.0,0.0,0.0,0.0,1.0,0.0,0.0,0.907703,0.702128,0.043203,0.468313,0.002952,0.536251,0.351316,0.0
0.0,1.0,0.0,0.0,0.0,0.0,0.0,0.44237,0.914894,0.06548,0.357334,0.00479,0.352667,0.500526,0.0
0.0,0.0,0.0,1.0,0.0,0.0,0.0,0.867528,0.93617,0.037408,0.451354,0.001294,0.328068,0.834649,1.0
0.0,0.0,1.0,0.0,0.0,0.0,0.0,0.871466,0.382979,0.028552,0.729098,0.001809,0.572501,0.759211,0.0
0.0,0.0,0.0,1.0,0.0,0.0,0.0,0.871731,0.638298,0.053741,0.4518,0.003606,0.541947,0.495175,0.0
0.0,0.0,0.0,0.0,0.0,0.0,1.0,0.031016,0.957447,0.059265,0.273133,0.003467,0.422915,0.414912,0.0
0.0,0.0,0.0,0.0,1.0,0.0,0.0,0.911376,0.148936,0.037258,0.165873,0.002412,0.246504,0.716228,0.0
0.0,0.0,1.0,0.0,0.0,0.0,0.0,0.424804,0.638298,0.058394,0.375632,0.003467,0.422915,0.414912,0.0
0.0,0.0,0.0,0.0,1.0,0.0,0.0,0.88089,0.617021,0.027771,0.459387,0.001853,0.473071,0.621491,0.0
0.0,0.0,0.0,1.0,0.0,0.0,0.0,0.433875,0.978723,0.046505,0.40003,0.003467,0.422915,0.414912,0.0
0.0,0.0,0.0,0.0,0.0,1.0,0.0,0.447768,0.87234,0.043083,0.608747,0.002966,0.469446,0.458333,1.0
1.0,0.0,0.0,0.0,0.0,0.0,0.0,0.875802,0.340426,0.032305,0.31925,0.001757,0.199379,0.869737,1.0
1.0,0.0,0.0,0.0,0.0,0.0,0.0,0.902571,0.638298,0.05305,0.235347,0.003529,0.258933,0.576316,0.0
0.0,0.0,0.0,0.0,1.0,0.0,0.0,0.880581,1.0,0.047586,0.408807,0.003103,0.365355,0.672807,1.0
0.0,1.0,0.0,0.0,0.0,0.0,0.0,0.894651,0.93617,0.070614,0.620649,0.004375,0.490419,0.55307,0.0
0.0,1.0,0.0,0.0,0.0,0.0,0.0,0.893722,0.255319,0.028762,0.355698,0.001853,0.346453,0.669737,0.0
0.0,1.0,0.0,0.0,0.0,0.0,0.0,0.031105,0.787234,0.056863,0.383666,0.003467,0.422915,0.414912,0.0
0.0,0.0,0.0,1.0,0.0,0.0,0.0,0.018539,0.489362,0.054612,0.495835,0.003467,0.422915,0.414912,0.0
0.0,0.0,0.0,0.0,0.0,0.0,1.0,0.45644,0.255319,0.025309,0.224636,0.001701,0.229933,0.684649,0.0
0.0,1.0,0.0,0.0,0.0,0.0,0.0,0.46082,0.085106,0.030173,0.200536,0.002075,0.272398,0.37807,0.0
0.0,0.0,0.0,0.0,1.0,0.0,0.0,0.456661,0.468085,0.033085,0.554002,0.002246,0.563956,0.556579,0.0
0.0,1.0,0.0,0.0,0.0,0.0,0.0,0.008938,0.617021,0.074967,0.51443,0.003467,0.422915,0.414912,0.0
0.0,0.0,0.0,0.0,0.0,1.0,0.0,0.443166,0.425532,0.054341,0.587623,0.00382,0.552046,0.479386,1.0
0.0,0.0,0.0,0.0,0.0,0.0,1.0,0.030707,0.021277,0.047556,0.173163,0.003467,0.422915,0.414912,0.0
0.0,0.0,0.0,0.0,0.0,0.0,1.0,0.022079,0.255319,0.062057,0.069325,0.003467,0.422915,0.414912,1.0
0.0,1.0,0.0,0.0,0.0,0.0,0.0,0.032034,0.106383,0.055242,0.063076,0.003467,0.422915,0.414912,0.0
0.0,0.0,0.0,1.0,0.0,0.0,0.0,0.89381,0.0,0.062027,0.566647,0.004144,0.453392,0.60614,0.0
0.0,0.0,0.0,0.0,1.0,0.0,0.0,0.447414,0.638298,0.056203,0.564564,0.003824,0.570171,0.257456,1.0
0.0,0.0,0.0,0.0,0.0,0.0,1.0,0.464758,0.851064,0.027681,0.360756,0.001857,0.280684,0.582456,1.0
0.0,0.0,0.0,1.0,0.0,0.0,0.0,0.911331,0.638298,0.107752,0.486462,0.007353,0.613672,0.332895,1.0
0.0,0.0,0.0,1.0,0.0,0.0,0.0,0.460599,0.319149,0.033686,0.487504,0.002279,0.545313,0.397368,1.0
1.0,0.0,0.0,0.0,0.0,0.0,0.0,0.026724,0.255319,0.087276,0.383368,0.003467,0.422915,0.414912,1.0
0.0,1.0,0.0,0.0,0.0,0.0,0.0,0.903234,0.93617,0.047496,0.439453,0.003178,0.39798,0.571053,0.0
0.0,0.0,1.0,0.0,0.0,0.0,0.0,0.469183,0.021277,0.028732,0.303035,0.00189,0.288969,0.660965,0.0
1.0,0.0,0.0,0.0,0.0,0.0,0.0,0.90319,0.276596,0.040291,0.14341,0.002092,0.146556,0.604386,0.0
0.0,0.0,0.0,0.0,1.0,0.0,0.0,0.031238,0.234043,0.102018,0.351979,0.003467,0.422915,0.414912,0.0
0.0,1.0,0.0,0.0,0.0,0.0,0.0,0.875846,0.765957,0.030833,0.499256,0.002015,0.483169,0.745614,0.0
0.0,1.0,0.0,0.0,0.0,0.0,0.0,0.885094,0.659574,0.029242,0.515025,0.002092,0.648628,0.124123,0.0
0.0,0.0,0.0,0.0,1.0,0.0,0.0,0.45175,0.382979,0.040741,0.744868,0.002682,0.709736,0.410088,0.0
0.0,0.0,0.0,0.0,0.0,1.0,0.0,0.438255,0.191489,0.050078,0.123178,0.003467,0.422915,0.414912,0.0
1.0,0.0,0.0,0.0,0.0,0.0,0.0,0.881333,0.021277,0.029392,0.249777,0.001884,0.299327,0.659649,0.0
0.0,0.0,0.0,0.0,1.0,0.0,0.0,0.026592,0.851064,0.059445,0.355103,0.003467,0.422915,0.414912,0.0
0.0,1.0,0.0,0.0,0.0,0.0,0.0,0.42507,1.0,0.080341,0.381137,0.003467,0.422915,0.414912,1.0
1.0,0.0,0.0,0.0,0.0,0.0,0.0,0.912128,0.553191,0.042632,0.305861,0.002794,0.256603,0.690789,1.0
0.0,0.0,1.0,0.0,0.0,0.0,0.0,0.027123,0.510638,0.097274,0.48438,0.003467,0.422915,0.414912,1.0
0.0,1.0,0.0,0.0,0.0,0.0,0.0,0.004602,0.489362,0.089498,0.59878,0.003467,0.422915,0.414912,1.0
0.0,0.0,1.0,0.0,0.0,0.0,0.0,0.867174,0.765957,0.029723,0.370277,0.00205,0.261523,0.415351,0.0
0.0,0.0,0.0,1.0,0.0,0.0,0.0,0.00469,0.765957,0.209109,0.804225,0.003467,0.422915,0.414912,1.0
0.0,0.0,1.0,0.0,0.0,0.0,0.0,0.469493,0.404255,0.045575,0.512943,0.003035,0.495598,0.434211,1.0
0.0,0.0,0.0,1.0,0.0,0.0,0.0,0.876244,0.106383,0.019575,0.154418,0.000837,0.270326,0.806579,0.0
0.0,0.0,0.0,0.0,0.0,0.0,1.0,0.451219,0.765957,0.041702,0.731776,0.002736,0.529001,0.594298,0.0
0.0,0.0,0.0,1.0,0.0,0.0,0.0,0.451396,0.978723,0.03987,0.613508,0.002611,0.548679,0.601754,0.0
0.0,0.0,0.0,0.0,0.0,0.0,1.0,0.451529,0.085106,0.044524,0.411931,0.002987,0.462714,0.662719,1.0
0.0,0.0,0.0,0.0,1.0,0.0,0.0,0.000133,0.12766,0.073976,0.187295,0.003467,0.422915,0.414912,1.0
0.0,0.0,1.0,0.0,0.0,0.0,0.0,0.482412,0.382979,0.048277,0.507289,0.00334,0.48783,0.281579,1.0
0.0,1.0,0.0,0.0,0.0,0.0,0.0,0.867439,0.191489,0.021346,0.182981,0.001022,0.160539,0.902632,0.0
0.0,0.0,0.0,0.0,0.0,1.0,0.0,0.893899,0.87234,0.064219,0.721363,0.004248,0.595805,0.56886,0.0
0.0,0.0,0.0,1.0,0.0,0.0,0.0,0.89412,0.12766,0.063168,0.347962,0.004071,0.46608,0.752632,0.0
0.0,0.0,0.0,1.0,0.0,0.0,0.0,0.894739,0.148936,0.077609,0.314936,0.004967,0.438115,0.730702,0.0
0.0,0.0,0.0,1.0,0.0,0.0,0.0,0.885492,0.404255,0.028942,0.534216,0.001953,0.614707,0.311842,0.0
0.0,1.0,0.0,0.0,0.0,0.0,0.0,0.885403,0.0,0.040261,0.336805,0.002009,0.332988,0.734649,0.0
0.0,1.0,0.0,0.0,0.0,0.0,0.0,0.443299,0.0,0.044614,0.365814,0.00302,0.331952,0.487719,0.0
0.0,0.0,0.0,1.0,0.0,0.0,0.0,0.876244,0.574468,0.034947,0.600268,0.002322,0.779648,0.382456,1.0
0.0,0.0,1.0,0.0,0.0,0.0,0.0,0.430025,0.914894,0.071244,0.437816,0.003467,0.422915,0.414912,0.0
1.0,0.0,0.0,0.0,0.0,0.0,0.0,0.442326,0.425532,0.054642,0.358673,0.002717,0.188503,0.500526,1.0
1.0,0.0,0.0,0.0,0.0,0.0,0.0,0.451573,0.851064,0.045665,0.719429,0.002995,0.445106,0.709649,1.0
0.0,0.0,0.0,0.0,0.0,0.0,1.0,0.86828,0.978723,0.029032,0.324903,0.001398,0.339202,0.776754,0.0
0.0,0.0,0.0,0.0,1.0,0.0,0.0,0.986594,0.893617,0.097694,0.574085,0.006317,0.480062,0.477193,1.0
0.0,0.0,0.0,0.0,1.0,0.0,0.0,0.004734,0.468085,0.075117,0.612467,0.003467,0.422915,0.414912,0.0
0.0,0.0,1.0,0.0,0.0,0.0,0.0,0.87651,0.914894,0.02612,0.413716,0.000827,0.313309,0.708772,0.0
0.0,0.0,0.0,0.0,1.0,0.0,0.0,0.434538,0.361702,0.047526,0.326093,0.003467,0.422915,0.414912,0.0
0.0,0.0,1.0,0.0,0.0,0.0,0.0,0.455953,0.914894,0.040951,0.563969,0.002786,0.467374,0.577193,1.0
0.0,0.0,0.0,0.0,0.0,1.0,0.0,0.442547,0.914894,0.06563,0.456263,0.004383,0.404454,0.500526,0.0
0.0,0.0,0.0,1.0,0.0,0.0,0.0,0.018229,0.06383,0.043863,0.318209,0.003467,0.422915,0.414912,0.0
0.0,0.0,1.0,0.0,0.0,0.0,0.0,0.898987,0.106383,0.057644,0.345879,0.003722,0.432418,0.595175,0.0
0.0,0.0,0.0,0.0,1.0,0.0,0.0,0.004425,0.021277,0.045515,0.491669,0.003467,0.422915,0.414912,0.0
0.0,1.0,0.0,0.0,0.0,0.0,0.0,0.447901,0.12766,0.0,0.208866,0.0,0.241326,0.581579,0.0
0.0,0.0,0.0,0.0,0.0,0.0,1.0,0.460112,0.06383,0.030353,0.385451,0.002029,0.420249,0.476754,1.0
0.0,0.0,0.0,0.0,1.0,0.0,0.0,0.911685,0.893617,0.043203,0.396311,0.002877,0.398239,0.475439,0.0
0.0,0.0,0.0,1.0,0.0,0.0,0.0,0.464316,0.553191,0.029753,0.44704,0.002061,0.467633,0.330263,1.0
0.0,1.0,0.0,0.0,0.0,0.0,0.0,0.022787,0.574468,0.09217,0.458643,0.003467,0.422915,0.414912,1.0
0.0,0.0,1.0,0.0,0.0,0.0,0.0,0.907615,0.042553,0.076678,0.377417,0.00522,0.498705,0.40307,1.0
0.0,0.0,0.0,0.0,0.0,1.0,0.0,0.434273,0.744681,0.045334,0.339185,0.003467,0.422915,0.414912,0.0
0.0,0.0,1.0,0.0,0.0,0.0,0.0,0.451042,0.851064,0.043413,0.730884,0.002879,0.566287,0.520175,1.0
0.0,0.0,0.0,0.0,1.0,0.0,0.0,0.465289,0.914894,0.031074,0.348855,0.002158,0.358364,0.307018,0.0
0.0,0.0,0.0,0.0,1.0,0.0,0.0,0.876289,0.382979,0.031074,0.589557,0.002044,0.746763,0.412281,0.0
0.0,0.0,0.0,0.0,1.0,0.0,0.0,0.026592,0.595745,0.074517,0.436775,0.003467,0.422915,0.414912,0.0
0.0,0.0,0.0,0.0,0.0,1.0,0.0,0.469625,0.765957,0.040981,0.389319,0.002794,0.397721,0.266228,0.0
0.0,0.0,0.0,0.0,0.0,0.0,1.0,0.464448,0.106383,0.030533,0.197114,0.002061,0.313568,0.479386,0.0
0.0,0.0,1.0,0.0,0.0,0.0,0.0,0.893766,0.0,0.054612,0.542696,0.003689,0.454687,0.576316,1.0
0.0,1.0,0.0,0.0,0.0,0.0,0.0,0.438697,0.212766,0.046836,0.179857,0.003467,0.422915,0.414912,0.0
0.0,0.0,0.0,1.0,0.0,0.0,0.0,0.451396,0.659574,0.03933,0.558762,0.002592,0.702227,0.457456,1.0
0.0,0.0,0.0,1.0,0.0,0.0,0.0,0.460909,0.702128,0.120031,0.685213,0.007773,0.423615,0.670614,1.0
0.0,0.0,0.0,0.0,0.0,0.0,1.0,0.898235,0.191489,0.046836,0.208123,0.002179,0.286121,0.779825,0.0
0.0,1.0,0.0,0.0,0.0,0.0,0.0,0.456219,0.021277,0.030773,0.333532,0.002036,0.383221,0.717105,1.0
0.0,0.0,1.0,0.0,0.0,0.0,0.0,0.43445,0.255319,0.050288,0.409551,0.003467,0.422915,0.414912,1.0
0.0,0.0,0.0,0.0,0.0,0.0,1.0,0.030707,0.042553,0.047526,0.132104,0.003467,0.422915,0.414912,0.0
0.0,0.0,0.0,0.0,1.0,0.0,0.0,0.88089,0.297872,0.028402,0.35659,0.001824,0.403677,0.686404,0.0
0.0,0.0,0.0,0.0,0.0,0.0,1.0,0.469669,0.489362,0.045785,0.402261,0.003087,0.376748,0.498246,1.0
0.0,0.0,0.0,0.0,0.0,1.0,0.0,0.018627,0.234043,0.060136,0.135228,0.003467,0.422915,0.414912,1.0
0.0,0.0,0.0,0.0,0.0,1.0,0.0,0.469625,0.851064,0.044344,0.374888,0.003035,0.36898,0.317544,0.0
0.0,0.0,1.0,0.0,0.0,0.0,0.0,0.474448,0.978723,0.036328,0.359119,0.002491,0.236665,0.317105,0.0
0.0,1.0,0.0,0.0,0.0,0.0,0.0,0.46082,0.617021,0.033025,0.475751,0.002264,0.457017,0.270614,0.0
0.0,0.0,1.0,0.0,0.0,0.0,0.0,0.469802,0.425532,0.100787,0.63493,0.006851,0.646297,0.369298,1.0
0.0,0.0,0.0,0.0,0.0,0.0,1.0,0.023008,0.978723,0.072445,0.274323,0.003467,0.422915,0.414912,0.0
1.0,0.0,0.0,0.0,0.0,0.0,0.0,0.022433,0.12766,0.057464,0.120054,0.003467,0.422915,0.414912,0.0
0.0,0.0,1.0,0.0,0.0,0.0,0.0,0.455644,0.382979,0.054551,0.70604,0.003698,0.721129,0.346491,1.0
0.0,0.0,0.0,0.0,1.0,0.0,0.0,0.898766,0.170213,0.032815,0.231776,0.001992,0.342828,0.764474,0.0
0.0,0.0,0.0,1.0,0.0,0.0,0.0,0.424848,0.255319,0.058394,0.258405,0.003467,0.422915,0.414912,1.0
0.0,0.0,0.0,0.0,0.0,1.0,0.0,0.456396,0.0,0.034586,0.553109,0.002291,0.471517,0.64386,0.0
0.0,0.0,0.0,0.0,1.0,0.0,0.0,0.460334,0.595745,0.038069,0.466379,0.002657,0.559814,0.122807,0.0
1.0,0.0,0.0,0.0,0.0,0.0,0.0,0.004867,0.361702,0.089798,0.612169,0.003467,0.422915,0.414912,1.0
0.0,1.0,0.0,0.0,0.0,0.0,0.0,0.872041,0.680851,0.02681,0.63017,0.001683,0.513723,0.800439,0.0
0.0,0.0,1.0,0.0,0.0,0.0,0.0,0.461174,0.106383,0.030623,0.272389,0.002059,0.325997,0.530263,0.0
1.0,0.0,0.0,0.0,0.0,0.0,0.0,0.429317,0.148936,0.073526,0.165724,0.003467,0.422915,0.414912,0.0
0.0,0.0,0.0,0.0,1.0,0.0,0.0,0.013362,0.659574,0.057013,0.508777,0.003467,0.422915,0.414912,0.0
1.0,0.0,0.0,0.0,0.0,0.0,0.0,0.008584,0.085106,0.042422,0.245909,0.003467,0.422915,0.414912,0.0
0.0,0.0,0.0,0.0,1.0,0.0,0.0,0.014291,0.702128,0.135043,0.690568,0.003467,0.422915,0.414912,1.0
0.0,1.0,0.0,0.0,0.0,0.0,0.0,0.004911,0.829787,0.090729,0.641922,0.003467,0.422915,0.414912,1.0
0.0,0.0,1.0,0.0,0.0,0.0,0.0,0.452281,0.765957,0.0399,0.855251,0.002603,0.699896,0.546053,1.0
0.0,0.0,0.0,0.0,0.0,1.0,0.0,0.009424,0.255319,0.057193,0.218982,0.003467,0.422915,0.414912,1.0
0.0,0.0,0.0,1.0,0.0,0.0,0.0,0.443387,0.893617,0.043893,0.456412,0.002921,0.437856,0.598684,0.0
1.0,0.0,0.0,0.0,0.0,0.0,0.0,0.447856,0.531915,0.042903,0.585094,0.002694,0.271362,0.765789,1.0
0.0,0.0,1.0,0.0,0.0,0.0,0.0,0.903279,0.446809,0.087426,0.537786,0.005847,0.555412,0.424123,1.0
0.0,0.0,1.0,0.0,0.0,0.0,0.0,0.460865,0.638298,0.066561,0.506992,0.004612,0.433195,0.234649,1.0
1.0,0.0,0.0,0.0,0.0,0.0,0.0,0.443255,0.0,0.044524,0.366409,0.003047,0.380632,0.396491,0.0
0.0,0.0,0.0,1.0,0.0,0.0,0.0,0.912261,0.191489,0.048457,0.231181,0.003253,0.259451,0.50307,0.0
0.0,0.0,0.0,0.0,1.0,0.0,0.0,0.903367,0.638298,0.05299,0.468164,0.003535,0.504402,0.530263,0.0
0.0,0.0,0.0,0.0,0.0,0.0,1.0,0.45675,0.787234,0.035337,0.537935,0.002399,0.463231,0.591228,1.0
0.0,0.0,1.0,0.0,0.0,0.0,0.0,0.459935,0.361702,0.06569,0.57349,0.004437,0.554894,0.392544,0.0
0.0,0.0,1.0,0.0,0.0,0.0,0.0,0.902969,0.106383,0.055182,0.264951,0.003822,0.393578,0.608333,0.0
0.0,0.0,0.0,0.0,0.0,1.0,0.0,0.018008,0.085106,0.076318,0.319548,0.003467,0.422915,0.414912,0.0
0.0,0.0,0.0,0.0,0.0,1.0,0.0,0.8985,0.574468,0.087216,0.493454,0.005766,0.593993,0.294737,1.0
0.0,0.0,0.0,0.0,1.0,0.0,0.0,0.43883,0.276596,0.056443,0.155311,0.003467,0.422915,0.414912,0.0
0.0,0.0,0.0,1.0,0.0,0.0,0.0,0.42914,1.0,0.080101,0.398691,0.003467,0.422915,0.414912,1.0
0.0,0.0,0.0,0.0,1.0,0.0,0.0,0.43883,0.042553,0.062207,0.326986,0.003467,0.422915,0.414912,1.0
0.0,0.0,1.0,0.0,0.0,0.0,0.0,0.881111,0.659574,0.034406,0.513835,0.002376,0.519161,0.436842,0.0
0.0,0.0,0.0,0.0,0.0,0.0,1.0,0.473386,0.829787,0.03963,0.423981,0.002717,0.273433,0.542544,1.0
1.0,0.0,0.0,0.0,0.0,0.0,0.0,0.438034,0.425532,0.095653,0.523951,0.003467,0.422915,0.414912,1.0
0.0,0.0,1.0,0.0,0.0,0.0,0.0,0.014203,0.042553,0.061727,0.459536,0.003467,0.422915,0.414912,1.0
0.0,0.0,0.0,1.0,0.0,0.0,0.0,0.009646,0.255319,0.073976,0.399435,0.003467,0.422915,0.414912,1.0
0.0,0.0,1.0,0.0,0.0,0.0,0.0,0.884828,0.978723,0.033175,0.488248,0.002181,0.445883,0.639474,0.0
0.0,0.0,0.0,0.0,0.0,0.0,1.0,0.455511,0.957447,0.036568,0.518744,0.002449,0.362506,0.745614,0.0
0.0,0.0,0.0,0.0,0.0,1.0,0.0,0.442281,0.744681,0.057584,0.487206,0.003467,0.422915,0.414912,1.0
0.0,0.0,0.0,0.0,1.0,0.0,0.0,0.8812,0.787234,0.034406,0.609194,0.00236,0.597877,0.42193,1.0
0.0,0.0,1.0,0.0,0.0,0.0,0.0,0.912216,0.12766,0.042272,0.143856,0.002838,0.258674,0.551754,0.0
0.0,0.0,0.0,0.0,0.0,0.0,1.0,0.460732,0.191489,0.027861,0.139096,0.001911,0.14552,0.398246,0.0
0.0,0.0,0.0,1.0,0.0,0.0,0.0,0.894429,0.148936,0.038069,0.27834,0.002468,0.37856,0.652193,0.0
0.0,0.0,0.0,0.0,1.0,0.0,0.0,0.894783,0.255319,0.083764,0.496132,0.005538,0.485759,0.546053,0.0
0.0,0.0,0.0,0.0,1.0,0.0,0.0,0.907703,0.595745,0.047166,0.464296,0.003236,0.535733,0.332018,0.0
0.0,0.0,0.0,0.0,0.0,1.0,0.0,0.004779,0.595745,0.062598,0.384856,0.003467,0.422915,0.414912,0.0
0.0,0.0,0.0,0.0,0.0,0.0,1.0,0.429273,1.0,0.075387,0.296489,0.003467,0.422915,0.414912,0.0
0.0,0.0,1.0,0.0,0.0,0.0,0.0,0.424494,0.914894,0.074817,0.234752,0.003467,0.422915,0.414912,1.0
1.0,0.0,0.0,0.0,0.0,0.0,0.0,0.018097,0.382979,0.093821,0.519637,0.003467,0.422915,0.414912,1.0
0.0,1.0,0.0,0.0,0.0,0.0,0.0,0.906951,0.12766,0.024499,0.079887,0.001649,0.177628,0.521491,0.0
0.0,1.0,0.0,0.0,0.0,0.0,0.0,0.429362,0.808511,0.061787,0.455222,0.003467,0.422915,0.414912,0.0
0.0,1.0,0.0,0.0,0.0,0.0,0.0,0.030795,0.382979,0.098024,0.54463,0.003467,0.422915,0.414912,1.0
0.0,0.0,0.0,1.0,0.0,0.0,0.0,0.01761,0.978723,0.084694,0.518149,0.003467,0.422915,0.414912,1.0
1.0,0.0,0.0,0.0,0.0,0.0,0.0,0.907216,0.085106,0.054521,0.191758,0.003587,0.346453,0.619737,0.0
0.0,0.0,0.0,0.0,1.0,0.0,0.0,0.898456,0.06383,0.078239,0.430527,0.00512,0.488348,0.590789,1.0
1.0,0.0,0.0,0.0,0.0,0.0,0.0,0.438653,0.340426,0.053381,0.460131,0.003467,0.422915,0.414912,1.0
1.0,0.0,0.0,0.0,0.0,0.0,0.0,0.894606,0.06383,0.059805,0.30601,0.00274,0.431383,0.59693,0.0
0.0,0.0,0.0,0.0,0.0,1.0,0.0,0.443476,0.234043,0.038369,0.257215,0.002441,0.307095,0.707456,0.0
1.0,0.0,0.0,0.0,0.0,0.0,0.0,0.424716,0.957447,0.11862,0.397203,0.003467,0.422915,0.414912,1.0
0.0,0.0,1.0,0.0,0.0,0.0,0.0,0.451042,0.978723,0.042092,0.615442,0.002767,0.471517,0.586842,1.0
0.0,0.0,0.0,0.0,0.0,0.0,1.0,0.897925,0.680851,0.063468,0.430229,0.002927,0.38581,0.662719,0.0
0.0,1.0,0.0,0.0,0.0,0.0,0.0,0.009557,0.404255,0.041732,0.687891,0.003467,0.422915,0.414912,0.0
1.0,0.0,0.0,0.0,0.0,0.0,0.0,0.465112,0.191489,0.022187,0.057721,0.001502,0.128172,0.623684,0.0
0.0,1.0,0.0,0.0,0.0,0.0,0.0,0.871731,0.680851,0.027141,0.516513,0.001739,0.548162,0.672807,0.0
0.0,0.0,0.0,0.0,0.0,0.0,1.0,0.425291,0.297872,0.075237,0.185361,0.003467,0.422915,0.414912,1.0
0.0,1.0,0.0,0.0,0.0,0.0,0.0,0.473165,0.617021,0.047106,0.626748,0.003114,0.55101,0.285088,1.0
0.0,0.0,0.0,0.0,1.0,0.0,0.0,0.005044,0.468085,0.047886,0.567539,0.003467,0.422915,0.414912,0.0
0.0,0.0,0.0,0.0,1.0,0.0,0.0,0.469581,0.340426,0.05308,0.538976,0.003527,0.480321,0.503947,1.0
0.0,0.0,0.0,1.0,0.0,0.0,0.0,0.464316,0.276596,0.029873,0.386492,0.002023,0.383221,0.396053,1.0
0.0,0.0,0.0,0.0,0.0,0.0,1.0,0.86828,0.765957,0.032725,0.418328,0.002038,0.353185,0.808333,1.0
0.0,0.0,0.0,0.0,0.0,0.0,1.0,0.000221,0.787234,0.047376,0.383071,0.003467,0.422915,0.414912,0.0
0.0,0.0,0.0,0.0,0.0,1.0,0.0,0.460688,0.0,0.040351,0.48795,0.002736,0.415588,0.411404,0.0
0.0,0.0,0.0,0.0,1.0,0.0,0.0,0.456661,0.234043,0.029482,0.327879,0.001554,0.308907,0.812281,0.0
1.0,0.0,0.0,0.0,0.0,0.0,0.0,0.473563,0.021277,0.027261,0.237578,0.001838,0.260228,0.526316,1.0
0.0,0.0,0.0,1.0,0.0,0.0,0.0,0.90704,0.680851,0.047676,0.463999,0.003288,0.702486,0.198684,0.0
0.0,0.0,0.0,1.0,0.0,0.0,0.0,0.87213,0.787234,0.028822,0.425915,0.000852,0.431124,0.750439,1.0
0.0,0.0,1.0,0.0,0.0,0.0,0.0,0.872395,0.978723,0.036177,0.423535,0.002202,0.413516,0.724561,1.0
0.0,0.0,0.0,0.0,0.0,0.0,1.0,0.0273,0.382979,0.083554,0.353466,0.003467,0.422915,0.414912,1.0
0.0,0.0,0.0,0.0,1.0,0.0,0.0,0.017654,0.425532,0.084334,0.55058,0.003467,0.422915,0.414912,1.0
0.0,0.0,0.0,0.0,1.0,0.0,0.0,0.456661,0.191489,0.021526,0.246504,0.001427,0.264889,0.828947,0.0
0.0,1.0,0.0,0.0,0.0,0.0,0.0,0.464537,0.085106,0.028342,0.130765,0.001911,0.308131,0.536404,1.0
0.0,0.0,0.0,0.0,0.0,0.0,1.0,0.464448,0.93617,0.029633,0.33011,0.001994,0.286898,0.57193,1.0
0.0,1.0,0.0,0.0,0.0,0.0,0.0,0.871422,0.617021,0.0529,0.753496,0.003542,0.785603,0.381579,1.0
1.0,0.0,0.0,0.0,0.0,0.0,0.0,0.446927,0.340426,0.042813,0.373401,0.00166,0.168824,0.765789,1.0
0.0,0.0,1.0,0.0,0.0,0.0,0.0,0.893766,0.702128,0.068422,0.638798,0.004607,0.585707,0.471491,1.0
0.0,0.0,1.0,0.0,0.0,0.0,0.0,0.424494,0.0,0.089798,0.299018,0.003467,0.422915,0.414912,1.0
0.0,0.0,0.0,0.0,1.0,0.0,0.0,0.906774,0.148936,0.02579,0.156799,0.00171,0.137235,0.666228,0.0
0.0,0.0,0.0,0.0,0.0,1.0,0.0,0.433653,0.382979,0.068092,0.438709,0.003467,0.422915,0.414912,1.0
0.0,0.0,0.0,1.0,0.0,0.0,0.0,0.903633,0.425532,0.087426,0.582118,0.005715,0.440963,0.666228,1.0
0.0,1.0,0.0,0.0,0.0,0.0,0.0,0.90788,0.234043,0.081932,0.354805,0.00538,0.361989,0.637719,1.0
0.0,0.0,1.0,0.0,0.0,0.0,0.0,0.46551,0.085106,0.02657,0.166171,0.001803,0.272398,0.567544,0.0
1.0,0.0,0.0,0.0,0.0,0.0,0.0,0.425335,0.957447,0.085115,0.447486,0.003467,0.422915,0.414912,0.0
0.0,0.0,0.0,1.0,0.0,0.0,0.0,0.026857,0.382979,0.120031,0.600565,0.003467,0.422915,0.414912,1.0
0.0,0.0,0.0,1.0,0.0,0.0,0.0,0.00469,0.170213,0.075177,0.22166,0.003467,0.422915,0.414912,0.0
0.0,0.0,0.0,0.0,0.0,1.0,0.0,0.876333,0.170213,0.025309,0.200536,0.001007,0.31797,0.797807,0.0
0.0,0.0,0.0,0.0,0.0,0.0,1.0,0.447812,0.638298,0.041672,0.408212,0.002779,0.370274,0.60307,1.0
0.0,0.0,0.0,0.0,1.0,0.0,0.0,0.013053,0.361702,0.041582,0.593871,0.003467,0.422915,0.414912,0.0
0.0,0.0,0.0,0.0,0.0,0.0,1.0,0.995443,0.829787,0.040801,0.494198,0.002655,0.407561,0.736404,1.0
0.0,0.0,0.0,0.0,0.0,0.0,1.0,0.004203,0.595745,0.082353,0.332342,0.003467,0.422915,0.414912,1.0
0.0,1.0,0.0,0.0,0.0,0.0,0.0,0.86713,0.893617,0.031134,0.341565,0.002135,0.211548,0.442544,0.0
0.0,0.0,0.0,1.0,0.0,0.0,0.0,0.473253,0.978723,0.02624,0.418923,0.001745,0.328068,0.605263,0.0
0.0,0.0,0.0,0.0,1.0,0.0,0.0,0.45113,1.0,0.041131,0.600119,0.002738,0.515536,0.499123,0.0
0.0,0.0,0.0,0.0,0.0,1.0,0.0,0.876952,0.425532,0.037198,0.564564,0.002555,0.529259,0.327632,1.0
1.0,0.0,0.0,0.0,0.0,0.0,0.0,0.017787,0.978723,0.083644,0.486016,0.003467,0.422915,0.414912,1.0
0.0,0.0,0.0,1.0,0.0,0.0,0.0,0.013008,0.851064,0.048787,0.628087,0.003467,0.422915,0.414912,0.0
0.0,0.0,0.0,0.0,0.0,0.0,1.0,0.881288,0.340426,0.029422,0.282952,0.001894,0.216209,0.651754,0.0
1.0,0.0,0.0,0.0,0.0,0.0,0.0,0.433432,1.0,0.051849,0.387236,0.003467,0.422915,0.414912,0.0
0.0,0.0,1.0,0.0,0.0,0.0,0.0,0.008982,0.106383,0.080911,0.348855,0.003467,0.422915,0.414912,0.0
0.0,0.0,0.0,1.0,0.0,0.0,0.0,0.438476,0.829787,0.061066,0.488396,0.003467,0.422915,0.414912,1.0
0.0,0.0,0.0,0.0,0.0,1.0,0.0,0.429229,0.297872,0.081122,0.33249,0.003467,0.422915,0.414912,1.0
0.0,1.0,0.0,0.0,0.0,0.0,0.0,0.912482,0.531915,0.087036,0.518001,0.005889,0.563956,0.35,1.0
0.0,0.0,0.0,0.0,0.0,0.0,1.0,0.022079,0.87234,0.073256,0.301398,0.003467,0.422915,0.414912,1.0
0.0,0.0,0.0,1.0,0.0,0.0,0.0,0.889164,0.148936,0.027621,0.206784,0.001811,0.342051,0.664035,0.0
0.0,0.0,0.0,0.0,0.0,1.0,0.0,0.880625,0.085106,0.03993,0.197709,0.002511,0.292336,0.805263,0.0
1.0,0.0,0.0,0.0,0.0,0.0,0.0,0.451573,0.765957,0.043683,0.802737,0.002879,0.512688,0.701754,1.0
0.0,1.0,0.0,0.0,0.0,0.0,0.0,0.000929,0.553191,0.043983,0.480512,0.003467,0.422915,0.414912,0.0
0.0,0.0,0.0,0.0,0.0,0.0,1.0,0.86828,0.787234,0.030593,0.400179,0.001876,0.335836,0.852193,1.0
0.0,0.0,0.0,1.0,0.0,0.0,0.0,0.911951,0.893617,0.050588,0.436328,0.003371,0.396686,0.513596,0.0
0.0,0.0,0.0,0.0,0.0,0.0,1.0,0.876997,0.510638,0.036208,0.402708,0.002408,0.296737,0.538596,1.0
0.0,0.0,0.0,1.0,0.0,0.0,0.0,0.902703,0.702128,0.043173,0.489735,0.002871,0.515536,0.425,0.0
1.0,0.0,0.0,0.0,0.0,0.0,0.0,0.897969,0.765957,0.115768,0.747099,0.007624,0.577939,0.612719,1.0
0.0,0.0,0.0,0.0,1.0,0.0,0.0,0.907703,0.0,0.05281,0.445998,0.00356,0.470999,0.519737,1.0
0.0,0.0,1.0,0.0,0.0,0.0,0.0,0.881111,0.702128,0.036658,0.544927,0.002538,0.535733,0.401316,1.0
0.0,0.0,0.0,0.0,0.0,0.0,1.0,0.86797,0.531915,0.049538,0.45418,0.00307,0.330917,0.846053,1.0
0.0,0.0,1.0,0.0,0.0,0.0,0.0,0.43383,0.06383,0.041431,0.198304,0.003467,0.422915,0.414912,0.0
0.0,1.0,0.0,0.0,0.0,0.0,0.0,0.903544,0.531915,0.086075,0.510116,0.005717,0.460642,0.503509,1.0
0.0,0.0,0.0,0.0,1.0,0.0,0.0,0.425512,0.914894,0.074997,0.382029,0.003467,0.422915,0.414912,1.0
0.0,0.0,0.0,0.0,0.0,0.0,1.0,0.005133,0.276596,0.056173,0.140286,0.003467,0.422915,0.414912,0.0
0.0,1.0,0.0,0.0,0.0,0.0,0.0,0.460511,0.489362,0.028972,0.511306,0.001946,0.560331,0.451754,1.0
1.0,0.0,0.0,0.0,0.0,0.0,0.0,0.885359,0.148936,0.024469,0.099226,0.001629,0.202486,0.634211,0.0
0.0,0.0,0.0,0.0,0.0,1.0,0.0,0.903102,0.234043,0.047136,0.2831,0.003022,0.295961,0.660965,0.0
0.0,0.0,1.0,0.0,0.0,0.0,0.0,0.027123,0.06383,0.051219,0.219429,0.003467,0.422915,0.414912,0.0
0.0,0.0,0.0,0.0,0.0,0.0,1.0,0.903456,0.042553,0.074997,0.419964,0.004954,0.421025,0.595175,1.0
0.0,0.0,0.0,0.0,0.0,1.0,0.0,0.026946,0.829787,0.074817,0.329813,0.003467,0.422915,0.414912,0.0
0.0,0.0,0.0,1.0,0.0,0.0,0.0,0.023185,0.893617,0.049778,0.390509,0.003467,0.422915,0.414912,0.0
0.0,0.0,0.0,0.0,0.0,1.0,0.0,0.884651,0.297872,0.029212,0.436031,0.001973,0.512947,0.42193,1.0
0.0,0.0,0.0,1.0,0.0,0.0,0.0,0.469227,0.851064,0.030653,0.399732,0.00205,0.352926,0.517982,0.0
0.0,0.0,0.0,0.0,1.0,0.0,0.0,0.0223,0.042553,0.047286,0.361202,0.003467,0.422915,0.414912,0.0
0.0,1.0,0.0,0.0,0.0,0.0,0.0,0.880404,0.085106,0.029002,0.20247,0.001789,0.316416,0.7,0.0
0.0,0.0,0.0,0.0,1.0,0.0,0.0,0.0223,0.510638,0.089828,0.574085,0.003467,0.422915,0.414912,1.0
0.0,0.0,0.0,0.0,0.0,1.0,0.0,0.031901,1.0,0.058304,0.179262,0.003467,0.422915,0.414912,0.0
0.0,0.0,0.0,0.0,0.0,0.0,1.0,0.004203,0.723404,0.121502,0.493752,0.003467,0.422915,0.414912,1.0
1.0,0.0,0.0,0.0,0.0,0.0,0.0,0.881023,0.276596,0.018854,0.119012,0.000771,0.138011,0.759211,0.0
0.0,0.0,0.0,0.0,1.0,0.0,0.0,0.469891,0.276596,0.076768,0.536745,0.005297,0.591921,0.366228,0.0
1.0,0.0,0.0,0.0,0.0,0.0,0.0,0.465422,0.914894,0.02648,0.292026,0.00177,0.210254,0.690351,0.0
0.0,0.0,0.0,0.0,0.0,0.0,1.0,0.469979,0.0,0.027501,0.349896,0.001884,0.310461,0.552632,0.0
0.0,0.0,0.0,0.0,0.0,0.0,1.0,0.469669,0.319149,0.044224,0.392294,0.002977,0.298809,0.589912,0.0
0.0,0.0,0.0,0.0,0.0,0.0,1.0,0.880669,0.191489,0.029422,0.075424,0.001471,0.148369,0.853509,0.0
0.0,0.0,0.0,1.0,0.0,0.0,0.0,0.447679,0.787234,0.095262,0.853466,0.006493,0.708441,0.338596,1.0
0.0,0.0,0.0,0.0,0.0,1.0,0.0,0.495686,0.212766,0.027831,0.166171,0.001901,0.205852,0.405263,0.0
0.0,0.0,0.0,0.0,0.0,0.0,1.0,0.908101,0.042553,0.051519,0.300655,0.003457,0.411445,0.423246,0.0
0.0,0.0,0.0,0.0,1.0,0.0,0.0,0.876908,0.93617,0.029032,0.44332,0.001518,0.284827,0.663596,0.0
0.0,0.0,0.0,0.0,1.0,0.0,0.0,0.876908,0.085106,0.028642,0.177923,0.00187,0.297255,0.553509,0.0
0.0,0.0,0.0,0.0,0.0,0.0,1.0,0.433388,0.978723,0.049838,0.259744,0.003467,0.422915,0.414912,1.0
1.0,0.0,0.0,0.0,0.0,0.0,0.0,0.013805,0.234043,0.045755,0.247099,0.003467,0.422915,0.414912,0.0
0.0,0.0,0.0,0.0,0.0,0.0,1.0,0.885625,0.404255,0.064039,0.542993,0.004152,0.402641,0.659649,1.0
0.0,0.0,0.0,0.0,0.0,1.0,0.0,0.469935,0.617021,0.035457,0.612169,0.00263,0.469964,0.198246,0.0
0.0,0.0,0.0,1.0,0.0,0.0,0.0,0.023185,0.297872,0.056413,0.443767,0.003467,0.422915,0.414912,0.0
1.0,0.0,0.0,0.0,0.0,0.0,0.0,0.47374,0.765957,0.028432,0.370425,0.001793,0.24521,0.821053,0.0
0.0,0.0,0.0,0.0,1.0,0.0,0.0,0.491261,0.531915,0.041311,0.473371,0.002875,0.46116,0.274561,0.0
0.0,0.0,0.0,0.0,0.0,1.0,0.0,0.425556,0.638298,0.076258,0.304522,0.003467,0.422915,0.414912,1.0
0.0,0.0,0.0,0.0,1.0,0.0,0.0,0.906774,0.425532,0.093041,0.599375,0.00623,0.512429,0.454386,1.0
0.0,0.0,1.0,0.0,0.0,0.0,0.0,0.8762,0.829787,0.032515,0.466528,0.000899,0.481098,0.57193,1.0
0.0,0.0,0.0,0.0,1.0,0.0,0.0,0.005354,0.659574,0.042572,0.482594,0.003467,0.422915,0.414912,0.0
0.0,0.0,0.0,1.0,0.0,0.0,0.0,0.89412,0.595745,0.047226,0.574531,0.003214,0.681771,0.419737,0.0
1.0,0.0,0.0,0.0,0.0,0.0,0.0,0.912438,0.021277,0.041942,0.219875,0.002788,0.315898,0.523684,0.0
0.0,1.0,0.0,0.0,0.0,0.0,0.0,0.425379,0.957447,0.089798,0.442577,0.003467,0.422915,0.414912,0.0
0.0,0.0,0.0,0.0,0.0,0.0,1.0,0.867661,0.617021,0.034316,0.422642,0.00225,0.566805,0.488596,1.0
0.0,0.0,0.0,1.0,0.0,0.0,0.0,0.889784,0.574468,0.064789,0.662154,0.004593,0.653288,0.266667,1.0
0.0,0.0,0.0,0.0,1.0,0.0,0.0,0.013362,0.255319,0.097574,0.452693,0.003467,0.422915,0.414912,1.0
0.0,0.0,1.0,0.0,0.0,0.0,0.0,0.447635,0.553191,0.071604,0.565457,0.004952,0.661833,0.246491,1.0
0.0,1.0,0.0,0.0,0.0,0.0,0.0,0.451617,0.808511,0.042272,0.803779,0.002775,0.644226,0.612281,1.0
0.0,0.0,0.0,1.0,0.0,0.0,0.0,0.009026,0.723404,0.090159,0.719726,0.003467,0.422915,0.414912,1.0
0.0,0.0,0.0,0.0,0.0,1.0,0.0,0.428919,0.851064,0.086316,0.36626,0.003467,0.422915,0.414912,1.0
0.0,0.0,0.0,0.0,0.0,0.0,1.0,0.438609,0.531915,0.050198,0.314341,0.003467,0.422915,0.414912,0.0
0.0,1.0,0.0,0.0,0.0,0.0,0.0,0.44237,0.659574,0.06635,0.494347,0.004632,0.424909,0.500526,1.0
0.0,0.0,0.0,0.0,0.0,0.0,1.0,0.429892,0.808511,0.081122,0.449717,0.003467,0.422915,0.414912,1.0
0.0,0.0,1.0,0.0,0.0,0.0,0.0,0.018495,0.021277,0.056923,0.413419,0.003467,0.422915,0.414912,1.0
0.0,0.0,0.0,0.0,0.0,0.0,1.0,0.022079,0.042553,0.045965,0.198899,0.003467,0.422915,0.414912,0.0
0.0,0.0,1.0,0.0,0.0,0.0,0.0,0.013893,0.553191,0.043203,0.542249,0.003467,0.422915,0.414912,0.0
0.0,0.0,0.0,0.0,0.0,1.0,0.0,0.433344,0.212766,0.071184,0.133889,0.003467,0.422915,0.414912,1.0
1.0,0.0,0.0,0.0,0.0,0.0,0.0,0.443255,0.191489,0.031734,0.099524,0.002092,0.137235,0.677632,0.0
0.0,0.0,0.0,1.0,0.0,0.0,0.0,0.443387,1.0,0.044464,0.489289,0.002987,0.453133,0.57193,0.0
0.0,1.0,0.0,0.0,0.0,0.0,0.0,0.004602,0.638298,0.121202,0.550134,0.003467,0.422915,0.414912,1.0
0.0,0.0,0.0,0.0,0.0,0.0,1.0,0.500111,0.957447,0.057824,0.337251,0.003926,0.288193,0.367982,1.0
0.0,0.0,0.0,0.0,1.0,0.0,0.0,0.903367,0.361702,0.087426,0.508777,0.005843,0.576644,0.414912,1.0
0.0,1.0,0.0,0.0,0.0,0.0,0.0,0.469139,0.170213,0.028191,0.135971,0.001843,0.180994,0.685965,0.0
1.0,0.0,0.0,0.0,0.0,0.0,0.0,0.022742,0.914894,0.060526,0.355698,0.003467,0.422915,0.414912,0.0
0.0,0.0,0.0,0.0,0.0,1.0,0.0,0.460688,0.361702,0.127477,0.56501,0.00865,0.55334,0.314912,1.0
0.0,0.0,0.0,0.0,0.0,0.0,1.0,0.429892,0.425532,0.072835,0.411931,0.003467,0.422915,0.414912,0.0
0.0,0.0,0.0,0.0,0.0,1.0,0.0,0.022654,0.765957,0.084664,0.362987,0.003467,0.422915,0.414912,1.0
0.0,0.0,0.0,0.0,1.0,0.0,0.0,0.442237,0.319149,0.072175,0.474412,0.003467,0.422915,0.414912,0.0
0.0,0.0,1.0,0.0,0.0,0.0,0.0,0.425733,0.617021,0.076498,0.510116,0.003467,0.422915,0.414912,1.0
0.0,0.0,0.0,0.0,0.0,1.0,0.0,0.881244,0.702128,0.027381,0.477388,0.00184,0.478509,0.57807,0.0
0.0,0.0,1.0,0.0,0.0,0.0,0.0,0.425424,0.851064,0.110994,0.466379,0.003467,0.422915,0.414912,0.0
0.0,0.0,0.0,1.0,0.0,0.0,0.0,0.005309,0.340426,0.087336,0.652187,0.003467,0.422915,0.414912,1.0
0.0,0.0,1.0,0.0,0.0,0.0,0.0,0.451971,0.106383,0.040891,0.397501,0.002441,0.379078,0.72193,0.0
0.0,0.0,1.0,0.0,0.0,0.0,0.0,0.456263,0.829787,0.041161,0.687147,0.00275,0.587519,0.611404,1.0
0.0,0.0,0.0,1.0,0.0,0.0,0.0,0.001018,0.744681,0.044224,0.68313,0.003467,0.422915,0.414912,0.0
1.0,0.0,0.0,0.0,0.0,0.0,0.0,0.90319,0.212766,0.027921,0.083606,0.001867,0.141895,0.548246,0.0
0.0,0.0,0.0,0.0,1.0,0.0,0.0,0.004734,0.893617,0.075117,0.55787,0.003467,0.422915,0.414912,0.0
0.0,0.0,0.0,0.0,0.0,0.0,1.0,0.908101,0.0,0.051189,0.416989,0.003452,0.390471,0.494737,0.0
0.0,0.0,0.0,0.0,1.0,0.0,0.0,0.434538,0.382979,0.047526,0.320738,0.003467,0.422915,0.414912,0.0
0.0,0.0,0.0,0.0,0.0,1.0,0.0,0.903411,0.680851,0.043773,0.473073,0.002929,0.445106,0.486842,0.0
1.0,0.0,0.0,0.0,0.0,0.0,0.0,0.000265,0.893617,0.109283,0.427998,0.003467,0.422915,0.414912,1.0
0.0,0.0,0.0,0.0,0.0,1.0,0.0,0.004469,0.723404,0.106761,0.536745,0.003467,0.422915,0.414912,1.0
0.0,0.0,1.0,0.0,0.0,0.0,0.0,0.898987,0.680851,0.064339,0.531092,0.003833,0.618332,0.485088,0.0
0.0,0.0,1.0,0.0,0.0,0.0,0.0,0.867484,0.085106,0.023928,0.172121,0.001562,0.302434,0.804825,0.0
0.0,1.0,0.0,0.0,0.0,0.0,0.0,0.017831,0.574468,0.083133,0.464445,0.003467,0.422915,0.414912,1.0
0.0,0.0,0.0,0.0,1.0,0.0,0.0,0.429494,0.893617,0.062838,0.395864,0.003467,0.422915,0.414912,0.0
0.0,0.0,0.0,0.0,0.0,1.0,0.0,0.868236,0.893617,0.031314,0.484677,0.001932,0.317711,0.846491,1.0
0.0,0.0,0.0,1.0,0.0,0.0,0.0,0.022875,0.234043,0.072055,0.210057,0.003467,0.422915,0.414912,1.0
0.0,0.0,0.0,0.0,1.0,0.0,0.0,0.456042,0.106383,0.03999,0.362541,0.002705,0.389436,0.664912,0.0
0.0,0.0,0.0,0.0,0.0,1.0,0.0,0.894208,0.87234,0.061277,0.674502,0.004146,0.590368,0.466667,0.0
0.0,0.0,0.0,0.0,0.0,0.0,1.0,0.44352,0.893617,0.089348,0.509819,0.00582,0.354738,0.705702,1.0
0.0,0.0,0.0,1.0,0.0,0.0,0.0,0.44737,0.468085,0.044674,0.655757,0.003143,0.598136,0.359211,0.0
1.0,0.0,0.0,0.0,0.0,0.0,0.0,0.468785,0.723404,0.028912,0.303481,0.001894,0.191352,0.657018,1.0
0.0,0.0,0.0,0.0,0.0,0.0,1.0,0.455821,0.021277,0.049027,0.564267,0.003452,0.443553,0.30614,0.0
0.0,0.0,0.0,0.0,1.0,0.0,0.0,0.885226,0.0,0.041401,0.487206,0.002721,0.369498,0.592544,1.0
0.0,0.0,0.0,0.0,0.0,1.0,0.0,0.014026,0.680851,0.040831,0.327879,0.003467,0.422915,0.414912,0.0
1.0,0.0,0.0,0.0,0.0,0.0,0.0,0.47374,0.574468,0.029933,0.34945,0.001685,0.249353,0.746491,0.0
0.0,0.0,0.0,1.0,0.0,0.0,0.0,0.023185,0.255319,0.114417,0.371616,0.003467,0.422915,0.414912,1.0
0.0,0.0,0.0,0.0,0.0,0.0,1.0,0.889607,0.744681,0.287589,0.66141,0.019364,0.548421,0.53114,1.0
0.0,0.0,1.0,0.0,0.0,0.0,0.0,0.425424,0.680851,0.228804,0.645939,0.003467,0.422915,0.414912,1.0
0.0,0.0,0.0,0.0,0.0,0.0,1.0,0.885315,0.914894,0.036358,0.341565,0.002362,0.316157,0.690789,0.0
0.0,0.0,0.0,1.0,0.0,0.0,0.0,0.442458,0.851064,0.071304,0.448378,0.004987,0.508545,0.500526,1.0
1.0,0.0,0.0,0.0,0.0,0.0,0.0,0.911199,0.340426,0.044704,0.371169,0.002896,0.22812,0.76886,0.0
0.0,0.0,0.0,0.0,1.0,0.0,0.0,0.880581,0.702128,0.040231,0.504165,0.00263,0.457017,0.578947,1.0
0.0,0.0,0.0,0.0,1.0,0.0,0.0,0.45206,0.489362,0.035397,0.582713,0.002391,0.5826,0.375,0.0
0.0,0.0,0.0,0.0,1.0,0.0,0.0,0.460334,0.021277,0.040651,0.469354,0.002773,0.415329,0.429386,0.0
1.0,0.0,0.0,0.0,0.0,0.0,0.0,0.885049,0.659574,0.029242,0.284439,0.001917,0.237442,0.597807,0.0
0.0,0.0,0.0,0.0,0.0,0.0,1.0,0.884695,0.574468,0.033055,0.420113,0.002098,0.311238,0.667544,1.0
0.0,0.0,0.0,1.0,0.0,0.0,0.0,0.451086,0.574468,0.040891,0.573044,0.002746,0.666753,0.290789,0.0
1.0,0.0,0.0,0.0,0.0,0.0,0.0,0.023052,0.425532,0.101327,0.504463,0.003467,0.422915,0.414912,1.0
0.0,1.0,0.0,0.0,0.0,0.0,0.0,0.893722,0.638298,0.029512,0.512943,0.002,0.544019,0.372368,0.0
0.0,0.0,0.0,0.0,0.0,1.0,0.0,0.880934,0.382979,0.028942,0.495537,0.001944,0.525375,0.589035,1.0
0.0,0.0,0.0,1.0,0.0,0.0,0.0,0.01761,0.829787,0.066681,0.569622,0.003467,0.422915,0.414912,0.0
0.0,0.0,0.0,0.0,0.0,1.0,0.0,0.456705,0.765957,0.033385,0.609045,0.002273,0.526411,0.538596,1.0
0.0,1.0,0.0,0.0,0.0,0.0,0.0,0.004911,0.914894,0.077669,0.49643,0.003467,0.422915,0.414912,0.0
0.0,0.0,0.0,0.0,0.0,1.0,0.0,0.014026,0.723404,0.043203,0.408658,0.003467,0.422915,0.414912,0.0
0.0,0.0,0.0,0.0,0.0,0.0,1.0,0.897925,0.085106,0.046325,0.448974,0.003039,0.459347,0.626754,0.0
0.0,1.0,0.0,0.0,0.0,0.0,0.0,0.01323,0.957447,0.07953,0.517852,0.003467,0.422915,0.414912,1.0
0.0,0.0,0.0,0.0,1.0,0.0,0.0,0.027521,0.021277,0.053861,0.278191,0.003467,0.422915,0.414912,0.0
0.0,0.0,0.0,0.0,1.0,0.0,0.0,0.469581,0.851064,0.045845,0.407914,0.003105,0.368203,0.335088,1.0
0.0,0.0,0.0,0.0,0.0,1.0,0.0,0.026946,1.0,0.059265,0.252901,0.003467,0.422915,0.414912,0.0
0.0,0.0,0.0,0.0,1.0,0.0,0.0,0.429804,0.234043,0.075087,0.409253,0.003467,0.422915,0.414912,1.0
0.0,0.0,1.0,0.0,0.0,0.0,0.0,0.43445,1.0,0.045605,0.399137,0.003467,0.422915,0.414912,0.0
0.0,1.0,0.0,0.0,0.0,0.0,0.0,0.451617,0.744681,0.120572,0.852871,0.007979,0.757121,0.452193,1.0
0.0,0.0,1.0,0.0,0.0,0.0,0.0,0.000664,0.808511,0.125706,0.63731,0.003467,0.422915,0.414912,1.0
0.0,0.0,0.0,0.0,0.0,0.0,1.0,0.018362,0.829787,0.082473,0.461916,0.003467,0.422915,0.414912,1.0
0.0,0.0,0.0,0.0,0.0,1.0,0.0,0.009115,1.0,0.041642,0.469801,0.003467,0.422915,0.414912,0.0
1.0,0.0,0.0,0.0,0.0,0.0,0.0,0.447856,0.723404,0.041702,0.617078,0.002802,0.371569,0.575,1.0
0.0,0.0,1.0,0.0,0.0,0.0,0.0,0.473519,0.765957,0.023898,0.441535,0.001562,0.382444,0.669298,0.0
0.0,0.0,0.0,1.0,0.0,0.0,0.0,0.486837,0.851064,0.06602,0.450907,0.004578,0.464267,0.227193,1.0
0.0,0.0,0.0,0.0,1.0,0.0,0.0,0.915712,0.659574,0.101087,0.595656,0.006863,0.600725,0.321053,1.0
0.0,0.0,0.0,0.0,0.0,1.0,0.0,0.866997,0.595745,0.03882,0.56144,0.002559,0.325997,0.703947,1.0
0.0,0.0,0.0,0.0,0.0,1.0,0.0,0.469935,0.638298,0.035727,0.608152,0.002559,0.474625,0.223684,0.0
0.0,0.0,0.0,0.0,0.0,0.0,1.0,0.897925,0.297872,0.059085,0.438411,0.003413,0.306836,0.830702,0.0
0.0,1.0,0.0,0.0,0.0,0.0,0.0,0.894031,0.255319,0.06635,0.458048,0.004277,0.454169,0.646053,1.0
0.0,0.0,0.0,0.0,0.0,1.0,0.0,0.017698,0.361702,0.090219,0.471288,0.003467,0.422915,0.414912,1.0
0.0,0.0,0.0,0.0,0.0,0.0,1.0,0.000221,0.468085,0.071694,0.337251,0.003467,0.422915,0.414912,1.0
0.0,1.0,0.0,0.0,0.0,0.0,0.0,0.434406,0.06383,0.045334,0.215412,0.003467,0.422915,0.414912,0.0
1.0,0.0,0.0,0.0,0.0,0.0,0.0,0.031061,0.787234,0.062838,0.382178,0.003467,0.422915,0.414912,0.0
0.0,0.0,1.0,0.0,0.0,0.0,0.0,0.469183,0.255319,0.049237,0.381137,0.003249,0.470223,0.381579,1.0
0.0,0.0,0.0,0.0,1.0,0.0,0.0,0.434229,0.638298,0.069653,0.479917,0.003467,0.422915,0.414912,0.0
0.0,1.0,0.0,0.0,0.0,0.0,0.0,0.898323,0.170213,0.041642,0.217644,0.002692,0.304505,0.71886,0.0
0.0,0.0,0.0,0.0,0.0,0.0,1.0,0.005133,0.191489,0.041942,0.090301,0.003467,0.422915,0.414912,0.0
1.0,0.0,0.0,0.0,0.0,0.0,0.0,0.876731,0.021277,0.028101,0.222404,0.001797,0.236406,0.774123,0.0
0.0,1.0,0.0,0.0,0.0,0.0,0.0,0.00031,0.106383,0.046956,0.236686,0.003467,0.422915,0.414912,0.0
0.0,0.0,0.0,0.0,0.0,1.0,0.0,0.438565,0.0,0.058665,0.418179,0.003467,0.422915,0.414912,1.0
0.0,0.0,0.0,0.0,0.0,0.0,1.0,0.000221,0.702128,0.047256,0.263761,0.003467,0.422915,0.414912,0.0
0.0,1.0,0.0,0.0,0.0,0.0,0.0,0.438697,0.234043,0.048337,0.226569,0.003467,0.422915,0.414912,0.0
0.0,0.0,0.0,0.0,0.0,1.0,0.0,0.026946,0.042553,0.059865,0.226272,0.003467,0.422915,0.414912,0.0
1.0,0.0,0.0,0.0,0.0,0.0,0.0,0.434052,0.148936,0.043383,0.113508,0.003467,0.422915,0.414912,0.0
0.0,0.0,1.0,0.0,0.0,0.0,0.0,0.898677,0.06383,0.077729,0.434692,0.005089,0.480062,0.625877,0.0
1.0,0.0,0.0,0.0,0.0,0.0,0.0,0.03199,0.893617,0.074817,0.270009,0.003467,0.422915,0.414912,1.0
0.0,0.0,0.0,1.0,0.0,0.0,0.0,0.438166,0.93617,0.076108,0.412526,0.003467,0.422915,0.414912,0.0
1.0,0.0,0.0,0.0,0.0,0.0,0.0,0.470023,0.893617,0.030413,0.320143,0.002059,0.222165,0.587719,1.0
0.0,0.0,1.0,0.0,0.0,0.0,0.0,0.907924,0.234043,0.096433,0.380542,0.006419,0.478767,0.549561,1.0
0.0,0.0,0.0,0.0,0.0,0.0,1.0,0.469669,0.085106,0.02588,0.159476,0.001739,0.256085,0.633772,0.0
0.0,1.0,0.0,0.0,0.0,0.0,0.0,0.031105,0.595745,0.074817,0.513091,0.003467,0.422915,0.414912,0.0
0.0,0.0,0.0,0.0,1.0,0.0,0.0,0.898766,0.851064,0.054762,0.632847,0.003587,0.573796,0.481579,0.0
0.0,0.0,0.0,0.0,0.0,0.0,1.0,0.004513,0.404255,0.102198,0.490181,0.003467,0.422915,0.414912,1.0
0.0,0.0,1.0,0.0,0.0,0.0,0.0,0.911907,0.510638,0.05215,0.533026,0.003531,0.540394,0.422368,0.0
0.0,1.0,0.0,0.0,0.0,0.0,0.0,0.889385,0.0,0.027621,0.36269,0.001816,0.363542,0.627193,0.0
1.0,0.0,0.0,0.0,0.0,0.0,0.0,0.000265,0.723404,0.209229,0.591639,0.003467,0.422915,0.414912,1.0
0.0,0.0,0.0,0.0,0.0,0.0,1.0,0.434007,0.680851,0.061307,0.29039,0.003467,0.422915,0.414912,1.0
0.0,1.0,0.0,0.0,0.0,0.0,0.0,0.912172,0.319149,0.122913,0.492711,0.008484,0.540653,0.280702,1.0
1.0,0.0,0.0,0.0,0.0,0.0,0.0,0.885359,0.382979,0.093011,0.389616,0.002009,0.216727,0.660088,1.0
0.0,0.0,0.0,1.0,0.0,0.0,0.0,0.434184,0.638298,0.099346,0.588367,0.003467,0.422915,0.414912,1.0
0.0,0.0,0.0,0.0,0.0,0.0,1.0,0.442326,0.638298,0.051339,0.281761,0.003467,0.422915,0.414912,0.0
0.0,1.0,0.0,0.0,0.0,0.0,0.0,0.027078,0.93617,0.077939,0.411336,0.003467,0.422915,0.414912,0.0
0.0,0.0,0.0,1.0,0.0,0.0,0.0,0.443387,0.659574,0.044043,0.476049,0.002954,0.500518,0.545175,0.0
0.0,0.0,0.0,0.0,1.0,0.0,0.0,0.45175,0.787234,0.120962,0.868789,0.008168,0.694718,0.483772,1.0
0.0,0.0,0.0,0.0,0.0,1.0,0.0,0.442547,0.361702,0.087727,0.560399,0.005935,0.575608,0.500526,1.0
0.0,1.0,0.0,0.0,0.0,0.0,0.0,0.009867,0.06383,0.075267,0.434841,0.003467,0.422915,0.414912,1.0
0.0,0.0,0.0,1.0,0.0,0.0,0.0,0.868147,0.446809,0.042632,0.651889,0.002777,0.530295,0.539912,1.0
0.0,0.0,0.0,0.0,1.0,0.0,0.0,0.429804,0.808511,0.06614,0.469801,0.003467,0.422915,0.414912,0.0
0.0,0.0,0.0,1.0,0.0,0.0,0.0,0.452325,0.553191,0.033025,0.553258,0.002219,0.644485,0.454386,0.0
0.0,0.0,0.0,0.0,0.0,1.0,0.0,0.460997,0.851064,0.030053,0.458941,0.002077,0.404454,0.350439,0.0
0.0,0.0,0.0,0.0,0.0,1.0,0.0,0.898102,0.425532,0.031344,0.544927,0.002162,0.569653,0.292544,0.0
0.0,0.0,0.0,1.0,0.0,0.0,0.0,0.464625,0.382979,0.099556,0.517108,0.006855,0.494821,0.402632,1.0
0.0,0.0,0.0,0.0,1.0,0.0,0.0,0.02199,0.617021,0.057644,0.435138,0.003467,0.422915,0.414912,1.0
0.0,0.0,0.0,1.0,0.0,0.0,0.0,0.8935,0.297872,0.069623,0.650104,0.005131,0.551787,0.642544,0.0
0.0,0.0,1.0,0.0,0.0,0.0,0.0,0.009292,0.382979,0.067731,0.783844,0.003467,0.422915,0.414912,0.0
0.0,0.0,0.0,0.0,1.0,0.0,0.0,0.424893,0.808511,0.082293,0.321184,0.003467,0.422915,0.414912,1.0
0.0,1.0,0.0,0.0,0.0,0.0,0.0,0.894031,0.702128,0.09226,0.747397,0.00612,0.736147,0.523246,1.0
0.0,1.0,0.0,0.0,0.0,0.0,0.0,0.871731,0.0,0.025429,0.224784,0.001122,0.272657,0.842544,0.0
0.0,0.0,0.0,0.0,0.0,0.0,1.0,0.464448,0.170213,0.023898,0.109194,0.001602,0.205593,0.625439,0.0
0.0,0.0,1.0,0.0,0.0,0.0,0.0,0.456573,0.829787,0.041071,0.738173,0.002784,0.605645,0.621491,1.0
0.0,0.0,0.0,1.0,0.0,0.0,0.0,0.907969,0.829787,0.042752,0.482892,0.003351,0.527447,0.353509,0.0
0.0,0.0,1.0,0.0,0.0,0.0,0.0,0.894695,0.446809,0.089258,0.680452,0.005912,0.714397,0.350877,1.0
0.0,0.0,0.0,1.0,0.0,0.0,0.0,0.982169,0.191489,0.042512,0.234008,0.002725,0.31797,0.762281,0.0
0.0,0.0,0.0,1.0,0.0,0.0,0.0,0.87182,0.446809,0.028432,0.591491,0.001813,0.724754,0.535965,0.0
1.0,0.0,0.0,0.0,0.0,0.0,0.0,0.438343,0.765957,0.138435,0.571556,0.003467,0.422915,0.414912,1.0
0.0,0.0,0.0,0.0,1.0,0.0,0.0,0.867263,0.404255,0.035397,0.490033,0.002397,0.40057,0.542982,1.0
0.0,0.0,0.0,0.0,0.0,1.0,0.0,0.876023,0.638298,0.02687,0.539869,0.001666,0.470223,0.708772,0.0
1.0,0.0,0.0,0.0,0.0,0.0,0.0,0.465422,1.0,0.027021,0.24338,0.00182,0.306059,0.574561,1.0
1.0,0.0,0.0,0.0,0.0,0.0,0.0,0.447237,0.446809,0.042752,0.588367,0.00286,0.316416,0.750877,1.0
1.0,0.0,0.0,0.0,0.0,0.0,0.0,0.446617,0.553191,0.042752,0.390658,0.002784,0.273433,0.748246,0.0
1.0,0.0,0.0,0.0,0.0,0.0,0.0,0.004248,0.744681,0.05221,0.673312,0.003467,0.422915,0.414912,0.0
0.0,0.0,0.0,0.0,0.0,1.0,0.0,0.018627,0.0,0.053981,0.431419,0.003467,0.422915,0.414912,1.0
0.0,0.0,0.0,1.0,0.0,0.0,0.0,0.01792,0.851064,0.081002,0.518893,0.003467,0.422915,0.414912,1.0
0.0,1.0,0.0,0.0,0.0,0.0,0.0,0.903234,0.978723,0.090519,0.472627,0.006055,0.493268,0.451316,1.0
0.0,0.0,0.0,0.0,1.0,0.0,0.0,0.469891,0.638298,0.121082,0.768819,0.008382,0.624029,0.381579,0.0
0.0,0.0,0.0,0.0,1.0,0.0,0.0,0.030928,0.829787,0.059865,0.425171,0.003467,0.422915,0.414912,0.0
0.0,1.0,0.0,0.0,0.0,0.0,0.0,0.425689,0.106383,0.055242,0.105326,0.003467,0.422915,0.414912,0.0
0.0,0.0,0.0,1.0,0.0,0.0,0.0,0.885182,0.489362,0.029212,0.521571,0.002011,0.527965,0.308333,0.0
0.0,0.0,0.0,0.0,1.0,0.0,0.0,0.893545,0.531915,0.0523,0.596549,0.003014,0.616261,0.417544,0.0
0.0,1.0,0.0,0.0,0.0,0.0,0.0,1.0,0.021277,0.054011,0.331003,0.003577,0.368721,0.590789,0.0
0.0,0.0,0.0,1.0,0.0,0.0,0.0,0.008716,0.148936,0.042272,0.267629,0.003467,0.422915,0.414912,0.0
0.0,0.0,1.0,0.0,0.0,0.0,0.0,0.000664,0.106383,0.044224,0.291282,0.003467,0.422915,0.414912,0.0
0.0,0.0,1.0,0.0,0.0,0.0,0.0,0.894695,0.978723,0.141648,0.643707,0.009456,0.567064,0.54693,1.0
1.0,0.0,0.0,0.0,0.0,0.0,0.0,0.424716,0.021277,0.055242,0.15546,0.003467,0.422915,0.414912,0.0
0.0,0.0,0.0,1.0,0.0,0.0,0.0,0.894739,0.893617,0.11826,0.767182,0.007692,0.613413,0.607895,1.0
0.0,1.0,0.0,0.0,0.0,0.0,0.0,0.876775,0.021277,0.025459,0.244421,0.001093,0.261005,0.806579,0.0
0.0,0.0,0.0,1.0,0.0,0.0,0.0,0.89381,0.659574,0.041131,0.515918,0.002775,0.618591,0.321053,0.0
0.0,1.0,0.0,0.0,0.0,0.0,0.0,0.893722,0.425532,0.034646,0.624368,0.002345,0.612118,0.371491,0.0
1.0,0.0,0.0,0.0,0.0,0.0,0.0,0.009823,0.042553,0.041281,0.326986,0.003467,0.422915,0.414912,0.0
0.0,0.0,0.0,0.0,0.0,0.0,1.0,0.885315,0.382979,0.135853,0.487652,0.008872,0.370274,0.724123,1.0
0.0,1.0,0.0,0.0,0.0,0.0,0.0,0.455909,0.0,0.034016,0.424427,0.002275,0.377266,0.634649,0.0
0.0,0.0,0.0,0.0,1.0,0.0,0.0,0.867882,0.382979,0.029843,0.598631,0.001924,0.651735,0.510526,1.0
0.0,1.0,0.0,0.0,0.0,0.0,0.0,0.871422,0.914894,0.02603,0.5,0.001653,0.352667,0.82807,0.0
0.0,0.0,0.0,1.0,0.0,0.0,0.0,0.907659,0.170213,0.041972,0.180006,0.002746,0.251942,0.714035,0.0
0.0,1.0,0.0,0.0,0.0,0.0,0.0,0.465156,0.255319,0.034196,0.298572,0.002356,0.274987,0.289912,1.0
0.0,0.0,1.0,0.0,0.0,0.0,0.0,0.894385,0.382979,0.082833,0.719578,0.005646,0.768255,0.323246,1.0
0.0,0.0,1.0,0.0,0.0,0.0,0.0,0.898058,0.808511,0.069803,0.736537,0.004632,0.637494,0.522807,0.0
1.0,0.0,0.0,0.0,0.0,0.0,0.0,0.461086,0.0,0.030083,0.314639,0.002065,0.306318,0.387719,1.0
0.0,0.0,0.0,1.0,0.0,0.0,0.0,8.8e-05,0.148936,0.041041,0.162452,0.003467,0.422915,0.414912,0.0
0.0,0.0,0.0,1.0,0.0,0.0,0.0,0.438166,0.0,0.067942,0.417435,0.003467,0.422915,0.414912,1.0
0.0,0.0,1.0,0.0,0.0,0.0,0.0,0.469493,0.106383,0.025639,0.145492,0.001699,0.245728,0.601754,0.0
0.0,0.0,0.0,0.0,0.0,0.0,1.0,0.460112,0.531915,0.033926,0.413716,0.00225,0.261523,0.598684,1.0
0.0,0.0,1.0,0.0,0.0,0.0,0.0,0.442724,0.978723,0.066951,0.524993,0.004693,0.457794,0.439474,0.0
0.0,0.0,0.0,1.0,0.0,0.0,0.0,0.868147,0.93617,0.037949,0.493157,0.002347,0.270844,0.792105,0.0
0.0,0.0,0.0,1.0,0.0,0.0,0.0,0.911641,0.212766,0.044884,0.306308,0.00291,0.363283,0.770175,0.0
0.0,1.0,0.0,0.0,0.0,0.0,0.0,0.437768,0.489362,0.044134,0.444213,0.003467,0.422915,0.414912,0.0
0.0,0.0,0.0,0.0,1.0,0.0,0.0,0.00938,0.787234,0.041642,0.67837,0.003467,0.422915,0.414912,0.0
0.0,0.0,0.0,1.0,0.0,0.0,0.0,0.443078,0.12766,0.042002,0.241744,0.002734,0.28638,0.726754,0.0
1.0,0.0,0.0,0.0,0.0,0.0,0.0,0.000575,0.340426,0.119731,0.5241,0.003467,0.422915,0.414912,1.0
0.0,0.0,0.0,0.0,1.0,0.0,0.0,0.45206,0.978723,0.083433,0.596846,0.005586,0.508545,0.472807,1.0
0.0,0.0,1.0,0.0,0.0,0.0,0.0,0.898677,0.170213,0.029092,0.230735,0.001903,0.304247,0.651316,0.0
0.0,1.0,0.0,0.0,0.0,0.0,0.0,0.017521,0.638298,0.067461,0.484528,0.003467,0.422915,0.414912,0.0
0.0,0.0,0.0,1.0,0.0,0.0,0.0,0.005309,0.978723,0.090909,0.563672,0.003467,0.422915,0.414912,1.0
0.0,0.0,0.0,0.0,1.0,0.0,0.0,0.912305,0.042553,0.068992,0.303779,0.004996,0.418695,0.351754,0.0
0.0,0.0,0.0,1.0,0.0,0.0,0.0,0.486837,0.255319,0.029993,0.313448,0.002061,0.308389,0.432895,0.0
0.0,0.0,0.0,0.0,0.0,0.0,1.0,0.912393,0.893617,0.044194,0.329664,0.002916,0.29855,0.659211,0.0
1.0,0.0,0.0,0.0,0.0,0.0,0.0,0.425335,1.0,0.076018,0.399286,0.003467,0.422915,0.414912,0.0
0.0,0.0,1.0,0.0,0.0,0.0,0.0,0.482412,0.340426,0.041401,0.46742,0.002871,0.467633,0.272368,1.0
1.0,0.0,0.0,0.0,0.0,0.0,0.0,0.451263,0.212766,0.032755,0.14936,0.002125,0.193941,0.836842,0.0
0.0,0.0,0.0,1.0,0.0,0.0,0.0,0.44675,0.93617,0.040291,0.561886,0.00145,0.406525,0.765789,0.0
0.0,0.0,0.0,0.0,1.0,0.0,0.0,0.46436,0.87234,0.029512,0.405237,0.002011,0.409632,0.417544,1.0
1.0,0.0,0.0,0.0,0.0,0.0,0.0,0.013185,0.361702,0.041281,0.54582,0.003467,0.422915,0.414912,0.0
0.0,0.0,0.0,0.0,0.0,0.0,1.0,0.46936,0.723404,0.035637,0.347664,0.002376,0.275764,0.589035,0.0
0.0,0.0,1.0,0.0,0.0,0.0,0.0,0.433521,0.595745,0.055482,0.509075,0.003467,0.422915,0.414912,0.0
0.0,0.0,0.0,0.0,0.0,0.0,1.0,0.885625,0.489362,0.045064,0.471586,0.002981,0.386846,0.6,0.0
0.0,0.0,0.0,0.0,0.0,0.0,1.0,0.018052,0.659574,0.064339,0.243975,0.003467,0.422915,0.414912,0.0
1.0,0.0,0.0,0.0,0.0,0.0,0.0,0.47436,0.744681,0.027381,0.264207,0.00182,0.208959,0.829825,1.0
0.0,0.0,1.0,0.0,0.0,0.0,0.0,0.867484,0.595745,0.047586,0.660071,0.003168,0.789487,0.277632,1.0
0.0,0.0,1.0,0.0,0.0,0.0,0.0,0.022211,0.723404,0.055482,0.429188,0.003467,0.422915,0.414912,0.0
0.0,0.0,0.0,0.0,0.0,1.0,0.0,0.022654,0.617021,0.081152,0.299762,0.003467,0.422915,0.414912,1.0
0.0,0.0,0.0,0.0,0.0,1.0,0.0,0.442547,0.851064,0.076618,0.556828,0.005044,0.496116,0.500526,1.0
0.0,0.0,0.0,0.0,1.0,0.0,0.0,0.000133,0.680851,0.06626,0.441684,0.003467,0.422915,0.414912,0.0
0.0,0.0,0.0,0.0,0.0,0.0,1.0,0.911774,0.87234,0.043263,0.311961,0.002844,0.299845,0.641228,0.0
0.0,0.0,0.0,0.0,1.0,0.0,0.0,0.438211,0.297872,0.059205,0.401666,0.003467,0.422915,0.414912,0.0
0.0,0.0,0.0,0.0,0.0,0.0,1.0,0.455511,0.255319,0.033025,0.275216,0.002229,0.249094,0.784649,0.0
0.0,0.0,1.0,0.0,0.0,0.0,0.0,0.880492,0.170213,0.032635,0.162303,0.0021,0.239513,0.639035,0.0
0.0,0.0,0.0,1.0,0.0,0.0,0.0,0.486837,0.808511,0.062538,0.497322,0.004317,0.509581,0.212719,1.0
1.0,0.0,0.0,0.0,0.0,0.0,0.0,0.894606,0.404255,0.087066,0.590449,0.002717,0.376489,0.789474,1.0
0.0,0.0,0.0,1.0,0.0,0.0,0.0,0.898721,0.702128,0.089198,0.625558,0.005798,0.562921,0.527632,1.0
0.0,0.0,0.0,1.0,0.0,0.0,0.0,0.872439,0.957447,0.03969,0.478132,0.00114,0.359917,0.637719,0.0
0.0,0.0,0.0,0.0,0.0,1.0,0.0,0.898102,0.93617,0.068242,0.502678,0.004699,0.423097,0.535965,1.0
0.0,1.0,0.0,0.0,0.0,0.0,0.0,0.022167,1.0,0.057644,0.42889,0.003467,0.422915,0.414912,1.0
0.0,0.0,0.0,0.0,0.0,1.0,0.0,0.893589,0.319149,0.114927,0.769563,0.007439,0.589591,0.596053,1.0
0.0,0.0,1.0,0.0,0.0,0.0,0.0,0.894385,0.574468,0.072715,0.606665,0.004952,0.707664,0.409211,0.0
0.0,1.0,0.0,0.0,0.0,0.0,0.0,0.433786,0.595745,0.049538,0.523951,0.003467,0.422915,0.414912,0.0
0.0,0.0,0.0,0.0,0.0,1.0,0.0,0.455776,0.361702,0.036568,0.620202,0.002486,0.676592,0.449123,0.0
0.0,0.0,0.0,1.0,0.0,0.0,0.0,0.464316,0.12766,0.027321,0.202023,0.00182,0.278871,0.61886,0.0
0.0,0.0,0.0,0.0,0.0,0.0,1.0,0.9158,0.851064,0.055902,0.340077,0.003857,0.313568,0.375,0.0
0.0,0.0,0.0,0.0,0.0,1.0,0.0,0.017698,0.340426,0.086736,0.435585,0.003467,0.422915,0.414912,1.0
0.0,0.0,1.0,0.0,0.0,0.0,0.0,0.455644,0.808511,0.03939,0.786522,0.002657,0.619368,0.484649,0.0
1.0,0.0,0.0,0.0,0.0,0.0,0.0,0.443255,0.297872,0.040471,0.193692,0.00188,0.106939,0.765789,0.0
0.0,0.0,0.0,0.0,0.0,0.0,1.0,0.903456,0.531915,0.038099,0.362392,0.002457,0.232004,0.74693,0.0
0.0,0.0,0.0,0.0,0.0,1.0,0.0,0.456396,0.12766,0.031974,0.293514,0.002077,0.357328,0.65614,0.0
1.0,0.0,0.0,0.0,0.0,0.0,0.0,0.889341,0.957447,0.029572,0.447635,0.001874,0.32522,0.704386,0.0
0.0,0.0,0.0,1.0,0.0,0.0,0.0,0.868147,0.489362,0.036628,0.674055,0.002403,0.516831,0.581579,1.0
0.0,0.0,0.0,0.0,0.0,1.0,0.0,0.912349,0.404255,0.076528,0.543588,0.005224,0.608234,0.302632,1.0
0.0,0.0,0.0,0.0,0.0,1.0,0.0,0.442547,0.468085,0.074427,0.552663,0.005102,0.55593,0.500526,0.0
0.0,0.0,0.0,0.0,1.0,0.0,0.0,0.912305,0.340426,0.115588,0.542844,0.007925,0.593475,0.364035,1.0
0.0,0.0,0.0,0.0,0.0,1.0,0.0,0.009115,0.234043,0.061517,0.218239,0.003467,0.422915,0.414912,1.0
0.0,0.0,0.0,1.0,0.0,0.0,0.0,0.885182,0.191489,0.029092,0.192205,0.001855,0.270067,0.754825,0.0
0.0,1.0,0.0,0.0,0.0,0.0,0.0,0.473165,0.829787,0.044794,0.519637,0.003062,0.379078,0.403509,1.0
0.0,0.0,0.0,0.0,0.0,1.0,0.0,0.876333,0.553191,0.038759,0.699792,0.002574,0.68436,0.471491,1.0
0.0,0.0,1.0,0.0,0.0,0.0,0.0,0.424804,0.829787,0.056923,0.306456,0.003467,0.422915,0.414912,0.0
0.0,0.0,0.0,1.0,0.0,0.0,0.0,0.452015,0.234043,0.033205,0.358673,0.002231,0.306318,0.710526,0.0
0.0,0.0,0.0,1.0,0.0,0.0,0.0,0.44737,0.765957,0.081872,0.877269,0.005752,0.695753,0.396491,1.0
1.0,0.0,0.0,0.0,0.0,0.0,0.0,0.911199,0.744681,0.042572,0.357185,0.002759,0.262558,0.735526,1.0
0.0,0.0,0.0,0.0,0.0,0.0,1.0,0.912393,0.255319,0.043473,0.261827,0.00285,0.301916,0.65,0.0
0.0,0.0,0.0,0.0,0.0,0.0,1.0,0.474315,0.553191,0.024919,0.24695,0.001637,0.144485,0.881579,0.0
0.0,0.0,0.0,0.0,0.0,0.0,1.0,0.898854,0.404255,0.090068,0.546415,0.005683,0.389953,0.741228,1.0
0.0,0.0,1.0,0.0,0.0,0.0,0.0,0.429406,0.87234,0.058364,0.384856,0.003467,0.422915,0.414912,0.0
0.0,1.0,0.0,0.0,0.0,0.0,0.0,0.46082,0.404255,0.043413,0.579887,0.00301,0.487312,0.224123,1.0
0.0,0.0,0.0,0.0,1.0,0.0,0.0,0.911685,0.87234,0.042722,0.373252,0.002867,0.449249,0.401316,0.0
0.0,0.0,0.0,0.0,0.0,1.0,0.0,0.474271,0.638298,0.030924,0.352276,0.001824,0.09943,0.828947,1.0
0.0,0.0,0.0,0.0,0.0,1.0,0.0,0.456086,0.787234,0.044404,0.678816,0.002966,0.568358,0.431579,1.0
0.0,1.0,0.0,0.0,0.0,0.0,0.0,0.030795,0.404255,0.119491,0.538084,0.003467,0.422915,0.414912,1.0
0.0,0.0,0.0,0.0,0.0,0.0,1.0,0.500111,0.595745,0.053921,0.2892,0.003729,0.241844,0.432456,1.0
0.0,0.0,0.0,0.0,0.0,0.0,1.0,0.465378,0.06383,0.027021,0.281315,0.001824,0.336872,0.607895,0.0
0.0,0.0,0.0,0.0,0.0,1.0,0.0,0.455467,0.787234,0.043593,0.772389,0.002904,0.62377,0.513596,0.0
0.0,0.0,0.0,0.0,0.0,1.0,0.0,0.903102,0.468085,0.085175,0.52053,0.005708,0.547385,0.467105,1.0
0.0,0.0,0.0,1.0,0.0,0.0,0.0,0.911331,0.382979,0.057584,0.532877,0.003814,0.589591,0.480263,1.0
0.0,0.0,0.0,0.0,0.0,1.0,0.0,0.906818,0.93617,0.059535,0.401071,0.004111,0.286639,0.575,0.0
0.0,0.0,0.0,0.0,0.0,0.0,1.0,0.005442,0.680851,0.075958,0.339334,0.003467,0.422915,0.414912,1.0
1.0,0.0,0.0,0.0,0.0,0.0,0.0,0.434052,0.638298,0.054041,0.527968,0.003467,0.422915,0.414912,0.0
0.0,0.0,1.0,0.0,0.0,0.0,0.0,0.425733,0.914894,0.076498,0.406129,0.003467,0.422915,0.414912,0.0
1.0,0.0,0.0,0.0,0.0,0.0,0.0,0.434361,0.255319,0.059115,0.383666,0.003467,0.422915,0.414912,1.0
0.0,1.0,0.0,0.0,0.0,0.0,0.0,0.018451,0.319149,0.048577,0.453139,0.003467,0.422915,0.414912,0.0
0.0,0.0,0.0,0.0,1.0,0.0,0.0,0.030928,0.361702,0.074817,0.581523,0.003467,0.422915,0.414912,0.0
0.0,0.0,0.0,0.0,1.0,0.0,0.0,0.455732,0.361702,0.037829,0.646683,0.002578,0.603573,0.482895,0.0
0.0,0.0,0.0,0.0,0.0,0.0,1.0,0.473386,0.021277,0.030563,0.306308,0.002113,0.290264,0.363158,0.0
0.0,0.0,0.0,0.0,0.0,0.0,1.0,0.009778,0.170213,0.041281,0.1144,0.003467,0.422915,0.414912,0.0
1.0,0.0,0.0,0.0,0.0,0.0,0.0,0.455865,0.638298,0.032575,0.296935,0.001124,0.223459,0.747368,0.0
0.0,0.0,0.0,0.0,1.0,0.0,0.0,0.004734,0.851064,0.106161,0.631508,0.003467,0.422915,0.414912,1.0
0.0,0.0,0.0,1.0,0.0,0.0,0.0,0.89412,0.510638,0.073166,0.641922,0.00494,0.684619,0.426754,0.0
0.0,0.0,0.0,1.0,0.0,0.0,0.0,0.903013,1.0,0.088447,0.520827,0.005841,0.516831,0.510526,1.0
0.0,1.0,0.0,0.0,0.0,0.0,0.0,0.890005,0.93617,0.028792,0.599821,0.001986,0.493527,0.503947,0.0
0.0,0.0,1.0,0.0,0.0,0.0,0.0,0.461174,0.531915,0.029572,0.447486,0.001973,0.459606,0.325877,0.0
0.0,0.0,0.0,0.0,0.0,0.0,1.0,0.013451,0.148936,0.059625,0.173163,0.003467,0.422915,0.414912,0.0
0.0,0.0,1.0,0.0,0.0,0.0,0.0,0.030839,0.957447,0.102138,0.432163,0.003467,0.422915,0.414912,1.0
0.0,0.0,0.0,0.0,0.0,1.0,0.0,0.428919,0.234043,0.055242,0.160815,0.003467,0.422915,0.414912,0.0
0.0,0.0,0.0,0.0,1.0,0.0,0.0,0.434229,0.340426,0.162363,0.530794,0.003467,0.422915,0.414912,1.0
1.0,0.0,0.0,0.0,0.0,0.0,0.0,0.442635,0.744681,0.09154,0.554448,0.006244,0.346194,0.440789,1.0
1.0,0.0,0.0,0.0,0.0,0.0,0.0,0.893677,0.382979,0.048517,0.552365,0.003112,0.306577,0.818421,0.0
1.0,0.0,0.0,0.0,0.0,0.0,0.0,0.442635,0.404255,0.089798,0.517108,0.005791,0.219575,0.701316,1.0
0.0,0.0,1.0,0.0,0.0,0.0,0.0,0.473829,0.978723,0.030713,0.433502,0.002032,0.3739,0.699561,1.0
1.0,0.0,0.0,0.0,0.0,0.0,0.0,0.442945,0.87234,0.051369,0.439899,0.003486,0.336354,0.47807,1.0
0.0,0.0,0.0,0.0,0.0,1.0,0.0,0.907128,0.191489,0.042933,0.170039,0.00284,0.263335,0.645614,0.0
0.0,0.0,0.0,1.0,0.0,0.0,0.0,0.911951,0.93617,0.058575,0.459238,0.003887,0.311238,0.580263,1.0
0.0,0.0,0.0,1.0,0.0,0.0,0.0,0.425158,0.234043,0.058394,0.292175,0.003467,0.422915,0.414912,0.0
0.0,0.0,0.0,0.0,0.0,1.0,0.0,0.014026,0.638298,0.040801,0.308242,0.003467,0.422915,0.414912,0.0
0.0,0.0,1.0,0.0,0.0,0.0,0.0,0.87651,0.978723,0.028582,0.435138,0.00085,0.35681,0.708772,1.0
0.0,0.0,0.0,0.0,0.0,1.0,0.0,0.018627,0.170213,0.044494,0.131062,0.003467,0.422915,0.414912,0.0
0.0,0.0,0.0,0.0,0.0,1.0,0.0,0.000177,0.87234,0.047256,0.309432,0.003467,0.422915,0.414912,0.0
1.0,0.0,0.0,0.0,0.0,0.0,0.0,0.014114,0.893617,0.062477,0.514877,0.003467,0.422915,0.414912,1.0
0.0,0.0,0.0,0.0,0.0,1.0,0.0,0.451484,0.723404,0.051519,0.777893,0.003392,0.654842,0.569298,1.0
1.0,0.0,0.0,0.0,0.0,0.0,0.0,0.907216,0.042553,0.083554,0.272687,0.005573,0.437597,0.482456,1.0
1.0,0.0,0.0,0.0,0.0,0.0,0.0,0.000265,0.085106,0.046956,0.154865,0.003467,0.422915,0.414912,0.0
0.0,0.0,0.0,0.0,1.0,0.0,0.0,0.434229,0.212766,0.090159,0.300357,0.003467,0.422915,0.414912,1.0
1.0,0.0,0.0,0.0,0.0,0.0,0.0,0.429008,0.042553,0.040231,0.160369,0.003467,0.422915,0.414912,0.0
0.0,0.0,0.0,0.0,0.0,1.0,0.0,0.880315,0.297872,0.037709,0.421006,0.002557,0.421025,0.282456,0.0
0.0,0.0,0.0,1.0,0.0,0.0,0.0,0.442458,0.638298,0.068032,0.477983,0.004796,0.511393,0.500526,1.0
0.0,0.0,0.0,1.0,0.0,0.0,0.0,0.442458,0.531915,0.06581,0.510711,0.004663,0.511652,0.500526,0.0
0.0,0.0,0.0,0.0,1.0,0.0,0.0,0.875979,0.361702,0.051609,0.634037,0.003533,0.533661,0.304825,1.0
0.0,0.0,1.0,0.0,0.0,0.0,0.0,0.013893,0.595745,0.043203,0.514579,0.003467,0.422915,0.414912,0.0
0.0,1.0,0.0,0.0,0.0,0.0,0.0,0.429981,0.659574,0.075627,0.564267,0.003467,0.422915,0.414912,0.0
0.0,0.0,1.0,0.0,0.0,0.0,0.0,0.425114,0.212766,0.062748,0.228355,0.003467,0.422915,0.414912,0.0
0.0,1.0,0.0,0.0,0.0,0.0,0.0,0.00031,0.319149,0.179596,0.505802,0.003467,0.422915,0.414912,1.0
0.0,0.0,0.0,0.0,0.0,0.0,1.0,0.46905,0.0,0.034136,0.36269,0.002266,0.30347,0.54693,0.0
0.0,0.0,1.0,0.0,0.0,0.0,0.0,0.030839,0.914894,0.114957,0.419369,0.003467,0.422915,0.414912,1.0
0.0,0.0,0.0,0.0,1.0,0.0,0.0,0.893854,0.659574,0.077129,0.605028,0.005183,0.765407,0.465789,1.0
0.0,1.0,0.0,0.0,0.0,0.0,0.0,0.031724,0.851064,0.055242,0.347516,0.003467,0.422915,0.414912,0.0
0.0,0.0,0.0,0.0,1.0,0.0,0.0,0.902748,0.148936,0.042482,0.19042,0.002771,0.31305,0.642982,0.0
0.0,0.0,1.0,0.0,0.0,0.0,0.0,0.880492,0.617021,0.072325,0.59997,0.005104,0.616002,0.248246,1.0
0.0,0.0,0.0,1.0,0.0,0.0,0.0,0.442458,0.319149,0.055542,0.444511,0.00388,0.477732,0.500526,0.0
1.0,0.0,0.0,0.0,0.0,0.0,0.0,0.452192,0.06383,0.033145,0.278489,0.0023,0.340756,0.368421,0.0
0.0,1.0,0.0,0.0,0.0,0.0,0.0,0.871422,0.319149,0.027981,0.583309,0.001801,0.672708,0.539474,0.0
0.0,0.0,0.0,0.0,1.0,0.0,0.0,0.030928,0.404255,0.098775,0.584201,0.003467,0.422915,0.414912,1.0
0.0,0.0,1.0,0.0,0.0,0.0,0.0,0.894695,0.361702,0.088387,0.671973,0.005926,0.73304,0.314035,1.0
1.0,0.0,0.0,0.0,0.0,0.0,0.0,0.465422,0.957447,0.027561,0.29158,0.00184,0.212843,0.640789,1.0
0.0,0.0,0.0,0.0,0.0,1.0,0.0,0.903102,0.382979,0.087126,0.55906,0.005816,0.569394,0.466228,1.0
0.0,0.0,0.0,0.0,1.0,0.0,0.0,0.898766,0.808511,0.06623,0.687147,0.004354,0.63827,0.519737,1.0
1.0,0.0,0.0,0.0,0.0,0.0,0.0,0.995575,0.638298,0.05263,0.249628,0.002948,0.232781,0.787719,0.0
1.0,0.0,0.0,0.0,0.0,0.0,0.0,0.893987,0.021277,0.048577,0.423683,0.002867,0.438892,0.662719,0.0
0.0,0.0,0.0,1.0,0.0,0.0,0.0,0.460599,0.468085,0.030623,0.522612,0.002081,0.525634,0.456579,1.0
0.0,0.0,0.0,0.0,0.0,1.0,0.0,0.867307,0.829787,0.028101,0.365516,0.001884,0.346453,0.642982,0.0
0.0,0.0,0.0,0.0,0.0,1.0,0.0,0.031282,0.808511,0.054642,0.289051,0.003467,0.422915,0.414912,0.0
0.0,0.0,0.0,0.0,0.0,1.0,0.0,0.890182,1.0,0.055422,0.640881,0.002468,0.551528,0.617982,1.0
0.0,0.0,0.0,0.0,1.0,0.0,0.0,0.473298,0.553191,0.029753,0.585391,0.002007,0.516054,0.385088,1.0
0.0,1.0,0.0,0.0,0.0,0.0,0.0,0.447281,0.595745,0.088537,0.65665,0.006099,0.626359,0.387281,1.0
0.0,0.0,0.0,0.0,1.0,0.0,0.0,0.88151,0.914894,0.02618,0.389021,0.00177,0.457535,0.484211,0.0
0.0,0.0,0.0,0.0,0.0,1.0,0.0,0.447148,0.297872,0.042332,0.564267,0.002754,0.479026,0.532018,0.0
0.0,0.0,0.0,0.0,0.0,0.0,1.0,0.424671,0.12766,0.055242,0.043291,0.003467,0.422915,0.414912,0.0
0.0,0.0,1.0,0.0,0.0,0.0,0.0,0.004956,1.0,0.056323,0.533918,0.003467,0.422915,0.414912,1.0
0.0,0.0,0.0,0.0,0.0,1.0,0.0,0.894518,0.042553,0.068242,0.540613,0.004493,0.568876,0.555702,1.0
0.0,1.0,0.0,0.0,0.0,0.0,0.0,0.01323,0.851064,0.075718,0.611276,0.003467,0.422915,0.414912,1.0
0.0,1.0,0.0,0.0,0.0,0.0,0.0,0.000619,0.191489,0.081122,0.165278,0.003467,0.422915,0.414912,0.0
0.0,0.0,0.0,0.0,0.0,1.0,0.0,0.880625,0.574468,0.036958,0.278637,0.002266,0.168566,0.925877,0.0
0.0,1.0,0.0,0.0,0.0,0.0,0.0,0.005221,0.702128,0.116759,0.643261,0.003467,0.422915,0.414912,1.0
0.0,1.0,0.0,0.0,0.0,0.0,0.0,0.018451,0.808511,0.047166,0.500744,0.003467,0.422915,0.414912,0.0
0.0,1.0,0.0,0.0,0.0,0.0,0.0,0.447901,0.085106,0.018974,0.258108,0.001201,0.333765,0.736404,0.0
0.0,1.0,0.0,0.0,0.0,0.0,0.0,0.456528,0.382979,0.057644,0.688634,0.00377,0.693423,0.504825,1.0
0.0,0.0,0.0,0.0,0.0,1.0,0.0,0.464714,0.680851,0.030323,0.432163,0.002102,0.45883,0.280702,0.0
1.0,0.0,0.0,0.0,0.0,0.0,0.0,0.026724,0.276596,0.089498,0.444213,0.003467,0.422915,0.414912,1.0
0.0,1.0,0.0,0.0,0.0,0.0,0.0,0.438078,0.93617,0.060586,0.420113,0.003467,0.422915,0.414912,0.0
0.0,0.0,0.0,1.0,0.0,0.0,0.0,0.885182,0.595745,0.030023,0.487504,0.002073,0.525375,0.256579,0.0
0.0,0.0,0.0,0.0,1.0,0.0,0.0,0.013982,0.829787,0.045485,0.63017,0.003467,0.422915,0.414912,0.0
0.0,0.0,0.0,1.0,0.0,0.0,0.0,0.465555,0.12766,0.024288,0.13374,0.001641,0.174262,0.575439,0.0
0.0,0.0,0.0,0.0,0.0,0.0,1.0,0.030707,0.06383,0.047526,0.103838,0.003467,0.422915,0.414912,0.0
0.0,0.0,1.0,0.0,0.0,0.0,0.0,0.455644,0.0,0.069443,0.562481,0.004786,0.498964,0.571491,1.0
0.0,0.0,0.0,0.0,1.0,0.0,0.0,0.013053,0.829787,0.041582,0.57587,0.003467,0.422915,0.414912,0.0
0.0,0.0,0.0,0.0,0.0,1.0,0.0,0.429848,0.808511,0.11811,0.498661,0.003467,0.422915,0.414912,1.0
1.0,0.0,0.0,0.0,0.0,0.0,0.0,0.017787,0.340426,0.083644,0.513389,0.003467,0.422915,0.414912,1.0
0.0,0.0,1.0,0.0,0.0,0.0,0.0,0.867174,0.468085,0.045154,0.484975,0.003078,0.391507,0.336842,1.0
0.0,0.0,1.0,0.0,0.0,0.0,0.0,0.903279,0.531915,0.087426,0.51681,0.00581,0.540394,0.429386,1.0
0.0,0.0,0.0,0.0,1.0,0.0,0.0,0.452369,0.255319,0.048667,0.473817,0.003319,0.373382,0.554386,1.0
1.0,0.0,0.0,0.0,0.0,0.0,0.0,0.030751,0.914894,0.059956,0.407468,0.003467,0.422915,0.414912,0.0
0.0,0.0,0.0,0.0,1.0,0.0,0.0,0.872174,0.106383,0.016332,0.138947,0.000841,0.27421,0.864035,0.0
0.0,0.0,0.0,0.0,0.0,0.0,1.0,0.465378,0.595745,0.029362,0.362987,0.001978,0.328068,0.582895,0.0
0.0,0.0,0.0,0.0,0.0,1.0,0.0,0.447768,1.0,0.041702,0.571407,0.002705,0.476955,0.58114,1.0
0.0,0.0,0.0,0.0,1.0,0.0,0.0,0.491261,0.638298,0.060676,0.465486,0.004198,0.459865,0.257895,1.0
0.0,0.0,1.0,0.0,0.0,0.0,0.0,0.004956,0.361702,0.042572,0.603094,0.003467,0.422915,0.414912,0.0
0.0,0.0,1.0,0.0,0.0,0.0,0.0,0.008672,0.085106,0.057734,0.37593,0.003467,0.422915,0.414912,0.0
0.0,0.0,0.0,0.0,0.0,0.0,1.0,0.022698,0.446809,0.086736,0.337251,0.003467,0.422915,0.414912,1.0
0.0,1.0,0.0,0.0,0.0,0.0,0.0,0.455599,0.659574,0.036418,0.589408,0.002489,0.559037,0.510526,0.0
1.0,0.0,0.0,0.0,0.0,0.0,0.0,0.9035,0.319149,0.024979,0.235495,0.001556,0.096841,0.898246,0.0
1.0,0.0,0.0,0.0,0.0,0.0,0.0,0.027034,0.617021,0.10592,0.447486,0.003467,0.422915,0.414912,1.0
0.0,0.0,1.0,0.0,0.0,0.0,0.0,0.429096,0.0,0.056593,0.349152,0.003467,0.422915,0.414912,0.0
0.0,0.0,0.0,0.0,0.0,0.0,1.0,0.880669,0.042553,0.03918,0.252306,0.002486,0.295443,0.762719,0.0
0.0,0.0,0.0,0.0,0.0,1.0,0.0,0.91173,0.680851,0.049448,0.507587,0.00334,0.582082,0.397807,0.0
0.0,1.0,0.0,0.0,0.0,0.0,0.0,0.008938,0.255319,0.090369,0.407617,0.003467,0.422915,0.414912,1.0
0.0,0.0,0.0,0.0,0.0,0.0,1.0,0.876067,0.06383,0.024889,0.173163,0.001307,0.327292,0.725439,0.0
1.0,0.0,0.0,0.0,0.0,0.0,0.0,0.000575,0.021277,0.043983,0.287712,0.003467,0.422915,0.414912,0.0
0.0,0.0,0.0,0.0,1.0,0.0,0.0,0.437901,0.957447,0.05326,0.39393,0.003467,0.422915,0.414912,0.0
0.0,0.0,0.0,0.0,0.0,1.0,0.0,0.433344,0.978723,0.047916,0.296787,0.003467,0.422915,0.414912,0.0
0.0,0.0,0.0,0.0,0.0,1.0,0.0,0.022034,0.404255,0.073256,0.394823,0.003467,0.422915,0.414912,1.0
0.0,0.0,1.0,0.0,0.0,0.0,0.0,0.031149,0.276596,0.103068,0.425022,0.003467,0.422915,0.414912,1.0
0.0,0.0,0.0,1.0,0.0,0.0,0.0,0.872439,0.765957,0.035487,0.59878,0.002356,0.658208,0.409649,0.0
0.0,0.0,0.0,1.0,0.0,0.0,0.0,0.014247,0.617021,0.040591,0.477388,0.003467,0.422915,0.414912,0.0
0.0,0.0,1.0,0.0,0.0,0.0,0.0,0.005265,0.085106,0.082473,0.355251,0.003467,0.422915,0.414912,1.0
1.0,0.0,0.0,0.0,0.0,0.0,0.0,0.912128,0.914894,0.043773,0.330705,0.002871,0.261781,0.687281,1.0
0.0,0.0,0.0,1.0,0.0,0.0,0.0,0.425158,0.468085,0.062838,0.564267,0.003467,0.422915,0.414912,0.0
0.0,0.0,0.0,0.0,0.0,1.0,0.0,0.014336,0.893617,0.083944,0.489884,0.003467,0.422915,0.414912,0.0
0.0,0.0,0.0,0.0,0.0,1.0,0.0,0.876023,0.191489,0.031494,0.235495,0.000858,0.281719,0.813158,0.0
0.0,1.0,0.0,0.0,0.0,0.0,0.0,0.451617,0.574468,0.037949,0.597441,0.002547,0.627913,0.416667,0.0
1.0,0.0,0.0,0.0,0.0,0.0,0.0,0.465422,0.255319,0.021406,0.101904,0.000885,0.102796,0.734649,0.0
0.0,0.0,0.0,0.0,1.0,0.0,0.0,0.004425,0.212766,0.076798,0.220916,0.003467,0.422915,0.414912,1.0
0.0,1.0,0.0,0.0,0.0,0.0,0.0,0.030795,0.255319,0.102468,0.379203,0.003467,0.422915,0.414912,1.0
0.0,0.0,0.0,1.0,0.0,0.0,0.0,0.903013,0.808511,0.101597,0.62526,0.00693,0.648887,0.339474,1.0
0.0,1.0,0.0,0.0,0.0,0.0,0.0,0.872351,0.595745,0.027261,0.542844,0.00168,0.555412,0.797807,0.0
0.0,0.0,1.0,0.0,0.0,0.0,0.0,0.88912,1.0,0.033656,0.492413,0.002256,0.465044,0.530263,1.0
0.0,0.0,0.0,1.0,0.0,0.0,0.0,0.00469,0.255319,0.086075,0.395567,0.003467,0.422915,0.414912,0.0
0.0,0.0,0.0,0.0,0.0,1.0,0.0,0.000796,0.595745,0.090939,0.30125,0.003467,0.422915,0.414912,0.0
1.0,0.0,0.0,0.0,0.0,0.0,0.0,0.027344,0.276596,0.095322,0.421898,0.003467,0.422915,0.414912,1.0
0.0,0.0,0.0,0.0,0.0,0.0,1.0,0.02699,0.255319,0.071364,0.12645,0.003467,0.422915,0.414912,1.0
0.0,0.0,0.0,0.0,0.0,1.0,0.0,0.907747,0.87234,0.04008,0.417138,0.002732,0.467892,0.314035,0.0
1.0,0.0,0.0,0.0,0.0,0.0,0.0,0.429937,0.659574,0.117089,0.662303,0.003467,0.422915,0.414912,1.0
0.0,0.0,1.0,0.0,0.0,0.0,0.0,0.000354,0.978723,0.134622,0.487652,0.003467,0.422915,0.414912,1.0
1.0,0.0,0.0,0.0,0.0,0.0,0.0,0.026415,0.744681,0.09208,0.479173,0.003467,0.422915,0.414912,1.0
0.0,0.0,0.0,0.0,0.0,0.0,1.0,0.45644,0.659574,0.032515,0.324159,0.002202,0.412998,0.426316,0.0
1.0,0.0,0.0,0.0,0.0,0.0,0.0,0.885049,0.191489,0.028762,0.126897,0.00187,0.236406,0.725,0.0
0.0,0.0,0.0,0.0,0.0,0.0,1.0,0.004513,0.680851,0.043683,0.331895,0.003467,0.422915,0.414912,0.0
0.0,0.0,0.0,0.0,0.0,0.0,1.0,0.000221,0.255319,0.062417,0.090747,0.003467,0.422915,0.414912,1.0
0.0,0.0,1.0,0.0,0.0,0.0,0.0,0.009292,1.0,0.042122,0.607855,0.003467,0.422915,0.414912,0.0
0.0,1.0,0.0,0.0,0.0,0.0,0.0,0.898633,0.085106,0.081002,0.275216,0.005386,0.401088,0.504386,1.0
0.0,0.0,0.0,0.0,0.0,1.0,0.0,0.872528,0.148936,0.034736,0.211544,0.001437,0.287416,0.900877,0.0
0.0,1.0,0.0,0.0,0.0,0.0,0.0,0.90788,0.148936,0.028882,0.132401,0.001913,0.197048,0.635088,0.0
0.0,0.0,0.0,0.0,0.0,1.0,0.0,0.022344,0.659574,0.06563,0.266439,0.003467,0.422915,0.414912,1.0
0.0,0.0,1.0,0.0,0.0,0.0,0.0,0.456573,0.361702,0.041311,0.682386,0.002744,0.655619,0.539474,1.0
0.0,0.0,0.0,0.0,0.0,1.0,0.0,0.009734,0.595745,0.081062,0.508926,0.003467,0.422915,0.414912,1.0
1.0,0.0,0.0,0.0,0.0,0.0,0.0,0.004557,0.808511,0.121202,0.634186,0.003467,0.422915,0.414912,1.0
0.0,0.0,0.0,0.0,1.0,0.0,0.0,0.460643,0.829787,0.075958,0.579292,0.00515,0.508545,0.484649,1.0
0.0,0.0,1.0,0.0,0.0,0.0,0.0,0.867484,0.042553,0.033325,0.233115,0.002177,0.387882,0.776316,1.0
0.0,0.0,0.0,0.0,0.0,1.0,0.0,0.464404,0.0,0.030623,0.41565,0.002094,0.377525,0.404386,1.0
0.0,0.0,0.0,0.0,0.0,1.0,0.0,0.004159,0.553191,0.044134,0.342011,0.003467,0.422915,0.414912,0.0
0.0,0.0,0.0,0.0,0.0,0.0,1.0,0.425601,0.829787,0.058394,0.300208,0.003467,0.422915,0.414912,0.0
0.0,0.0,0.0,0.0,0.0,1.0,0.0,0.451794,0.085106,0.048006,0.461321,0.003257,0.451321,0.630702,0.0
0.0,0.0,0.0,0.0,1.0,0.0,0.0,0.911995,0.489362,0.055302,0.510711,0.003741,0.528483,0.345614,0.0
1.0,0.0,0.0,0.0,0.0,0.0,0.0,0.469714,0.914894,0.032845,0.35183,0.002185,0.215432,0.766667,0.0
0.0,0.0,0.0,1.0,0.0,0.0,0.0,0.885492,0.042553,0.031524,0.301101,0.002086,0.412481,0.529386,0.0
0.0,0.0,0.0,0.0,0.0,1.0,0.0,0.004779,0.617021,0.062598,0.383071,0.003467,0.422915,0.414912,0.0
0.0,1.0,0.0,0.0,0.0,0.0,0.0,0.429362,0.851064,0.059265,0.404641,0.003467,0.422915,0.414912,0.0
0.0,0.0,0.0,1.0,0.0,0.0,0.0,0.022565,0.148936,0.040501,0.146236,0.003467,0.422915,0.414912,0.0
1.0,0.0,0.0,0.0,0.0,0.0,0.0,0.461086,0.595745,0.028071,0.258108,0.001903,0.170119,0.516667,0.0
0.0,0.0,0.0,1.0,0.0,0.0,0.0,0.907659,0.893617,0.042873,0.419816,0.0029,0.506732,0.390351,0.0
0.0,0.0,0.0,0.0,1.0,0.0,0.0,0.473298,0.319149,0.02621,0.494347,0.001739,0.496634,0.439474,0.0
0.0,0.0,0.0,1.0,0.0,0.0,0.0,0.894739,0.723404,0.122343,0.80363,0.007991,0.796737,0.511404,1.0
0.0,0.0,0.0,0.0,0.0,0.0,1.0,0.000841,0.297872,0.083884,0.175841,0.003467,0.422915,0.414912,0.0
0.0,1.0,0.0,0.0,0.0,0.0,0.0,0.425689,0.489362,0.062357,0.539274,0.003467,0.422915,0.414912,0.0
0.0,1.0,0.0,0.0,0.0,0.0,0.0,0.912172,0.702128,0.129849,0.530943,0.008756,0.56318,0.382456,1.0
0.0,0.0,1.0,0.0,0.0,0.0,0.0,0.871776,0.06383,0.02627,0.191015,0.001255,0.336613,0.726316,0.0
1.0,0.0,0.0,0.0,0.0,0.0,0.0,0.867395,0.468085,0.036538,0.364326,0.002385,0.354997,0.774123,1.0
0.0,1.0,0.0,0.0,0.0,0.0,0.0,0.000929,0.957447,0.044134,0.489438,0.003467,0.422915,0.414912,0.0
0.0,0.0,1.0,0.0,0.0,0.0,0.0,0.446706,0.021277,0.03921,0.505356,0.002248,0.454687,0.757456,0.0
1.0,0.0,0.0,0.0,0.0,0.0,0.0,0.889651,0.723404,0.054011,0.518447,0.003648,0.414552,0.497368,1.0
1.0,0.0,0.0,0.0,0.0,0.0,0.0,0.47405,0.170213,0.021016,0.091193,0.00139,0.138788,0.824123,0.0
0.0,0.0,0.0,1.0,0.0,0.0,0.0,0.903633,0.893617,0.041371,0.406873,0.002808,0.346194,0.458333,0.0
0.0,1.0,0.0,0.0,0.0,0.0,0.0,0.903544,0.978723,0.084724,0.443172,0.005642,0.374417,0.492982,1.0
0.0,1.0,0.0,0.0,0.0,0.0,0.0,0.911553,0.425532,0.05227,0.535555,0.003444,0.549197,0.496053,1.0
0.0,0.0,0.0,0.0,1.0,0.0,0.0,0.430114,0.425532,0.07941,0.538976,0.003467,0.422915,0.414912,1.0
0.0,1.0,0.0,0.0,0.0,0.0,0.0,0.013539,0.787234,0.041431,0.634484,0.003467,0.422915,0.414912,0.0
0.0,0.0,0.0,1.0,0.0,0.0,0.0,0.894739,0.361702,0.120391,0.754686,0.008062,0.761781,0.368421,1.0
0.0,1.0,0.0,0.0,0.0,0.0,0.0,0.446971,0.87234,0.066981,0.597888,0.004578,0.352667,0.585526,1.0
0.0,0.0,0.0,1.0,0.0,0.0,0.0,0.014247,0.680851,0.040591,0.494942,0.003467,0.422915,0.414912,0.0
0.0,0.0,0.0,0.0,0.0,1.0,0.0,0.438874,0.276596,0.048037,0.149658,0.003467,0.422915,0.414912,0.0
0.0,1.0,0.0,0.0,0.0,0.0,0.0,0.447901,0.212766,0.004173,0.22285,0.000268,0.179441,0.59693,0.0
0.0,1.0,0.0,0.0,0.0,0.0,0.0,0.885094,0.170213,0.034676,0.173907,0.002239,0.252201,0.684211,0.0
0.0,1.0,0.0,0.0,0.0,0.0,0.0,0.894031,0.468085,0.076918,0.687891,0.005087,0.722424,0.491228,1.0
0.0,0.0,0.0,0.0,1.0,0.0,0.0,0.429494,0.574468,0.076888,0.544183,0.003467,0.422915,0.414912,1.0
0.0,0.0,1.0,0.0,0.0,0.0,0.0,0.424494,0.234043,0.055242,0.02767,0.003467,0.422915,0.414912,0.0
0.0,0.0,0.0,0.0,0.0,1.0,0.0,0.89881,0.0,0.056203,0.52767,0.003635,0.4855,0.649123,0.0
1.0,0.0,0.0,0.0,0.0,0.0,0.0,0.451263,0.723404,0.03984,0.573193,0.002478,0.361471,0.792105,1.0
0.0,0.0,0.0,0.0,1.0,0.0,0.0,0.894783,0.638298,0.062988,0.603243,0.004287,0.660798,0.282895,0.0
0.0,1.0,0.0,0.0,0.0,0.0,0.0,0.425689,0.510638,0.072715,0.544481,0.003467,0.422915,0.414912,0.0
0.0,0.0,0.0,1.0,0.0,0.0,0.0,0.902703,0.06383,0.074967,0.386492,0.004996,0.503884,0.549561,0.0
0.0,0.0,0.0,0.0,1.0,0.0,0.0,0.903057,0.489362,0.093071,0.503273,0.006302,0.575091,0.436404,1.0
0.0,0.0,0.0,0.0,0.0,1.0,0.0,0.425556,0.276596,0.074817,0.25662,0.003467,0.422915,0.414912,1.0
1.0,0.0,0.0,0.0,0.0,0.0,0.0,0.018097,0.638298,0.089708,0.474561,0.003467,0.422915,0.414912,1.0
1.0,0.0,0.0,0.0,0.0,0.0,0.0,0.434361,0.489362,0.046685,0.475602,0.003467,0.422915,0.414912,0.0
0.0,1.0,0.0,0.0,0.0,0.0,0.0,0.902615,0.191489,0.050078,0.156501,0.003282,0.234593,0.695614,0.0
0.0,1.0,0.0,0.0,0.0,0.0,0.0,0.898633,0.276596,0.172121,0.51443,0.011539,0.467374,0.486842,1.0
1.0,0.0,0.0,0.0,0.0,0.0,0.0,0.000575,0.0,0.044104,0.322821,0.003467,0.422915,0.414912,0.0
0.0,1.0,0.0,0.0,0.0,0.0,0.0,0.881067,0.255319,0.029422,0.276257,0.001039,0.291041,0.713158,1.0
0.0,0.0,0.0,0.0,0.0,0.0,1.0,0.867351,0.744681,0.028732,0.322969,0.001899,0.381926,0.766667,0.0
0.0,1.0,0.0,0.0,0.0,0.0,0.0,0.880448,0.212766,0.032395,0.179113,0.002108,0.198602,0.560088,0.0
0.0,0.0,0.0,0.0,0.0,0.0,1.0,0.455821,0.595745,0.033025,0.370723,0.002202,0.340756,0.666228,0.0
0.0,1.0,0.0,0.0,0.0,0.0,0.0,0.880404,0.957447,0.028552,0.475602,0.001795,0.372864,0.634211,0.0
1.0,0.0,0.0,0.0,0.0,0.0,0.0,0.013805,0.893617,0.10478,0.689973,0.003467,0.422915,0.414912,1.0
1.0,0.0,0.0,0.0,0.0,0.0,0.0,0.90319,0.531915,0.072235,0.349003,0.004103,0.222683,0.807018,1.0
0.0,0.0,0.0,1.0,0.0,0.0,0.0,0.469846,0.148936,0.027621,0.177923,0.001872,0.243138,0.569737,0.0
0.0,0.0,1.0,0.0,0.0,0.0,0.0,0.88943,0.0,0.028702,0.413865,0.001857,0.382703,0.655263,0.0
0.0,0.0,0.0,0.0,1.0,0.0,0.0,0.43883,0.191489,0.047046,0.105623,0.003467,0.422915,0.414912,0.0
1.0,0.0,0.0,0.0,0.0,0.0,0.0,0.894606,0.191489,0.024198,0.145641,0.001577,0.232004,0.707895,0.0
0.0,0.0,0.0,1.0,0.0,0.0,0.0,0.889164,0.361702,0.029813,0.594466,0.002075,0.664682,0.24386,0.0
0.0,0.0,0.0,0.0,1.0,0.0,0.0,0.8812,0.340426,0.029422,0.504612,0.001953,0.551787,0.526316,0.0
0.0,0.0,1.0,0.0,0.0,0.0,0.0,0.018185,0.021277,0.056263,0.41684,0.003467,0.422915,0.414912,0.0
0.0,0.0,0.0,0.0,1.0,0.0,0.0,0.907084,0.085106,0.062628,0.310919,0.004196,0.445106,0.511404,0.0
0.0,0.0,0.0,0.0,1.0,0.0,0.0,0.907084,0.893617,0.071815,0.466677,0.004888,0.665717,0.297368,0.0
0.0,0.0,0.0,0.0,1.0,0.0,0.0,0.469271,0.276596,0.051369,0.443023,0.003346,0.535733,0.334211,1.0
0.0,0.0,0.0,0.0,0.0,0.0,1.0,0.889297,0.319149,0.032935,0.3795,0.001813,0.264889,0.620175,1.0
0.0,0.0,0.0,1.0,0.0,0.0,0.0,0.005,0.489362,0.050859,0.52648,0.003467,0.422915,0.414912,1.0
0.0,1.0,0.0,0.0,0.0,0.0,0.0,0.889695,0.531915,0.029933,0.606665,0.041157,0.565769,0.135088,0.0
1.0,0.0,0.0,0.0,0.0,0.0,0.0,0.004557,0.87234,0.095803,0.54701,0.003467,0.422915,0.414912,1.0
0.0,0.0,0.0,0.0,1.0,0.0,0.0,0.026592,0.702128,0.05221,0.421898,0.003467,0.422915,0.414912,0.0
0.0,0.0,0.0,1.0,0.0,0.0,0.0,0.031193,0.382979,0.114957,0.515323,0.003467,0.422915,0.414912,1.0
0.0,0.0,0.0,0.0,1.0,0.0,0.0,0.45113,0.659574,0.041041,0.578697,0.002727,0.565251,0.402193,0.0
0.0,1.0,0.0,0.0,0.0,0.0,0.0,0.031724,0.212766,0.054131,0.175692,0.003467,0.422915,0.414912,0.0
0.0,0.0,0.0,0.0,0.0,0.0,1.0,0.500111,0.893617,0.057704,0.320887,0.00388,0.300363,0.394298,1.0
0.0,0.0,0.0,0.0,0.0,1.0,0.0,0.867926,0.659574,0.030233,0.738917,0.001921,0.525634,0.749561,1.0
0.0,1.0,0.0,0.0,0.0,0.0,0.0,0.027078,0.765957,0.051219,0.375781,0.003467,0.422915,0.414912,0.0
0.0,0.0,0.0,0.0,0.0,0.0,1.0,0.885315,0.468085,0.212952,0.464891,0.002335,0.380632,0.694737,1.0
0.0,0.0,0.0,0.0,1.0,0.0,0.0,0.013982,0.680851,0.080341,0.528563,0.003467,0.422915,0.414912,1.0
0.0,0.0,0.0,1.0,0.0,0.0,0.0,0.89412,0.340426,0.083614,0.725826,0.005762,0.779907,0.292105,0.0
0.0,0.0,1.0,0.0,0.0,0.0,0.0,0.880802,0.659574,0.027501,0.392145,0.00182,0.437597,0.634211,0.0
0.0,0.0,0.0,1.0,0.0,0.0,0.0,0.907969,0.085106,0.068632,0.229694,0.004605,0.41999,0.462281,1.0
0.0,1.0,0.0,0.0,0.0,0.0,0.0,0.013849,0.319149,0.083884,0.709908,0.003467,0.422915,0.414912,0.0
0.0,0.0,1.0,0.0,0.0,0.0,0.0,0.460555,0.06383,0.027201,0.350193,0.001807,0.438115,0.631579,1.0
0.0,1.0,0.0,0.0,0.0,0.0,0.0,0.008938,0.021277,0.099616,0.536447,0.003467,0.422915,0.414912,1.0
0.0,0.0,0.0,0.0,0.0,0.0,1.0,0.031636,0.595745,0.088057,0.303779,0.003467,0.422915,0.414912,1.0
0.0,1.0,0.0,0.0,0.0,0.0,0.0,0.97332,1.0,0.067341,0.53615,0.004491,0.457017,0.609649,0.0
0.0,0.0,0.0,0.0,1.0,0.0,0.0,0.447104,0.255319,0.036718,0.46028,0.001298,0.343345,0.765789,0.0
0.0,0.0,0.0,1.0,0.0,0.0,0.0,0.903323,0.170213,0.028972,0.164088,0.001926,0.209995,0.680263,0.0
0.0,0.0,1.0,0.0,0.0,0.0,0.0,0.867307,0.957447,0.053621,0.485719,0.003544,0.390212,0.592982,0.0
1.0,0.0,0.0,0.0,0.0,0.0,0.0,0.455865,0.93617,0.042422,0.53377,0.002071,0.338685,0.778509,1.0
0.0,0.0,0.0,0.0,0.0,1.0,0.0,0.876643,0.212766,0.027501,0.313597,0.001523,0.355515,0.667105,0.0
0.0,0.0,0.0,0.0,0.0,0.0,1.0,0.867661,0.744681,0.049147,0.416245,0.003265,0.638011,0.339035,1.0
0.0,0.0,0.0,0.0,0.0,0.0,1.0,0.461042,0.510638,0.030023,0.365516,0.002061,0.255567,0.444737,0.0
0.0,0.0,0.0,0.0,1.0,0.0,0.0,0.468962,0.914894,0.028762,0.413419,0.001936,0.27421,0.509649,0.0
0.0,1.0,0.0,0.0,0.0,0.0,0.0,0.009247,0.319149,0.103759,0.741148,0.003467,0.422915,0.414912,1.0
0.0,0.0,0.0,0.0,0.0,1.0,0.0,0.915756,0.787234,0.053441,0.42413,0.003629,0.373382,0.416667,0.0
0.0,1.0,0.0,0.0,0.0,0.0,0.0,0.017831,0.361702,0.06611,0.508182,0.003467,0.422915,0.414912,0.0
0.0,1.0,0.0,0.0,0.0,0.0,0.0,0.872351,0.723404,0.02657,0.478727,0.001591,0.490937,0.832895,0.0
0.0,0.0,0.0,0.0,0.0,0.0,1.0,0.000221,0.446809,0.047256,0.345582,0.003467,0.422915,0.414912,0.0
0.0,0.0,0.0,0.0,0.0,1.0,0.0,0.000177,0.06383,0.072835,0.304522,0.003467,0.422915,0.414912,0.0
1.0,0.0,0.0,0.0,0.0,0.0,0.0,0.47374,0.702128,0.028942,0.361351,0.001753,0.271103,0.790351,0.0
0.0,0.0,0.0,0.0,1.0,0.0,0.0,0.442237,0.191489,0.037949,0.16751,0.003467,0.422915,0.414912,0.0
1.0,0.0,0.0,0.0,0.0,0.0,0.0,0.468785,0.021277,0.027201,0.184023,0.001786,0.227861,0.616667,0.0
0.0,0.0,0.0,1.0,0.0,0.0,0.0,0.460599,0.553191,0.030623,0.491818,0.002077,0.507509,0.502632,1.0
0.0,0.0,0.0,1.0,0.0,0.0,0.0,0.867218,0.404255,0.041341,0.489884,0.002813,0.419472,0.419298,1.0
0.0,0.0,0.0,0.0,1.0,0.0,0.0,0.446794,0.893617,0.043953,0.552217,0.002977,0.425686,0.621491,0.0
0.0,0.0,0.0,0.0,0.0,1.0,0.0,0.030972,0.085106,0.051429,0.142517,0.003467,0.422915,0.414912,0.0
0.0,0.0,0.0,0.0,0.0,1.0,0.0,0.876643,0.829787,0.028612,0.488248,0.001909,0.483169,0.479825,0.0
1.0,0.0,0.0,0.0,0.0,0.0,0.0,0.889961,0.191489,0.028522,0.140881,0.001849,0.227861,0.717982,0.0
0.0,0.0,0.0,0.0,0.0,1.0,0.0,0.915756,0.276596,0.101147,0.498661,0.006984,0.599689,0.218421,1.0
0.0,0.0,0.0,1.0,0.0,0.0,0.0,0.45998,1.0,0.030743,0.49643,0.002056,0.413775,0.366667,0.0
0.0,0.0,0.0,0.0,0.0,0.0,1.0,0.995443,0.446809,0.040681,0.494198,0.002619,0.374935,0.818421,1.0
1.0,0.0,0.0,0.0,0.0,0.0,0.0,0.90319,0.170213,0.024709,0.071407,0.001653,0.17478,0.560965,0.0
0.0,0.0,0.0,0.0,1.0,0.0,0.0,0.425202,0.574468,0.060376,0.455817,0.003467,0.422915,0.414912,0.0
1.0,0.0,0.0,0.0,0.0,0.0,0.0,0.911818,0.106383,0.02579,0.093722,0.00167,0.23537,0.690351,0.0
0.0,1.0,0.0,0.0,0.0,0.0,0.0,0.44237,0.617021,0.081902,0.491074,0.005719,0.443294,0.500526,1.0
0.0,0.0,0.0,0.0,1.0,0.0,0.0,0.442237,0.702128,0.057914,0.502975,0.003467,0.422915,0.414912,0.0
1.0,0.0,0.0,0.0,0.0,0.0,0.0,0.429627,0.021277,0.056593,0.215412,0.003467,0.422915,0.414912,0.0
0.0,1.0,0.0,0.0,0.0,0.0,0.0,0.014159,0.404255,0.07938,0.648616,0.003467,0.422915,0.414912,1.0
0.0,0.0,1.0,0.0,0.0,0.0,0.0,0.469802,0.553191,0.435211,0.691163,0.980682,0.757897,0.325877,1.0
1.0,0.0,0.0,0.0,0.0,0.0,0.0,0.881023,0.0,0.028942,0.294258,0.001799,0.334542,0.809649,1.0
0.0,1.0,0.0,0.0,0.0,0.0,0.0,0.890315,0.87234,0.044884,0.735049,0.003043,0.58001,0.549561,0.0
0.0,0.0,0.0,0.0,0.0,0.0,1.0,0.0273,0.510638,0.074817,0.265546,0.003467,0.422915,0.414912,1.0
0.0,0.0,0.0,0.0,0.0,1.0,0.0,0.009115,0.574468,0.067611,0.463255,0.003467,0.422915,0.414912,1.0
1.0,0.0,0.0,0.0,0.0,0.0,0.0,0.897969,0.021277,0.086436,0.438857,0.005374,0.430347,0.767544,1.0
1.0,0.0,0.0,0.0,0.0,0.0,0.0,0.004557,0.914894,0.043833,0.43975,0.003467,0.422915,0.414912,0.0
0.0,0.0,0.0,0.0,0.0,1.0,0.0,0.027255,0.957447,0.077639,0.309432,0.003467,0.422915,0.414912,0.0
0.0,1.0,0.0,0.0,0.0,0.0,0.0,0.000929,0.531915,0.043983,0.494049,0.003467,0.422915,0.414912,0.0
0.0,0.0,0.0,0.0,0.0,0.0,1.0,0.000531,0.361702,0.084064,0.315977,0.003467,0.422915,0.414912,1.0
1.0,0.0,0.0,0.0,0.0,0.0,0.0,0.451883,0.148936,0.032695,0.195031,0.002183,0.255567,0.750439,0.0
1.0,0.0,0.0,0.0,0.0,0.0,0.0,0.451573,0.276596,0.020956,0.221214,0.00087,0.184878,0.910965,0.0
0.0,0.0,0.0,0.0,1.0,0.0,0.0,0.871554,0.446809,0.033566,0.675394,0.002198,0.683325,0.50614,0.0
0.0,0.0,1.0,0.0,0.0,0.0,0.0,0.023141,0.638298,0.089468,0.44213,0.003467,0.422915,0.414912,0.0
0.0,0.0,1.0,0.0,0.0,0.0,0.0,0.027432,0.787234,0.051219,0.433204,0.003467,0.422915,0.414912,0.0
0.0,1.0,0.0,0.0,0.0,0.0,0.0,0.032034,0.553191,0.082773,0.338887,0.003467,0.422915,0.414912,1.0
0.0,0.0,0.0,1.0,0.0,0.0,0.0,0.894429,0.787234,0.087607,0.819548,0.005966,0.743915,0.417544,1.0
0.0,0.0,0.0,0.0,0.0,0.0,1.0,0.013141,0.106383,0.041341,0.167658,0.003467,0.422915,0.414912,0.0
0.0,0.0,0.0,0.0,0.0,1.0,0.0,0.495686,0.148936,0.027681,0.145641,0.001894,0.226825,0.40614,0.0
0.0,0.0,0.0,0.0,0.0,0.0,1.0,0.469669,0.87234,0.044494,0.320589,0.002983,0.346453,0.551754,1.0
0.0,1.0,0.0,0.0,0.0,0.0,0.0,0.880757,0.0,0.029122,0.223445,0.00178,0.266701,0.860088,0.0
0.0,0.0,0.0,0.0,0.0,0.0,1.0,0.907172,0.085106,0.071845,0.284737,0.004744,0.425686,0.663158,0.0
0.0,1.0,0.0,0.0,0.0,0.0,0.0,0.867439,0.361702,0.030083,0.587474,0.001994,0.585448,0.564912,0.0
0.0,0.0,0.0,0.0,0.0,0.0,1.0,0.004203,0.914894,0.044134,0.349747,0.003467,0.422915,0.414912,0.0
0.0,0.0,0.0,0.0,0.0,0.0,1.0,0.46936,0.787234,0.028582,0.340524,0.001907,0.253237,0.633333,0.0
0.0,0.0,1.0,0.0,0.0,0.0,0.0,0.903588,0.659574,0.095533,0.54463,0.006182,0.426981,0.673246,1.0
0.0,0.0,0.0,0.0,0.0,1.0,0.0,0.000796,0.191489,0.081122,0.128979,0.003467,0.422915,0.414912,0.0
0.0,0.0,0.0,1.0,0.0,0.0,0.0,0.473563,0.553191,0.027321,0.510265,0.001824,0.580528,0.310088,1.0
0.0,1.0,0.0,0.0,0.0,0.0,0.0,1.0,0.638298,0.060856,0.463255,0.004076,0.449249,0.514474,0.0
0.0,0.0,0.0,0.0,0.0,1.0,0.0,0.429848,0.87234,0.091209,0.430824,0.003467,0.422915,0.414912,1.0
0.0,0.0,0.0,1.0,0.0,0.0,0.0,0.013628,0.276596,0.043503,0.464445,0.003467,0.422915,0.414912,0.0
0.0,1.0,0.0,0.0,0.0,0.0,0.0,0.465156,1.0,0.066561,0.462362,0.004609,0.441481,0.24693,1.0
1.0,0.0,0.0,0.0,0.0,0.0,0.0,0.90288,0.787234,0.087366,0.466825,0.005696,0.460901,0.522368,1.0
0.0,0.0,0.0,0.0,0.0,0.0,1.0,0.425291,0.021277,0.070163,0.17465,0.003467,0.422915,0.414912,0.0
0.0,0.0,0.0,0.0,1.0,0.0,0.0,0.00907,0.446809,0.090098,0.692949,0.003467,0.422915,0.414912,1.0
0.0,0.0,0.0,0.0,0.0,0.0,1.0,0.433698,0.489362,0.046535,0.328771,0.003467,0.422915,0.414912,0.0
0.0,0.0,0.0,0.0,1.0,0.0,0.0,0.434229,0.276596,0.100396,0.466528,0.003467,0.422915,0.414912,1.0
0.0,0.0,0.0,1.0,0.0,0.0,0.0,0.907659,0.06383,0.062087,0.367004,0.004173,0.470482,0.511404,0.0
0.0,0.0,0.0,0.0,1.0,0.0,0.0,0.465289,0.234043,0.030293,0.228652,0.002073,0.222683,0.442982,0.0
0.0,0.0,1.0,0.0,0.0,0.0,0.0,0.889739,0.404255,0.035037,0.68313,0.002441,0.713361,0.219737,0.0
0.0,0.0,1.0,0.0,0.0,0.0,0.0,0.898987,0.87234,0.087456,0.647724,0.005804,0.588555,0.562281,0.0
0.0,0.0,0.0,0.0,0.0,0.0,1.0,0.500111,0.319149,0.060136,0.304225,0.004065,0.258674,0.410965,1.0
0.0,0.0,0.0,0.0,0.0,1.0,0.0,0.446839,0.468085,0.043653,0.570663,0.002993,0.518125,0.548246,1.0
0.0,0.0,0.0,0.0,0.0,1.0,0.0,0.884651,0.489362,0.028762,0.522612,0.002005,0.560331,0.380263,1.0
0.0,0.0,0.0,0.0,0.0,0.0,1.0,0.004823,0.170213,0.060886,0.12169,0.003467,0.422915,0.414912,0.0
1.0,0.0,0.0,0.0,0.0,0.0,0.0,0.013805,0.06383,0.045034,0.274918,0.003467,0.422915,0.414912,0.0
0.0,1.0,0.0,0.0,0.0,0.0,0.0,0.451617,0.361702,0.041552,0.697263,0.002744,0.68436,0.491228,1.0
0.0,0.0,1.0,0.0,0.0,0.0,0.0,0.867307,0.702128,0.072055,0.482297,0.004817,0.525634,0.519298,1.0
0.0,0.0,1.0,0.0,0.0,0.0,0.0,0.000664,0.191489,0.081122,0.190866,0.003467,0.422915,0.414912,0.0
0.0,0.0,0.0,0.0,1.0,0.0,0.0,0.460953,0.553191,0.045064,0.51205,0.00312,0.461937,0.375439,0.0
0.0,0.0,0.0,0.0,0.0,0.0,1.0,0.86828,0.148936,0.027021,0.149212,0.000841,0.192387,0.754825,0.0
0.0,0.0,0.0,0.0,0.0,0.0,1.0,0.009778,0.361702,0.041732,0.40598,0.003467,0.422915,0.414912,0.0
1.0,0.0,0.0,0.0,0.0,0.0,0.0,0.877041,0.680851,0.029933,0.320887,0.001986,0.201191,0.533772,0.0
1.0,0.0,0.0,0.0,0.0,0.0,0.0,0.872307,0.297872,0.022577,0.218536,0.00081,0.152512,0.885526,0.0
0.0,0.0,0.0,0.0,0.0,1.0,0.0,0.890182,0.021277,0.043173,0.595954,0.002607,0.480321,0.646491,0.0
1.0,0.0,0.0,0.0,0.0,0.0,0.0,0.004557,0.617021,0.089498,0.373103,0.003467,0.422915,0.414912,1.0
0.0,0.0,0.0,1.0,0.0,0.0,0.0,0.915667,0.234043,0.067161,0.397203,0.004476,0.399534,0.439474,1.0
1.0,0.0,0.0,0.0,0.0,0.0,0.0,0.433432,0.021277,0.041431,0.184469,0.003467,0.422915,0.414912,0.0
0.0,0.0,0.0,0.0,0.0,0.0,1.0,0.026371,0.148936,0.06563,0.051473,0.003467,0.422915,0.414912,0.0
0.0,0.0,0.0,0.0,0.0,1.0,0.0,0.452104,0.702128,0.033235,0.543439,0.002248,0.487312,0.398684,0.0
0.0,0.0,1.0,0.0,0.0,0.0,0.0,0.43383,0.702128,0.049388,0.535852,0.003467,0.422915,0.414912,1.0
0.0,0.0,1.0,0.0,0.0,0.0,0.0,0.469493,0.87234,0.028792,0.365814,0.001928,0.340497,0.565351,0.0
0.0,0.0,0.0,0.0,0.0,1.0,0.0,0.907128,0.574468,0.091089,0.4759,0.006186,0.627654,0.398246,1.0
0.0,1.0,0.0,0.0,0.0,0.0,0.0,0.902925,0.723404,0.087396,0.561589,0.005744,0.5826,0.400439,1.0
0.0,1.0,0.0,0.0,0.0,0.0,0.0,0.438388,0.787234,0.061727,0.537638,0.003467,0.422915,0.414912,0.0
0.0,0.0,1.0,0.0,0.0,0.0,0.0,0.473209,0.255319,0.037979,0.406427,0.002532,0.449249,0.316667,0.0
0.0,0.0,0.0,1.0,0.0,0.0,0.0,0.455998,1.0,0.058454,0.572746,0.004013,0.489125,0.488158,1.0
0.0,1.0,0.0,0.0,0.0,0.0,0.0,0.464537,0.06383,0.028041,0.163791,0.001897,0.342828,0.494737,1.0
1.0,0.0,0.0,0.0,0.0,0.0,0.0,0.470023,0.851064,0.032635,0.336805,0.002219,0.266442,0.525439,1.0
0.0,0.0,0.0,0.0,1.0,0.0,0.0,0.903057,0.808511,0.05215,0.582862,0.003575,0.5826,0.362281,0.0
0.0,0.0,1.0,0.0,0.0,0.0,0.0,0.027123,0.957447,0.07923,0.402261,0.003467,0.422915,0.414912,1.0
0.0,1.0,0.0,0.0,0.0,0.0,0.0,0.890315,0.829787,0.032515,0.791877,0.002189,0.628172,0.39693,0.0
0.0,0.0,0.0,0.0,0.0,0.0,1.0,0.01407,0.12766,0.040651,0.175692,0.003467,0.422915,0.414912,0.0
0.0,0.0,0.0,0.0,0.0,0.0,1.0,0.899164,0.234043,0.047436,0.195924,0.003074,0.27188,0.7,0.0
0.0,1.0,0.0,0.0,0.0,0.0,0.0,0.868059,0.659574,0.030263,0.324903,0.001467,0.235111,0.807018,1.0
0.0,0.0,0.0,0.0,0.0,0.0,1.0,0.890226,0.553191,0.714603,0.473817,0.001766,0.465044,0.414912,1.0
0.0,0.0,0.0,1.0,0.0,0.0,0.0,0.903013,0.723404,0.087426,0.503868,0.005953,0.636458,0.340351,0.0
0.0,0.0,0.0,0.0,0.0,0.0,1.0,0.45675,0.404255,0.031764,0.524993,0.002042,0.379855,0.684211,1.0
0.0,0.0,1.0,0.0,0.0,0.0,0.0,0.460555,0.787234,0.032905,0.582416,0.002198,0.602279,0.476754,1.0
0.0,0.0,0.0,0.0,0.0,0.0,1.0,0.018672,0.531915,0.070163,0.336061,0.003467,0.422915,0.414912,1.0
1.0,0.0,0.0,0.0,0.0,0.0,0.0,0.867395,0.170213,0.016362,0.076168,0.000841,0.136199,0.902632,0.0
0.0,0.0,0.0,1.0,0.0,0.0,0.0,0.430069,0.531915,0.074757,0.52291,0.003467,0.422915,0.414912,0.0
0.0,0.0,0.0,0.0,0.0,1.0,0.0,0.429539,0.808511,0.081122,0.39274,0.003467,0.422915,0.414912,1.0
1.0,0.0,0.0,0.0,0.0,0.0,0.0,0.009513,0.531915,0.041642,0.569027,0.003467,0.422915,0.414912,0.0
0.0,0.0,1.0,0.0,0.0,0.0,0.0,0.890049,0.319149,0.045124,0.711693,0.003207,0.696012,0.252193,1.0
0.0,0.0,0.0,1.0,0.0,0.0,0.0,0.447679,0.340426,0.071334,0.72166,0.004877,0.67478,0.333772,1.0
0.0,0.0,1.0,0.0,0.0,0.0,0.0,0.429715,0.489362,0.085775,0.6205,0.003467,0.422915,0.414912,1.0
0.0,0.0,0.0,1.0,0.0,0.0,0.0,0.982169,0.787234,0.07878,0.721363,0.005253,0.654842,0.431579,0.0
0.0,0.0,0.0,1.0,0.0,0.0,0.0,0.026857,0.574468,0.120031,0.590747,0.003467,0.422915,0.414912,1.0
0.0,0.0,1.0,0.0,0.0,0.0,0.0,0.871466,0.425532,0.072715,0.759447,0.004659,0.599689,0.741228,1.0
0.0,0.0,0.0,1.0,0.0,0.0,0.0,0.44706,0.808511,0.064249,0.777298,0.004233,0.603314,0.439035,1.0
0.0,0.0,0.0,0.0,0.0,0.0,1.0,0.000531,0.170213,0.06518,0.081077,0.003467,0.422915,0.414912,0.0
0.0,0.0,1.0,0.0,0.0,0.0,0.0,0.031769,0.212766,0.07905,0.06144,0.003467,0.422915,0.414912,1.0
0.0,0.0,0.0,0.0,0.0,1.0,0.0,0.442281,0.553191,0.061517,0.368789,0.003467,0.422915,0.414912,1.0
0.0,0.0,1.0,0.0,0.0,0.0,0.0,0.451661,0.829787,0.042873,0.76748,0.002873,0.645262,0.539035,1.0
0.0,0.0,0.0,1.0,0.0,0.0,0.0,0.469537,0.595745,0.046776,0.516959,0.003132,0.469446,0.45307,1.0
0.0,0.0,0.0,1.0,0.0,0.0,0.0,0.027477,0.446809,0.076888,0.551175,0.003467,0.422915,0.414912,1.0
0.0,1.0,0.0,0.0,0.0,0.0,0.0,0.867439,0.851064,0.027021,0.43737,0.001749,0.464785,0.739035,0.0
0.0,0.0,0.0,0.0,0.0,0.0,1.0,0.464758,1.0,0.027591,0.299167,0.001851,0.324443,0.498246,1.0
1.0,0.0,0.0,0.0,0.0,0.0,0.0,0.898898,0.808511,0.087426,0.582565,0.005565,0.491196,0.682018,1.0
0.0,0.0,0.0,0.0,0.0,0.0,1.0,0.437989,0.468085,0.046806,0.322523,0.003467,0.422915,0.414912,0.0
1.0,0.0,0.0,0.0,0.0,0.0,0.0,0.451263,1.0,0.0399,0.432163,0.002594,0.420508,0.708772,1.0
0.0,0.0,0.0,0.0,0.0,1.0,0.0,0.026636,0.255319,0.074126,0.214966,0.003467,0.422915,0.414912,0.0
1.0,0.0,0.0,0.0,0.0,0.0,0.0,0.425335,0.87234,0.100276,0.407914,0.003467,0.422915,0.414912,1.0
0.0,0.0,0.0,0.0,1.0,0.0,0.0,0.468962,0.191489,0.030353,0.203808,0.002023,0.212066,0.526754,0.0
0.0,0.0,0.0,0.0,0.0,1.0,0.0,0.460688,0.191489,0.027021,0.17465,0.001818,0.203263,0.567105,0.0
0.0,1.0,0.0,0.0,0.0,0.0,0.0,0.876775,0.829787,0.033866,0.615591,0.002273,0.408079,0.513596,0.0
1.0,0.0,0.0,0.0,0.0,0.0,0.0,0.442945,0.404255,0.045965,0.426212,0.003035,0.21362,0.679825,0.0
0.0,0.0,0.0,0.0,0.0,1.0,0.0,0.455467,0.361702,0.037589,0.69756,0.002518,0.62869,0.411842,0.0
0.0,0.0,0.0,0.0,0.0,0.0,1.0,0.452148,0.106383,0.033115,0.31925,0.002287,0.311756,0.428509,0.0
1.0,0.0,0.0,0.0,0.0,0.0,0.0,0.90288,0.255319,0.027051,0.117525,0.001753,0.149404,0.715351,0.0
0.0,0.0,1.0,0.0,0.0,0.0,0.0,0.43414,0.0,0.045755,0.36626,0.003467,0.422915,0.414912,0.0
0.0,1.0,0.0,0.0,0.0,0.0,0.0,0.451617,0.12766,0.040231,0.243677,0.002065,0.343863,0.750439,1.0
0.0,0.0,0.0,0.0,0.0,0.0,1.0,0.451529,0.489362,0.038699,0.544481,0.002372,0.431124,0.726316,0.0
0.0,0.0,0.0,0.0,1.0,0.0,0.0,0.906774,0.489362,0.132731,0.606516,0.008866,0.52175,0.441228,1.0
0.0,0.0,0.0,0.0,1.0,0.0,0.0,0.45144,0.829787,0.059896,0.8072,0.004022,0.623252,0.578509,1.0
0.0,0.0,0.0,0.0,0.0,0.0,1.0,0.461042,0.340426,0.029873,0.385451,0.002036,0.230192,0.523684,0.0
1.0,0.0,0.0,0.0,0.0,0.0,0.0,0.009513,0.957447,0.041732,0.590598,0.003467,0.422915,0.414912,0.0
0.0,0.0,0.0,0.0,1.0,0.0,0.0,0.871864,0.787234,0.031584,0.590598,0.002081,0.45883,0.636404,0.0
0.0,0.0,0.0,1.0,0.0,0.0,0.0,0.87151,0.234043,0.053321,0.424427,0.002599,0.40782,0.80614,1.0
0.0,0.0,0.0,1.0,0.0,0.0,0.0,0.031193,0.553191,0.155578,0.486462,0.003467,0.422915,0.414912,1.0
0.0,0.0,0.0,0.0,0.0,0.0,1.0,0.44321,0.06383,0.043773,0.359268,0.002962,0.396427,0.56886,0.0
0.0,0.0,1.0,0.0,0.0,0.0,0.0,0.026503,0.489362,0.099736,0.464148,0.003467,0.422915,0.414912,1.0
0.0,0.0,0.0,0.0,1.0,0.0,0.0,0.02199,0.106383,0.045455,0.231627,0.003467,0.422915,0.414912,0.0
0.0,0.0,0.0,0.0,0.0,1.0,0.0,0.91173,0.617021,0.047886,0.519786,0.003218,0.566287,0.383333,0.0
0.0,0.0,0.0,0.0,0.0,1.0,0.0,0.447458,0.340426,0.068482,0.712734,0.004852,0.688762,0.27193,1.0
0.0,0.0,0.0,0.0,0.0,0.0,1.0,0.893633,0.893617,0.066561,0.570961,0.004258,0.418177,0.696053,0.0
0.0,0.0,0.0,0.0,0.0,0.0,1.0,0.907792,0.06383,0.048037,0.312258,0.003226,0.406266,0.484649,0.0
0.0,0.0,0.0,0.0,1.0,0.0,0.0,0.447414,0.170213,0.013,0.262422,0.000835,0.266183,0.596491,0.0
1.0,0.0,0.0,0.0,0.0,0.0,0.0,0.455865,1.0,0.034826,0.448527,0.002362,0.393061,0.680263,0.0
0.0,0.0,0.0,1.0,0.0,0.0,0.0,0.42914,0.851064,0.083974,0.469057,0.003467,0.422915,0.414912,1.0
0.0,0.0,0.0,0.0,0.0,0.0,1.0,0.46936,0.893617,0.032245,0.316275,0.002133,0.24029,0.710088,0.0
0.0,0.0,0.0,0.0,0.0,0.0,1.0,0.908101,0.723404,0.067822,0.390211,0.004479,0.328068,0.64386,1.0
0.0,0.0,0.0,1.0,0.0,0.0,0.0,0.464625,0.404255,0.094182,0.533621,0.006473,0.485241,0.42193,1.0
0.0,0.0,0.0,0.0,0.0,1.0,0.0,0.456705,0.212766,0.022247,0.250967,0.001481,0.275764,0.773246,0.0
0.0,0.0,0.0,1.0,0.0,0.0,0.0,0.875935,0.87234,0.031524,0.480958,0.000951,0.398239,0.683772,0.0
0.0,0.0,0.0,0.0,0.0,1.0,0.0,0.473961,0.680851,0.028131,0.559506,0.001859,0.431383,0.596491,0.0
1.0,0.0,0.0,0.0,0.0,0.0,0.0,0.429627,0.085106,0.041131,0.138352,0.003467,0.422915,0.414912,0.0
0.0,0.0,1.0,0.0,0.0,0.0,0.0,0.43445,0.297872,0.070974,0.475156,0.003467,0.422915,0.414912,1.0
0.0,0.0,0.0,0.0,0.0,0.0,1.0,0.898235,0.680851,0.086946,0.474115,0.003336,0.324443,0.772368,1.0
1.0,0.0,0.0,0.0,0.0,0.0,0.0,0.429937,1.0,0.06644,0.404195,0.003467,0.422915,0.414912,0.0
0.0,0.0,0.0,0.0,0.0,0.0,1.0,0.889297,0.765957,0.038489,0.546712,0.002613,0.528483,0.505702,1.0
1.0,0.0,0.0,0.0,0.0,0.0,0.0,0.897969,0.425532,0.10583,0.598036,0.006257,0.380891,0.878509,1.0
0.0,0.0,0.0,0.0,1.0,0.0,0.0,0.013362,0.553191,0.076258,0.554894,0.003467,0.422915,0.414912,0.0
0.0,0.0,0.0,1.0,0.0,0.0,0.0,0.452325,0.659574,0.033025,0.518298,0.00221,0.615225,0.519298,0.0
0.0,0.0,0.0,1.0,0.0,0.0,0.0,0.871731,0.659574,0.049117,0.455817,0.00329,0.531072,0.517982,0.0
0.0,1.0,0.0,0.0,0.0,0.0,0.0,0.023096,0.212766,0.075868,0.262124,0.003467,0.422915,0.414912,0.0
1.0,0.0,0.0,0.0,0.0,0.0,0.0,0.429317,0.12766,0.071184,0.155311,0.003467,0.422915,0.414912,0.0
0.0,0.0,0.0,0.0,0.0,0.0,1.0,0.451838,0.06383,0.045124,0.487206,0.003066,0.476178,0.587719,1.0
0.0,1.0,0.0,0.0,0.0,0.0,0.0,0.433476,1.0,0.051849,0.38188,0.003467,0.422915,0.414912,0.0
0.0,0.0,0.0,0.0,0.0,0.0,1.0,0.434007,0.957447,0.061307,0.304671,0.003467,0.422915,0.414912,1.0
0.0,0.0,0.0,1.0,0.0,0.0,0.0,0.023185,0.957447,0.103248,0.439006,0.003467,0.422915,0.414912,1.0
1.0,0.0,0.0,0.0,0.0,0.0,0.0,0.875802,0.702128,0.027921,0.327284,0.001533,0.292595,0.841667,1.0
0.0,1.0,0.0,0.0,0.0,0.0,0.0,0.447901,0.531915,0.042933,0.636864,0.002887,0.551787,0.518421,1.0
0.0,0.0,0.0,0.0,0.0,1.0,0.0,0.469316,0.829787,0.043473,0.454329,0.002896,0.390212,0.407018,0.0
0.0,0.0,0.0,0.0,0.0,0.0,1.0,0.898235,0.744681,0.093371,0.682535,0.005928,0.481357,0.751754,1.0
0.0,0.0,0.0,0.0,1.0,0.0,0.0,0.013053,0.489362,0.048247,0.546712,0.003467,0.422915,0.414912,0.0
0.0,0.0,0.0,0.0,0.0,1.0,0.0,0.915756,0.446809,0.099165,0.605475,0.006639,0.562403,0.409649,1.0
0.0,0.0,0.0,0.0,1.0,0.0,0.0,0.866953,0.723404,0.035937,0.337251,0.002399,0.344899,0.585088,1.0
0.0,0.0,0.0,0.0,0.0,0.0,1.0,0.438609,0.148936,0.048877,0.087176,0.003467,0.422915,0.414912,0.0
0.0,0.0,0.0,0.0,0.0,0.0,1.0,0.889916,0.042553,0.116218,0.53972,0.007611,0.522786,0.523246,1.0
0.0,0.0,1.0,0.0,0.0,0.0,0.0,0.877129,0.510638,0.041852,0.622434,0.002916,0.511911,0.264474,0.0
1.0,0.0,0.0,0.0,0.0,0.0,0.0,0.469714,0.787234,0.043533,0.404493,0.002906,0.264112,0.72807,1.0
1.0,0.0,0.0,0.0,0.0,0.0,0.0,0.018716,0.680851,0.047286,0.452246,0.003467,0.422915,0.414912,0.0
0.0,0.0,0.0,0.0,0.0,0.0,1.0,0.433388,1.0,0.049838,0.229098,0.003467,0.422915,0.414912,1.0
0.0,0.0,0.0,0.0,0.0,0.0,1.0,0.460422,0.595745,0.029813,0.291282,0.002023,0.231227,0.588596,1.0
0.0,0.0,1.0,0.0,0.0,0.0,0.0,0.004336,0.808511,0.043563,0.59283,0.003467,0.422915,0.414912,0.0
0.0,1.0,0.0,0.0,0.0,0.0,0.0,0.911243,0.06383,0.043833,0.192353,0.002887,0.353962,0.58114,1.0
0.0,0.0,0.0,0.0,0.0,0.0,1.0,0.428963,0.851064,0.058034,0.32773,0.003467,0.422915,0.414912,0.0
0.0,0.0,0.0,0.0,0.0,0.0,1.0,0.894252,0.361702,0.070133,0.572151,0.004562,0.467115,0.719737,1.0
0.0,0.0,0.0,0.0,0.0,0.0,1.0,0.451838,0.914894,0.101747,0.551919,0.006788,0.349301,0.686842,1.0
0.0,0.0,0.0,0.0,0.0,1.0,0.0,0.022654,0.255319,0.081152,0.147873,0.003467,0.422915,0.414912,1.0
0.0,0.0,0.0,0.0,0.0,0.0,1.0,0.000531,0.957447,0.07932,0.352871,0.003467,0.422915,0.414912,1.0
0.0,1.0,0.0,0.0,0.0,0.0,0.0,0.018141,1.0,0.057344,0.44213,0.003467,0.422915,0.414912,0.0
0.0,1.0,0.0,0.0,0.0,0.0,0.0,0.894341,0.914894,0.051639,0.59997,0.0035,0.549456,0.471053,0.0
0.0,0.0,0.0,0.0,0.0,0.0,1.0,0.871953,0.425532,0.031194,0.502083,0.002002,0.363024,0.830702,1.0
0.0,1.0,0.0,0.0,0.0,0.0,0.0,0.009247,0.87234,0.1312,0.770158,0.003467,0.422915,0.414912,1.0
0.0,0.0,0.0,0.0,0.0,0.0,1.0,0.433698,0.148936,0.040351,0.077804,0.003467,0.422915,0.414912,0.0
0.0,0.0,1.0,0.0,0.0,0.0,0.0,0.456573,0.893617,0.040561,0.64817,0.002703,0.514759,0.679825,1.0
0.0,0.0,0.0,0.0,0.0,1.0,0.0,0.465333,0.893617,0.02687,0.354359,0.001838,0.352667,0.507456,0.0
0.0,0.0,0.0,0.0,1.0,0.0,0.0,0.434229,0.468085,0.125465,0.514877,0.003467,0.422915,0.414912,1.0
0.0,0.0,0.0,0.0,0.0,0.0,1.0,0.018052,0.723404,0.069713,0.282505,0.003467,0.422915,0.414912,1.0
1.0,0.0,0.0,0.0,0.0,0.0,0.0,0.885978,0.12766,0.031944,0.160518,0.002063,0.274728,0.75307,0.0
0.0,0.0,0.0,0.0,0.0,1.0,0.0,0.872528,0.170213,0.033415,0.238917,0.001437,0.301657,0.900877,0.0
1.0,0.0,0.0,0.0,0.0,0.0,0.0,0.447547,0.255319,0.020746,0.187295,0.001259,0.103055,0.765789,0.0
0.0,0.0,1.0,0.0,0.0,0.0,0.0,0.000664,0.595745,0.098775,0.483487,0.003467,0.422915,0.414912,0.0
0.0,0.0,0.0,0.0,0.0,1.0,0.0,0.000177,0.531915,0.047256,0.337102,0.003467,0.422915,0.414912,0.0
1.0,0.0,0.0,0.0,0.0,0.0,0.0,0.455865,0.170213,0.030984,0.171973,0.001496,0.218799,0.809649,0.0
0.0,0.0,0.0,0.0,1.0,0.0,0.0,0.906774,0.06383,0.048697,0.306903,0.003268,0.308648,0.507456,0.0
0.0,0.0,0.0,0.0,0.0,0.0,1.0,0.903146,0.957447,0.07902,0.343499,0.005301,0.304505,0.514035,1.0
0.0,0.0,0.0,1.0,0.0,0.0,0.0,0.89412,0.851064,0.074096,0.777447,0.004994,0.65769,0.510965,0.0
0.0,0.0,0.0,0.0,0.0,0.0,1.0,0.876377,0.808511,0.030533,0.417287,0.001045,0.339461,0.813158,1.0
1.0,0.0,0.0,0.0,0.0,0.0,0.0,0.455555,0.617021,0.033025,0.326986,0.001548,0.236147,0.829386,0.0
0.0,0.0,0.0,0.0,0.0,1.0,0.0,0.434273,0.617021,0.045334,0.312853,0.003467,0.422915,0.414912,0.0
0.0,0.0,1.0,0.0,0.0,0.0,0.0,0.911287,0.617021,0.041161,0.423683,0.002644,0.260746,0.683772,0.0
0.0,1.0,0.0,0.0,0.0,0.0,0.0,0.465466,0.893617,0.027951,0.375632,0.001903,0.303211,0.546491,0.0
0.0,0.0,0.0,0.0,1.0,0.0,0.0,0.890138,0.106383,0.088417,0.40003,0.005735,0.475142,0.65307,1.0
0.0,1.0,0.0,0.0,0.0,0.0,0.0,0.469758,0.276596,0.053771,0.467272,0.003731,0.516054,0.358333,1.0
0.0,1.0,0.0,0.0,0.0,0.0,0.0,0.473165,0.021277,0.02675,0.20723,0.001811,0.238219,0.579825,0.0
0.0,0.0,1.0,0.0,0.0,0.0,0.0,0.027432,0.12766,0.049388,0.134335,0.003467,0.422915,0.414912,0.0
0.0,0.0,1.0,0.0,0.0,0.0,0.0,0.023141,0.87234,0.071364,0.343201,0.003467,0.422915,0.414912,0.0
0.0,1.0,0.0,0.0,0.0,0.0,0.0,0.872041,0.319149,0.025519,0.566796,0.001604,0.513723,0.749561,0.0
0.0,0.0,1.0,0.0,0.0,0.0,0.0,0.022831,0.93617,0.053981,0.391253,0.003467,0.422915,0.414912,0.0
0.0,0.0,0.0,1.0,0.0,0.0,0.0,0.898721,0.553191,0.090849,0.562481,0.005937,0.619627,0.434211,1.0
0.0,1.0,0.0,0.0,0.0,0.0,0.0,0.911553,0.723404,0.044284,0.483487,0.002919,0.488866,0.538158,0.0
1.0,0.0,0.0,0.0,0.0,0.0,0.0,0.912128,0.255319,0.036838,0.145046,0.002395,0.178405,0.728509,0.0
0.0,0.0,0.0,0.0,0.0,1.0,0.0,0.469006,0.87234,0.030263,0.339482,0.002032,0.298291,0.464912,0.0
0.0,0.0,0.0,0.0,0.0,0.0,1.0,0.455511,0.404255,0.034346,0.659774,0.002283,0.428017,0.709649,0.0
0.0,0.0,0.0,0.0,0.0,1.0,0.0,0.464404,0.170213,0.027561,0.1385,0.001843,0.200414,0.598684,0.0
0.0,0.0,1.0,0.0,0.0,0.0,0.0,0.868103,0.085106,0.027951,0.133889,0.001774,0.238219,0.792544,0.0
0.0,0.0,0.0,0.0,1.0,0.0,0.0,0.00907,0.914894,0.041642,0.559655,0.003467,0.422915,0.414912,0.0
0.0,0.0,0.0,0.0,1.0,0.0,0.0,0.004734,0.744681,0.119731,0.760339,0.003467,0.422915,0.414912,1.0
0.0,0.0,1.0,0.0,0.0,0.0,0.0,0.009911,0.12766,0.045274,0.289795,0.003467,0.422915,0.414912,0.0
1.0,0.0,0.0,0.0,0.0,0.0,0.0,0.456484,0.319149,0.027261,0.301547,0.00183,0.192128,0.72193,0.0
0.0,0.0,0.0,0.0,0.0,0.0,1.0,0.460422,0.893617,0.025099,0.364921,0.001695,0.285862,0.599561,0.0
0.0,0.0,0.0,0.0,0.0,0.0,1.0,0.446883,0.042553,0.031764,0.443767,0.002005,0.460901,0.707456,0.0
0.0,0.0,0.0,0.0,1.0,0.0,0.0,0.014291,0.276596,0.074907,0.470396,0.003467,0.422915,0.414912,1.0
0.0,0.0,1.0,0.0,0.0,0.0,0.0,0.460555,0.489362,0.028732,0.508926,0.00193,0.552305,0.452632,1.0
1.0,0.0,0.0,0.0,0.0,0.0,0.0,0.898279,0.765957,0.079651,0.693692,0.004998,0.52175,0.649123,1.0
0.0,0.0,1.0,0.0,0.0,0.0,0.0,0.880802,0.808511,0.029212,0.455817,0.001938,0.510357,0.593421,1.0
0.0,0.0,0.0,0.0,0.0,0.0,1.0,0.44321,0.191489,0.031914,0.13493,0.002108,0.167271,0.633333,0.0
0.0,0.0,1.0,0.0,0.0,0.0,0.0,0.87651,0.574468,0.030833,0.58078,0.00198,0.573537,0.632456,1.0
0.0,0.0,0.0,1.0,0.0,0.0,0.0,0.434494,0.957447,0.044314,0.411931,0.003467,0.422915,0.414912,0.0
0.0,0.0,0.0,0.0,0.0,1.0,0.0,0.443476,0.744681,0.130539,0.688039,0.008652,0.661574,0.538596,1.0
0.0,0.0,0.0,0.0,0.0,0.0,1.0,0.995443,1.0,0.095833,0.413567,0.006334,0.357328,0.676316,1.0
0.0,0.0,0.0,0.0,0.0,0.0,1.0,0.425291,0.851064,0.090819,0.346772,0.003467,0.422915,0.414912,1.0
0.0,0.0,1.0,0.0,0.0,0.0,0.0,0.872085,0.234043,0.025519,0.368343,0.001643,0.408597,0.764474,0.0
0.0,0.0,0.0,0.0,0.0,1.0,0.0,0.889872,0.808511,0.062808,0.766587,0.004325,0.67711,0.250439,0.0
0.0,1.0,0.0,0.0,0.0,0.0,0.0,0.451617,0.680851,0.037769,0.600268,0.002532,0.592439,0.551316,0.0
0.0,1.0,0.0,0.0,0.0,0.0,0.0,0.021857,0.12766,0.062898,0.204552,0.003467,0.422915,0.414912,1.0
1.0,0.0,0.0,0.0,0.0,0.0,0.0,0.030751,0.851064,0.095473,0.434246,0.003467,0.422915,0.414912,1.0
0.0,0.0,0.0,1.0,0.0,0.0,0.0,0.013937,0.489362,0.11859,0.651889,0.003467,0.422915,0.414912,1.0
0.0,0.0,0.0,1.0,0.0,0.0,0.0,0.982169,0.340426,0.150024,0.669592,0.010089,0.635681,0.452193,1.0
1.0,0.0,0.0,0.0,0.0,0.0,0.0,0.004557,0.765957,0.152516,0.685808,0.003467,0.422915,0.414912,1.0
0.0,0.0,0.0,1.0,0.0,0.0,0.0,0.438476,0.255319,0.056323,0.322821,0.003467,0.422915,0.414912,0.0
1.0,0.0,0.0,0.0,0.0,0.0,0.0,0.425645,0.87234,0.074427,0.294109,0.003467,0.422915,0.414912,1.0
0.0,0.0,0.0,1.0,0.0,0.0,0.0,0.442768,0.106383,0.046265,0.297679,0.003091,0.331952,0.676754,0.0
0.0,0.0,0.0,0.0,1.0,0.0,0.0,0.468962,0.510638,0.056413,0.509372,0.003843,0.590627,0.191667,1.0
0.0,0.0,0.0,1.0,0.0,0.0,0.0,0.438166,0.148936,0.057614,0.158286,0.003467,0.422915,0.414912,0.0
0.0,0.0,1.0,0.0,0.0,0.0,0.0,0.885448,0.382979,0.029212,0.559506,0.001951,0.598136,0.378509,0.0
0.0,0.0,0.0,0.0,0.0,1.0,0.0,0.022654,0.638298,0.081812,0.294853,0.003467,0.422915,0.414912,1.0
0.0,0.0,1.0,0.0,0.0,0.0,0.0,0.898058,0.851064,0.054672,0.675989,0.003635,0.577939,0.495175,0.0
0.0,0.0,0.0,0.0,1.0,0.0,0.0,0.004734,0.553191,0.075117,0.560994,0.003467,0.422915,0.414912,0.0
1.0,0.0,0.0,0.0,0.0,0.0,0.0,0.911199,0.914894,0.042632,0.363731,0.002761,0.262558,0.722368,1.0
0.0,0.0,1.0,0.0,0.0,0.0,0.0,0.446706,0.12766,0.022757,0.2831,0.001325,0.351631,0.742982,0.0
0.0,0.0,0.0,0.0,0.0,1.0,0.0,0.446839,0.170213,0.004503,0.214371,0.000295,0.174262,0.575439,0.0
1.0,0.0,0.0,0.0,0.0,0.0,0.0,0.03137,0.787234,0.074817,0.468015,0.003467,0.422915,0.414912,1.0
0.0,0.0,0.0,0.0,0.0,1.0,0.0,0.017698,0.085106,0.071334,0.316424,0.003467,0.422915,0.414912,1.0
1.0,0.0,0.0,0.0,0.0,0.0,0.0,0.438034,0.106383,0.046806,0.136864,0.003467,0.422915,0.414912,0.0
0.0,0.0,0.0,1.0,0.0,0.0,0.0,0.425468,0.617021,0.134682,0.594168,0.003467,0.422915,0.414912,1.0
1.0,0.0,0.0,0.0,0.0,0.0,0.0,0.442326,0.170213,0.055032,0.071407,0.002034,0.058001,0.500526,1.0
0.0,1.0,0.0,0.0,0.0,0.0,0.0,0.906951,0.93617,0.037889,0.315829,0.002586,0.362248,0.433333,0.0
0.0,0.0,0.0,0.0,0.0,1.0,0.0,0.456705,0.340426,0.037919,0.619012,0.002572,0.573019,0.532018,1.0
0.0,0.0,0.0,0.0,0.0,0.0,1.0,0.889297,0.617021,0.028942,0.321928,0.001718,0.361471,0.67807,0.0
0.0,1.0,0.0,0.0,0.0,0.0,0.0,0.46082,0.744681,0.040561,0.60964,0.002788,0.475142,0.269737,1.0
0.0,0.0,1.0,0.0,0.0,0.0,0.0,0.465201,0.12766,0.033055,0.205742,0.002268,0.275505,0.326754,0.0
0.0,0.0,0.0,0.0,1.0,0.0,0.0,0.45113,0.957447,0.042272,0.643261,0.002775,0.439669,0.591228,0.0
0.0,0.0,0.0,0.0,1.0,0.0,0.0,0.473607,0.808511,0.028071,0.447337,0.001915,0.513465,0.323684,0.0
0.0,0.0,0.0,0.0,1.0,0.0,0.0,0.00907,0.340426,0.049868,0.69756,0.003467,0.422915,0.414912,0.0
0.0,0.0,1.0,0.0,0.0,0.0,0.0,0.877129,0.744681,0.03942,0.597888,0.00273,0.550233,0.258772,0.0
0.0,0.0,1.0,0.0,0.0,0.0,0.0,0.017875,0.787234,0.093821,0.589259,0.003467,0.422915,0.414912,1.0
1.0,0.0,0.0,0.0,0.0,0.0,0.0,0.018097,0.297872,0.082022,0.411038,0.003467,0.422915,0.414912,1.0
0.0,0.0,0.0,0.0,0.0,0.0,1.0,0.023008,0.702128,0.084664,0.288307,0.003467,0.422915,0.414912,1.0
0.0,0.0,0.0,0.0,1.0,0.0,0.0,0.429494,0.021277,0.049838,0.307498,0.003467,0.422915,0.414912,0.0
0.0,0.0,0.0,1.0,0.0,0.0,0.0,0.912261,0.808511,0.046535,0.455668,0.003155,0.413775,0.350439,0.0
0.0,0.0,0.0,0.0,0.0,1.0,0.0,0.446839,0.595745,0.043473,0.511455,0.003012,0.498446,0.452193,1.0
0.0,1.0,0.0,0.0,0.0,0.0,0.0,0.469448,0.021277,0.02657,0.207676,0.00177,0.251165,0.496053,0.0
0.0,0.0,0.0,1.0,0.0,0.0,0.0,0.44675,0.914894,0.03951,0.522166,0.002532,0.425168,0.765789,0.0
1.0,0.0,0.0,0.0,0.0,0.0,0.0,0.026415,0.425532,0.111084,0.509223,0.003467,0.422915,0.414912,1.0
1.0,0.0,0.0,0.0,0.0,0.0,0.0,0.017787,0.425532,0.084814,0.551622,0.003467,0.422915,0.414912,1.0
1.0,0.0,0.0,0.0,0.0,0.0,0.0,0.438963,0.851064,0.054612,0.410295,0.003467,0.422915,0.414912,0.0
0.0,0.0,0.0,0.0,1.0,0.0,0.0,0.013362,0.021277,0.088567,0.568134,0.003467,0.422915,0.414912,1.0
0.0,0.0,0.0,0.0,0.0,1.0,0.0,0.465333,0.042553,0.031134,0.376079,0.002162,0.401864,0.325877,0.0
0.0,0.0,0.0,0.0,0.0,1.0,0.0,0.018627,0.723404,0.083584,0.412377,0.003467,0.422915,0.414912,1.0
1.0,0.0,0.0,0.0,0.0,0.0,0.0,0.912128,0.319149,0.044254,0.29277,0.002869,0.221647,0.778509,0.0
0.0,0.0,0.0,0.0,0.0,0.0,1.0,0.018362,0.765957,0.0789,0.449271,0.003467,0.422915,0.414912,1.0
0.0,0.0,1.0,0.0,0.0,0.0,0.0,0.425114,0.744681,0.055242,0.416691,0.003467,0.422915,0.414912,0.0
0.0,0.0,0.0,0.0,0.0,1.0,0.0,0.451484,0.829787,0.05269,0.722702,0.003481,0.601502,0.646053,1.0
0.0,1.0,0.0,0.0,0.0,0.0,0.0,0.000619,0.638298,0.122703,0.458792,0.003467,0.422915,0.414912,1.0
0.0,0.0,0.0,1.0,0.0,0.0,0.0,0.455688,0.021277,0.037318,0.551026,0.002572,0.436044,0.638158,0.0
1.0,0.0,0.0,0.0,0.0,0.0,0.0,0.023052,0.659574,0.103158,0.475305,0.003467,0.422915,0.414912,1.0
0.0,1.0,0.0,0.0,0.0,0.0,0.0,0.009247,0.765957,0.151765,0.922642,0.003467,0.422915,0.414912,1.0
0.0,0.0,0.0,0.0,1.0,0.0,0.0,0.871554,0.893617,0.072955,0.51681,0.004821,0.401605,0.603509,1.0
0.0,0.0,1.0,0.0,0.0,0.0,0.0,0.907615,0.978723,0.074517,0.448974,0.005079,0.520197,0.420175,1.0
0.0,0.0,1.0,0.0,0.0,0.0,0.0,0.872395,0.723404,0.030803,0.540613,0.001984,0.639306,0.520614,1.0
0.0,0.0,1.0,0.0,0.0,0.0,0.0,0.469183,0.0,0.029723,0.359714,0.001967,0.314345,0.622368,0.0
0.0,0.0,1.0,0.0,0.0,0.0,0.0,0.880492,0.468085,0.03924,0.584052,0.002686,0.571207,0.24693,0.0
0.0,1.0,0.0,0.0,0.0,0.0,0.0,0.880448,0.234043,0.034977,0.222553,0.002275,0.224495,0.567105,1.0
0.0,0.0,0.0,0.0,1.0,0.0,0.0,0.867263,0.510638,0.035967,0.494496,0.002445,0.436044,0.500439,1.0
0.0,0.0,0.0,0.0,0.0,1.0,0.0,0.867307,0.87234,0.025339,0.313448,0.001616,0.320041,0.810526,0.0
0.0,0.0,1.0,0.0,0.0,0.0,0.0,0.465201,0.659574,0.058905,0.451056,0.0041,0.480062,0.135965,1.0
0.0,1.0,0.0,0.0,0.0,0.0,0.0,0.911862,0.93617,0.048577,0.441535,0.003162,0.298032,0.685526,1.0
0.0,0.0,0.0,0.0,0.0,0.0,1.0,0.903146,0.06383,0.067581,0.34454,0.004551,0.402123,0.503509,1.0
0.0,0.0,0.0,0.0,0.0,1.0,0.0,0.014026,0.276596,0.053381,0.276852,0.003467,0.422915,0.414912,0.0
0.0,1.0,0.0,0.0,0.0,0.0,0.0,0.022477,0.319149,0.087937,0.420411,0.003467,0.422915,0.414912,1.0
0.0,0.0,1.0,0.0,0.0,0.0,0.0,0.460555,0.0,0.02681,0.445552,0.001797,0.431642,0.683333,1.0
0.0,0.0,0.0,0.0,1.0,0.0,0.0,0.001062,0.659574,0.043833,0.432609,0.003467,0.422915,0.414912,0.0
0.0,0.0,0.0,1.0,0.0,0.0,0.0,0.881465,0.978723,0.028972,0.466379,0.001903,0.450803,0.542544,1.0
0.0,0.0,0.0,1.0,0.0,0.0,0.0,0.907659,0.489362,0.057494,0.495686,0.003897,0.585448,0.44386,0.0
0.0,0.0,1.0,0.0,0.0,0.0,0.0,0.456573,0.234043,0.029633,0.333234,0.001876,0.338685,0.767544,0.0
0.0,0.0,0.0,0.0,0.0,1.0,0.0,0.005398,0.808511,0.080911,0.592978,0.003467,0.422915,0.414912,1.0
1.0,0.0,0.0,0.0,0.0,0.0,0.0,0.026724,0.234043,0.074517,0.36983,0.003467,0.422915,0.414912,1.0
1.0,0.0,0.0,0.0,0.0,0.0,0.0,0.912438,0.297872,0.047766,0.25781,0.002428,0.197825,0.689474,1.0
0.0,0.0,0.0,1.0,0.0,0.0,0.0,0.469846,0.787234,0.109103,0.605326,0.007451,0.531331,0.399123,0.0
0.0,0.0,0.0,1.0,0.0,0.0,0.0,0.867838,0.12766,0.024949,0.162898,0.000841,0.240031,0.814912,0.0
0.0,0.0,0.0,0.0,0.0,0.0,1.0,0.893943,0.93617,0.056053,0.545968,0.003635,0.410927,0.700877,0.0
1.0,0.0,0.0,0.0,0.0,0.0,0.0,0.876421,0.191489,0.017173,0.105475,0.000821,0.157949,0.874561,0.0
0.0,0.0,0.0,0.0,0.0,0.0,1.0,0.005442,0.340426,0.080911,0.331449,0.003467,0.422915,0.414912,1.0
0.0,0.0,0.0,1.0,0.0,0.0,0.0,0.894739,0.0,0.181608,0.619161,0.012208,0.542206,0.600439,1.0
0.0,0.0,0.0,0.0,0.0,0.0,1.0,0.023008,0.851064,0.085925,0.334871,0.003467,0.422915,0.414912,1.0
0.0,0.0,0.0,1.0,0.0,0.0,0.0,0.885182,0.425532,0.030173,0.551026,0.002048,0.548938,0.378509,0.0
0.0,0.0,0.0,1.0,0.0,0.0,0.0,0.013937,0.723404,0.11859,0.687147,0.003467,0.422915,0.414912,1.0
1.0,0.0,0.0,0.0,0.0,0.0,0.0,0.871997,0.914894,0.031914,0.389616,0.001695,0.222424,0.851316,0.0
0.0,0.0,1.0,0.0,0.0,0.0,0.0,0.43445,0.978723,0.044134,0.429485,0.003467,0.422915,0.414912,0.0
1.0,0.0,0.0,0.0,0.0,0.0,0.0,0.911199,0.276596,0.042152,0.223892,0.002744,0.221906,0.678509,0.0
0.0,0.0,0.0,0.0,1.0,0.0,0.0,0.429804,0.148936,0.066741,0.184469,0.003467,0.422915,0.414912,0.0
0.0,0.0,1.0,0.0,0.0,0.0,0.0,0.443033,0.212766,0.03906,0.220024,0.002464,0.200673,0.757456,0.0
1.0,0.0,0.0,0.0,0.0,0.0,0.0,0.881023,0.255319,0.018014,0.103392,0.000821,0.143449,0.750439,0.0
0.0,1.0,0.0,0.0,0.0,0.0,0.0,0.434096,0.021277,0.044884,0.296043,0.003467,0.422915,0.414912,0.0
0.0,0.0,0.0,1.0,0.0,0.0,0.0,0.486837,0.404255,0.115588,0.524546,0.007956,0.49767,0.332456,1.0
0.0,0.0,0.0,0.0,0.0,0.0,1.0,0.872572,0.851064,0.029512,0.326242,0.000995,0.308648,0.857018,0.0
0.0,0.0,0.0,0.0,1.0,0.0,0.0,0.890138,0.085106,0.082653,0.457156,0.005407,0.508804,0.605263,1.0
1.0,0.0,0.0,0.0,0.0,0.0,0.0,0.871997,0.319149,0.028281,0.296192,0.001695,0.194459,0.872368,0.0
1.0,0.0,0.0,0.0,0.0,0.0,0.0,0.03168,0.617021,0.058785,0.459387,0.003467,0.422915,0.414912,0.0
0.0,1.0,0.0,0.0,0.0,0.0,0.0,0.890005,0.978723,0.047346,0.590152,0.003182,0.515277,0.546491,1.0
0.0,0.0,0.0,0.0,0.0,0.0,1.0,0.460732,0.0,0.051219,0.473817,0.003519,0.402641,0.230263,0.0
0.0,0.0,0.0,0.0,0.0,0.0,1.0,0.876377,0.702128,0.030413,0.414014,0.001203,0.328586,0.813158,1.0
0.0,0.0,0.0,0.0,0.0,1.0,0.0,0.460068,0.255319,0.028552,0.361797,0.001919,0.359399,0.522807,0.0
0.0,0.0,0.0,0.0,1.0,0.0,0.0,0.017654,0.404255,0.099015,0.567986,0.003467,0.422915,0.414912,1.0
0.0,0.0,1.0,0.0,0.0,0.0,0.0,0.482412,0.319149,0.049748,0.448378,0.003471,0.430606,0.260965,1.0
0.0,0.0,1.0,0.0,0.0,0.0,0.0,0.013893,0.255319,0.074877,0.463404,0.003467,0.422915,0.414912,0.0
1.0,0.0,0.0,0.0,0.0,0.0,0.0,0.018406,0.702128,0.054912,0.443618,0.003467,0.422915,0.414912,0.0
0.0,0.0,0.0,0.0,1.0,0.0,0.0,0.425202,0.12766,0.074787,0.125112,0.003467,0.422915,0.414912,1.0
0.0,0.0,1.0,0.0,0.0,0.0,0.0,0.881421,0.106383,0.029392,0.238917,0.001832,0.322113,0.612281,0.0
0.0,0.0,0.0,0.0,1.0,0.0,0.0,0.017654,0.787234,0.057314,0.585391,0.003467,0.422915,0.414912,0.0
0.0,0.0,0.0,0.0,0.0,0.0,1.0,0.442326,0.106383,0.033776,0.119905,0.003467,0.422915,0.414912,0.0
0.0,0.0,1.0,0.0,0.0,0.0,0.0,0.915623,0.510638,0.054972,0.52053,0.003739,0.574055,0.301754,0.0
1.0,0.0,0.0,0.0,0.0,0.0,0.0,0.429937,0.191489,0.074937,0.232074,0.003467,0.422915,0.414912,1.0
0.0,0.0,0.0,1.0,0.0,0.0,0.0,0.451706,0.212766,0.033175,0.292324,0.002206,0.327033,0.817105,0.0
1.0,0.0,0.0,0.0,0.0,0.0,0.0,0.876731,0.553191,0.030623,0.469503,0.001957,0.467892,0.661404,1.0
1.0,0.0,0.0,0.0,0.0,0.0,0.0,0.425645,0.106383,0.041131,0.058614,0.003467,0.422915,0.414912,0.0
0.0,0.0,0.0,0.0,1.0,0.0,0.0,0.005044,0.446809,0.047886,0.59402,0.003467,0.422915,0.414912,0.0
1.0,0.0,0.0,0.0,0.0,0.0,0.0,0.898279,0.531915,0.078119,0.462957,0.002916,0.323925,0.860965,1.0
0.0,0.0,0.0,0.0,1.0,0.0,0.0,0.45113,0.93617,0.043023,0.640732,0.002819,0.452874,0.597368,0.0
0.0,0.0,0.0,1.0,0.0,0.0,0.0,0.022875,0.893617,0.049117,0.372954,0.003467,0.422915,0.414912,0.0
0.0,0.0,0.0,0.0,0.0,0.0,1.0,0.022388,0.382979,0.072475,0.301993,0.003467,0.422915,0.414912,1.0
0.0,1.0,0.0,0.0,0.0,0.0,0.0,0.877085,0.06383,0.035967,0.212437,0.002435,0.269808,0.382018,1.0
0.0,0.0,1.0,0.0,0.0,0.0,0.0,0.026813,0.297872,0.059865,0.460577,0.003467,0.422915,0.414912,0.0
0.0,0.0,0.0,1.0,0.0,0.0,0.0,0.000398,0.702128,0.121713,0.557126,0.003467,0.422915,0.414912,1.0
0.0,0.0,0.0,0.0,1.0,0.0,0.0,0.001062,0.276596,0.122703,0.48557,0.003467,0.422915,0.414912,1.0
0.0,0.0,0.0,0.0,1.0,0.0,0.0,0.907393,0.957447,0.044554,0.448081,0.003093,0.398498,0.378509,0.0
0.0,0.0,0.0,1.0,0.0,0.0,0.0,0.451086,0.12766,0.038129,0.3133,0.002476,0.372605,0.752632,0.0
0.0,0.0,1.0,0.0,0.0,0.0,0.0,0.456573,0.489362,0.040141,0.611574,0.002698,0.608493,0.510965,1.0
0.0,0.0,1.0,0.0,0.0,0.0,0.0,0.451352,0.340426,0.03996,0.654716,0.002586,0.598395,0.664912,0.0
1.0,0.0,0.0,0.0,0.0,0.0,0.0,0.881333,0.276596,0.018014,0.11931,0.000912,0.149663,0.838158,0.0
0.0,0.0,0.0,0.0,1.0,0.0,0.0,0.894164,0.574468,0.060196,0.564267,0.004057,0.681253,0.4,0.0
0.0,0.0,0.0,0.0,1.0,0.0,0.0,0.455732,0.723404,0.033235,0.581077,0.002223,0.695495,0.439474,0.0
0.0,0.0,0.0,0.0,1.0,0.0,0.0,0.868192,0.702128,0.028702,0.6205,0.001795,0.533661,0.705263,0.0
0.0,0.0,0.0,0.0,0.0,1.0,0.0,0.443476,0.297872,0.0529,0.488545,0.003648,0.508545,0.420614,0.0
0.0,0.0,0.0,0.0,0.0,0.0,1.0,0.469979,0.255319,0.037889,0.253645,0.002586,0.22579,0.49386,1.0
0.0,0.0,0.0,0.0,0.0,0.0,1.0,0.871643,0.276596,0.028822,0.31806,0.00168,0.301139,0.808333,0.0
0.0,0.0,0.0,0.0,0.0,0.0,1.0,0.876687,0.574468,0.031164,0.513389,0.001957,0.358881,0.697807,1.0
0.0,0.0,0.0,0.0,0.0,0.0,1.0,0.871643,0.851064,0.031284,0.455222,0.001951,0.333247,0.861842,1.0
0.0,0.0,0.0,0.0,0.0,1.0,0.0,0.005398,0.212766,0.056713,0.179708,0.003467,0.422915,0.414912,0.0
0.0,0.0,0.0,0.0,0.0,1.0,0.0,0.91173,0.93617,0.051699,0.441535,0.00334,0.33014,0.619298,0.0
0.0,0.0,1.0,0.0,0.0,0.0,0.0,0.447325,0.446809,0.068152,0.716751,0.004767,0.635163,0.419298,1.0
0.0,0.0,0.0,0.0,0.0,1.0,0.0,0.428919,0.638298,0.090879,0.421749,0.003467,0.422915,0.414912,1.0
0.0,0.0,0.0,0.0,1.0,0.0,0.0,0.430114,1.0,0.049838,0.353615,0.003467,0.422915,0.414912,0.0
0.0,0.0,1.0,0.0,0.0,0.0,0.0,0.473519,0.914894,0.023838,0.418328,0.001564,0.294407,0.685526,0.0
0.0,0.0,0.0,1.0,0.0,0.0,0.0,0.460909,0.489362,0.196439,0.642071,0.013317,0.458571,0.482895,1.0
0.0,0.0,0.0,1.0,0.0,0.0,0.0,0.469227,0.148936,0.027951,0.147278,0.001826,0.200673,0.69693,0.0
0.0,0.0,0.0,0.0,1.0,0.0,0.0,0.005044,0.617021,0.042422,0.473073,0.003467,0.422915,0.414912,0.0
0.0,0.0,1.0,0.0,0.0,0.0,0.0,0.898367,0.744681,0.090579,0.735495,0.006003,0.72579,0.464035,1.0
0.0,0.0,0.0,0.0,0.0,1.0,0.0,0.030972,0.574468,0.077819,0.342755,0.003467,0.422915,0.414912,0.0
0.0,0.0,0.0,0.0,1.0,0.0,0.0,0.442812,0.787234,0.070494,0.625855,0.004817,0.590627,0.36886,1.0
0.0,0.0,0.0,1.0,0.0,0.0,0.0,0.027477,0.340426,0.069713,0.546266,0.003467,0.422915,0.414912,1.0
0.0,1.0,0.0,0.0,0.0,0.0,0.0,0.018141,0.659574,0.07932,0.508926,0.003467,0.422915,0.414912,1.0
0.0,0.0,0.0,1.0,0.0,0.0,0.0,0.438166,0.06383,0.072775,0.313002,0.003467,0.422915,0.414912,1.0
0.0,0.0,1.0,0.0,0.0,0.0,0.0,0.890359,0.893617,0.074607,0.734008,0.005085,0.556706,0.49386,1.0
0.0,0.0,0.0,1.0,0.0,0.0,0.0,0.455998,0.255319,0.033205,0.454329,0.002241,0.377525,0.664035,0.0
0.0,0.0,0.0,0.0,0.0,1.0,0.0,0.464404,0.382979,0.124294,0.515174,0.008434,0.514759,0.392544,1.0
0.0,0.0,0.0,1.0,0.0,0.0,0.0,0.42945,0.340426,0.095533,0.582713,0.003467,0.422915,0.414912,1.0
0.0,0.0,0.0,0.0,0.0,0.0,1.0,0.876067,0.638298,0.028071,0.304076,0.000848,0.266701,0.790789,1.0
0.0,0.0,0.0,0.0,0.0,1.0,0.0,0.018318,1.0,0.069653,0.357632,0.003467,0.422915,0.414912,1.0
0.0,0.0,0.0,1.0,0.0,0.0,0.0,0.911951,0.170213,0.042332,0.175841,0.00279,0.255308,0.647807,0.0
0.0,0.0,0.0,0.0,0.0,1.0,0.0,0.894208,0.914894,0.049808,0.585838,0.003396,0.526152,0.470614,0.0
1.0,0.0,0.0,0.0,0.0,0.0,0.0,0.425335,0.0,0.058394,0.237876,0.003467,0.422915,0.414912,0.0
1.0,0.0,0.0,0.0,0.0,0.0,0.0,0.005177,0.574468,0.050859,0.518298,0.003467,0.422915,0.414912,0.0
0.0,0.0,0.0,1.0,0.0,0.0,0.0,0.460909,0.893617,0.046866,0.589705,0.003191,0.400052,0.527193,0.0
0.0,0.0,0.0,1.0,0.0,0.0,0.0,0.009646,0.829787,0.083644,0.685659,0.003467,0.422915,0.414912,1.0
0.0,0.0,0.0,0.0,0.0,0.0,1.0,0.44352,0.191489,0.0,0.167956,0.0,0.205075,0.57807,0.0
0.0,1.0,0.0,0.0,0.0,0.0,0.0,0.429362,0.382979,0.090669,0.564267,0.003467,0.422915,0.414912,1.0
0.0,0.0,0.0,0.0,1.0,0.0,0.0,0.026592,0.617021,0.074517,0.440196,0.003467,0.422915,0.414912,0.0
0.0,1.0,0.0,0.0,0.0,0.0,0.0,0.008628,0.361702,0.074817,0.644154,0.003467,0.422915,0.414912,0.0
0.0,0.0,0.0,0.0,0.0,1.0,0.0,0.434273,0.170213,0.040351,0.117525,0.003467,0.422915,0.414912,0.0
0.0,0.0,0.0,1.0,0.0,0.0,0.0,0.018229,0.978723,0.046866,0.429337,0.003467,0.422915,0.414912,1.0
0.0,0.0,0.0,1.0,0.0,0.0,0.0,0.008716,0.319149,0.10475,0.622583,0.003467,0.422915,0.414912,1.0
0.0,0.0,1.0,0.0,0.0,0.0,0.0,0.004336,0.297872,0.043533,0.479322,0.003467,0.422915,0.414912,0.0
0.0,1.0,0.0,0.0,0.0,0.0,0.0,0.434406,0.914894,0.048037,0.408807,0.003467,0.422915,0.414912,0.0
0.0,0.0,0.0,1.0,0.0,0.0,0.0,0.473563,0.106383,0.022127,0.148468,0.001491,0.251683,0.603947,0.0
0.0,0.0,0.0,0.0,0.0,1.0,0.0,0.91173,0.255319,0.095413,0.432907,0.006479,0.579751,0.436404,1.0
1.0,0.0,0.0,0.0,0.0,0.0,0.0,0.902571,0.978723,0.085145,0.381583,0.005796,0.393061,0.380702,1.0
0.0,0.0,0.0,0.0,1.0,0.0,0.0,0.45206,0.638298,0.033085,0.494793,0.002206,0.556447,0.432018,0.0
0.0,0.0,0.0,0.0,0.0,1.0,0.0,0.018627,0.574468,0.075477,0.367748,0.003467,0.422915,0.414912,1.0
0.0,0.0,0.0,0.0,0.0,1.0,0.0,0.495686,0.659574,0.030323,0.433353,0.002117,0.394873,0.324561,0.0
0.0,0.0,1.0,0.0,0.0,0.0,0.0,0.433521,0.191489,0.071064,0.21928,0.003467,0.422915,0.414912,0.0
0.0,0.0,0.0,0.0,0.0,1.0,0.0,0.898102,0.638298,0.027351,0.442874,0.001924,0.538581,0.339474,0.0
0.0,1.0,0.0,0.0,0.0,0.0,0.0,0.464537,0.531915,0.071604,0.319994,0.004807,0.460383,0.482456,1.0
0.0,0.0,0.0,0.0,1.0,0.0,0.0,0.425202,0.212766,0.073856,0.246504,0.003467,0.422915,0.414912,1.0
0.0,0.0,0.0,0.0,0.0,1.0,0.0,0.446839,0.085106,0.02606,0.356739,0.001595,0.34697,0.750877,0.0
0.0,0.0,1.0,0.0,0.0,0.0,0.0,0.018185,0.042553,0.054912,0.391996,0.003467,0.422915,0.414912,0.0
0.0,0.0,0.0,0.0,0.0,1.0,0.0,0.456705,0.851064,0.032695,0.524546,0.002189,0.45391,0.660526,1.0
0.0,0.0,0.0,0.0,0.0,1.0,0.0,0.469316,0.446809,0.061156,0.579589,0.003992,0.537804,0.449123,1.0
0.0,1.0,0.0,0.0,0.0,0.0,0.0,0.022167,0.191489,0.043203,0.111871,0.003467,0.422915,0.414912,0.0
0.0,0.0,1.0,0.0,0.0,0.0,0.0,0.447635,0.085106,0.036658,0.416394,0.00168,0.41999,0.765789,0.0
0.0,0.0,0.0,0.0,0.0,1.0,0.0,0.903411,0.851064,0.053981,0.511306,0.003644,0.483428,0.454825,0.0
0.0,0.0,0.0,0.0,1.0,0.0,0.0,0.008761,0.914894,0.041732,0.479917,0.003467,0.422915,0.414912,0.0
1.0,0.0,0.0,0.0,0.0,0.0,0.0,0.460466,0.787234,0.02588,0.468313,0.001747,0.447695,0.573684,1.0
0.0,0.0,0.0,1.0,0.0,0.0,0.0,0.907969,0.446809,0.045064,0.508033,0.003126,0.604091,0.234211,0.0
0.0,0.0,0.0,1.0,0.0,0.0,0.0,0.87213,0.553191,0.027621,0.536894,0.001791,0.600984,0.627193,1.0
0.0,0.0,0.0,1.0,0.0,0.0,0.0,0.447679,0.234043,0.025639,0.345135,0.001051,0.305541,0.765789,0.0
1.0,0.0,0.0,0.0,0.0,0.0,0.0,0.456484,0.170213,0.021166,0.112318,0.001427,0.249871,0.617544,0.0
0.0,1.0,0.0,0.0,0.0,0.0,0.0,0.455909,0.638298,0.063919,0.563523,0.004518,0.672708,0.211404,1.0
0.0,0.0,1.0,0.0,0.0,0.0,0.0,0.004336,0.212766,0.074877,0.201726,0.003467,0.422915,0.414912,1.0
0.0,1.0,0.0,0.0,0.0,0.0,0.0,0.425379,0.06383,0.071454,0.214519,0.003467,0.422915,0.414912,0.0
0.0,0.0,1.0,0.0,0.0,0.0,0.0,0.465201,0.489362,0.071725,0.492859,0.00496,0.519679,0.197807,1.0
1.0,0.0,0.0,0.0,0.0,0.0,0.0,0.446617,0.361702,0.043923,0.459833,0.002788,0.253496,0.760088,0.0
0.0,0.0,0.0,1.0,0.0,0.0,0.0,0.894739,0.234043,0.074847,0.363136,0.004813,0.423874,0.690351,0.0
0.0,0.0,0.0,1.0,0.0,0.0,0.0,0.442193,0.425532,0.109884,0.54939,0.003467,0.422915,0.414912,1.0
0.0,0.0,1.0,0.0,0.0,0.0,0.0,0.87682,0.914894,0.027261,0.408658,0.001381,0.30347,0.664474,0.0
0.0,0.0,1.0,0.0,0.0,0.0,0.0,0.030839,0.659574,0.119491,0.565754,0.003467,0.422915,0.414912,1.0
0.0,0.0,0.0,0.0,0.0,1.0,0.0,0.425556,0.234043,0.067461,0.171526,0.003467,0.422915,0.414912,0.0
0.0,0.0,0.0,0.0,0.0,1.0,0.0,0.91142,0.170213,0.036928,0.188486,0.002372,0.184102,0.798684,0.0
0.0,0.0,0.0,0.0,1.0,0.0,0.0,0.437901,0.617021,0.057554,0.48795,0.003467,0.422915,0.414912,1.0
0.0,1.0,0.0,0.0,0.0,0.0,0.0,0.468829,0.361702,0.053681,0.527819,0.003583,0.34464,0.491667,1.0
0.0,0.0,0.0,0.0,1.0,0.0,0.0,0.867263,0.382979,0.035937,0.494644,0.002426,0.394614,0.58114,1.0
0.0,0.0,1.0,0.0,0.0,0.0,0.0,0.872085,1.0,0.034106,0.379946,0.001309,0.3739,0.820175,1.0
0.0,0.0,1.0,0.0,0.0,0.0,0.0,0.013893,0.297872,0.074877,0.631955,0.003467,0.422915,0.414912,0.0
0.0,0.0,0.0,0.0,0.0,1.0,0.0,0.452104,0.978723,0.099676,0.584201,0.006915,0.47825,0.299561,1.0
0.0,0.0,0.0,0.0,0.0,1.0,0.0,0.005398,0.87234,0.080911,0.504017,0.003467,0.422915,0.414912,1.0
0.0,1.0,0.0,0.0,0.0,0.0,0.0,0.433476,0.553191,0.080251,0.59997,0.003467,0.422915,0.414912,1.0
0.0,0.0,0.0,0.0,0.0,0.0,1.0,0.030707,0.893617,0.083794,0.292919,0.003467,0.422915,0.414912,1.0
0.0,1.0,0.0,0.0,0.0,0.0,0.0,0.876466,0.255319,0.028402,0.40717,0.001778,0.483946,0.603509,0.0
0.0,0.0,0.0,0.0,0.0,0.0,1.0,0.004203,0.489362,0.083884,0.402261,0.003467,0.422915,0.414912,1.0
0.0,0.0,1.0,0.0,0.0,0.0,0.0,0.452281,1.0,0.036778,0.589408,0.002459,0.508286,0.691667,1.0
0.0,1.0,0.0,0.0,0.0,0.0,0.0,0.880757,0.808511,0.031434,0.388872,0.001894,0.372346,0.805263,1.0
0.0,1.0,0.0,0.0,0.0,0.0,0.0,0.911862,0.404255,0.047736,0.538976,0.003184,0.560331,0.435965,1.0
0.0,0.0,0.0,0.0,0.0,0.0,1.0,0.872262,0.085106,0.029332,0.150402,0.000837,0.269291,0.797807,0.0
0.0,0.0,1.0,0.0,0.0,0.0,0.0,0.898058,0.489362,0.082623,0.635823,0.005415,0.629984,0.577632,1.0
0.0,0.0,1.0,0.0,0.0,0.0,0.0,0.894695,0.914894,0.076558,0.682535,0.005112,0.579234,0.472368,0.0
0.0,0.0,0.0,0.0,0.0,0.0,1.0,0.880979,0.93617,0.030263,0.320738,0.001265,0.304505,0.727632,1.0
0.0,0.0,0.0,0.0,0.0,1.0,0.0,0.456396,0.468085,0.034436,0.558465,0.002314,0.557742,0.532456,0.0
0.0,0.0,0.0,0.0,0.0,1.0,0.0,0.017698,0.446809,0.074667,0.433948,0.003467,0.422915,0.414912,1.0
1.0,0.0,0.0,0.0,0.0,0.0,0.0,0.460776,0.255319,0.027381,0.121541,0.001882,0.09218,0.408333,0.0
0.0,1.0,0.0,0.0,0.0,0.0,0.0,0.437768,0.468085,0.044134,0.443618,0.003467,0.422915,0.414912,0.0
0.0,0.0,0.0,1.0,0.0,0.0,0.0,0.464625,0.06383,0.068962,0.343201,0.004724,0.370533,0.391228,0.0
0.0,0.0,1.0,0.0,0.0,0.0,0.0,0.459935,0.87234,0.042152,0.524398,0.002908,0.463749,0.299123,0.0
0.0,0.0,0.0,1.0,0.0,0.0,0.0,0.894739,0.276596,0.096493,0.602946,0.006404,0.577421,0.451316,0.0
0.0,0.0,1.0,0.0,0.0,0.0,0.0,0.437812,0.93617,0.044134,0.366409,0.003467,0.422915,0.414912,0.0
1.0,0.0,0.0,0.0,0.0,0.0,0.0,0.452192,0.595745,0.033025,0.340524,0.002233,0.231745,0.659211,0.0
0.0,0.0,0.0,0.0,0.0,0.0,1.0,0.45613,0.468085,0.027351,0.469503,0.001649,0.324961,0.754386,0.0
0.0,1.0,0.0,0.0,0.0,0.0,0.0,0.438388,0.404255,0.091419,0.551324,0.003467,0.422915,0.414912,1.0
0.0,0.0,0.0,0.0,0.0,0.0,1.0,0.434317,0.085106,0.040801,0.090301,0.003467,0.422915,0.414912,0.0
0.0,0.0,0.0,1.0,0.0,0.0,0.0,0.009646,0.787234,0.084935,0.732074,0.003467,0.422915,0.414912,1.0
0.0,0.0,0.0,0.0,0.0,1.0,0.0,0.880315,0.0,0.050588,0.425617,0.003338,0.346453,0.489474,1.0
1.0,0.0,0.0,0.0,0.0,0.0,0.0,0.465422,0.425532,0.028041,0.342458,0.00188,0.249612,0.646053,1.0
0.0,1.0,0.0,0.0,0.0,0.0,0.0,0.433786,0.382979,0.064909,0.526778,0.003467,0.422915,0.414912,1.0
0.0,1.0,0.0,0.0,0.0,0.0,0.0,0.464537,0.170213,0.019965,0.055787,0.001334,0.193164,0.679825,0.0
1.0,0.0,0.0,0.0,0.0,0.0,0.0,0.008893,0.574468,0.120151,0.582862,0.003467,0.422915,0.414912,1.0
0.0,0.0,0.0,1.0,0.0,0.0,0.0,0.468917,0.851064,0.028882,0.383963,0.001969,0.35914,0.346491,0.0
0.0,0.0,0.0,0.0,0.0,0.0,1.0,0.022388,0.829787,0.069143,0.370574,0.003467,0.422915,0.414912,1.0
0.0,0.0,0.0,0.0,1.0,0.0,0.0,0.004425,0.319149,0.050168,0.591342,0.003467,0.422915,0.414912,0.0
0.0,0.0,0.0,0.0,1.0,0.0,0.0,0.867263,0.340426,0.030083,0.482148,0.001928,0.344381,0.541667,0.0
1.0,0.0,0.0,0.0,0.0,0.0,0.0,0.460776,0.957447,0.033025,0.380839,0.00225,0.245987,0.392982,1.0
0.0,0.0,0.0,0.0,0.0,0.0,1.0,0.86797,0.957447,0.034856,0.310324,0.00177,0.244174,0.770614,0.0
0.0,0.0,0.0,0.0,1.0,0.0,0.0,0.473298,0.212766,0.023478,0.298721,0.001531,0.273692,0.587281,0.0
0.0,0.0,0.0,1.0,0.0,0.0,0.0,0.014247,0.340426,0.040591,0.548349,0.003467,0.422915,0.414912,0.0
0.0,0.0,0.0,0.0,0.0,1.0,0.0,0.447148,0.468085,0.048937,0.656501,0.00344,0.58001,0.372807,1.0
0.0,0.0,0.0,0.0,0.0,1.0,0.0,0.005398,0.106383,0.064519,0.303184,0.003467,0.422915,0.414912,0.0
0.0,0.0,0.0,0.0,1.0,0.0,0.0,0.013982,0.234043,0.061967,0.311514,0.003467,0.422915,0.414912,0.0
1.0,0.0,0.0,0.0,0.0,0.0,0.0,0.000575,0.489362,0.119731,0.517554,0.003467,0.422915,0.414912,1.0
0.0,0.0,1.0,0.0,0.0,0.0,0.0,0.87682,0.042553,0.028642,0.268373,0.001359,0.354221,0.679825,0.0
0.0,0.0,0.0,0.0,0.0,1.0,0.0,0.912039,0.765957,0.042722,0.401964,0.002862,0.409891,0.45307,0.0
0.0,0.0,1.0,0.0,0.0,0.0,0.0,0.022211,0.340426,0.074427,0.42889,0.003467,0.422915,0.414912,1.0
0.0,0.0,0.0,0.0,0.0,1.0,0.0,0.018627,0.638298,0.075327,0.352276,0.003467,0.422915,0.414912,1.0
0.0,0.0,0.0,0.0,1.0,0.0,0.0,0.442503,0.425532,0.077969,0.535704,0.005299,0.572501,0.500526,1.0
0.0,0.0,0.0,0.0,0.0,0.0,1.0,0.004513,0.212766,0.058514,0.114996,0.003467,0.422915,0.414912,0.0
0.0,0.0,0.0,0.0,0.0,1.0,0.0,0.868236,0.042553,0.027201,0.237876,0.000841,0.367426,0.689474,0.0
1.0,0.0,0.0,0.0,0.0,0.0,0.0,0.885359,0.553191,0.120782,0.366111,0.00322,0.263335,0.690789,1.0
1.0,0.0,0.0,0.0,0.0,0.0,0.0,0.867705,0.744681,0.035037,0.432312,0.002077,0.277317,0.85,1.0
0.0,0.0,0.0,1.0,0.0,0.0,0.0,0.00438,0.93617,0.07893,0.513835,0.003467,0.422915,0.414912,1.0
1.0,0.0,0.0,0.0,0.0,0.0,0.0,0.898279,0.148936,0.038699,0.178965,0.00252,0.312273,0.655263,0.0
0.0,0.0,0.0,0.0,1.0,0.0,0.0,0.872174,0.0,0.030773,0.3374,0.000841,0.35189,0.777193,1.0
0.0,0.0,0.0,0.0,0.0,0.0,1.0,0.434317,0.787234,0.06542,0.387087,0.003467,0.422915,0.414912,1.0
0.0,0.0,0.0,0.0,0.0,1.0,0.0,0.005398,0.0,0.085565,0.541803,0.003467,0.422915,0.414912,1.0
0.0,1.0,0.0,0.0,0.0,0.0,0.0,0.447901,0.042553,0.033295,0.326986,0.002113,0.396168,0.689474,0.0
0.0,0.0,0.0,0.0,1.0,0.0,0.0,0.447104,0.914894,0.042062,0.565903,0.002862,0.434749,0.629386,0.0
0.0,0.0,0.0,0.0,1.0,0.0,0.0,0.46436,0.510638,0.030533,0.484082,0.002088,0.461419,0.375877,1.0
1.0,0.0,0.0,0.0,0.0,0.0,0.0,0.885049,0.382979,0.041912,0.480512,0.002676,0.285344,0.766667,0.0
0.0,0.0,1.0,0.0,0.0,0.0,0.0,0.013583,0.489362,0.088327,0.529158,0.003467,0.422915,0.414912,1.0
0.0,0.0,1.0,0.0,0.0,0.0,0.0,0.425733,0.808511,0.088027,0.421749,0.003467,0.422915,0.414912,1.0
0.0,0.0,0.0,0.0,0.0,1.0,0.0,0.889562,0.510638,0.040261,0.566201,0.002825,0.58001,0.301316,1.0
1.0,0.0,0.0,0.0,0.0,0.0,0.0,0.434361,0.574468,0.046685,0.478578,0.003467,0.422915,0.414912,0.0
0.0,0.0,1.0,0.0,0.0,0.0,0.0,0.881421,0.680851,0.028942,0.472627,0.00204,0.565769,0.385526,0.0
0.0,0.0,0.0,1.0,0.0,0.0,0.0,0.465555,0.297872,0.029392,0.463404,0.002025,0.414034,0.470175,0.0
0.0,1.0,0.0,0.0,0.0,0.0,0.0,0.867439,0.12766,0.01294,0.117227,0.000841,0.181771,0.833772,0.0
0.0,0.0,0.0,0.0,0.0,1.0,0.0,0.013097,0.468085,0.041732,0.455073,0.003467,0.422915,0.414912,0.0
0.0,0.0,1.0,0.0,0.0,0.0,0.0,0.430025,0.638298,0.099075,0.62645,0.003467,0.422915,0.414912,1.0
0.0,0.0,1.0,0.0,0.0,0.0,0.0,0.911287,0.446809,0.042632,0.501934,0.002732,0.276282,0.72807,0.0
0.0,0.0,0.0,0.0,1.0,0.0,0.0,0.456661,0.553191,0.030984,0.514579,0.002119,0.55101,0.496491,0.0
0.0,0.0,1.0,0.0,0.0,0.0,0.0,0.429715,0.021277,0.049838,0.300803,0.003467,0.422915,0.414912,0.0
0.0,1.0,0.0,0.0,0.0,0.0,0.0,0.474094,0.404255,0.041221,0.674204,0.002806,0.448731,0.613596,1.0
0.0,0.0,0.0,0.0,0.0,0.0,1.0,0.013141,0.659574,0.041401,0.260785,0.003467,0.422915,0.414912,0.0
0.0,0.0,0.0,1.0,0.0,0.0,0.0,0.465555,0.765957,0.028342,0.425022,0.001921,0.274987,0.692982,0.0
0.0,1.0,0.0,0.0,0.0,0.0,0.0,0.014159,0.425532,0.07938,0.628682,0.003467,0.422915,0.414912,1.0
0.0,0.0,0.0,0.0,1.0,0.0,0.0,0.425202,0.0,0.058394,0.334276,0.003467,0.422915,0.414912,0.0
1.0,0.0,0.0,0.0,0.0,0.0,0.0,0.447547,0.617021,0.041822,0.35064,0.002835,0.262558,0.641228,1.0
0.0,0.0,1.0,0.0,0.0,0.0,0.0,0.443343,0.085106,0.041101,0.30363,0.002671,0.372864,0.716667,0.0
0.0,0.0,0.0,1.0,0.0,0.0,0.0,0.876554,0.914894,0.028131,0.421898,0.000858,0.308389,0.811842,0.0
0.0,1.0,0.0,0.0,0.0,0.0,0.0,0.469448,0.042553,0.028101,0.173907,0.001884,0.319006,0.366228,0.0
0.0,0.0,0.0,0.0,0.0,1.0,0.0,0.890182,0.553191,0.031884,0.624517,0.002264,0.637235,0.358333,0.0
0.0,0.0,0.0,1.0,0.0,0.0,0.0,0.026857,0.829787,0.110724,0.509521,0.003467,0.422915,0.414912,1.0
0.0,1.0,0.0,0.0,0.0,0.0,0.0,0.429052,0.93617,0.090068,0.415055,0.003467,0.422915,0.414912,1.0
0.0,0.0,0.0,0.0,0.0,0.0,1.0,0.907482,0.851064,0.047286,0.365516,0.003184,0.360953,0.553509,0.0
0.0,0.0,0.0,0.0,0.0,1.0,0.0,0.8985,0.808511,0.085295,0.588515,0.005787,0.622216,0.286842,1.0
0.0,0.0,0.0,0.0,0.0,1.0,0.0,0.026326,0.531915,0.074517,0.310919,0.003467,0.422915,0.414912,1.0
0.0,0.0,0.0,0.0,0.0,0.0,1.0,0.451529,0.93617,0.03975,0.554894,0.002129,0.389694,0.726316,0.0
0.0,0.0,0.0,0.0,1.0,0.0,0.0,0.986594,0.680851,0.048457,0.50476,0.003376,0.555412,0.339474,0.0
0.0,0.0,1.0,0.0,0.0,0.0,0.0,0.456263,0.212766,0.029422,0.263612,0.001965,0.298291,0.741667,0.0
0.0,0.0,0.0,1.0,0.0,0.0,0.0,0.42945,0.87234,0.058364,0.409997,0.003467,0.422915,0.414912,0.0
1.0,0.0,0.0,0.0,0.0,0.0,0.0,0.460157,0.93617,0.029302,0.398245,0.001946,0.295184,0.586842,1.0
0.0,0.0,0.0,0.0,0.0,0.0,1.0,0.460112,0.765957,0.030203,0.542844,0.001957,0.366649,0.532456,1.0
0.0,0.0,0.0,0.0,0.0,0.0,1.0,0.461042,0.617021,0.028522,0.287266,0.001936,0.189798,0.524123,0.0
0.0,0.0,0.0,1.0,0.0,0.0,0.0,0.872439,0.851064,0.035967,0.540167,0.002422,0.591662,0.433333,0.0
1.0,0.0,0.0,0.0,0.0,0.0,0.0,0.000265,0.617021,0.13105,0.467718,0.003467,0.422915,0.414912,1.0
0.0,0.0,0.0,0.0,1.0,0.0,0.0,0.424893,0.276596,0.074817,0.315829,0.003467,0.422915,0.414912,1.0
0.0,1.0,0.0,0.0,0.0,0.0,0.0,0.44268,0.148936,0.043983,0.139393,0.002846,0.209736,0.765789,0.0
0.0,0.0,0.0,1.0,0.0,0.0,0.0,0.000708,0.680851,0.044134,0.465338,0.003467,0.422915,0.414912,0.0
0.0,1.0,0.0,0.0,0.0,0.0,0.0,0.009867,0.829787,0.041732,0.684766,0.003467,0.422915,0.414912,0.0
0.0,1.0,0.0,0.0,0.0,0.0,0.0,0.456528,1.0,0.036688,0.580482,0.002391,0.518902,0.650439,0.0
0.0,0.0,0.0,0.0,0.0,1.0,0.0,0.465643,0.340426,0.056263,0.571854,0.00387,0.518125,0.478509,1.0
0.0,0.0,0.0,0.0,0.0,1.0,0.0,0.889872,1.0,0.130659,0.615293,0.008781,0.510098,0.551754,1.0
0.0,0.0,0.0,0.0,0.0,0.0,1.0,0.884695,0.276596,0.029062,0.22047,0.000868,0.282755,0.67807,0.0
0.0,0.0,1.0,0.0,0.0,0.0,0.0,0.442414,0.0,0.075327,0.433056,0.005291,0.375712,0.500526,1.0
0.0,0.0,0.0,1.0,0.0,0.0,0.0,0.451086,0.085106,0.037859,0.406873,0.002486,0.452615,0.633333,0.0
0.0,1.0,0.0,0.0,0.0,0.0,0.0,0.876775,0.234043,0.030713,0.419518,0.001639,0.399793,0.665351,0.0
0.0,0.0,0.0,1.0,0.0,0.0,0.0,0.022256,0.574468,0.074937,0.487355,0.003467,0.422915,0.414912,1.0
0.0,0.0,0.0,0.0,0.0,1.0,0.0,0.004779,0.851064,0.089798,0.534067,0.003467,0.422915,0.414912,0.0
0.0,0.0,0.0,0.0,1.0,0.0,0.0,0.903057,0.319149,0.089138,0.563076,0.005941,0.586743,0.364035,1.0
0.0,0.0,1.0,0.0,0.0,0.0,0.0,0.000664,0.765957,0.125706,0.701726,0.003467,0.422915,0.414912,1.0
0.0,0.0,0.0,0.0,0.0,1.0,0.0,0.005088,0.06383,0.042422,0.39155,0.003467,0.422915,0.414912,0.0
0.0,0.0,0.0,0.0,0.0,1.0,0.0,0.438565,0.12766,0.048337,0.162749,0.003467,0.422915,0.414912,0.0
0.0,0.0,0.0,0.0,1.0,0.0,0.0,0.031547,0.170213,0.057314,0.152187,0.003467,0.422915,0.414912,0.0
0.0,1.0,0.0,0.0,0.0,0.0,0.0,0.013849,0.042553,0.06602,0.52886,0.003467,0.422915,0.414912,0.0
1.0,0.0,0.0,0.0,0.0,0.0,0.0,0.911508,0.489362,0.043143,0.361946,0.002738,0.274469,0.783772,1.0
0.0,0.0,0.0,0.0,0.0,1.0,0.0,0.876333,0.680851,0.037589,0.722999,0.002459,0.613413,0.588158,1.0
0.0,1.0,0.0,0.0,0.0,0.0,0.0,0.44268,0.361702,0.080521,0.557275,0.005486,0.559555,0.362281,1.0
0.0,0.0,0.0,0.0,0.0,0.0,1.0,0.902526,0.276596,0.031824,0.262868,0.002056,0.280166,0.673684,0.0
0.0,0.0,1.0,0.0,0.0,0.0,0.0,0.022831,0.744681,0.060796,0.458941,0.003467,0.422915,0.414912,0.0
0.0,0.0,0.0,0.0,1.0,0.0,0.0,0.437901,0.170213,0.042032,0.13493,0.003467,0.422915,0.414912,0.0
0.0,0.0,0.0,0.0,1.0,0.0,0.0,0.452369,0.553191,0.037589,0.556084,0.002605,0.602538,0.162281,0.0
0.0,0.0,0.0,0.0,1.0,0.0,0.0,0.889208,0.957447,0.027561,0.531389,0.001863,0.383739,0.560526,0.0
0.0,0.0,1.0,0.0,0.0,0.0,0.0,0.468873,0.446809,0.043473,0.511455,0.002925,0.205334,0.638158,1.0
0.0,0.0,0.0,0.0,0.0,0.0,1.0,0.9158,0.531915,0.053831,0.376971,0.003704,0.325738,0.357895,0.0
0.0,0.0,0.0,0.0,1.0,0.0,0.0,0.460024,0.595745,0.030353,0.46147,0.002056,0.52434,0.257018,0.0
0.0,0.0,0.0,1.0,0.0,0.0,0.0,0.473253,0.617021,0.028762,0.545373,0.002601,0.446919,0.333333,0.0
0.0,1.0,0.0,0.0,0.0,0.0,0.0,0.447591,0.723404,0.05278,0.74457,0.003695,0.64811,0.255702,1.0
0.0,0.0,0.0,0.0,0.0,0.0,1.0,0.889916,0.212766,0.040441,0.223892,0.002605,0.303211,0.741667,0.0
0.0,0.0,0.0,0.0,0.0,0.0,1.0,0.473696,0.808511,0.030833,0.401369,0.00194,0.30347,0.804825,0.0
0.0,0.0,0.0,0.0,1.0,0.0,0.0,0.452369,0.702128,0.038099,0.596251,0.002636,0.569912,0.263158,0.0
0.0,0.0,0.0,0.0,1.0,0.0,0.0,0.442503,0.170213,0.034556,0.142963,0.002275,0.226567,0.500526,0.0
0.0,0.0,0.0,0.0,1.0,0.0,0.0,0.907084,0.255319,0.067431,0.357929,0.004553,0.440186,0.477632,0.0
0.0,1.0,0.0,0.0,0.0,0.0,0.0,0.460511,0.468085,0.028882,0.517108,0.00194,0.560073,0.472807,1.0
0.0,0.0,0.0,0.0,0.0,0.0,1.0,0.005133,0.489362,0.075267,0.468462,0.003467,0.422915,0.414912,1.0
0.0,0.0,0.0,0.0,0.0,0.0,1.0,0.009778,0.06383,0.041642,0.276852,0.003467,0.422915,0.414912,0.0
0.0,0.0,0.0,1.0,0.0,0.0,0.0,0.889253,0.446809,0.028732,0.534365,0.001971,0.546349,0.441667,0.0
0.0,0.0,0.0,0.0,1.0,0.0,0.0,0.907703,0.12766,0.042963,0.203957,0.002848,0.311497,0.570175,0.0
1.0,0.0,0.0,0.0,0.0,0.0,0.0,0.031061,0.468085,0.074547,0.504017,0.003467,0.422915,0.414912,1.0
0.0,0.0,0.0,0.0,0.0,1.0,0.0,0.460378,0.553191,0.032515,0.4759,0.002268,0.493009,0.292544,0.0
0.0,0.0,0.0,0.0,0.0,1.0,0.0,0.022964,0.0,0.088958,0.391996,0.003467,0.422915,0.414912,1.0
1.0,0.0,0.0,0.0,0.0,0.0,0.0,0.429937,0.765957,0.074997,0.540613,0.003467,0.422915,0.414912,0.0
0.0,0.0,0.0,1.0,0.0,0.0,0.0,0.915667,0.765957,0.043113,0.430675,0.002908,0.518384,0.430263,0.0
0.0,0.0,0.0,0.0,0.0,1.0,0.0,0.027565,0.531915,0.074817,0.332937,0.003467,0.422915,0.414912,1.0
0.0,0.0,1.0,0.0,0.0,0.0,0.0,0.898677,0.531915,0.09205,0.579292,0.005802,0.580528,0.499561,1.0
0.0,0.0,0.0,0.0,1.0,0.0,0.0,0.000442,0.87234,0.076498,0.464743,0.003467,0.422915,0.414912,0.0
1.0,0.0,0.0,0.0,0.0,0.0,0.0,0.912438,0.404255,0.045845,0.365516,0.002933,0.267996,0.702632,1.0
0.0,0.0,0.0,1.0,0.0,0.0,0.0,0.880227,0.978723,0.042032,0.447932,0.002835,0.394355,0.37193,1.0
0.0,0.0,0.0,0.0,0.0,1.0,0.0,0.031592,0.787234,0.056833,0.283844,0.003467,0.422915,0.414912,0.0
0.0,0.0,1.0,0.0,0.0,0.0,0.0,0.021902,0.170213,0.064879,0.169295,0.003467,0.422915,0.414912,0.0
0.0,1.0,0.0,0.0,0.0,0.0,0.0,0.026459,0.574468,0.059986,0.478578,0.003467,0.422915,0.414912,0.0
0.0,0.0,1.0,0.0,0.0,0.0,0.0,0.893766,0.808511,0.081722,0.756323,0.005501,0.632574,0.438158,1.0
0.0,0.0,0.0,0.0,1.0,0.0,0.0,0.876598,0.425532,0.033175,0.569771,0.002162,0.56059,0.550439,1.0
0.0,0.0,1.0,0.0,0.0,0.0,0.0,0.000664,0.297872,0.044224,0.511455,0.003467,0.422915,0.414912,0.0
0.0,1.0,0.0,0.0,0.0,0.0,0.0,0.026459,0.531915,0.074817,0.488396,0.003467,0.422915,0.414912,1.0
0.0,1.0,0.0,0.0,0.0,0.0,0.0,0.46113,0.553191,0.031104,0.444808,0.002129,0.457794,0.339474,0.0
0.0,1.0,0.0,0.0,0.0,0.0,0.0,0.429362,0.659574,0.077519,0.54091,0.003467,0.422915,0.414912,1.0
0.0,0.0,1.0,0.0,0.0,0.0,0.0,0.452281,0.808511,0.03915,0.801547,0.002615,0.619368,0.618421,1.0
0.0,0.0,0.0,1.0,0.0,0.0,0.0,0.022256,0.234043,0.046445,0.172568,0.003467,0.422915,0.414912,0.0
0.0,0.0,0.0,0.0,1.0,0.0,0.0,0.005044,0.297872,0.047886,0.525141,0.003467,0.422915,0.414912,0.0
0.0,0.0,0.0,0.0,0.0,1.0,0.0,0.424627,0.404255,0.085235,0.352871,0.003467,0.422915,0.414912,1.0
0.0,1.0,0.0,0.0,0.0,0.0,0.0,0.889385,0.978723,0.033566,0.439155,0.002198,0.38581,0.671053,0.0
0.0,0.0,0.0,1.0,0.0,0.0,0.0,0.452015,0.468085,0.03975,0.655757,0.002717,0.610306,0.445175,0.0
0.0,0.0,1.0,0.0,0.0,0.0,0.0,0.451661,0.617021,0.038489,0.573044,0.00257,0.717504,0.344737,0.0
0.0,0.0,0.0,0.0,1.0,0.0,0.0,0.898146,0.829787,0.133932,0.785481,0.008477,0.66494,0.663158,1.0
0.0,0.0,0.0,1.0,0.0,0.0,0.0,0.424848,0.787234,0.058394,0.331895,0.003467,0.422915,0.414912,0.0
1.0,0.0,0.0,0.0,0.0,0.0,0.0,0.47343,0.851064,0.043143,0.355698,0.002023,0.305541,0.670614,1.0
0.0,0.0,0.0,0.0,1.0,0.0,0.0,0.893545,0.574468,0.070824,0.570812,0.004805,0.656137,0.357456,0.0
0.0,1.0,0.0,0.0,0.0,0.0,0.0,0.000619,0.765957,0.128438,0.684023,0.003467,0.422915,0.414912,1.0
0.0,0.0,1.0,0.0,0.0,0.0,0.0,0.871466,0.212766,0.040891,0.35183,0.001988,0.347488,0.860965,1.0
0.0,1.0,0.0,0.0,0.0,0.0,0.0,0.434096,0.531915,0.071965,0.563672,0.003467,0.422915,0.414912,1.0
0.0,0.0,1.0,0.0,0.0,0.0,0.0,0.456263,0.12766,0.031914,0.291431,0.001359,0.360694,0.67807,0.0
0.0,0.0,1.0,0.0,0.0,0.0,0.0,0.867307,0.404255,0.071785,0.571556,0.004794,0.591662,0.476316,1.0
0.0,0.0,1.0,0.0,0.0,0.0,0.0,0.017566,0.574468,0.068842,0.470544,0.003467,0.422915,0.414912,0.0
1.0,0.0,0.0,0.0,0.0,0.0,0.0,0.867086,0.191489,0.024168,0.066647,0.001618,0.051528,0.727632,0.0
1.0,0.0,0.0,0.0,0.0,0.0,0.0,0.460157,0.106383,0.022877,0.163344,0.001521,0.236147,0.625,0.0
0.0,0.0,1.0,0.0,0.0,0.0,0.0,0.447325,0.212766,0.016663,0.276406,0.000968,0.257121,0.765789,0.0
0.0,0.0,0.0,0.0,0.0,1.0,0.0,0.871908,0.0,0.043293,0.378756,0.002856,0.349301,0.746491,1.0
0.0,0.0,0.0,0.0,0.0,0.0,1.0,0.009159,0.510638,0.059175,0.472627,0.003467,0.422915,0.414912,0.0
0.0,0.0,1.0,0.0,0.0,0.0,0.0,0.023141,0.978723,0.089468,0.40598,0.003467,0.422915,0.414912,1.0
0.0,0.0,0.0,1.0,0.0,0.0,0.0,0.438476,0.361702,0.058725,0.487652,0.003467,0.422915,0.414912,0.0
0.0,0.0,1.0,0.0,0.0,0.0,0.0,0.469183,0.340426,0.088898,0.549836,0.005847,0.522786,0.510965,1.0
0.0,1.0,0.0,0.0,0.0,0.0,0.0,0.017521,0.829787,0.086976,0.658733,0.003467,0.422915,0.414912,1.0
0.0,0.0,1.0,0.0,0.0,0.0,0.0,0.429406,0.0,0.058034,0.368343,0.003467,0.422915,0.414912,0.0
0.0,0.0,0.0,0.0,0.0,0.0,1.0,0.425291,0.553191,0.075237,0.286819,0.003467,0.422915,0.414912,1.0
0.0,0.0,0.0,0.0,0.0,0.0,1.0,0.903146,0.234043,0.034286,0.144451,0.002237,0.181512,0.70614,0.0
0.0,0.0,0.0,0.0,0.0,1.0,0.0,0.876643,0.702128,0.031134,0.612615,0.002106,0.646815,0.353947,1.0
0.0,0.0,0.0,0.0,1.0,0.0,0.0,0.889518,0.851064,0.035337,0.627641,0.002457,0.578457,0.313596,0.0
0.0,0.0,1.0,0.0,0.0,0.0,0.0,0.911907,0.744681,0.044524,0.495537,0.002993,0.473848,0.461842,0.0
0.0,0.0,1.0,0.0,0.0,0.0,0.0,0.881421,0.489362,0.029422,0.504612,0.002071,0.584153,0.292544,0.0
0.0,0.0,0.0,0.0,0.0,0.0,1.0,0.000221,0.914894,0.047106,0.252455,0.003467,0.422915,0.414912,0.0
0.0,0.0,0.0,1.0,0.0,0.0,0.0,0.464625,0.87234,0.03963,0.416691,0.002767,0.425427,0.227193,0.0
1.0,0.0,0.0,0.0,0.0,0.0,0.0,0.885359,0.106383,0.024979,0.142666,0.001651,0.25246,0.631579,0.0
0.0,1.0,0.0,0.0,0.0,0.0,0.0,0.008938,0.93617,0.134682,0.599078,0.003467,0.422915,0.414912,1.0
1.0,0.0,0.0,0.0,0.0,0.0,0.0,0.894606,0.659574,0.085625,0.499851,0.004258,0.399793,0.863596,1.0
0.0,0.0,1.0,0.0,0.0,0.0,0.0,0.442414,0.468085,0.084844,0.517852,0.006286,0.496893,0.500526,1.0
0.0,0.0,0.0,1.0,0.0,0.0,0.0,0.44675,0.12766,0.025489,0.281018,0.001639,0.305282,0.759649,0.0
0.0,0.0,0.0,0.0,1.0,0.0,0.0,0.871554,0.787234,0.028161,0.589705,0.001803,0.482134,0.618421,0.0
0.0,0.0,0.0,0.0,0.0,1.0,0.0,0.429848,0.702128,0.10496,0.504463,0.003467,0.422915,0.414912,1.0
0.0,0.0,0.0,0.0,1.0,0.0,0.0,0.02261,0.829787,0.047076,0.414609,0.003467,0.422915,0.414912,0.0
0.0,0.0,0.0,0.0,1.0,0.0,0.0,0.908013,0.489362,0.044314,0.479322,0.003058,0.537804,0.250439,0.0
0.0,1.0,0.0,0.0,0.0,0.0,0.0,0.456528,0.361702,0.043683,0.660815,0.002877,0.670378,0.485526,1.0
0.0,0.0,0.0,1.0,0.0,0.0,0.0,0.465555,0.893617,0.028852,0.393187,0.001955,0.235629,0.671491,0.0
1.0,0.0,0.0,0.0,0.0,0.0,0.0,0.03137,0.659574,0.127477,0.621988,0.003467,0.422915,0.414912,1.0
0.0,0.0,0.0,0.0,0.0,1.0,0.0,0.433963,0.978723,0.045755,0.282208,0.003467,0.422915,0.414912,0.0
0.0,0.0,0.0,0.0,0.0,1.0,0.0,0.434273,0.489362,0.045334,0.371913,0.003467,0.422915,0.414912,0.0
0.0,1.0,0.0,0.0,0.0,0.0,0.0,0.451927,0.914894,0.040831,0.639244,0.002769,0.45391,0.620175,0.0
0.0,0.0,0.0,0.0,1.0,0.0,0.0,0.460953,0.468085,0.063288,0.558614,0.004333,0.468928,0.42807,0.0
0.0,1.0,0.0,0.0,0.0,0.0,0.0,0.893722,0.510638,0.063168,0.583011,0.004256,0.58985,0.421053,1.0
0.0,0.0,1.0,0.0,0.0,0.0,0.0,0.465201,0.191489,0.027441,0.164534,0.001876,0.209218,0.409211,0.0
0.0,1.0,0.0,0.0,0.0,0.0,0.0,0.469448,0.914894,0.028131,0.392145,0.00183,0.270844,0.685526,0.0
0.0,0.0,1.0,0.0,0.0,0.0,0.0,0.000354,0.489362,0.119731,0.503422,0.003467,0.422915,0.414912,0.0
0.0,1.0,0.0,0.0,0.0,0.0,0.0,0.005221,0.212766,0.075958,0.216156,0.003467,0.422915,0.414912,1.0
0.0,0.0,0.0,1.0,0.0,0.0,0.0,0.890093,0.510638,0.088117,0.70961,0.006165,0.727084,0.342544,0.0
0.0,0.0,0.0,0.0,0.0,1.0,0.0,0.907747,0.404255,0.148973,0.549688,0.00978,0.549456,0.528509,1.0
0.0,1.0,0.0,0.0,0.0,0.0,0.0,0.027388,0.361702,0.074757,0.563076,0.003467,0.422915,0.414912,1.0
0.0,0.0,0.0,0.0,0.0,0.0,1.0,0.02668,0.638298,0.048487,0.223445,0.003467,0.422915,0.414912,0.0
0.0,1.0,0.0,0.0,0.0,0.0,0.0,0.429362,0.404255,0.087396,0.562184,0.003467,0.422915,0.414912,1.0
0.0,0.0,0.0,0.0,0.0,0.0,1.0,0.911464,0.12766,0.030533,0.131211,0.001971,0.232004,0.732456,0.0
0.0,0.0,0.0,0.0,0.0,0.0,1.0,0.005133,0.893617,0.056323,0.456709,0.003467,0.422915,0.414912,0.0
0.0,1.0,0.0,0.0,0.0,0.0,0.0,0.880448,1.0,0.056263,0.439304,0.003712,0.398239,0.579386,1.0
1.0,0.0,0.0,0.0,0.0,0.0,0.0,0.03199,0.361702,0.063408,0.366855,0.003467,0.422915,0.414912,1.0
0.0,0.0,0.0,0.0,0.0,1.0,0.0,0.89881,0.531915,0.055752,0.50119,0.003635,0.581823,0.492982,0.0
0.0,0.0,0.0,1.0,0.0,0.0,0.0,0.425468,0.893617,0.09265,0.405237,0.003467,0.422915,0.414912,0.0
0.0,0.0,0.0,1.0,0.0,0.0,0.0,0.008716,0.702128,0.116729,0.585838,0.003467,0.422915,0.414912,1.0
0.0,0.0,0.0,0.0,0.0,0.0,1.0,0.46936,0.191489,0.028071,0.120649,0.001857,0.182289,0.614912,0.0
1.0,0.0,0.0,0.0,0.0,0.0,0.0,0.027034,0.361702,0.115918,0.528563,0.003467,0.422915,0.414912,1.0
0.0,0.0,0.0,1.0,0.0,0.0,0.0,0.01761,0.595745,0.066681,0.457602,0.003467,0.422915,0.414912,0.0
0.0,1.0,0.0,0.0,0.0,0.0,0.0,0.456528,0.0,0.033265,0.40717,0.002219,0.409373,0.483772,1.0
0.0,1.0,0.0,0.0,0.0,0.0,0.0,0.911243,0.957447,0.045485,0.483041,0.00291,0.240808,0.757018,1.0
0.0,0.0,0.0,1.0,0.0,0.0,0.0,0.469537,0.93617,0.03957,0.44332,0.002624,0.243397,0.714912,0.0
0.0,0.0,0.0,1.0,0.0,0.0,0.0,0.009646,0.12766,0.041371,0.279381,0.003467,0.422915,0.414912,0.0
0.0,0.0,0.0,0.0,0.0,0.0,1.0,0.876687,0.446809,0.036868,0.506843,0.002295,0.382185,0.730263,1.0
0.0,0.0,0.0,0.0,0.0,0.0,1.0,0.907172,0.659574,0.075057,0.336805,0.004836,0.324961,0.728947,0.0
1.0,0.0,0.0,0.0,0.0,0.0,0.0,0.013185,0.595745,0.041281,0.475454,0.003467,0.422915,0.414912,0.0
0.0,0.0,0.0,0.0,0.0,1.0,0.0,0.026326,0.489362,0.076318,0.340077,0.003467,0.422915,0.414912,1.0
0.0,1.0,0.0,0.0,0.0,0.0,0.0,0.455599,0.829787,0.055122,0.753942,0.003737,0.629726,0.50614,1.0
0.0,0.0,1.0,0.0,0.0,0.0,0.0,0.031459,0.425532,0.06611,0.503124,0.003467,0.422915,0.414912,0.0
0.0,0.0,1.0,0.0,0.0,0.0,0.0,4.4e-05,0.468085,0.042482,0.491818,0.003467,0.422915,0.414912,0.0
0.0,0.0,1.0,0.0,0.0,0.0,0.0,0.87651,0.340426,0.030984,0.579441,0.00198,0.552305,0.675877,1.0
0.0,0.0,1.0,0.0,0.0,0.0,0.0,0.461174,0.255319,0.029542,0.352276,0.001984,0.330658,0.490351,0.0
0.0,0.0,1.0,0.0,0.0,0.0,0.0,0.008982,0.914894,0.068542,0.56873,0.003467,0.422915,0.414912,0.0
0.0,0.0,1.0,0.0,0.0,0.0,0.0,0.424494,0.255319,0.055242,0.024695,0.003467,0.422915,0.414912,0.0
1.0,0.0,0.0,0.0,0.0,0.0,0.0,0.898898,0.170213,0.02624,0.119161,0.001724,0.259192,0.592982,0.0
0.0,0.0,0.0,0.0,0.0,0.0,1.0,0.000531,0.106383,0.044104,0.1385,0.003467,0.422915,0.414912,0.0
0.0,0.0,1.0,0.0,0.0,0.0,0.0,0.902659,0.957447,0.056173,0.493752,0.003473,0.442517,0.682018,0.0
0.0,0.0,0.0,1.0,0.0,0.0,0.0,0.451706,0.361702,0.033475,0.712437,0.00221,0.707923,0.481579,0.0
0.0,0.0,0.0,1.0,0.0,0.0,0.0,0.013628,0.680851,0.043503,0.475602,0.003467,0.422915,0.414912,0.0
0.0,0.0,0.0,0.0,1.0,0.0,0.0,0.031857,0.638298,0.056923,0.247248,0.003467,0.422915,0.414912,1.0
1.0,0.0,0.0,0.0,0.0,0.0,0.0,0.022742,0.382979,0.10475,0.487355,0.003467,0.422915,0.414912,1.0
1.0,0.0,0.0,0.0,0.0,0.0,0.0,0.429937,0.425532,0.106911,0.651145,0.003467,0.422915,0.414912,1.0
0.0,0.0,0.0,0.0,1.0,0.0,0.0,0.894164,0.680851,0.054011,0.570961,0.003668,0.621699,0.497368,0.0
0.0,0.0,0.0,0.0,0.0,1.0,0.0,0.027255,1.0,0.074817,0.25781,0.003467,0.422915,0.414912,0.0
0.0,1.0,0.0,0.0,0.0,0.0,0.0,0.877085,0.893617,0.033025,0.432609,0.002268,0.368721,0.311842,0.0
0.0,1.0,0.0,0.0,0.0,0.0,0.0,0.464537,0.12766,0.021376,0.076763,0.001433,0.231486,0.641667,0.0
0.0,0.0,1.0,0.0,0.0,0.0,0.0,0.87589,0.765957,0.033085,0.538828,0.0022,0.600207,0.550877,0.0
0.0,0.0,0.0,0.0,0.0,1.0,0.0,0.906818,0.893617,0.041011,0.389319,0.002757,0.33739,0.536842,0.0
0.0,0.0,0.0,0.0,1.0,0.0,0.0,0.004425,0.042553,0.045394,0.461321,0.003467,0.422915,0.414912,0.0
0.0,0.0,0.0,0.0,0.0,0.0,1.0,0.898544,0.319149,0.077669,0.40717,0.005079,0.348265,0.699123,1.0
0.0,0.0,0.0,0.0,1.0,0.0,0.0,0.8812,0.319149,0.029332,0.457453,0.001928,0.51709,0.550439,0.0
1.0,0.0,0.0,0.0,0.0,0.0,0.0,0.008893,0.510638,0.090579,0.613508,0.003467,0.422915,0.414912,1.0
0.0,0.0,0.0,0.0,0.0,1.0,0.0,0.009734,0.744681,0.085535,0.68194,0.003467,0.422915,0.414912,1.0
0.0,0.0,1.0,0.0,0.0,0.0,0.0,0.473829,0.106383,0.025339,0.159923,0.001705,0.267996,0.771053,0.0
0.0,0.0,1.0,0.0,0.0,0.0,0.0,0.030839,0.148936,0.074517,0.153972,0.003467,0.422915,0.414912,0.0
0.0,0.0,0.0,0.0,0.0,1.0,0.0,0.022344,0.851064,0.070824,0.324903,0.003467,0.422915,0.414912,1.0
0.0,0.0,0.0,0.0,0.0,0.0,1.0,0.907172,0.297872,0.038009,0.276703,0.002516,0.303988,0.712281,0.0
0.0,0.0,0.0,0.0,0.0,1.0,0.0,0.456705,0.106383,0.030833,0.335019,0.002061,0.380114,0.695175,0.0
1.0,0.0,0.0,0.0,0.0,0.0,0.0,0.013495,0.978723,0.088267,0.526034,0.003467,0.422915,0.414912,1.0
0.0,0.0,0.0,0.0,0.0,0.0,1.0,0.438299,0.617021,0.053471,0.270753,0.003467,0.422915,0.414912,0.0
0.0,0.0,0.0,0.0,0.0,1.0,0.0,0.902792,0.06383,0.058815,0.360756,0.003862,0.464008,0.617544,0.0
0.0,0.0,0.0,0.0,1.0,0.0,0.0,0.02261,0.702128,0.057043,0.457453,0.003467,0.422915,0.414912,0.0
0.0,0.0,1.0,0.0,0.0,0.0,0.0,0.898677,0.808511,0.09166,0.718536,0.006036,0.636717,0.415351,1.0
0.0,0.0,1.0,0.0,0.0,0.0,0.0,0.890049,0.638298,0.125165,0.726272,0.008783,0.747799,0.317982,1.0
0.0,1.0,0.0,0.0,0.0,0.0,0.0,0.42507,0.021277,0.075868,0.28429,0.003467,0.422915,0.414912,1.0
1.0,0.0,0.0,0.0,0.0,0.0,0.0,0.031061,0.893617,0.084664,0.386195,0.003467,0.422915,0.414912,1.0
0.0,0.0,0.0,0.0,1.0,0.0,0.0,0.893677,0.042553,0.041672,0.414311,0.002665,0.422579,0.677193,1.0
0.0,0.0,0.0,0.0,0.0,1.0,0.0,0.000177,0.468085,0.072145,0.382624,0.003467,0.422915,0.414912,0.0
0.0,0.0,0.0,0.0,1.0,0.0,0.0,0.872174,0.276596,0.028822,0.433204,0.001907,0.562921,0.641228,1.0
0.0,0.0,0.0,1.0,0.0,0.0,0.0,0.018539,0.659574,0.088807,0.465486,0.003467,0.422915,0.414912,1.0
0.0,1.0,0.0,0.0,0.0,0.0,0.0,0.438697,0.978723,0.050588,0.448378,0.003467,0.422915,0.414912,0.0
0.0,1.0,0.0,0.0,0.0,0.0,0.0,0.429362,0.93617,0.070043,0.446891,0.003467,0.422915,0.414912,0.0
0.0,0.0,0.0,1.0,0.0,0.0,0.0,0.907659,0.87234,0.042512,0.442428,0.002889,0.537286,0.413596,0.0
0.0,0.0,0.0,0.0,0.0,1.0,0.0,0.447148,0.914894,0.042032,0.501636,0.002869,0.430606,0.567544,0.0
0.0,0.0,1.0,0.0,0.0,0.0,0.0,0.906995,0.234043,0.042602,0.195478,0.002854,0.216209,0.540789,0.0
0.0,0.0,1.0,0.0,0.0,0.0,0.0,0.429715,0.595745,0.085775,0.624219,0.003467,0.422915,0.414912,1.0
0.0,0.0,1.0,0.0,0.0,0.0,0.0,0.008672,0.212766,0.042272,0.254686,0.003467,0.422915,0.414912,0.0
0.0,0.0,0.0,0.0,0.0,1.0,0.0,0.465643,0.723404,0.060256,0.512496,0.004152,0.462973,0.364474,1.0
0.0,0.0,0.0,0.0,0.0,1.0,0.0,0.030972,0.765957,0.059625,0.315382,0.003467,0.422915,0.414912,0.0
0.0,0.0,0.0,1.0,0.0,0.0,0.0,0.907349,0.212766,0.045214,0.18551,0.002968,0.280943,0.651754,0.0
0.0,0.0,1.0,0.0,0.0,0.0,0.0,0.907924,0.361702,0.089138,0.554299,0.006076,0.656137,0.304386,1.0
0.0,0.0,1.0,0.0,0.0,0.0,0.0,0.474448,0.765957,0.036027,0.359268,0.00248,0.239254,0.314035,0.0
1.0,0.0,0.0,0.0,0.0,0.0,0.0,0.018716,0.340426,0.046445,0.45299,0.003467,0.422915,0.414912,0.0
0.0,0.0,0.0,0.0,1.0,0.0,0.0,0.429804,0.765957,0.059475,0.46028,0.003467,0.422915,0.414912,0.0
0.0,0.0,0.0,0.0,1.0,0.0,0.0,0.867263,0.914894,0.031134,0.383666,0.00085,0.230709,0.705263,0.0
1.0,0.0,0.0,0.0,0.0,0.0,0.0,0.017477,0.255319,0.073736,0.353615,0.003467,0.422915,0.414912,0.0
0.0,0.0,0.0,0.0,1.0,0.0,0.0,0.460024,0.148936,0.030533,0.210205,0.002067,0.228638,0.578509,0.0
0.0,0.0,0.0,1.0,0.0,0.0,0.0,0.008716,0.617021,0.075417,0.502975,0.003467,0.422915,0.414912,0.0
0.0,0.0,0.0,0.0,0.0,1.0,0.0,0.031282,0.085106,0.051909,0.135079,0.003467,0.422915,0.414912,0.0
1.0,0.0,0.0,0.0,0.0,0.0,0.0,0.898898,0.446809,0.0532,0.442874,0.003288,0.316934,0.739912,0.0
0.0,0.0,0.0,1.0,0.0,0.0,0.0,0.001018,0.425532,0.044134,0.578251,0.003467,0.422915,0.414912,0.0
1.0,0.0,0.0,0.0,0.0,0.0,0.0,0.451883,0.978723,0.06524,0.50119,0.004371,0.397721,0.575439,1.0
0.0,0.0,0.0,0.0,1.0,0.0,0.0,0.425822,0.06383,0.055242,0.187147,0.003467,0.422915,0.414912,0.0
0.0,0.0,1.0,0.0,0.0,0.0,0.0,0.473829,0.93617,0.032755,0.451205,0.001543,0.290264,0.779825,1.0
0.0,0.0,0.0,0.0,0.0,1.0,0.0,0.867307,0.085106,0.024739,0.146385,0.001539,0.235888,0.749123,0.0
0.0,0.0,0.0,1.0,0.0,0.0,0.0,0.876244,0.723404,0.033836,0.550878,0.002248,0.778871,0.42193,1.0
1.0,0.0,0.0,0.0,0.0,0.0,0.0,0.867086,0.085106,0.024889,0.074531,0.00168,0.148369,0.635526,0.0
0.0,0.0,0.0,0.0,0.0,0.0,1.0,0.880359,0.489362,0.051069,0.418477,0.003442,0.33014,0.394298,1.0
0.0,0.0,1.0,0.0,0.0,0.0,0.0,0.87651,0.106383,0.024048,0.158137,0.000829,0.277835,0.752632,0.0
0.0,0.0,1.0,0.0,0.0,0.0,0.0,0.468873,0.744681,0.028011,0.439155,0.00184,0.185137,0.764035,0.0
1.0,0.0,0.0,0.0,0.0,0.0,0.0,0.018716,0.446809,0.054281,0.520678,0.003467,0.422915,0.414912,1.0
0.0,0.0,0.0,0.0,0.0,0.0,1.0,0.017433,0.787234,0.119731,0.560845,0.003467,0.422915,0.414912,1.0
1.0,0.0,0.0,0.0,0.0,0.0,0.0,0.425025,0.0,0.056923,0.215858,0.003467,0.422915,0.414912,0.0
1.0,0.0,0.0,0.0,0.0,0.0,0.0,0.473563,0.170213,0.020566,0.061143,0.001377,0.104091,0.700877,0.0
0.0,0.0,0.0,0.0,0.0,1.0,0.0,0.907438,0.191489,0.042662,0.167658,0.00286,0.235629,0.554825,0.0
0.0,0.0,0.0,0.0,0.0,1.0,0.0,0.433653,0.319149,0.068092,0.372359,0.003467,0.422915,0.414912,1.0
0.0,0.0,0.0,0.0,1.0,0.0,0.0,0.425512,0.702128,0.060376,0.456263,0.003467,0.422915,0.414912,0.0
0.0,0.0,0.0,1.0,0.0,0.0,0.0,0.867218,0.893617,0.028251,0.341267,0.001894,0.225013,0.657895,0.0
0.0,0.0,0.0,0.0,0.0,1.0,0.0,0.894208,0.446809,0.07887,0.720768,0.005341,0.76696,0.411404,1.0
0.0,0.0,0.0,1.0,0.0,0.0,0.0,0.469537,0.06383,0.028131,0.23133,0.001872,0.327809,0.582456,0.0
0.0,0.0,0.0,0.0,0.0,0.0,1.0,0.867351,0.468085,0.032965,0.395418,0.002177,0.360953,0.794737,0.0
0.0,0.0,0.0,0.0,0.0,1.0,0.0,0.881244,0.87234,0.02684,0.405237,0.001789,0.432418,0.560088,0.0
0.0,0.0,0.0,0.0,0.0,0.0,1.0,0.44321,0.276596,0.040801,0.238173,0.002655,0.212584,0.72807,0.0
0.0,0.0,1.0,0.0,0.0,0.0,0.0,0.460555,0.680851,0.02615,0.472627,0.001745,0.504661,0.512719,0.0
1.0,0.0,0.0,0.0,0.0,0.0,0.0,0.433742,0.425532,0.07866,0.536596,0.003467,0.422915,0.414912,1.0
0.0,0.0,0.0,0.0,1.0,0.0,0.0,0.474227,0.93617,0.027171,0.261232,0.001597,0.090368,0.892544,1.0
0.0,1.0,0.0,0.0,0.0,0.0,0.0,0.009247,0.893617,0.103759,0.708866,0.003467,0.422915,0.414912,1.0
1.0,0.0,0.0,0.0,0.0,0.0,0.0,0.014114,0.319149,0.106311,0.579738,0.003467,0.422915,0.414912,1.0
0.0,0.0,0.0,0.0,1.0,0.0,0.0,0.004734,0.106383,0.075207,0.320738,0.003467,0.422915,0.414912,0.0
0.0,0.0,0.0,1.0,0.0,0.0,0.0,0.013937,0.957447,0.088177,0.591639,0.003467,0.422915,0.414912,0.0
0.0,0.0,0.0,0.0,0.0,1.0,0.0,0.898102,0.851064,0.036898,0.538679,0.00254,0.538322,0.390789,0.0
0.0,0.0,0.0,1.0,0.0,0.0,0.0,0.885182,0.382979,0.029302,0.55906,0.002015,0.567064,0.292105,0.0
0.0,1.0,0.0,0.0,0.0,0.0,0.0,0.885403,0.085106,0.029903,0.198899,0.001381,0.310979,0.65614,0.0
0.0,0.0,0.0,0.0,1.0,0.0,0.0,0.014291,1.0,0.074907,0.568283,0.003467,0.422915,0.414912,1.0
0.0,0.0,0.0,1.0,0.0,0.0,0.0,0.456307,0.106383,0.032485,0.345433,0.001822,0.393837,0.65614,0.0
1.0,0.0,0.0,0.0,0.0,0.0,0.0,0.425025,0.340426,0.095473,0.455519,0.003467,0.422915,0.414912,1.0
0.0,0.0,1.0,0.0,0.0,0.0,0.0,0.022521,0.87234,0.054732,0.406129,0.003467,0.422915,0.414912,0.0
0.0,0.0,0.0,1.0,0.0,0.0,0.0,0.000708,0.170213,0.044043,0.175989,0.003467,0.422915,0.414912,0.0
0.0,0.0,0.0,1.0,0.0,0.0,0.0,0.023185,0.617021,0.075177,0.437965,0.003467,0.422915,0.414912,1.0
0.0,1.0,0.0,0.0,0.0,0.0,0.0,0.456528,0.957447,0.034496,0.599226,0.002252,0.452097,0.707895,0.0
0.0,0.0,1.0,0.0,0.0,0.0,0.0,0.867793,0.574468,0.035157,0.695775,0.002262,0.592957,0.583333,1.0
1.0,0.0,0.0,0.0,0.0,0.0,0.0,0.968895,0.765957,0.648613,0.645046,0.04301,0.512429,0.674561,1.0
0.0,0.0,0.0,1.0,0.0,0.0,0.0,0.443078,0.234043,0.040711,0.261827,0.002663,0.249871,0.713158,0.0
0.0,0.0,0.0,0.0,0.0,0.0,1.0,0.438609,0.553191,0.050198,0.296787,0.003467,0.422915,0.414912,0.0
1.0,0.0,0.0,0.0,0.0,0.0,0.0,0.911818,0.340426,0.044434,0.346474,0.002856,0.233817,0.780702,1.0
0.0,0.0,1.0,0.0,0.0,0.0,0.0,0.447635,0.93617,0.042032,0.614549,0.00273,0.457535,0.640789,0.0
0.0,0.0,0.0,0.0,0.0,0.0,1.0,0.022698,0.276596,0.06563,0.104284,0.003467,0.422915,0.414912,0.0
0.0,0.0,0.0,1.0,0.0,0.0,0.0,0.021946,0.638298,0.057794,0.440048,0.003467,0.422915,0.414912,1.0
0.0,0.0,0.0,0.0,0.0,1.0,0.0,0.894828,0.702128,0.068542,0.641773,0.004678,0.622993,0.427193,0.0
1.0,0.0,0.0,0.0,0.0,0.0,0.0,0.447237,0.978723,0.038579,0.489735,0.002397,0.407561,0.720614,0.0
0.0,0.0,0.0,0.0,0.0,1.0,0.0,0.447458,0.382979,0.068182,0.722255,0.004857,0.700932,0.232018,1.0
0.0,0.0,0.0,0.0,0.0,1.0,0.0,0.871599,0.0,0.027711,0.382773,0.001674,0.366908,0.821053,0.0
0.0,0.0,0.0,0.0,0.0,1.0,0.0,0.022034,0.06383,0.045455,0.29039,0.003467,0.422915,0.414912,0.0
0.0,0.0,0.0,0.0,0.0,0.0,1.0,0.995443,0.06383,0.033926,0.414162,0.002177,0.408597,0.791228,0.0
0.0,1.0,0.0,0.0,0.0,0.0,0.0,0.907261,0.553191,0.164075,0.47947,0.010692,0.633351,0.511404,1.0
0.0,1.0,0.0,0.0,0.0,0.0,0.0,0.912172,0.744681,0.059145,0.483338,0.003999,0.466857,0.378509,0.0
0.0,0.0,0.0,0.0,0.0,0.0,1.0,0.013141,0.021277,0.041582,0.327879,0.003467,0.422915,0.414912,0.0
1.0,0.0,0.0,0.0,0.0,0.0,0.0,0.911818,0.489362,0.044974,0.357185,0.002914,0.283014,0.74386,1.0
0.0,0.0,0.0,0.0,0.0,1.0,0.0,0.031592,0.893617,0.07944,0.295299,0.003467,0.422915,0.414912,1.0
0.0,0.0,1.0,0.0,0.0,0.0,0.0,4.4e-05,0.021277,0.056443,0.41089,0.003467,0.422915,0.414912,1.0
0.0,0.0,1.0,0.0,0.0,0.0,0.0,0.026813,0.361702,0.09247,0.539869,0.003467,0.422915,0.414912,1.0
0.0,0.0,0.0,1.0,0.0,0.0,0.0,0.42914,0.297872,0.059265,0.458494,0.003467,0.422915,0.414912,0.0
0.0,0.0,1.0,0.0,0.0,0.0,0.0,0.885138,0.93617,0.031284,0.489438,0.002117,0.408597,0.516228,0.0
0.0,0.0,0.0,1.0,0.0,0.0,0.0,0.009646,0.148936,0.041281,0.237578,0.003467,0.422915,0.414912,0.0
1.0,0.0,0.0,0.0,0.0,0.0,0.0,0.424716,0.06383,0.055242,0.100268,0.003467,0.422915,0.414912,0.0
0.0,0.0,0.0,0.0,0.0,1.0,0.0,0.008805,0.574468,0.041582,0.380244,0.003467,0.422915,0.414912,0.0
0.0,0.0,0.0,0.0,0.0,1.0,0.0,0.902792,0.297872,0.034646,0.461321,0.002329,0.502071,0.466228,0.0
0.0,0.0,0.0,0.0,0.0,1.0,0.0,0.442547,0.553191,0.0656,0.517852,0.004572,0.55334,0.500526,0.0
0.0,0.0,0.0,0.0,0.0,1.0,0.0,0.908057,0.340426,0.070674,0.559357,0.004759,0.559037,0.461404,1.0
0.0,0.0,0.0,0.0,0.0,1.0,0.0,0.473961,0.191489,0.027591,0.221958,0.001832,0.232781,0.752632,0.0
0.0,0.0,0.0,0.0,0.0,0.0,1.0,0.017743,0.531915,0.046385,0.285927,0.003467,0.422915,0.414912,0.0
0.0,0.0,0.0,0.0,0.0,0.0,1.0,0.424671,0.042553,0.055242,0.112764,0.003467,0.422915,0.414912,0.0
0.0,0.0,0.0,0.0,0.0,1.0,0.0,0.031592,0.957447,0.056833,0.284439,0.003467,0.422915,0.414912,0.0
1.0,0.0,0.0,0.0,0.0,0.0,0.0,0.451883,0.06383,0.040981,0.342904,0.002798,0.410409,0.489035,0.0
0.0,0.0,0.0,1.0,0.0,0.0,0.0,0.018229,0.340426,0.046866,0.461172,0.003467,0.422915,0.414912,0.0
0.0,0.0,1.0,0.0,0.0,0.0,0.0,0.867307,0.808511,0.063618,0.581672,0.004306,0.580787,0.437719,0.0
1.0,0.0,0.0,0.0,0.0,0.0,0.0,0.442326,0.680851,0.051219,0.290985,0.003024,0.232781,0.500526,0.0
0.0,1.0,0.0,0.0,0.0,0.0,0.0,0.889385,1.0,0.029152,0.429188,0.001822,0.387105,0.67807,0.0
0.0,0.0,1.0,0.0,0.0,0.0,0.0,0.439051,0.425532,0.054612,0.51324,0.003467,0.422915,0.414912,0.0
0.0,0.0,0.0,0.0,0.0,0.0,1.0,0.912084,0.893617,0.043353,0.324011,0.002892,0.297255,0.59693,0.0
1.0,0.0,0.0,0.0,0.0,0.0,0.0,0.030751,0.255319,0.098475,0.378161,0.003467,0.422915,0.414912,1.0
0.0,0.0,1.0,0.0,0.0,0.0,0.0,0.43414,0.914894,0.056533,0.436924,0.003467,0.422915,0.414912,0.0
0.0,0.0,1.0,0.0,0.0,0.0,0.0,0.880492,0.723404,0.058154,0.578697,0.004105,0.578716,0.199561,1.0
0.0,0.0,1.0,0.0,0.0,0.0,0.0,0.000664,0.531915,0.124835,0.507736,0.003467,0.422915,0.414912,1.0
0.0,0.0,0.0,1.0,0.0,0.0,0.0,0.880536,0.085106,0.035097,0.250223,0.002279,0.314604,0.598684,0.0
0.0,1.0,0.0,0.0,0.0,0.0,0.0,0.875846,0.234043,0.049177,0.367599,0.002474,0.384516,0.717544,1.0
0.0,0.0,0.0,1.0,0.0,0.0,0.0,0.45998,0.744681,0.046655,0.562333,0.003243,0.528483,0.172368,1.0
0.0,0.0,0.0,0.0,0.0,0.0,1.0,0.469979,0.659574,0.031104,0.441684,0.002113,0.287934,0.522368,0.0
1.0,0.0,0.0,0.0,0.0,0.0,0.0,0.460776,0.723404,0.030653,0.410443,0.002102,0.181512,0.448246,0.0
0.0,0.0,0.0,1.0,0.0,0.0,0.0,0.456617,0.744681,0.035397,0.658733,0.002426,0.65303,0.401754,0.0
1.0,0.0,0.0,0.0,0.0,0.0,0.0,0.004867,0.829787,0.089798,0.662005,0.003467,0.422915,0.414912,1.0
0.0,1.0,0.0,0.0,0.0,0.0,0.0,0.447591,0.085106,0.02609,0.2651,0.001697,0.347229,0.688158,0.0
0.0,1.0,0.0,0.0,0.0,0.0,0.0,0.004602,0.574468,0.121202,0.571407,0.003467,0.422915,0.414912,1.0
0.0,0.0,0.0,1.0,0.0,0.0,0.0,0.013008,0.617021,0.041281,0.493306,0.003467,0.422915,0.414912,0.0
0.0,1.0,0.0,0.0,0.0,0.0,0.0,0.880757,0.06383,0.025339,0.140137,0.001327,0.276541,0.831579,0.0
0.0,1.0,0.0,0.0,0.0,0.0,0.0,0.433476,0.106383,0.043053,0.153377,0.003467,0.422915,0.414912,0.0
0.0,1.0,0.0,0.0,0.0,0.0,0.0,0.031105,0.617021,0.102258,0.517852,0.003467,0.422915,0.414912,1.0
0.0,0.0,0.0,0.0,0.0,1.0,0.0,0.889562,0.425532,0.028942,0.593425,0.00204,0.613154,0.260526,0.0
1.0,0.0,0.0,0.0,0.0,0.0,0.0,0.907526,0.553191,0.05275,0.395418,0.003373,0.252201,0.799123,1.0
0.0,1.0,0.0,0.0,0.0,0.0,0.0,0.000929,0.085106,0.081122,0.325945,0.003467,0.422915,0.414912,0.0
0.0,0.0,0.0,0.0,0.0,1.0,0.0,0.889872,0.765957,0.098685,0.819548,0.006705,0.765924,0.303509,0.0
0.0,0.0,0.0,1.0,0.0,0.0,0.0,0.01761,0.744681,0.074216,0.563672,0.003467,0.422915,0.414912,1.0
0.0,0.0,0.0,1.0,0.0,0.0,0.0,0.469537,0.723404,0.045004,0.480512,0.003008,0.417141,0.491228,1.0
0.0,0.0,0.0,1.0,0.0,0.0,0.0,0.438476,0.87234,0.057974,0.432461,0.003467,0.422915,0.414912,0.0
0.0,1.0,0.0,0.0,0.0,0.0,0.0,0.42507,0.574468,0.069893,0.488099,0.003467,0.422915,0.414912,1.0
0.0,0.0,0.0,1.0,0.0,0.0,0.0,0.013628,0.957447,0.042602,0.490033,0.003467,0.422915,0.414912,0.0
0.0,0.0,0.0,0.0,1.0,0.0,0.0,0.460643,0.617021,0.036027,0.47709,0.002435,0.486794,0.460088,0.0
0.0,0.0,0.0,0.0,1.0,0.0,0.0,0.460334,0.170213,0.027741,0.200089,0.001888,0.249871,0.571491,0.0
1.0,0.0,0.0,0.0,0.0,0.0,0.0,0.447547,0.553191,0.043113,0.403898,0.001138,0.284827,0.421491,1.0
0.0,1.0,0.0,0.0,0.0,0.0,0.0,0.009247,0.382979,0.179236,0.766141,0.003467,0.422915,0.414912,1.0
0.0,0.0,0.0,0.0,0.0,0.0,1.0,0.009778,0.085106,0.041041,0.225379,0.003467,0.422915,0.414912,0.0
0.0,0.0,0.0,0.0,1.0,0.0,0.0,0.880271,0.021277,0.041852,0.401666,0.002748,0.320818,0.505263,1.0
0.0,0.0,0.0,0.0,1.0,0.0,0.0,0.433919,0.106383,0.044404,0.139393,0.003467,0.422915,0.414912,0.0
0.0,0.0,0.0,0.0,0.0,0.0,1.0,0.461042,0.553191,0.029032,0.330705,0.00198,0.234335,0.502193,0.0
0.0,0.0,0.0,0.0,0.0,0.0,1.0,0.018672,0.914894,0.046746,0.283547,0.003467,0.422915,0.414912,0.0
0.0,0.0,0.0,0.0,0.0,0.0,1.0,0.911464,0.382979,0.082533,0.459536,0.004165,0.425945,0.72193,1.0
0.0,0.0,0.0,0.0,0.0,1.0,0.0,0.000796,0.319149,0.122703,0.366706,0.003467,0.422915,0.414912,1.0
1.0,0.0,0.0,0.0,0.0,0.0,0.0,0.013185,0.340426,0.041582,0.550283,0.003467,0.422915,0.414912,1.0
0.0,0.0,0.0,0.0,1.0,0.0,0.0,0.433919,0.808511,0.047136,0.420857,0.003467,0.422915,0.414912,0.0
1.0,0.0,0.0,0.0,0.0,0.0,0.0,0.47436,0.468085,0.027171,0.273728,0.001807,0.16261,0.839474,1.0
0.0,1.0,0.0,0.0,0.0,0.0,0.0,0.469448,1.0,0.033806,0.396311,0.002248,0.343086,0.610088,0.0
0.0,0.0,0.0,1.0,0.0,0.0,0.0,0.005309,0.191489,0.056113,0.213181,0.003467,0.422915,0.414912,0.0
0.0,0.0,1.0,0.0,0.0,0.0,0.0,0.911907,0.87234,0.03912,0.380839,0.002615,0.425945,0.429386,0.0
0.0,0.0,0.0,0.0,0.0,0.0,1.0,0.465378,0.659574,0.029182,0.342904,0.001953,0.313827,0.653947,0.0
1.0,0.0,0.0,0.0,0.0,0.0,0.0,0.9035,0.361702,0.057914,0.329961,0.003658,0.153288,0.897368,1.0
0.0,0.0,0.0,0.0,1.0,0.0,0.0,0.465599,0.361702,0.055422,0.549093,0.003843,0.481875,0.370175,1.0
0.0,0.0,1.0,0.0,0.0,0.0,0.0,0.867793,0.93617,0.028191,0.454478,0.001014,0.323666,0.705263,0.0
0.0,0.0,0.0,0.0,0.0,1.0,0.0,0.004469,0.0,0.077249,0.512199,0.003467,0.422915,0.414912,1.0
1.0,0.0,0.0,0.0,0.0,0.0,0.0,0.867086,0.361702,0.028762,0.296935,0.001932,0.113672,0.750877,0.0
1.0,0.0,0.0,0.0,0.0,0.0,0.0,0.469094,0.361702,0.029182,0.341565,0.001905,0.175298,0.737281,0.0
0.0,0.0,0.0,0.0,0.0,1.0,0.0,0.890182,0.957447,0.042092,0.665873,0.002177,0.486018,0.603947,1.0
0.0,0.0,0.0,0.0,0.0,1.0,0.0,0.005398,0.574468,0.063378,0.407617,0.003467,0.422915,0.414912,0.0
0.0,0.0,0.0,1.0,0.0,0.0,0.0,0.443387,0.978723,0.044224,0.493901,0.002975,0.462973,0.557895,0.0
0.0,0.0,0.0,0.0,0.0,0.0,1.0,0.005133,0.638298,0.071815,0.337995,0.003467,0.422915,0.414912,1.0
0.0,0.0,0.0,0.0,1.0,0.0,0.0,0.898146,0.276596,0.085505,0.536894,0.005582,0.556706,0.566667,1.0
0.0,1.0,0.0,0.0,0.0,0.0,0.0,0.42507,0.170213,0.058394,0.138649,0.003467,0.422915,0.414912,0.0
0.0,0.0,0.0,0.0,0.0,0.0,1.0,0.461042,0.297872,0.028221,0.272835,0.001909,0.171414,0.546053,0.0
0.0,0.0,0.0,0.0,1.0,0.0,0.0,0.899075,0.617021,0.076678,0.51562,0.005004,0.569135,0.575,1.0
0.0,1.0,0.0,0.0,0.0,0.0,0.0,0.469448,0.170213,0.02693,0.1446,0.001801,0.189798,0.576316,0.0
1.0,0.0,0.0,0.0,0.0,0.0,0.0,0.469404,0.723404,0.034136,0.322374,0.002266,0.289228,0.607895,1.0
0.0,0.0,0.0,1.0,0.0,0.0,0.0,0.009026,0.106383,0.07869,0.354508,0.003467,0.422915,0.414912,0.0
0.0,0.0,0.0,0.0,1.0,0.0,0.0,0.433609,0.12766,0.043053,0.130021,0.003467,0.422915,0.414912,0.0
0.0,1.0,0.0,0.0,0.0,0.0,0.0,0.872351,0.510638,0.027711,0.564118,0.001762,0.552305,0.816667,0.0
1.0,0.0,0.0,0.0,0.0,0.0,0.0,0.451883,0.319149,0.033626,0.369979,0.001689,0.149922,0.853509,0.0
0.0,1.0,0.0,0.0,0.0,0.0,0.0,0.027078,0.914894,0.074817,0.38917,0.003467,0.422915,0.414912,0.0
0.0,0.0,0.0,0.0,0.0,1.0,0.0,0.447458,0.042553,0.051309,0.519935,0.003469,0.525893,0.433772,0.0
0.0,0.0,0.0,0.0,0.0,1.0,0.0,0.464714,0.553191,0.033205,0.457602,0.002304,0.491973,0.295614,0.0
0.0,0.0,0.0,0.0,1.0,0.0,0.0,0.460953,0.531915,0.044674,0.524695,0.003083,0.441222,0.389474,0.0
0.0,0.0,0.0,0.0,0.0,0.0,1.0,0.46874,0.106383,0.02684,0.123921,0.001853,0.216209,0.59693,0.0
0.0,0.0,0.0,0.0,0.0,1.0,0.0,0.008805,0.744681,0.041912,0.609789,0.003467,0.422915,0.414912,0.0
0.0,0.0,0.0,0.0,1.0,0.0,0.0,0.872174,0.404255,0.031494,0.559357,0.002061,0.608493,0.622807,1.0
0.0,1.0,0.0,0.0,0.0,0.0,0.0,0.911862,0.021277,0.043053,0.219131,0.00284,0.295443,0.605702,1.0
0.0,0.0,0.0,0.0,1.0,0.0,0.0,0.885226,0.957447,0.028942,0.492859,0.001967,0.358881,0.475,0.0
0.0,0.0,0.0,1.0,0.0,0.0,0.0,0.89381,0.680851,0.035037,0.539125,0.002403,0.607198,0.330702,0.0
0.0,0.0,1.0,0.0,0.0,0.0,0.0,0.88943,0.085106,0.027381,0.287414,0.00178,0.396168,0.603509,0.0
0.0,0.0,0.0,0.0,1.0,0.0,0.0,0.885226,0.808511,0.03912,0.584945,0.00269,0.54376,0.317105,0.0
0.0,0.0,0.0,0.0,1.0,0.0,0.0,0.018274,0.021277,0.046866,0.385451,0.003467,0.422915,0.414912,1.0
0.0,0.0,0.0,0.0,1.0,0.0,0.0,0.898766,0.787234,0.089378,0.720619,0.00585,0.668566,0.575,1.0
0.0,0.0,0.0,1.0,0.0,0.0,0.0,0.451706,0.659574,0.033626,0.551324,0.002235,0.661833,0.450877,0.0
0.0,1.0,0.0,0.0,0.0,0.0,0.0,0.469758,0.574468,0.066651,0.608301,0.004564,0.591921,0.29693,1.0
0.0,1.0,0.0,0.0,0.0,0.0,0.0,0.468829,0.042553,0.038189,0.179857,0.002549,0.282755,0.317544,1.0
0.0,0.0,0.0,1.0,0.0,0.0,0.0,0.982169,0.978723,0.082773,0.562184,0.005573,0.470741,0.587281,0.0
0.0,0.0,0.0,0.0,0.0,0.0,1.0,0.004513,0.12766,0.058514,0.145641,0.003467,0.422915,0.414912,0.0
0.0,1.0,0.0,0.0,0.0,0.0,0.0,0.438078,0.085106,0.068032,0.267331,0.003467,0.422915,0.414912,0.0
0.0,1.0,0.0,0.0,0.0,0.0,0.0,0.871422,0.744681,0.027381,0.636566,0.001789,0.595287,0.669737,0.0
0.0,0.0,0.0,0.0,0.0,0.0,1.0,0.008849,0.87234,0.041882,0.545373,0.003467,0.422915,0.414912,0.0
0.0,0.0,0.0,0.0,1.0,0.0,0.0,0.443122,0.234043,0.041792,0.250074,0.002721,0.238995,0.715789,0.0
1.0,0.0,0.0,0.0,0.0,0.0,0.0,0.018716,1.0,0.061337,0.454032,0.003467,0.422915,0.414912,1.0
0.0,0.0,0.0,0.0,0.0,1.0,0.0,0.424937,0.87234,0.066801,0.258256,0.003467,0.422915,0.414912,0.0
0.0,0.0,1.0,0.0,0.0,0.0,0.0,0.911907,0.276596,0.095382,0.477239,0.006496,0.642413,0.344298,1.0
0.0,0.0,0.0,0.0,1.0,0.0,0.0,0.026592,0.276596,0.119791,0.466677,0.003467,0.422915,0.414912,1.0
0.0,0.0,0.0,0.0,0.0,0.0,1.0,0.907792,0.702128,0.042752,0.329069,0.002885,0.325997,0.460526,1.0
0.0,1.0,0.0,0.0,0.0,0.0,0.0,0.902925,0.957447,0.047766,0.475156,0.0034,0.414811,0.474123,0.0
0.0,1.0,0.0,0.0,0.0,0.0,0.0,0.890005,0.021277,0.027231,0.353615,0.00177,0.372346,0.556579,0.0
0.0,1.0,0.0,0.0,0.0,0.0,0.0,0.023096,0.425532,0.109523,0.506397,0.003467,0.422915,0.414912,1.0
0.0,0.0,0.0,0.0,0.0,1.0,0.0,0.880315,0.425532,0.040531,0.559655,0.002831,0.508286,0.22193,0.0
0.0,1.0,0.0,0.0,0.0,0.0,0.0,0.465466,0.446809,0.070494,0.583011,0.004813,0.509839,0.462281,1.0
1.0,0.0,0.0,0.0,0.0,0.0,0.0,0.451263,0.425532,0.040951,0.532282,0.002574,0.307354,0.870614,1.0
0.0,0.0,0.0,0.0,1.0,0.0,0.0,0.00969,0.489362,0.095232,0.642666,0.003467,0.422915,0.414912,1.0
0.0,1.0,0.0,0.0,0.0,0.0,0.0,0.0,0.148936,0.041161,0.152782,0.003467,0.422915,0.414912,0.0
0.0,0.0,0.0,0.0,0.0,1.0,0.0,0.89912,0.0,0.088417,0.543439,0.00582,0.5145,0.553509,1.0
0.0,1.0,0.0,0.0,0.0,0.0,0.0,0.459891,0.702128,0.140267,0.568283,0.009607,0.494045,0.264912,1.0
0.0,0.0,1.0,0.0,0.0,0.0,0.0,0.867793,0.659574,0.031494,0.659774,0.001994,0.59943,0.589474,1.0
0.0,1.0,0.0,0.0,0.0,0.0,0.0,0.447281,0.978723,0.041161,0.595507,0.00263,0.499741,0.614035,0.0
0.0,0.0,0.0,0.0,0.0,0.0,1.0,0.903146,0.978723,0.089828,0.353169,0.006066,0.40523,0.359649,1.0
0.0,0.0,0.0,1.0,0.0,0.0,0.0,0.87151,0.723404,0.030713,0.677774,0.001996,0.625065,0.641667,0.0
0.0,0.0,0.0,0.0,0.0,1.0,0.0,0.89881,0.06383,0.055572,0.413716,0.0034,0.470482,0.645175,0.0
0.0,0.0,1.0,0.0,0.0,0.0,0.0,0.867484,0.212766,0.034226,0.26986,0.002229,0.336095,0.817544,1.0
1.0,0.0,0.0,0.0,0.0,0.0,0.0,0.460157,0.893617,0.029092,0.429634,0.001957,0.329363,0.538158,1.0
0.0,0.0,0.0,1.0,0.0,0.0,0.0,0.424539,0.893617,0.058394,0.286819,0.003467,0.422915,0.414912,1.0
0.0,0.0,0.0,0.0,0.0,0.0,1.0,0.451219,0.085106,0.040771,0.41327,0.002719,0.430865,0.518421,0.0
0.0,0.0,0.0,0.0,0.0,1.0,0.0,0.893589,0.404255,0.102198,0.769116,0.007032,0.678405,0.570175,1.0
1.0,0.0,0.0,0.0,0.0,0.0,0.0,0.968895,0.489362,0.040261,0.41565,0.002009,0.323666,0.608772,0.0
0.0,0.0,0.0,0.0,0.0,1.0,0.0,0.866997,0.87234,0.029092,0.391699,0.001953,0.21854,0.770614,0.0
0.0,0.0,0.0,0.0,0.0,0.0,1.0,0.871953,0.106383,0.028552,0.145641,0.00102,0.222683,0.769737,0.0
0.0,0.0,0.0,0.0,0.0,0.0,1.0,0.031326,0.702128,0.077819,0.267629,0.003467,0.422915,0.414912,1.0
0.0,0.0,0.0,0.0,1.0,0.0,0.0,0.867572,0.170213,0.027621,0.187147,0.000839,0.235111,0.902632,0.0
0.0,0.0,0.0,0.0,0.0,0.0,1.0,0.442326,0.893617,0.050648,0.318655,0.003467,0.422915,0.414912,0.0
0.0,0.0,1.0,0.0,0.0,0.0,0.0,0.026813,0.914894,0.09247,0.420411,0.003467,0.422915,0.414912,1.0
0.0,0.0,1.0,0.0,0.0,0.0,0.0,0.000354,0.744681,0.203525,0.645492,0.003467,0.422915,0.414912,1.0
0.0,0.0,1.0,0.0,0.0,0.0,0.0,0.898058,0.87234,0.053711,0.644302,0.003546,0.558778,0.517105,0.0
0.0,1.0,0.0,0.0,0.0,0.0,0.0,0.872351,0.574468,0.02675,0.548646,0.001651,0.557742,0.804825,0.0
0.0,0.0,1.0,0.0,0.0,0.0,0.0,0.473209,0.93617,0.043053,0.467272,0.0029,0.237442,0.60307,0.0
0.0,1.0,0.0,0.0,0.0,0.0,0.0,0.434406,0.212766,0.053741,0.296489,0.003467,0.422915,0.414912,1.0
0.0,0.0,0.0,0.0,0.0,1.0,0.0,0.880934,0.87234,0.02675,0.38069,0.001778,0.433972,0.622368,1.0
0.0,0.0,0.0,0.0,0.0,0.0,1.0,0.880979,0.680851,0.028942,0.3133,0.000835,0.234335,0.706579,1.0
0.0,1.0,0.0,0.0,0.0,0.0,0.0,0.46082,0.659574,0.032995,0.477388,0.002256,0.440963,0.332456,0.0
0.0,0.0,0.0,0.0,1.0,0.0,0.0,0.455732,0.021277,0.037198,0.531985,0.002306,0.432936,0.727193,0.0
0.0,1.0,0.0,0.0,0.0,0.0,0.0,0.429362,0.595745,0.070043,0.534811,0.003467,0.422915,0.414912,0.0
0.0,0.0,0.0,0.0,1.0,0.0,0.0,0.473917,0.12766,0.024739,0.163791,0.001626,0.23304,0.821491,0.0
0.0,0.0,0.0,0.0,0.0,0.0,1.0,0.45675,0.148936,0.028462,0.203808,0.000837,0.235111,0.681579,0.0
1.0,0.0,0.0,0.0,0.0,0.0,0.0,0.000575,0.659574,0.119731,0.469206,0.003467,0.422915,0.414912,1.0
0.0,0.0,0.0,0.0,1.0,0.0,0.0,0.880271,0.787234,0.055933,0.582713,0.003943,0.539358,0.168421,1.0
0.0,0.0,0.0,1.0,0.0,0.0,0.0,0.443078,0.510638,0.049207,0.523356,0.003288,0.539617,0.452193,0.0
0.0,0.0,0.0,0.0,0.0,0.0,1.0,0.429583,0.06383,0.055242,0.127789,0.003467,0.422915,0.414912,0.0
0.0,0.0,0.0,0.0,0.0,0.0,1.0,0.876067,0.659574,0.028161,0.307051,0.000837,0.275764,0.76886,1.0
0.0,0.0,0.0,0.0,0.0,0.0,1.0,0.44321,0.297872,0.041672,0.277298,0.002717,0.214138,0.728509,0.0
0.0,1.0,0.0,0.0,0.0,0.0,0.0,0.90788,0.170213,0.033686,0.158584,0.002229,0.197307,0.617982,0.0
0.0,0.0,0.0,0.0,0.0,0.0,1.0,0.871953,0.170213,0.029242,0.149955,0.000837,0.195753,0.769737,0.0
0.0,0.0,0.0,0.0,1.0,0.0,0.0,0.430114,0.361702,0.094362,0.565457,0.003467,0.422915,0.414912,1.0
0.0,0.0,0.0,0.0,1.0,0.0,0.0,0.02199,0.255319,0.049928,0.291729,0.003467,0.422915,0.414912,0.0
0.0,0.0,0.0,0.0,1.0,0.0,0.0,0.894783,0.468085,0.085685,0.703213,0.005762,0.704816,0.369737,0.0
1.0,0.0,0.0,0.0,0.0,0.0,0.0,0.465422,0.489362,0.027831,0.331747,0.001454,0.272398,0.712719,1.0
0.0,0.0,1.0,0.0,0.0,0.0,0.0,0.87682,0.638298,0.028822,0.573639,0.001892,0.520974,0.486842,0.0
0.0,1.0,0.0,0.0,0.0,0.0,0.0,0.446662,0.893617,0.03921,0.593871,0.00258,0.507509,0.632018,0.0
0.0,0.0,0.0,0.0,1.0,0.0,0.0,0.893854,0.531915,0.075357,0.611871,0.005044,0.756085,0.410088,1.0
0.0,1.0,0.0,0.0,0.0,0.0,0.0,0.474094,0.914894,0.028972,0.453139,0.00194,0.247799,0.798684,0.0
0.0,0.0,1.0,0.0,0.0,0.0,0.0,0.447016,0.744681,0.177015,0.812853,0.012139,0.733299,0.337281,1.0
0.0,0.0,0.0,0.0,0.0,0.0,1.0,0.451838,0.382979,0.038459,0.682832,0.002528,0.435267,0.560965,0.0
0.0,0.0,0.0,0.0,1.0,0.0,0.0,0.912305,0.361702,0.095503,0.560399,0.006498,0.61885,0.319298,1.0
0.0,0.0,0.0,0.0,0.0,0.0,1.0,0.907482,0.957447,0.045965,0.339929,0.003029,0.28405,0.572368,0.0
0.0,0.0,0.0,0.0,1.0,0.0,0.0,0.915712,0.468085,0.096403,0.566647,0.006543,0.593993,0.300877,1.0
0.0,1.0,0.0,0.0,0.0,0.0,0.0,0.469139,0.574468,0.062477,0.538233,0.004113,0.549456,0.439912,1.0
0.0,0.0,0.0,0.0,1.0,0.0,0.0,0.894783,0.893617,0.080972,0.773728,0.005374,0.608752,0.51886,0.0
0.0,0.0,0.0,1.0,0.0,0.0,0.0,0.00469,0.914894,0.106611,0.544332,0.003467,0.422915,0.414912,0.0
0.0,0.0,0.0,0.0,0.0,1.0,0.0,0.465643,0.319149,0.03933,0.508926,0.002734,0.508286,0.409649,0.0
0.0,0.0,0.0,0.0,0.0,1.0,0.0,0.433344,0.702128,0.068242,0.423237,0.003467,0.422915,0.414912,1.0
0.0,0.0,0.0,0.0,1.0,0.0,0.0,0.031547,0.404255,0.060406,0.489438,0.003467,0.422915,0.414912,0.0
0.0,0.0,0.0,1.0,0.0,0.0,0.0,0.424539,0.553191,0.058394,0.329217,0.003467,0.422915,0.414912,1.0
0.0,0.0,1.0,0.0,0.0,0.0,0.0,0.907615,0.723404,0.083944,0.476941,0.005663,0.642154,0.387719,1.0
0.0,0.0,0.0,0.0,0.0,0.0,1.0,0.026371,0.382979,0.083373,0.323416,0.003467,0.422915,0.414912,1.0
0.0,0.0,0.0,0.0,0.0,0.0,1.0,0.442901,0.808511,0.058064,0.467569,0.004003,0.388141,0.402632,1.0
0.0,0.0,0.0,1.0,0.0,0.0,0.0,0.486837,0.723404,0.047886,0.460428,0.003326,0.498446,0.275,0.0
0.0,0.0,0.0,0.0,0.0,1.0,0.0,0.880315,0.382979,0.044914,0.541803,0.003135,0.524081,0.204825,1.0
0.0,0.0,0.0,0.0,0.0,1.0,0.0,0.464714,0.659574,0.030323,0.434246,0.002104,0.453392,0.272368,0.0
1.0,0.0,0.0,0.0,0.0,0.0,0.0,0.897969,0.297872,0.068392,0.314639,0.003047,0.195495,0.853947,0.0
0.0,0.0,0.0,0.0,0.0,1.0,0.0,0.893589,0.531915,0.07902,0.63493,0.005187,0.628172,0.497807,0.0
0.0,1.0,0.0,0.0,0.0,0.0,0.0,0.872041,0.340426,0.028822,0.624963,0.001811,0.529518,0.720175,0.0
0.0,0.0,0.0,1.0,0.0,0.0,0.0,8.8e-05,0.680851,0.042482,0.450461,0.003467,0.422915,0.414912,0.0
0.0,0.0,0.0,0.0,0.0,0.0,1.0,0.438299,0.276596,0.056803,0.127343,0.003467,0.422915,0.414912,1.0
0.0,0.0,0.0,0.0,0.0,0.0,1.0,0.880979,0.787234,0.032875,0.44213,0.002044,0.424909,0.713158,1.0
1.0,0.0,0.0,0.0,0.0,0.0,0.0,0.876112,0.234043,0.021256,0.110086,0.000831,0.15769,0.856579,0.0
0.0,1.0,0.0,0.0,0.0,0.0,0.0,0.013539,0.0,0.090939,0.530199,0.003467,0.422915,0.414912,1.0
0.0,0.0,0.0,1.0,0.0,0.0,0.0,0.465245,0.595745,0.048037,0.457602,0.003363,0.481357,0.132456,0.0
1.0,0.0,0.0,0.0,0.0,0.0,0.0,0.018406,0.319149,0.090249,0.476644,0.003467,0.422915,0.414912,1.0
0.0,0.0,1.0,0.0,0.0,0.0,0.0,0.439051,0.021277,0.053321,0.403749,0.003467,0.422915,0.414912,0.0
0.0,0.0,1.0,0.0,0.0,0.0,0.0,0.425424,1.0,0.094542,0.386195,0.003467,0.422915,0.414912,0.0
0.0,0.0,0.0,0.0,0.0,1.0,0.0,0.876643,0.319149,0.028612,0.516067,0.001892,0.527447,0.489035,1.0
0.0,1.0,0.0,0.0,0.0,0.0,0.0,0.903234,0.234043,0.037559,0.214668,0.00253,0.258415,0.529386,0.0
0.0,0.0,0.0,0.0,0.0,1.0,0.0,0.438255,0.0,0.055993,0.427998,0.003467,0.422915,0.414912,0.0
0.0,0.0,0.0,0.0,1.0,0.0,0.0,0.030928,0.106383,0.050769,0.152038,0.003467,0.422915,0.414912,0.0
0.0,0.0,0.0,0.0,0.0,0.0,1.0,0.872572,1.0,0.029002,0.245611,0.001286,0.299586,0.857018,0.0
0.0,0.0,0.0,0.0,0.0,1.0,0.0,0.89912,0.021277,0.086946,0.522166,0.005706,0.47566,0.563596,1.0
0.0,0.0,0.0,1.0,0.0,0.0,0.0,8.8e-05,0.297872,0.046956,0.407766,0.003467,0.422915,0.414912,1.0
0.0,0.0,0.0,0.0,1.0,0.0,0.0,0.026901,0.510638,0.129008,0.580631,0.003467,0.422915,0.414912,1.0
0.0,0.0,0.0,0.0,0.0,0.0,1.0,0.880669,0.531915,0.035547,0.319994,0.002221,0.215432,0.846491,0.0
0.0,0.0,1.0,0.0,0.0,0.0,0.0,0.438432,0.361702,0.061247,0.475305,0.003467,0.422915,0.414912,1.0
0.0,0.0,1.0,0.0,0.0,0.0,0.0,0.443033,0.531915,0.05239,0.516513,0.003562,0.519679,0.397807,0.0
0.0,0.0,0.0,0.0,1.0,0.0,0.0,0.88089,0.723404,0.028402,0.479173,0.001884,0.479285,0.639912,0.0
0.0,0.0,0.0,0.0,0.0,1.0,0.0,0.004469,0.446809,0.043953,0.499405,0.003467,0.422915,0.414912,0.0
0.0,0.0,0.0,0.0,0.0,0.0,1.0,0.446883,0.085106,0.024078,0.328622,0.001429,0.380114,0.735526,0.0
0.0,0.0,1.0,0.0,0.0,0.0,0.0,0.88912,0.425532,0.029302,0.576019,0.001998,0.613672,0.259649,1.0
0.0,0.0,0.0,0.0,0.0,1.0,0.0,0.009424,0.87234,0.041642,0.525141,0.003467,0.422915,0.414912,0.0
0.0,0.0,0.0,1.0,0.0,0.0,0.0,8.8e-05,0.276596,0.047106,0.403451,0.003467,0.422915,0.414912,1.0
0.0,0.0,1.0,0.0,0.0,0.0,0.0,0.871776,0.617021,0.027711,0.52767,0.001739,0.695495,0.610965,1.0
0.0,1.0,0.0,0.0,0.0,0.0,0.0,0.437768,0.170213,0.033355,0.084647,0.003467,0.422915,0.414912,0.0
0.0,0.0,0.0,1.0,0.0,0.0,0.0,0.889253,0.808511,0.028221,0.559209,0.001948,0.569653,0.403947,0.0
0.0,0.0,0.0,1.0,0.0,0.0,0.0,0.880846,0.319149,0.028732,0.417287,0.001859,0.442776,0.637281,1.0
0.0,0.0,0.0,0.0,1.0,0.0,0.0,0.000752,0.574468,0.044224,0.470693,0.003467,0.422915,0.414912,0.0
0.0,1.0,0.0,0.0,0.0,0.0,0.0,0.468829,0.319149,0.030323,0.457453,0.00205,0.348006,0.42807,1.0
0.0,0.0,1.0,0.0,0.0,0.0,0.0,0.430025,0.191489,0.073316,0.232669,0.003467,0.422915,0.414912,1.0
0.0,1.0,0.0,0.0,0.0,0.0,0.0,0.031415,0.06383,0.074787,0.222702,0.003467,0.422915,0.414912,0.0
0.0,0.0,0.0,0.0,0.0,1.0,0.0,0.876333,0.085106,0.027471,0.18432,0.001016,0.330399,0.659649,0.0
0.0,0.0,0.0,0.0,1.0,0.0,0.0,0.017964,0.255319,0.089258,0.360607,0.003467,0.422915,0.414912,1.0
0.0,0.0,0.0,0.0,0.0,1.0,0.0,0.867616,0.148936,0.017834,0.157989,0.000841,0.206111,0.902632,0.0
0.0,0.0,0.0,0.0,1.0,0.0,0.0,0.00969,0.957447,0.071454,0.546712,0.003467,0.422915,0.414912,1.0
0.0,1.0,0.0,0.0,0.0,0.0,0.0,0.898013,0.702128,0.073466,0.676287,0.004911,0.582341,0.495175,1.0
0.0,0.0,0.0,1.0,0.0,0.0,0.0,0.911331,0.531915,0.061367,0.500446,0.004094,0.631797,0.425439,1.0
0.0,0.0,0.0,1.0,0.0,0.0,0.0,0.898721,0.446809,0.091239,0.606962,0.00607,0.658726,0.332456,1.0
0.0,0.0,0.0,1.0,0.0,0.0,0.0,0.442768,0.382979,0.079741,0.603392,0.005476,0.557742,0.395175,1.0
0.0,0.0,0.0,0.0,1.0,0.0,0.0,0.02199,0.531915,0.057644,0.462809,0.003467,0.422915,0.414912,1.0
0.0,0.0,1.0,0.0,0.0,0.0,0.0,0.031459,0.468085,0.066561,0.494644,0.003467,0.422915,0.414912,0.0
0.0,1.0,0.0,0.0,0.0,0.0,0.0,0.90757,0.553191,0.089138,0.547605,0.00582,0.554117,0.493421,1.0
0.0,0.0,0.0,0.0,0.0,0.0,1.0,0.022388,0.510638,0.069143,0.271645,0.003467,0.422915,0.414912,1.0
0.0,1.0,0.0,0.0,0.0,0.0,0.0,0.902925,0.744681,0.088868,0.621244,0.005901,0.626618,0.376754,1.0
0.0,0.0,0.0,0.0,0.0,1.0,0.0,0.880315,0.829787,0.038549,0.465635,0.002711,0.45883,0.224123,0.0
0.0,0.0,1.0,0.0,0.0,0.0,0.0,0.022211,0.595745,0.074427,0.441089,0.003467,0.422915,0.414912,1.0
0.0,0.0,0.0,0.0,1.0,0.0,0.0,0.867882,0.765957,0.028522,0.548646,0.001834,0.493527,0.733333,0.0
0.0,0.0,0.0,1.0,0.0,0.0,0.0,0.005309,1.0,0.086075,0.550134,0.003467,0.422915,0.414912,1.0
0.0,1.0,0.0,0.0,0.0,0.0,0.0,0.469758,0.553191,0.060676,0.613954,0.004227,0.586225,0.286842,1.0
0.0,0.0,0.0,0.0,1.0,0.0,0.0,0.871864,0.595745,0.037468,0.726272,0.002505,0.736147,0.215789,1.0
0.0,0.0,1.0,0.0,0.0,0.0,0.0,0.43445,0.744681,0.045334,0.447932,0.003467,0.422915,0.414912,0.0
0.0,0.0,0.0,0.0,0.0,0.0,1.0,0.01376,0.808511,0.086496,0.57468,0.003467,0.422915,0.414912,1.0
0.0,0.0,0.0,0.0,1.0,0.0,0.0,0.871554,0.617021,0.051399,0.719875,0.003442,0.751165,0.150877,1.0
0.0,0.0,0.0,0.0,0.0,1.0,0.0,0.894208,0.404255,0.100877,0.795894,0.006849,0.786639,0.398246,1.0
1.0,0.0,0.0,0.0,0.0,0.0,0.0,0.461086,0.361702,0.030023,0.308242,0.002034,0.155619,0.524561,1.0
0.0,0.0,0.0,0.0,0.0,1.0,0.0,0.907128,1.0,0.07845,0.479173,0.005336,0.555412,0.432456,0.0
1.0,0.0,0.0,0.0,0.0,0.0,0.0,0.442945,0.021277,0.046595,0.299018,0.003139,0.320818,0.487719,0.0
0.0,0.0,0.0,0.0,0.0,1.0,0.0,0.018008,0.468085,0.069713,0.424427,0.003467,0.422915,0.414912,0.0
0.0,0.0,0.0,0.0,1.0,0.0,0.0,0.004734,0.042553,0.082172,0.48795,0.003467,0.422915,0.414912,0.0
0.0,0.0,0.0,0.0,0.0,0.0,1.0,0.872262,0.404255,0.034977,0.439006,0.002075,0.344381,0.851316,1.0
0.0,1.0,0.0,0.0,0.0,0.0,0.0,0.889076,0.978723,0.029092,0.480363,0.001967,0.45391,0.502193,1.0
1.0,0.0,0.0,0.0,0.0,0.0,0.0,0.018097,0.12766,0.056203,0.142963,0.003467,0.422915,0.414912,0.0
1.0,0.0,0.0,0.0,0.0,0.0,0.0,0.425645,0.829787,0.074697,0.350491,0.003467,0.422915,0.414912,1.0
1.0,0.0,0.0,0.0,0.0,0.0,0.0,0.446927,1.0,0.032154,0.420708,0.001963,0.382444,0.765789,0.0
0.0,0.0,0.0,0.0,1.0,0.0,0.0,0.907393,0.085106,0.050348,0.286076,0.003386,0.380373,0.530263,0.0
0.0,0.0,0.0,1.0,0.0,0.0,0.0,0.898412,0.702128,0.075027,0.533323,0.004994,0.678923,0.448684,1.0
0.0,0.0,0.0,0.0,0.0,1.0,0.0,0.889872,0.553191,0.060166,0.589854,0.004258,0.698861,0.181579,0.0
0.0,0.0,0.0,1.0,0.0,0.0,0.0,0.903633,0.085106,0.035367,0.260637,0.00237,0.24521,0.639474,0.0
0.0,0.0,0.0,0.0,1.0,0.0,0.0,0.911376,0.595745,0.051159,0.530646,0.003371,0.549456,0.510965,0.0
0.0,0.0,1.0,0.0,0.0,0.0,0.0,0.017875,0.765957,0.097574,0.587325,0.003467,0.422915,0.414912,1.0
0.0,0.0,0.0,0.0,0.0,0.0,1.0,0.889916,0.87234,0.094212,0.558018,0.006145,0.433195,0.704825,0.0
0.0,0.0,0.0,0.0,0.0,0.0,1.0,0.031945,0.765957,0.058394,0.222553,0.003467,0.422915,0.414912,0.0
1.0,0.0,0.0,0.0,0.0,0.0,0.0,0.004557,0.829787,0.121202,0.610979,0.003467,0.422915,0.414912,1.0
0.0,0.0,0.0,1.0,0.0,0.0,0.0,0.880846,0.276596,0.029422,0.357929,0.001863,0.37131,0.715351,1.0
0.0,0.0,1.0,0.0,0.0,0.0,0.0,0.008672,0.531915,0.07875,0.555638,0.003467,0.422915,0.414912,1.0
0.0,0.0,0.0,0.0,1.0,0.0,0.0,0.026901,0.638298,0.143149,0.575424,0.003467,0.422915,0.414912,1.0
1.0,0.0,0.0,0.0,0.0,0.0,0.0,0.906907,0.914894,0.030533,0.246653,0.002063,0.298032,0.450877,0.0
0.0,0.0,0.0,0.0,1.0,0.0,0.0,0.005354,0.744681,0.064519,0.72404,0.003467,0.422915,0.414912,0.0
1.0,0.0,0.0,0.0,0.0,0.0,0.0,0.456484,0.851064,0.040621,0.656352,0.002723,0.452615,0.516228,1.0
0.0,1.0,0.0,0.0,0.0,0.0,0.0,0.429671,0.446809,0.111084,0.645641,0.003467,0.422915,0.414912,1.0
0.0,0.0,0.0,0.0,0.0,1.0,0.0,0.908057,0.93617,0.082623,0.457007,0.005465,0.292595,0.592982,1.0
0.0,0.0,1.0,0.0,0.0,0.0,0.0,0.460865,0.723404,0.136904,0.606665,0.009412,0.438374,0.409211,1.0
0.0,0.0,0.0,0.0,0.0,1.0,0.0,0.031282,0.021277,0.053981,0.282654,0.003467,0.422915,0.414912,0.0
0.0,1.0,0.0,0.0,0.0,0.0,0.0,0.429981,0.531915,0.073376,0.559804,0.003467,0.422915,0.414912,0.0
0.0,1.0,0.0,0.0,0.0,0.0,0.0,0.871731,0.851064,0.0263,0.394972,0.001531,0.394873,0.704386,0.0
0.0,0.0,0.0,0.0,0.0,1.0,0.0,0.460688,0.06383,0.036268,0.379649,0.002468,0.405489,0.39693,0.0
0.0,0.0,0.0,0.0,1.0,0.0,0.0,0.986594,0.276596,0.218176,0.530051,0.014481,0.476955,0.586404,1.0
0.0,0.0,0.0,0.0,0.0,1.0,0.0,0.000177,0.574468,0.072145,0.313746,0.003467,0.422915,0.414912,0.0
0.0,0.0,0.0,0.0,0.0,1.0,0.0,0.464404,0.617021,0.057884,0.461916,0.003974,0.460124,0.359649,1.0
0.0,0.0,0.0,0.0,0.0,0.0,1.0,0.434007,0.234043,0.046655,0.109194,0.003467,0.422915,0.414912,0.0
1.0,0.0,0.0,0.0,0.0,0.0,0.0,0.429317,0.085106,0.067551,0.161113,0.003467,0.422915,0.414912,0.0
0.0,0.0,0.0,0.0,0.0,1.0,0.0,0.866997,0.446809,0.037739,0.506992,0.002495,0.339202,0.664474,1.0
0.0,0.0,0.0,0.0,0.0,1.0,0.0,0.017698,0.893617,0.047346,0.366409,0.003467,0.422915,0.414912,0.0
0.0,0.0,0.0,1.0,0.0,0.0,0.0,0.031813,0.234043,0.055242,0.033175,0.003467,0.422915,0.414912,0.0
0.0,0.0,0.0,0.0,1.0,0.0,0.0,0.022919,0.255319,0.076378,0.293068,0.003467,0.422915,0.414912,1.0
0.0,0.0,0.0,0.0,0.0,0.0,1.0,0.005133,0.702128,0.079651,0.443618,0.003467,0.422915,0.414912,1.0
0.0,0.0,0.0,0.0,1.0,0.0,0.0,0.465599,0.531915,0.056413,0.536001,0.003911,0.505438,0.340789,1.0
0.0,0.0,0.0,0.0,0.0,0.0,1.0,0.424981,0.12766,0.055242,0.043142,0.003467,0.422915,0.414912,0.0
0.0,0.0,0.0,0.0,0.0,1.0,0.0,0.433344,0.93617,0.071935,0.346474,0.003467,0.422915,0.414912,1.0
0.0,0.0,0.0,0.0,1.0,0.0,0.0,0.473298,0.744681,0.028251,0.498066,0.001917,0.432936,0.466667,1.0
1.0,0.0,0.0,0.0,0.0,0.0,0.0,0.898589,0.553191,0.09253,0.534365,0.005636,0.288452,0.838596,1.0
0.0,0.0,0.0,0.0,0.0,1.0,0.0,0.872528,0.893617,0.030173,0.439155,0.00085,0.312791,0.813158,0.0
0.0,0.0,0.0,0.0,0.0,1.0,0.0,0.907747,0.914894,0.030263,0.353764,0.00205,0.381926,0.342544,0.0
0.0,0.0,0.0,0.0,1.0,0.0,0.0,0.867263,0.234043,0.029302,0.276257,0.001946,0.242361,0.632456,0.0
1.0,0.0,0.0,0.0,0.0,0.0,0.0,0.005177,0.808511,0.050859,0.658733,0.003467,0.422915,0.414912,0.0
1.0,0.0,0.0,0.0,0.0,0.0,0.0,0.911508,0.212766,0.031584,0.10726,0.002005,0.136199,0.860088,0.0
1.0,0.0,0.0,0.0,0.0,0.0,0.0,0.438343,0.404255,0.093071,0.546712,0.003467,0.422915,0.414912,1.0
0.0,1.0,0.0,0.0,0.0,0.0,0.0,0.889076,0.042553,0.028492,0.290241,0.001867,0.372605,0.675,0.0
0.0,1.0,0.0,0.0,0.0,0.0,0.0,0.026459,0.93617,0.057043,0.427998,0.003467,0.422915,0.414912,0.0
0.0,0.0,0.0,1.0,0.0,0.0,0.0,0.00469,0.212766,0.075627,0.242339,0.003467,0.422915,0.414912,0.0
0.0,1.0,0.0,0.0,0.0,0.0,0.0,0.465156,0.276596,0.056413,0.389765,0.003895,0.344899,0.282895,1.0
0.0,1.0,0.0,0.0,0.0,0.0,0.0,0.867439,1.0,0.025039,0.372508,0.00161,0.399275,0.84386,0.0
1.0,0.0,0.0,0.0,0.0,0.0,0.0,0.876112,0.212766,0.020746,0.095954,0.000831,0.154324,0.856579,0.0
0.0,0.0,1.0,0.0,0.0,0.0,0.0,0.004336,0.638298,0.045244,0.464891,0.003467,0.422915,0.414912,0.0
0.0,0.0,0.0,0.0,1.0,0.0,0.0,0.88089,0.212766,0.02696,0.178816,0.001577,0.255567,0.874123,0.0
0.0,1.0,0.0,0.0,0.0,0.0,0.0,0.469758,0.659574,0.077069,0.621244,0.005251,0.5971,0.366228,1.0
0.0,1.0,0.0,0.0,0.0,0.0,0.0,0.456219,0.255319,0.029302,0.37831,0.001934,0.377007,0.71886,0.0
1.0,0.0,0.0,0.0,0.0,0.0,0.0,0.893987,0.085106,0.051759,0.304225,0.003157,0.438115,0.684649,0.0
0.0,0.0,0.0,0.0,1.0,0.0,0.0,0.443432,0.744681,0.089798,0.650402,0.006275,0.728897,0.346053,1.0
1.0,0.0,0.0,0.0,0.0,0.0,0.0,0.429317,0.170213,0.074577,0.189081,0.003467,0.422915,0.414912,0.0
0.0,0.0,1.0,0.0,0.0,0.0,0.0,0.447325,0.042553,0.072265,0.512199,0.004811,0.499482,0.486404,1.0
1.0,0.0,0.0,0.0,0.0,0.0,0.0,0.906907,0.93617,0.036508,0.279976,0.002362,0.270844,0.498246,1.0
0.0,1.0,0.0,0.0,0.0,0.0,0.0,0.459891,1.0,0.041792,0.498661,0.002858,0.436561,0.473684,0.0
1.0,0.0,0.0,0.0,0.0,0.0,0.0,0.442945,0.702128,0.047016,0.421154,0.003118,0.251683,0.637281,1.0
0.0,1.0,0.0,0.0,0.0,0.0,0.0,0.004602,0.021277,0.043833,0.394377,0.003467,0.422915,0.414912,0.0
0.0,0.0,1.0,0.0,0.0,0.0,0.0,0.893766,0.404255,0.07845,0.67837,0.005282,0.652253,0.42807,1.0
0.0,0.0,1.0,0.0,0.0,0.0,0.0,0.022831,0.702128,0.060796,0.445998,0.003467,0.422915,0.414912,0.0
0.0,0.0,1.0,0.0,0.0,0.0,0.0,0.43445,0.106383,0.044404,0.166022,0.003467,0.422915,0.414912,0.0
0.0,0.0,0.0,0.0,0.0,0.0,1.0,0.899164,0.191489,0.045665,0.178072,0.002973,0.274987,0.675439,0.0
1.0,0.0,0.0,0.0,0.0,0.0,0.0,0.026724,0.787234,0.051459,0.428444,0.003467,0.422915,0.414912,0.0
0.0,0.0,0.0,0.0,0.0,0.0,1.0,0.004823,0.212766,0.060886,0.119161,0.003467,0.422915,0.414912,0.0
0.0,0.0,0.0,1.0,0.0,0.0,0.0,0.455688,0.978723,0.037498,0.570812,0.002491,0.487312,0.629825,0.0
0.0,0.0,0.0,0.0,0.0,1.0,0.0,0.460997,1.0,0.033776,0.476793,0.002322,0.401605,0.376754,1.0
0.0,0.0,0.0,0.0,0.0,0.0,1.0,0.885005,0.765957,0.094632,0.535257,0.006392,0.453133,0.354386,1.0
0.0,1.0,0.0,0.0,0.0,0.0,0.0,0.446662,0.553191,0.061787,0.561589,0.004431,0.633351,0.222807,1.0
0.0,0.0,1.0,0.0,0.0,0.0,0.0,0.902969,0.468085,0.103459,0.53258,0.007063,0.691869,0.211404,1.0
0.0,1.0,0.0,0.0,0.0,0.0,0.0,0.008938,0.851064,0.134682,0.726867,0.003467,0.422915,0.414912,1.0
0.0,0.0,0.0,1.0,0.0,0.0,0.0,0.907349,0.06383,0.080581,0.331003,0.00538,0.47566,0.441228,0.0
0.0,1.0,0.0,0.0,0.0,0.0,0.0,0.425379,0.851064,0.095773,0.457304,0.003467,0.422915,0.414912,1.0
0.0,0.0,0.0,0.0,1.0,0.0,0.0,0.465289,0.978723,0.040381,0.442874,0.002829,0.416882,0.216228,0.0
0.0,1.0,0.0,0.0,0.0,0.0,0.0,0.456219,0.382979,0.040741,0.595656,0.002792,0.642672,0.441667,1.0
0.0,0.0,0.0,0.0,1.0,0.0,0.0,0.000752,0.0,0.095773,0.47828,0.003467,0.422915,0.414912,1.0
0.0,0.0,0.0,0.0,1.0,0.0,0.0,0.876908,0.829787,0.028762,0.467718,0.001911,0.442258,0.562281,0.0
0.0,0.0,0.0,0.0,1.0,0.0,0.0,0.473607,0.553191,0.05266,0.544481,0.003604,0.69653,0.159211,1.0
0.0,0.0,0.0,1.0,0.0,0.0,0.0,0.8935,0.0,0.093821,0.612467,0.006267,0.493009,0.683772,1.0
0.0,0.0,1.0,0.0,0.0,0.0,0.0,0.473209,0.638298,0.23673,0.749331,0.015689,0.494821,0.605702,1.0
0.0,0.0,0.0,0.0,0.0,1.0,0.0,0.906818,0.191489,0.021556,0.138203,0.001421,0.100725,0.697368,0.0
0.0,0.0,0.0,0.0,0.0,0.0,1.0,0.451838,0.425532,0.042572,0.650253,0.002865,0.442258,0.490351,1.0
1.0,0.0,0.0,0.0,0.0,0.0,0.0,0.000265,0.765957,0.193287,0.629575,0.003467,0.422915,0.414912,1.0
0.0,1.0,0.0,0.0,0.0,0.0,0.0,0.004602,0.0,0.063648,0.430378,0.003467,0.422915,0.414912,0.0
0.0,0.0,1.0,0.0,0.0,0.0,0.0,0.87682,0.404255,0.032485,0.633591,0.002131,0.549715,0.564035,0.0
0.0,1.0,0.0,0.0,0.0,0.0,0.0,0.429362,0.787234,0.059265,0.438262,0.003467,0.422915,0.414912,0.0
0.0,0.0,0.0,0.0,0.0,1.0,0.0,0.447458,0.404255,0.070253,0.711544,0.004981,0.692128,0.269298,1.0
0.0,1.0,0.0,0.0,0.0,0.0,0.0,0.898633,0.234043,0.05326,0.291729,0.003515,0.302693,0.542544,0.0
0.0,0.0,0.0,0.0,1.0,0.0,0.0,0.005354,0.957447,0.085565,0.558018,0.003467,0.422915,0.414912,1.0
1.0,0.0,0.0,0.0,0.0,0.0,0.0,0.451573,0.12766,0.038699,0.211693,0.001442,0.318229,0.728509,0.0
0.0,0.0,1.0,0.0,0.0,0.0,0.0,0.009601,0.957447,0.041732,0.543142,0.003467,0.422915,0.414912,0.0
0.0,1.0,0.0,0.0,0.0,0.0,0.0,0.434096,0.489362,0.071965,0.570366,0.003467,0.422915,0.414912,1.0
0.0,0.0,0.0,0.0,1.0,0.0,0.0,0.866953,0.021277,0.034346,0.260785,0.002513,0.209218,0.661404,0.0
1.0,0.0,0.0,0.0,0.0,0.0,0.0,0.47374,0.425532,0.029182,0.410443,0.001685,0.254013,0.907018,0.0
0.0,1.0,0.0,0.0,0.0,0.0,0.0,0.898633,0.744681,0.114807,0.787414,0.007665,0.685396,0.339035,1.0
1.0,0.0,0.0,0.0,0.0,0.0,0.0,0.885049,0.595745,0.029002,0.283844,0.001629,0.249871,0.634211,0.0
0.0,0.0,0.0,0.0,1.0,0.0,0.0,0.00969,0.468085,0.087877,0.655162,0.003467,0.422915,0.414912,1.0
1.0,0.0,0.0,0.0,0.0,0.0,0.0,0.871687,0.319149,0.02609,0.295745,0.001539,0.160798,0.896053,0.0
0.0,0.0,1.0,0.0,0.0,0.0,0.0,0.43414,0.978723,0.056533,0.421452,0.003467,0.422915,0.414912,0.0
1.0,0.0,0.0,0.0,0.0,0.0,0.0,0.867086,0.893617,0.033475,0.307498,0.002264,0.154324,0.687281,1.0
0.0,0.0,0.0,1.0,0.0,0.0,0.0,0.894429,0.765957,0.088087,0.832639,0.006009,0.784309,0.383772,1.0
1.0,0.0,0.0,0.0,0.0,0.0,0.0,0.429008,0.404255,0.096073,0.53615,0.003467,0.422915,0.414912,1.0
0.0,0.0,0.0,0.0,0.0,1.0,0.0,0.008805,0.765957,0.041912,0.62645,0.003467,0.422915,0.414912,0.0
0.0,0.0,0.0,0.0,1.0,0.0,0.0,0.013672,0.765957,0.041431,0.590598,0.003467,0.422915,0.414912,0.0
0.0,0.0,0.0,0.0,1.0,0.0,0.0,0.899075,0.340426,0.094812,0.641476,0.006309,0.700155,0.456579,1.0
0.0,0.0,1.0,0.0,0.0,0.0,0.0,0.902969,0.340426,0.089138,0.536299,0.005926,0.66753,0.283772,1.0
0.0,1.0,0.0,0.0,0.0,0.0,0.0,0.903544,0.468085,0.087336,0.524844,0.005806,0.460901,0.490351,1.0
1.0,0.0,0.0,0.0,0.0,0.0,0.0,0.443255,0.787234,0.070013,0.570961,0.004717,0.411704,0.400439,1.0
0.0,0.0,1.0,0.0,0.0,0.0,0.0,0.903279,0.787234,0.07893,0.581226,0.005366,0.5826,0.395614,1.0
0.0,0.0,1.0,0.0,0.0,0.0,0.0,0.443033,1.0,0.055302,0.51562,0.003787,0.444847,0.483333,0.0
1.0,0.0,0.0,0.0,0.0,0.0,0.0,0.897969,0.914894,0.090639,0.567093,0.005428,0.417659,0.767105,1.0
1.0,0.0,0.0,0.0,0.0,0.0,0.0,0.456794,0.574468,0.029963,0.292026,0.001558,0.214397,0.75614,1.0
1.0,0.0,0.0,0.0,0.0,0.0,0.0,0.008893,0.340426,0.090579,0.63612,0.003467,0.422915,0.414912,1.0
0.0,0.0,0.0,1.0,0.0,0.0,0.0,0.915667,0.574468,0.101657,0.537043,0.008261,0.715432,0.213158,1.0
1.0,0.0,0.0,0.0,0.0,0.0,0.0,0.000265,0.744681,0.194548,0.651592,0.003467,0.422915,0.414912,1.0
0.0,0.0,0.0,0.0,1.0,0.0,0.0,0.894474,0.680851,0.061187,0.599078,0.004111,0.607198,0.492982,0.0
0.0,1.0,0.0,0.0,0.0,0.0,0.0,0.022167,0.212766,0.045455,0.140286,0.003467,0.422915,0.414912,0.0
0.0,0.0,0.0,1.0,0.0,0.0,0.0,0.455998,0.851064,0.084304,0.682089,0.005758,0.541688,0.489474,1.0
0.0,0.0,0.0,1.0,0.0,0.0,0.0,0.872439,0.914894,0.031674,0.486314,0.001288,0.419213,0.637719,0.0
0.0,0.0,0.0,1.0,0.0,0.0,0.0,0.434184,0.893617,0.063258,0.422196,0.003467,0.422915,0.414912,0.0
1.0,0.0,0.0,0.0,0.0,0.0,0.0,0.030751,0.382979,0.111625,0.574531,0.003467,0.422915,0.414912,1.0
0.0,0.0,1.0,0.0,0.0,0.0,0.0,0.884828,0.255319,0.040681,0.33978,0.002636,0.374158,0.663596,1.0
1.0,0.0,0.0,0.0,0.0,0.0,0.0,0.447547,0.361702,0.042873,0.476793,0.000931,0.211548,0.575,1.0
0.0,0.0,0.0,0.0,0.0,1.0,0.0,0.881244,0.744681,0.029542,0.553258,0.001994,0.541688,0.455702,0.0
0.0,0.0,0.0,1.0,0.0,0.0,0.0,0.456617,0.574468,0.032605,0.5,0.002225,0.612377,0.396053,0.0
0.0,1.0,0.0,0.0,0.0,0.0,0.0,0.90788,0.212766,0.06545,0.267629,0.004287,0.290523,0.753947,1.0
0.0,0.0,0.0,0.0,0.0,1.0,0.0,0.005398,0.744681,0.119731,0.644897,0.003467,0.422915,0.414912,1.0
0.0,0.0,0.0,0.0,0.0,0.0,1.0,0.433388,0.06383,0.040801,0.104433,0.003467,0.422915,0.414912,0.0
1.0,0.0,0.0,0.0,0.0,0.0,0.0,0.898589,0.404255,0.090068,0.565903,0.005345,0.309166,0.777632,1.0
0.0,0.0,0.0,0.0,0.0,1.0,0.0,0.912349,0.638298,0.062598,0.488991,0.004416,0.536769,0.242982,0.0
0.0,0.0,0.0,0.0,1.0,0.0,0.0,0.443432,0.085106,0.041131,0.308242,0.002717,0.362248,0.747807,0.0
0.0,0.0,1.0,0.0,0.0,0.0,0.0,0.87682,0.255319,0.032665,0.466082,0.002115,0.530295,0.514912,0.0
0.0,0.0,0.0,0.0,0.0,1.0,0.0,0.885271,0.638298,0.032845,0.489735,0.0023,0.503884,0.290789,0.0
1.0,0.0,0.0,0.0,0.0,0.0,0.0,0.027344,0.680851,0.106341,0.497025,0.003467,0.422915,0.414912,1.0
1.0,0.0,0.0,0.0,0.0,0.0,0.0,0.47374,0.851064,0.035307,0.389616,0.002202,0.2913,0.76886,1.0
0.0,1.0,0.0,0.0,0.0,0.0,0.0,0.451927,0.851064,0.076828,0.773877,0.005177,0.548421,0.63114,1.0
0.0,1.0,0.0,0.0,0.0,0.0,0.0,0.97332,0.170213,0.034826,0.17346,0.00225,0.279389,0.734649,0.0
0.0,1.0,0.0,0.0,0.0,0.0,0.0,0.022167,0.106383,0.044494,0.156204,0.003467,0.422915,0.414912,0.0
0.0,0.0,0.0,1.0,0.0,0.0,0.0,0.021946,0.340426,0.057464,0.447783,0.003467,0.422915,0.414912,1.0
0.0,0.0,0.0,0.0,0.0,0.0,1.0,0.46936,0.808511,0.029663,0.349896,0.001978,0.271362,0.600877,0.0
0.0,0.0,1.0,0.0,0.0,0.0,0.0,0.469802,0.319149,0.068422,0.536001,0.004676,0.534438,0.41886,1.0
0.0,0.0,0.0,0.0,1.0,0.0,0.0,0.911995,0.574468,0.049057,0.480065,0.003357,0.542983,0.271491,0.0
1.0,0.0,0.0,0.0,0.0,0.0,0.0,0.867086,0.851064,0.033566,0.326242,0.002281,0.187985,0.601754,1.0
0.0,0.0,0.0,1.0,0.0,0.0,0.0,0.868147,0.914894,0.037619,0.495983,0.002254,0.283014,0.742982,0.0
0.0,0.0,0.0,0.0,1.0,0.0,0.0,0.894474,0.404255,0.07878,0.717197,0.005363,0.73304,0.465351,1.0
0.0,0.0,0.0,0.0,1.0,0.0,0.0,0.889518,0.404255,0.032455,0.611574,0.002252,0.654324,0.264035,0.0
1.0,0.0,0.0,0.0,0.0,0.0,0.0,0.470023,0.659574,0.028221,0.312109,0.001913,0.205334,0.586842,1.0
0.0,0.0,0.0,0.0,0.0,0.0,1.0,0.912393,0.446809,0.045575,0.41208,0.003016,0.36406,0.619737,0.0
0.0,0.0,0.0,0.0,1.0,0.0,0.0,0.442237,0.93617,0.055632,0.406724,0.003467,0.422915,0.414912,0.0
0.0,0.0,0.0,0.0,0.0,0.0,1.0,0.452148,0.212766,0.033025,0.17956,0.001978,0.180735,0.637281,0.0
0.0,1.0,0.0,0.0,0.0,0.0,0.0,0.451617,0.829787,0.043623,0.772835,0.002877,0.613154,0.595614,1.0
0.0,0.0,0.0,0.0,0.0,0.0,1.0,0.031636,0.829787,0.077819,0.349003,0.003467,0.422915,0.414912,1.0
1.0,0.0,0.0,0.0,0.0,0.0,0.0,0.005177,0.446809,0.050859,0.571705,0.003467,0.422915,0.414912,0.0
0.0,0.0,1.0,0.0,0.0,0.0,0.0,0.911287,0.021277,0.045995,0.380393,0.003024,0.319524,0.603509,0.0
0.0,0.0,0.0,0.0,0.0,1.0,0.0,0.894828,0.042553,0.11814,0.573193,0.007424,0.573019,0.560526,1.0
1.0,0.0,0.0,0.0,0.0,0.0,0.0,0.906907,0.808511,0.044284,0.346772,0.003043,0.453392,0.340351,1.0
0.0,0.0,0.0,0.0,1.0,0.0,0.0,0.017964,0.297872,0.082022,0.47709,0.003467,0.422915,0.414912,1.0
0.0,0.0,1.0,0.0,0.0,0.0,0.0,0.871466,0.702128,0.034556,0.758554,0.002277,0.596323,0.667544,0.0
1.0,0.0,0.0,0.0,0.0,0.0,0.0,0.894606,0.0,0.060136,0.431419,0.002925,0.429311,0.640789,0.0
0.0,0.0,1.0,0.0,0.0,0.0,0.0,0.000973,0.255319,0.09199,0.379203,0.003467,0.422915,0.414912,1.0
0.0,1.0,0.0,0.0,0.0,0.0,0.0,0.881377,0.93617,0.029332,0.433056,0.001973,0.397721,0.50614,0.0
0.0,0.0,0.0,0.0,0.0,0.0,1.0,0.425291,0.106383,0.073256,0.066498,0.003467,0.422915,0.414912,0.0
0.0,0.0,1.0,0.0,0.0,0.0,0.0,0.430025,0.106383,0.041431,0.167956,0.003467,0.422915,0.414912,0.0
0.0,0.0,1.0,0.0,0.0,0.0,0.0,0.429096,0.425532,0.089408,0.512794,0.003467,0.422915,0.414912,1.0
1.0,0.0,0.0,0.0,0.0,0.0,0.0,0.433742,0.0,0.041431,0.227165,0.003467,0.422915,0.414912,0.0
0.0,1.0,0.0,0.0,0.0,0.0,0.0,0.867439,0.680851,0.032935,0.602648,0.002204,0.789228,0.276754,1.0
0.0,0.0,1.0,0.0,0.0,0.0,0.0,0.443033,0.489362,0.055542,0.54091,0.00381,0.534179,0.375439,0.0
0.0,0.0,0.0,0.0,0.0,0.0,1.0,0.451838,0.553191,0.033626,0.432014,0.00225,0.380891,0.567105,0.0
0.0,0.0,0.0,0.0,0.0,0.0,1.0,0.898854,0.489362,0.092981,0.512348,0.005808,0.363801,0.74693,1.0
1.0,0.0,0.0,0.0,0.0,0.0,0.0,0.90288,0.361702,0.044644,0.324755,0.002877,0.221129,0.75307,0.0
0.0,1.0,0.0,0.0,0.0,0.0,0.0,0.429981,0.978723,0.068632,0.427403,0.003467,0.422915,0.414912,0.0
0.0,0.0,0.0,1.0,0.0,0.0,0.0,0.456307,0.723404,0.035157,0.648319,0.002385,0.593993,0.552632,0.0
0.0,0.0,1.0,0.0,0.0,0.0,0.0,0.890049,0.148936,0.028732,0.267777,0.00183,0.401605,0.550877,0.0
0.0,0.0,0.0,0.0,0.0,0.0,1.0,0.45644,0.489362,0.032725,0.429634,0.002198,0.377784,0.492544,1.0
0.0,0.0,0.0,0.0,1.0,0.0,0.0,0.889518,0.914894,0.02675,0.50967,0.001861,0.466598,0.430702,0.0
0.0,0.0,0.0,1.0,0.0,0.0,0.0,0.982169,0.851064,0.139516,0.641773,0.009397,0.556447,0.45614,1.0
0.0,1.0,0.0,0.0,0.0,0.0,0.0,0.018451,0.765957,0.056923,0.540167,0.003467,0.422915,0.414912,0.0
1.0,0.0,0.0,0.0,0.0,0.0,0.0,0.881023,0.425532,0.029723,0.335466,0.001037,0.222165,0.59693,1.0
0.0,0.0,0.0,1.0,0.0,0.0,0.0,0.456307,0.0,0.035457,0.54582,0.002349,0.473848,0.690351,0.0
0.0,0.0,0.0,1.0,0.0,0.0,0.0,0.027167,0.87234,0.05215,0.348855,0.003467,0.422915,0.414912,0.0
0.0,0.0,0.0,0.0,0.0,1.0,0.0,0.876023,0.702128,0.024949,0.47947,0.001575,0.457794,0.665789,0.0
0.0,1.0,0.0,0.0,0.0,0.0,0.0,0.880757,0.212766,0.022787,0.066201,0.000825,0.119368,0.882018,0.0
0.0,1.0,0.0,0.0,0.0,0.0,0.0,0.438078,0.851064,0.064489,0.45299,0.003467,0.422915,0.414912,0.0
0.0,0.0,1.0,0.0,0.0,0.0,0.0,0.022521,0.106383,0.045455,0.196221,0.003467,0.422915,0.414912,0.0
0.0,1.0,0.0,0.0,0.0,0.0,0.0,0.451617,0.255319,0.034826,0.41803,0.0022,0.396427,0.765351,0.0
0.0,0.0,0.0,0.0,0.0,0.0,1.0,0.9158,0.382979,0.081062,0.465189,0.005577,0.370274,0.389035,1.0
0.0,0.0,0.0,0.0,0.0,1.0,0.0,0.876952,0.765957,0.028912,0.463701,0.001953,0.409114,0.479825,0.0
0.0,0.0,0.0,0.0,1.0,0.0,0.0,0.014291,0.93617,0.088177,0.566349,0.003467,0.422915,0.414912,1.0
0.0,0.0,0.0,1.0,0.0,0.0,0.0,0.013318,0.234043,0.060496,0.295448,0.003467,0.422915,0.414912,0.0
0.0,0.0,0.0,0.0,0.0,0.0,1.0,0.438609,0.744681,0.064639,0.408509,0.003467,0.422915,0.414912,1.0
0.0,0.0,0.0,1.0,0.0,0.0,0.0,0.430069,0.170213,0.068512,0.183725,0.003467,0.422915,0.414912,0.0
1.0,0.0,0.0,0.0,0.0,0.0,0.0,0.47374,0.531915,0.030323,0.372657,0.00171,0.257121,0.746491,0.0
0.0,0.0,0.0,0.0,1.0,0.0,0.0,0.8812,0.404255,0.029512,0.569622,0.00198,0.564733,0.521053,0.0
0.0,0.0,0.0,0.0,0.0,1.0,0.0,0.867307,0.808511,0.028041,0.364326,0.00188,0.34464,0.635088,0.0
0.0,0.0,0.0,0.0,1.0,0.0,0.0,0.022919,0.638298,0.090159,0.470991,0.003467,0.422915,0.414912,1.0
0.0,1.0,0.0,0.0,0.0,0.0,0.0,0.469758,0.829787,0.04005,0.498959,0.002773,0.406007,0.334649,0.0
0.0,0.0,0.0,1.0,0.0,0.0,0.0,0.90704,0.170213,0.036958,0.162005,0.00247,0.257897,0.568421,0.0
0.0,1.0,0.0,0.0,0.0,0.0,0.0,0.027388,0.978723,0.074817,0.414162,0.003467,0.422915,0.414912,0.0
0.0,0.0,0.0,1.0,0.0,0.0,0.0,0.451086,0.87234,0.041702,0.694734,0.002775,0.535474,0.534211,0.0
0.0,0.0,0.0,0.0,1.0,0.0,0.0,0.872484,0.87234,0.051009,0.559357,0.003363,0.549197,0.642982,0.0
0.0,1.0,0.0,0.0,0.0,0.0,0.0,0.872351,1.0,0.034286,0.379798,0.001344,0.354997,0.738596,1.0
1.0,0.0,0.0,0.0,0.0,0.0,0.0,0.456794,0.553191,0.027471,0.307647,0.001589,0.226308,0.772807,1.0
0.0,0.0,0.0,0.0,0.0,1.0,0.0,0.872528,0.468085,0.034496,0.767629,0.002202,0.581823,0.72193,0.0
0.0,0.0,0.0,0.0,0.0,1.0,0.0,0.8985,0.425532,0.090699,0.603243,0.006007,0.613931,0.352193,1.0
0.0,0.0,0.0,0.0,0.0,1.0,0.0,0.867926,0.553191,0.033535,0.760934,0.00209,0.554376,0.74693,1.0
0.0,1.0,0.0,0.0,0.0,0.0,0.0,0.022477,0.489362,0.109283,0.504314,0.003467,0.422915,0.414912,1.0
1.0,0.0,0.0,0.0,0.0,0.0,0.0,0.47436,0.170213,0.022457,0.028712,0.001498,0.071207,0.766228,0.0
0.0,0.0,0.0,0.0,1.0,0.0,0.0,0.425202,0.978723,0.076618,0.396459,0.003467,0.422915,0.414912,1.0
0.0,0.0,1.0,0.0,0.0,0.0,0.0,0.456573,0.106383,0.030954,0.366855,0.001919,0.420508,0.636404,0.0
0.0,1.0,0.0,0.0,0.0,0.0,0.0,0.473475,0.787234,0.027561,0.442874,0.001863,0.391248,0.549561,0.0
0.0,0.0,0.0,0.0,1.0,0.0,0.0,0.018583,0.553191,0.053981,0.460726,0.003467,0.422915,0.414912,0.0
0.0,0.0,0.0,0.0,0.0,0.0,1.0,0.876687,0.170213,0.023088,0.142963,0.001467,0.226308,0.876316,0.0
0.0,0.0,1.0,0.0,0.0,0.0,0.0,0.907615,0.957447,0.043353,0.462809,0.002939,0.425427,0.45307,0.0
0.0,0.0,0.0,1.0,0.0,0.0,0.0,0.872439,0.829787,0.049267,0.604433,0.003319,0.620663,0.407895,0.0
0.0,0.0,0.0,0.0,0.0,1.0,0.0,0.455467,0.340426,0.038489,0.72047,0.00259,0.623511,0.427193,0.0
0.0,0.0,0.0,1.0,0.0,0.0,0.0,0.87151,0.638298,0.179206,0.779976,0.01161,0.683843,0.614912,1.0
0.0,0.0,1.0,0.0,0.0,0.0,0.0,0.87589,0.957447,0.032064,0.450312,0.00119,0.331434,0.769298,0.0
0.0,1.0,0.0,0.0,0.0,0.0,0.0,0.469448,0.319149,0.05251,0.461172,0.003511,0.519679,0.292544,1.0
0.0,1.0,0.0,0.0,0.0,0.0,0.0,0.912482,0.0,0.043443,0.260785,0.002898,0.33014,0.518421,1.0
0.0,0.0,0.0,0.0,0.0,1.0,0.0,0.868236,1.0,0.028912,0.400476,0.001905,0.356033,0.744737,0.0
0.0,0.0,1.0,0.0,0.0,0.0,0.0,0.014203,0.893617,0.040711,0.433204,0.003467,0.422915,0.414912,0.0
0.0,0.0,0.0,1.0,0.0,0.0,0.0,0.000708,0.085106,0.081122,0.328771,0.003467,0.422915,0.414912,0.0
0.0,0.0,1.0,0.0,0.0,0.0,0.0,0.872085,0.680851,0.028762,0.505653,0.001859,0.542724,0.592982,1.0
0.0,0.0,0.0,1.0,0.0,0.0,0.0,0.42914,0.553191,0.087036,0.609789,0.003467,0.422915,0.414912,1.0
0.0,1.0,0.0,0.0,0.0,0.0,0.0,0.880404,0.659574,0.027261,0.533918,0.001878,0.513206,0.475,0.0
0.0,0.0,1.0,0.0,0.0,0.0,0.0,0.443033,0.553191,0.058965,0.512645,0.00403,0.537286,0.363596,0.0
0.0,1.0,0.0,0.0,0.0,0.0,0.0,0.031724,0.191489,0.05302,0.116186,0.003467,0.422915,0.414912,0.0
0.0,0.0,0.0,0.0,0.0,1.0,0.0,0.912349,0.468085,0.072655,0.523654,0.005033,0.596064,0.307018,0.0
0.0,0.0,0.0,0.0,1.0,0.0,0.0,0.456351,0.234043,0.029813,0.304671,0.00199,0.33972,0.685965,0.0
0.0,0.0,0.0,0.0,0.0,0.0,1.0,0.995443,0.957447,0.084784,0.43975,0.005474,0.313827,0.674561,1.0
1.0,0.0,0.0,0.0,0.0,0.0,0.0,0.451573,0.659574,0.042632,0.577655,0.000976,0.24262,0.835965,1.0
0.0,1.0,0.0,0.0,0.0,0.0,0.0,0.97332,0.744681,0.136994,0.767629,0.009393,0.750647,0.350877,1.0
0.0,0.0,0.0,1.0,0.0,0.0,0.0,0.907659,0.93617,0.060526,0.430973,0.00409,0.43682,0.482895,1.0
0.0,1.0,0.0,0.0,0.0,0.0,0.0,0.871731,0.808511,0.0263,0.420113,0.001668,0.358364,0.775,0.0
0.0,0.0,0.0,1.0,0.0,0.0,0.0,0.022256,0.191489,0.040351,0.119012,0.003467,0.422915,0.414912,0.0
0.0,1.0,0.0,0.0,0.0,0.0,0.0,0.889695,0.744681,0.10547,0.852276,0.006913,0.770067,0.388596,1.0
0.0,0.0,0.0,0.0,0.0,1.0,0.0,0.018627,0.297872,0.070163,0.254537,0.003467,0.422915,0.414912,1.0
0.0,0.0,0.0,0.0,0.0,1.0,0.0,0.026636,0.914894,0.072115,0.294853,0.003467,0.422915,0.414912,1.0
0.0,0.0,0.0,0.0,1.0,0.0,0.0,0.911685,0.93617,0.060826,0.456709,0.003992,0.315898,0.599123,0.0
0.0,0.0,0.0,0.0,0.0,0.0,1.0,0.425291,0.595745,0.075237,0.285183,0.003467,0.422915,0.414912,1.0
0.0,0.0,1.0,0.0,0.0,0.0,0.0,0.867793,0.893617,0.028011,0.440345,0.001043,0.36898,0.661404,0.0
0.0,0.0,0.0,0.0,1.0,0.0,0.0,0.004734,0.829787,0.091059,0.656947,0.003467,0.422915,0.414912,0.0
0.0,0.0,0.0,0.0,0.0,1.0,0.0,0.464714,0.12766,0.0266,0.181047,0.001786,0.225272,0.589474,0.0
0.0,0.0,0.0,1.0,0.0,0.0,0.0,0.009336,0.106383,0.041371,0.3795,0.003467,0.422915,0.414912,0.0
0.0,0.0,1.0,0.0,0.0,0.0,0.0,0.437812,0.617021,0.053951,0.477536,0.003467,0.422915,0.414912,1.0
0.0,0.0,0.0,0.0,0.0,0.0,1.0,0.889297,0.659574,0.027981,0.321333,0.001838,0.367167,0.657895,0.0
1.0,0.0,0.0,0.0,0.0,0.0,0.0,0.424716,0.382979,0.103399,0.491372,0.003467,0.422915,0.414912,1.0
0.0,0.0,1.0,0.0,0.0,0.0,0.0,0.46551,0.12766,0.026,0.133145,0.001749,0.210254,0.618421,0.0
0.0,0.0,0.0,0.0,0.0,1.0,0.0,0.894208,0.021277,0.054521,0.59402,0.00356,0.502848,0.635526,0.0
0.0,0.0,1.0,0.0,0.0,0.0,0.0,0.894695,0.531915,0.085895,0.627492,0.005744,0.664164,0.396053,1.0
0.0,0.0,0.0,1.0,0.0,0.0,0.0,0.018539,0.340426,0.054612,0.481999,0.003467,0.422915,0.414912,1.0
0.0,0.0,0.0,0.0,0.0,1.0,0.0,0.451484,0.361702,0.040351,0.736239,0.002655,0.693423,0.524561,0.0
0.0,0.0,1.0,0.0,0.0,0.0,0.0,0.473209,0.765957,0.043053,0.61321,0.002902,0.345417,0.460965,0.0
0.0,0.0,0.0,0.0,1.0,0.0,0.0,0.885536,0.617021,0.028281,0.477239,0.001992,0.619368,0.293421,0.0
0.0,1.0,0.0,0.0,0.0,0.0,0.0,0.026459,0.680851,0.074817,0.499554,0.003467,0.422915,0.414912,1.0
0.0,0.0,1.0,0.0,0.0,0.0,0.0,0.009292,0.489362,0.106611,0.677179,0.003467,0.422915,0.414912,1.0
0.0,1.0,0.0,0.0,0.0,0.0,0.0,0.446971,0.510638,0.043563,0.415353,0.002923,0.276023,0.729386,1.0
0.0,0.0,0.0,1.0,0.0,0.0,0.0,0.903633,0.829787,0.042422,0.494049,0.002898,0.461419,0.357018,0.0
0.0,0.0,0.0,0.0,0.0,0.0,1.0,0.022388,0.06383,0.057464,0.175543,0.003467,0.422915,0.414912,0.0
0.0,1.0,0.0,0.0,0.0,0.0,0.0,0.438697,0.489362,0.060946,0.518149,0.003467,0.422915,0.414912,1.0
0.0,0.0,0.0,1.0,0.0,0.0,0.0,0.452015,0.93617,0.035127,0.641625,0.002381,0.456758,0.579825,0.0
1.0,0.0,0.0,0.0,0.0,0.0,0.0,0.438034,0.957447,0.049898,0.432461,0.003467,0.422915,0.414912,0.0
0.0,0.0,0.0,0.0,0.0,1.0,0.0,0.022034,0.87234,0.045965,0.284439,0.003467,0.422915,0.414912,0.0
0.0,0.0,0.0,0.0,1.0,0.0,0.0,0.867572,0.744681,0.028522,0.548646,0.001859,0.437856,0.802193,0.0
0.0,0.0,0.0,0.0,1.0,0.0,0.0,0.474227,0.446809,0.027951,0.252306,0.001861,0.127136,0.810088,1.0
0.0,0.0,1.0,0.0,0.0,0.0,0.0,0.868103,0.148936,0.025609,0.12645,0.001674,0.183843,0.857895,0.0
0.0,0.0,0.0,0.0,0.0,0.0,1.0,0.433698,0.914894,0.045034,0.281166,0.003467,0.422915,0.414912,0.0
0.0,0.0,0.0,0.0,0.0,0.0,1.0,0.465378,0.234043,0.020115,0.111276,0.001332,0.140601,0.797368,0.0
0.0,0.0,1.0,0.0,0.0,0.0,0.0,0.469802,0.06383,0.03963,0.202767,0.002688,0.31305,0.37193,0.0
0.0,0.0,0.0,0.0,0.0,0.0,1.0,0.428963,0.0,0.056593,0.240553,0.003467,0.422915,0.414912,0.0
0.0,0.0,0.0,1.0,0.0,0.0,0.0,0.87213,0.531915,0.028822,0.539869,0.001876,0.59218,0.656579,1.0
0.0,1.0,0.0,0.0,0.0,0.0,0.0,0.437768,0.404255,0.062958,0.466528,0.003467,0.422915,0.414912,1.0
0.0,0.0,0.0,0.0,0.0,1.0,0.0,0.880625,0.553191,0.037649,0.291134,0.002306,0.173226,0.90307,0.0
1.0,0.0,0.0,0.0,0.0,0.0,0.0,0.889651,0.191489,0.016783,0.121541,0.001093,0.230451,0.689035,0.0
0.0,0.0,1.0,0.0,0.0,0.0,0.0,0.451352,0.404255,0.040681,0.706784,0.002657,0.629984,0.617982,0.0
1.0,0.0,0.0,0.0,0.0,0.0,0.0,0.876421,0.106383,0.018014,0.103987,0.000839,0.210513,0.841667,0.0
0.0,0.0,0.0,0.0,0.0,1.0,0.0,0.009115,0.319149,0.082263,0.448378,0.003467,0.422915,0.414912,1.0
1.0,0.0,0.0,0.0,0.0,0.0,0.0,0.425645,0.404255,0.086436,0.359714,0.003467,0.422915,0.414912,1.0
0.0,0.0,0.0,0.0,1.0,0.0,0.0,0.430114,0.723404,0.057974,0.437667,0.003467,0.422915,0.414912,0.0
0.0,0.0,1.0,0.0,0.0,0.0,0.0,0.87651,0.212766,0.029272,0.31687,0.001857,0.362506,0.764035,1.0
0.0,1.0,0.0,0.0,0.0,0.0,0.0,0.876466,0.319149,0.029182,0.512645,0.001838,0.50492,0.614912,1.0
1.0,0.0,0.0,0.0,0.0,0.0,0.0,0.868015,0.446809,0.031584,0.354656,0.001043,0.242361,0.814474,0.0
1.0,0.0,0.0,0.0,0.0,0.0,0.0,0.014114,0.595745,0.061217,0.466379,0.003467,0.422915,0.414912,1.0
0.0,0.0,0.0,0.0,0.0,1.0,0.0,0.460997,0.425532,0.033025,0.555192,0.002262,0.488348,0.394298,0.0
0.0,0.0,0.0,1.0,0.0,0.0,0.0,0.87182,0.12766,0.028582,0.150104,0.000829,0.260746,0.697368,1.0
1.0,0.0,0.0,0.0,0.0,0.0,0.0,0.889961,0.148936,0.02597,0.163791,0.001691,0.276023,0.683333,0.0
1.0,0.0,0.0,0.0,0.0,0.0,0.0,0.893677,0.744681,0.077039,0.623624,0.0051,0.513723,0.546053,1.0
0.0,0.0,0.0,0.0,0.0,0.0,1.0,0.009469,0.191489,0.041281,0.130913,0.003467,0.422915,0.414912,0.0
0.0,0.0,0.0,0.0,0.0,0.0,1.0,0.871643,0.957447,0.028732,0.380095,0.00178,0.253237,0.896053,0.0
0.0,0.0,1.0,0.0,0.0,0.0,0.0,0.442724,0.319149,0.068122,0.558465,0.004753,0.511652,0.34693,0.0
0.0,0.0,0.0,0.0,0.0,0.0,1.0,0.867351,0.319149,0.036688,0.344243,0.001356,0.276541,0.776754,1.0
0.0,0.0,0.0,0.0,0.0,0.0,1.0,0.876687,0.12766,0.020896,0.134484,0.001329,0.23304,0.855263,0.0
0.0,0.0,0.0,0.0,1.0,0.0,0.0,0.45113,0.744681,0.106761,0.830259,0.007023,0.707405,0.419298,1.0
1.0,0.0,0.0,0.0,0.0,0.0,0.0,0.876731,0.042553,0.028191,0.182535,0.00183,0.290782,0.677193,0.0
0.0,0.0,0.0,0.0,0.0,1.0,0.0,0.893589,0.425532,0.082202,0.744421,0.005351,0.668307,0.519737,0.0
0.0,0.0,1.0,0.0,0.0,0.0,0.0,0.451971,0.276596,0.05257,0.621244,0.003629,0.463749,0.651754,0.0
0.0,0.0,0.0,0.0,0.0,1.0,0.0,0.451175,0.255319,0.040531,0.421601,0.002678,0.384257,0.585965,0.0
0.0,1.0,0.0,0.0,0.0,0.0,0.0,0.885403,0.276596,0.029212,0.414162,0.001932,0.394096,0.572368,0.0
0.0,0.0,1.0,0.0,0.0,0.0,0.0,0.008672,0.170213,0.042272,0.22776,0.003467,0.422915,0.414912,0.0
0.0,0.0,0.0,0.0,1.0,0.0,0.0,0.867572,0.446809,0.04008,0.68313,0.003012,0.544278,0.660088,1.0
1.0,0.0,0.0,0.0,0.0,0.0,0.0,0.911818,0.851064,0.044073,0.354061,0.002894,0.314086,0.636404,1.0
0.0,0.0,1.0,0.0,0.0,0.0,0.0,0.867174,0.382979,0.041642,0.486314,0.002838,0.364319,0.363596,0.0
0.0,1.0,0.0,0.0,0.0,0.0,0.0,0.902925,0.574468,0.09208,0.483041,0.006292,0.590886,0.444298,1.0
0.0,0.0,0.0,0.0,0.0,1.0,0.0,0.018008,0.276596,0.069653,0.229545,0.003467,0.422915,0.414912,0.0
1.0,0.0,0.0,0.0,0.0,0.0,0.0,0.460157,0.170213,0.021166,0.099524,0.001415,0.136458,0.723684,0.0
0.0,0.0,1.0,0.0,0.0,0.0,0.0,0.46551,0.042553,0.027501,0.245909,0.001876,0.360176,0.425439,0.0
0.0,0.0,0.0,0.0,1.0,0.0,0.0,0.017964,0.021277,0.081002,0.481999,0.003467,0.422915,0.414912,1.0
0.0,0.0,0.0,0.0,1.0,0.0,0.0,0.429185,0.638298,0.102558,0.651889,0.003467,0.422915,0.414912,1.0
1.0,0.0,0.0,0.0,0.0,0.0,0.0,0.030751,1.0,0.095473,0.389021,0.003467,0.422915,0.414912,1.0
0.0,0.0,0.0,0.0,1.0,0.0,0.0,0.017654,0.170213,0.059355,0.195478,0.003467,0.422915,0.414912,0.0
0.0,0.0,1.0,0.0,0.0,0.0,0.0,0.424804,0.978723,0.058394,0.35421,0.003467,0.422915,0.414912,1.0
0.0,0.0,0.0,1.0,0.0,0.0,0.0,0.456307,0.93617,0.034016,0.569325,0.00221,0.44899,0.753509,0.0
0.0,0.0,1.0,0.0,0.0,0.0,0.0,0.022521,0.531915,0.089618,0.508182,0.003467,0.422915,0.414912,1.0
1.0,0.0,0.0,0.0,0.0,0.0,0.0,0.026415,0.638298,0.09208,0.478578,0.003467,0.422915,0.414912,1.0
0.0,0.0,0.0,0.0,1.0,0.0,0.0,0.017964,0.829787,0.076318,0.54701,0.003467,0.422915,0.414912,0.0
0.0,0.0,0.0,0.0,0.0,1.0,0.0,0.893589,0.680851,0.077519,0.644302,0.005096,0.592698,0.589912,0.0
0.0,0.0,0.0,0.0,0.0,0.0,1.0,0.876067,0.170213,0.021016,0.117227,0.000841,0.209736,0.834649,0.0
0.0,0.0,0.0,1.0,0.0,0.0,0.0,0.8935,0.87234,0.087877,0.769711,0.005775,0.5826,0.568421,0.0
0.0,0.0,0.0,0.0,0.0,0.0,1.0,0.438609,0.978723,0.050198,0.318655,0.003467,0.422915,0.414912,0.0
0.0,0.0,0.0,0.0,1.0,0.0,0.0,0.903057,0.191489,0.047676,0.214966,0.002991,0.289228,0.772368,0.0
0.0,0.0,0.0,0.0,1.0,0.0,0.0,0.429185,0.085106,0.056593,0.183279,0.003467,0.422915,0.414912,0.0
0.0,0.0,0.0,0.0,0.0,1.0,0.0,0.000177,0.170213,0.046956,0.11083,0.003467,0.422915,0.414912,0.0
0.0,0.0,1.0,0.0,0.0,0.0,0.0,0.898058,0.829787,0.06569,0.706932,0.004393,0.611341,0.506579,0.0
0.0,0.0,0.0,0.0,0.0,1.0,0.0,0.026946,0.06383,0.059865,0.185957,0.003467,0.422915,0.414912,0.0
0.0,0.0,0.0,0.0,1.0,0.0,0.0,0.013362,0.148936,0.059926,0.283844,0.003467,0.422915,0.414912,0.0
0.0,0.0,0.0,0.0,0.0,0.0,1.0,0.018052,0.510638,0.069713,0.314639,0.003467,0.422915,0.414912,1.0
0.0,0.0,0.0,0.0,1.0,0.0,0.0,0.46436,0.553191,0.031554,0.486314,0.002158,0.474366,0.312281,1.0
1.0,0.0,0.0,0.0,0.0,0.0,0.0,0.425025,0.382979,0.083343,0.479173,0.003467,0.422915,0.414912,1.0
0.0,0.0,0.0,1.0,0.0,0.0,0.0,0.00469,0.680851,0.120151,0.591044,0.003467,0.422915,0.414912,0.0
0.0,0.0,0.0,0.0,0.0,1.0,0.0,0.893589,0.957447,0.062838,0.641327,0.003322,0.44899,0.56886,0.0
0.0,0.0,1.0,0.0,0.0,0.0,0.0,0.88943,0.255319,0.034106,0.369087,0.002243,0.404195,0.626316,0.0
0.0,0.0,0.0,1.0,0.0,0.0,0.0,0.42976,0.680851,0.093461,0.649955,0.003467,0.422915,0.414912,1.0
0.0,1.0,0.0,0.0,0.0,0.0,0.0,0.455909,0.212766,0.032395,0.258108,0.002227,0.221647,0.765789,0.0
0.0,0.0,0.0,0.0,0.0,1.0,0.0,0.442281,0.765957,0.064429,0.495388,0.003467,0.422915,0.414912,1.0
0.0,0.0,0.0,0.0,0.0,0.0,1.0,0.004513,0.510638,0.043833,0.362987,0.003467,0.422915,0.414912,0.0
0.0,0.0,0.0,1.0,0.0,0.0,0.0,0.8935,0.723404,0.153597,0.848408,0.010266,0.735111,0.420614,1.0
0.0,0.0,0.0,0.0,0.0,0.0,1.0,0.45644,0.085106,0.033115,0.363582,0.002262,0.385034,0.317544,0.0
0.0,0.0,0.0,0.0,0.0,1.0,0.0,0.429229,0.340426,0.077369,0.423237,0.003467,0.422915,0.414912,0.0
0.0,0.0,1.0,0.0,0.0,0.0,0.0,0.911907,0.702128,0.047496,0.525439,0.003249,0.535733,0.355263,0.0
0.0,1.0,0.0,0.0,0.0,0.0,0.0,0.442989,0.765957,0.108472,0.735793,0.00716,0.616779,0.592544,1.0
0.0,0.0,0.0,0.0,0.0,0.0,1.0,0.460422,0.212766,0.023628,0.153972,0.001595,0.189021,0.666667,0.0
0.0,0.0,0.0,0.0,1.0,0.0,0.0,0.425512,0.595745,0.062387,0.488991,0.003467,0.422915,0.414912,0.0
0.0,0.0,0.0,0.0,1.0,0.0,0.0,0.889518,0.297872,0.035547,0.554448,0.002468,0.558519,0.289035,0.0
0.0,0.0,1.0,0.0,0.0,0.0,0.0,0.429715,1.0,0.054912,0.386492,0.003467,0.422915,0.414912,0.0
1.0,0.0,0.0,0.0,0.0,0.0,0.0,0.030751,0.340426,0.088807,0.556531,0.003467,0.422915,0.414912,1.0
0.0,0.0,0.0,1.0,0.0,0.0,0.0,0.915667,0.191489,0.045034,0.22404,0.003012,0.255826,0.538596,0.0
0.0,0.0,0.0,0.0,0.0,1.0,0.0,0.451175,0.659574,0.041462,0.576465,0.002742,0.523563,0.459649,0.0
0.0,0.0,0.0,0.0,1.0,0.0,0.0,0.469271,1.0,0.046986,0.410443,0.003103,0.364578,0.486404,0.0
0.0,1.0,0.0,0.0,0.0,0.0,0.0,0.429981,1.0,0.072985,0.396757,0.003467,0.422915,0.414912,1.0
0.0,0.0,0.0,0.0,0.0,0.0,1.0,0.018672,0.595745,0.057464,0.300506,0.003467,0.422915,0.414912,0.0
0.0,0.0,1.0,0.0,0.0,0.0,0.0,0.022521,0.085106,0.045455,0.236239,0.003467,0.422915,0.414912,0.0
0.0,0.0,0.0,0.0,1.0,0.0,0.0,0.491261,0.106383,0.036418,0.222107,0.002509,0.285862,0.334649,0.0
0.0,0.0,0.0,0.0,0.0,0.0,1.0,0.437989,0.382979,0.046806,0.309134,0.003467,0.422915,0.414912,0.0
0.0,0.0,0.0,0.0,1.0,0.0,0.0,0.903057,0.87234,0.049327,0.518298,0.003344,0.499741,0.375,0.0
1.0,0.0,0.0,0.0,0.0,0.0,0.0,0.005177,0.021277,0.042422,0.321035,0.003467,0.422915,0.414912,0.0
0.0,0.0,0.0,0.0,1.0,0.0,0.0,0.000752,0.87234,0.095473,0.480661,0.003467,0.422915,0.414912,1.0
0.0,0.0,0.0,0.0,0.0,0.0,1.0,0.428963,0.297872,0.076348,0.206932,0.003467,0.422915,0.414912,0.0
1.0,0.0,0.0,0.0,0.0,0.0,0.0,0.460157,0.021277,0.025249,0.334127,0.001678,0.32289,0.55307,0.0
0.0,0.0,0.0,1.0,0.0,0.0,0.0,0.881156,0.787234,0.033475,0.578102,0.002273,0.609788,0.529386,1.0
0.0,1.0,0.0,0.0,0.0,0.0,0.0,0.898633,0.106383,0.069953,0.235793,0.004643,0.365873,0.51886,0.0
0.0,0.0,0.0,0.0,0.0,1.0,0.0,0.022344,0.340426,0.070824,0.328622,0.003467,0.422915,0.414912,1.0
0.0,0.0,0.0,0.0,1.0,0.0,0.0,0.45144,0.510638,0.03948,0.617971,0.002673,0.655878,0.471491,0.0
1.0,0.0,0.0,0.0,0.0,0.0,0.0,0.425645,0.170213,0.067641,0.05906,0.003467,0.422915,0.414912,1.0
0.0,0.0,1.0,0.0,0.0,0.0,0.0,0.885448,0.659574,0.029032,0.514281,0.001969,0.523304,0.484211,0.0
0.0,0.0,1.0,0.0,0.0,0.0,0.0,0.022211,1.0,0.047286,0.401517,0.003467,0.422915,0.414912,0.0
0.0,0.0,0.0,0.0,0.0,0.0,1.0,0.000531,0.191489,0.06518,0.073639,0.003467,0.422915,0.414912,0.0
0.0,0.0,0.0,0.0,0.0,1.0,0.0,0.894208,0.851064,0.060226,0.689229,0.004092,0.61652,0.443421,0.0
0.0,0.0,0.0,0.0,0.0,0.0,1.0,0.894562,0.744681,0.093401,0.707676,0.006022,0.582082,0.707018,1.0
1.0,0.0,0.0,0.0,0.0,0.0,0.0,0.875979,0.234043,0.025489,0.102797,0.001666,0.178405,0.728947,0.0
0.0,0.0,0.0,0.0,1.0,0.0,0.0,0.008761,0.702128,0.134682,0.612764,0.003467,0.422915,0.414912,1.0
0.0,1.0,0.0,0.0,0.0,0.0,0.0,0.022787,0.446809,0.096944,0.495091,0.003467,0.422915,0.414912,1.0
0.0,0.0,0.0,0.0,0.0,0.0,1.0,0.893633,0.446809,0.07851,0.635079,0.005012,0.481616,0.749123,1.0
0.0,0.0,0.0,0.0,1.0,0.0,0.0,0.893854,0.446809,0.081632,0.658881,0.005496,0.765924,0.377632,1.0
0.0,0.0,0.0,0.0,1.0,0.0,0.0,0.031238,0.553191,0.074817,0.448527,0.003467,0.422915,0.414912,0.0
0.0,0.0,0.0,0.0,0.0,1.0,0.0,0.876952,0.744681,0.028792,0.450907,0.001955,0.422061,0.498246,0.0
1.0,0.0,0.0,0.0,0.0,0.0,0.0,0.456484,0.06383,0.032515,0.263463,0.002198,0.440704,0.339035,1.0
0.0,0.0,1.0,0.0,0.0,0.0,0.0,0.451971,0.489362,0.038039,0.653079,0.002561,0.601502,0.489035,0.0
0.0,0.0,0.0,0.0,0.0,0.0,1.0,0.026371,0.531915,0.054732,0.263612,0.003467,0.422915,0.414912,0.0
0.0,0.0,0.0,0.0,1.0,0.0,0.0,0.907393,0.297872,0.064549,0.412229,0.004433,0.477991,0.362719,1.0
0.0,0.0,0.0,1.0,0.0,0.0,0.0,0.907659,0.574468,0.044434,0.472478,0.003047,0.553858,0.337719,0.0
1.0,0.0,0.0,0.0,0.0,0.0,0.0,0.027344,1.0,0.062447,0.38069,0.003467,0.422915,0.414912,0.0
0.0,0.0,0.0,0.0,1.0,0.0,0.0,0.907393,0.340426,0.089378,0.478429,0.006122,0.569394,0.354825,1.0
0.0,0.0,0.0,1.0,0.0,0.0,0.0,0.44706,0.617021,0.043653,0.530943,0.003033,0.592698,0.369298,0.0
0.0,0.0,1.0,0.0,0.0,0.0,0.0,0.893766,0.87234,0.05233,0.680601,0.003542,0.559037,0.465789,0.0
0.0,1.0,0.0,0.0,0.0,0.0,0.0,0.446662,0.106383,0.021586,0.232074,0.001413,0.322113,0.60307,0.0
0.0,1.0,0.0,0.0,0.0,0.0,0.0,0.031724,0.659574,0.099526,0.511009,0.003467,0.422915,0.414912,1.0
0.0,0.0,0.0,0.0,0.0,0.0,1.0,0.872572,0.340426,0.034676,0.447188,0.002056,0.338426,0.829386,1.0
0.0,1.0,0.0,0.0,0.0,0.0,0.0,0.026769,0.978723,0.087276,0.417584,0.003467,0.422915,0.414912,1.0
0.0,0.0,0.0,0.0,0.0,0.0,1.0,0.903146,0.93617,0.087006,0.332937,0.005818,0.299068,0.537719,1.0
0.0,0.0,1.0,0.0,0.0,0.0,0.0,0.912216,0.93617,0.064039,0.449717,0.004304,0.288711,0.478947,0.0
0.0,0.0,1.0,0.0,0.0,0.0,0.0,0.889739,0.595745,0.033535,0.566944,0.002385,0.664423,0.185526,0.0
1.0,0.0,0.0,0.0,0.0,0.0,0.0,0.9035,0.574468,0.027561,0.262719,0.001749,0.167012,0.858772,0.0
0.0,0.0,0.0,0.0,0.0,0.0,1.0,0.907482,0.744681,0.074847,0.347962,0.004979,0.386328,0.579386,1.0
0.0,0.0,0.0,0.0,0.0,1.0,0.0,0.022344,0.680851,0.06563,0.264058,0.003467,0.422915,0.414912,1.0
1.0,0.0,0.0,0.0,0.0,0.0,0.0,0.000885,0.148936,0.081122,0.144749,0.003467,0.422915,0.414912,0.0
0.0,0.0,0.0,0.0,0.0,1.0,0.0,0.008805,0.595745,0.041582,0.358227,0.003467,0.422915,0.414912,0.0
0.0,0.0,0.0,0.0,1.0,0.0,0.0,0.017964,0.212766,0.071484,0.209164,0.003467,0.422915,0.414912,0.0
0.0,0.0,1.0,0.0,0.0,0.0,0.0,0.000664,0.574468,0.124835,0.489884,0.003467,0.422915,0.414912,1.0
0.0,0.0,0.0,0.0,0.0,0.0,1.0,0.907792,0.340426,0.042993,0.369682,0.00284,0.315122,0.637281,0.0
0.0,0.0,1.0,0.0,0.0,0.0,0.0,0.437812,0.957447,0.044134,0.388575,0.003467,0.422915,0.414912,0.0
0.0,0.0,1.0,0.0,0.0,0.0,0.0,0.88943,0.829787,0.035547,0.686998,0.002447,0.624288,0.360526,1.0
0.0,0.0,0.0,1.0,0.0,0.0,0.0,0.425468,0.234043,0.09229,0.342309,0.003467,0.422915,0.414912,0.0
0.0,0.0,0.0,0.0,0.0,0.0,1.0,0.876687,0.659574,0.030863,0.504463,0.001957,0.379855,0.715789,1.0
0.0,0.0,0.0,1.0,0.0,0.0,0.0,0.451086,0.978723,0.05305,0.606813,0.002711,0.521491,0.489912,1.0
1.0,0.0,0.0,0.0,0.0,0.0,0.0,0.893987,0.638298,0.035517,0.357632,0.001776,0.331176,0.838158,0.0
0.0,0.0,1.0,0.0,0.0,0.0,0.0,0.446706,0.595745,0.07947,0.570812,0.005557,0.569135,0.296053,1.0
0.0,0.0,1.0,0.0,0.0,0.0,0.0,0.005265,0.361702,0.079711,0.614847,0.003467,0.422915,0.414912,0.0
0.0,1.0,0.0,0.0,0.0,0.0,0.0,0.0,0.851064,0.041041,0.446296,0.003467,0.422915,0.414912,0.0
0.0,1.0,0.0,0.0,0.0,0.0,0.0,0.464537,0.489362,0.073586,0.34573,0.004938,0.477214,0.515351,1.0
0.0,0.0,0.0,0.0,1.0,0.0,0.0,0.026592,0.361702,0.119491,0.550878,0.003467,0.422915,0.414912,1.0
0.0,0.0,0.0,0.0,0.0,1.0,0.0,0.465643,0.425532,0.064999,0.60607,0.004468,0.522786,0.509649,1.0
0.0,0.0,0.0,0.0,0.0,1.0,0.0,0.464714,0.021277,0.030143,0.418328,0.002081,0.338685,0.432456,0.0
0.0,0.0,0.0,0.0,0.0,1.0,0.0,0.455776,0.340426,0.051159,0.641029,0.003506,0.669601,0.439035,1.0
0.0,0.0,1.0,0.0,0.0,0.0,0.0,0.465201,0.553191,0.066711,0.469354,0.004622,0.509581,0.161404,1.0
0.0,0.0,0.0,0.0,0.0,0.0,1.0,0.428963,0.531915,0.068242,0.325796,0.003467,0.422915,0.414912,0.0
0.0,0.0,0.0,0.0,1.0,0.0,0.0,0.911685,0.170213,0.042332,0.186254,0.002811,0.251424,0.578947,0.0
0.0,0.0,0.0,0.0,1.0,0.0,0.0,0.867263,0.319149,0.031434,0.426064,0.002127,0.360953,0.561842,0.0
0.0,0.0,0.0,0.0,1.0,0.0,0.0,0.02199,0.808511,0.048487,0.437965,0.003467,0.422915,0.414912,0.0
1.0,0.0,0.0,0.0,0.0,0.0,0.0,0.867086,0.319149,0.027681,0.226123,0.001847,0.078198,0.79693,0.0
0.0,0.0,0.0,0.0,0.0,1.0,0.0,0.460378,0.574468,0.031314,0.470247,0.002192,0.4855,0.290789,0.0
0.0,1.0,0.0,0.0,0.0,0.0,0.0,0.898323,0.723404,0.056353,0.63136,0.003749,0.606422,0.561404,0.0
0.0,0.0,0.0,0.0,0.0,0.0,1.0,0.902526,0.595745,0.030383,0.349896,0.002005,0.340497,0.525877,0.0
0.0,1.0,0.0,0.0,0.0,0.0,0.0,0.894031,0.446809,0.081182,0.70961,0.005368,0.728379,0.499123,1.0
0.0,0.0,0.0,0.0,0.0,0.0,1.0,0.425601,0.12766,0.055242,0.063374,0.003467,0.422915,0.414912,0.0
0.0,0.0,0.0,0.0,0.0,1.0,0.0,0.017698,0.765957,0.047466,0.497917,0.003467,0.422915,0.414912,0.0
0.0,0.0,0.0,0.0,0.0,0.0,1.0,0.45644,0.851064,0.032815,0.452841,0.002223,0.435785,0.417544,1.0
0.0,1.0,0.0,0.0,0.0,0.0,0.0,0.009557,0.042553,0.041732,0.52172,0.003467,0.422915,0.414912,0.0
0.0,0.0,1.0,0.0,0.0,0.0,0.0,0.877129,0.276596,0.036478,0.438411,0.002416,0.368721,0.446491,0.0
1.0,0.0,0.0,0.0,0.0,0.0,0.0,0.014114,0.87234,0.071304,0.56382,0.003467,0.422915,0.414912,1.0
0.0,0.0,0.0,1.0,0.0,0.0,0.0,0.001018,0.468085,0.043983,0.536001,0.003467,0.422915,0.414912,0.0
0.0,1.0,0.0,0.0,0.0,0.0,0.0,0.477988,0.042553,0.027981,0.207825,0.001903,0.326515,0.375439,1.0
0.0,0.0,0.0,0.0,0.0,0.0,1.0,0.889607,0.0,0.044554,0.524993,0.002995,0.435526,0.603509,1.0
0.0,1.0,0.0,0.0,0.0,0.0,0.0,0.031105,0.297872,0.06584,0.441982,0.003467,0.422915,0.414912,0.0
0.0,0.0,0.0,1.0,0.0,0.0,0.0,0.434494,0.425532,0.055842,0.517703,0.003467,0.422915,0.414912,1.0
0.0,0.0,0.0,1.0,0.0,0.0,0.0,0.898721,0.170213,0.055632,0.224189,0.003606,0.332211,0.704825,0.0
0.0,0.0,0.0,0.0,0.0,1.0,0.0,0.433963,0.553191,0.047286,0.344094,0.003467,0.422915,0.414912,0.0
0.0,0.0,0.0,0.0,0.0,1.0,0.0,0.912349,0.93617,0.072055,0.444957,0.004813,0.303988,0.532456,1.0
0.0,0.0,0.0,0.0,0.0,1.0,0.0,0.871599,0.702128,0.027681,0.631657,0.001822,0.627654,0.590351,0.0
0.0,0.0,0.0,0.0,0.0,0.0,1.0,0.9158,0.212766,0.042993,0.189973,0.002904,0.211548,0.484649,0.0
0.0,0.0,1.0,0.0,0.0,0.0,0.0,4.4e-05,0.489362,0.044374,0.486909,0.003467,0.422915,0.414912,0.0
0.0,0.0,0.0,0.0,1.0,0.0,0.0,0.460953,0.276596,0.058304,0.501934,0.003934,0.372605,0.53114,0.0
0.0,0.0,0.0,0.0,0.0,1.0,0.0,0.872218,0.276596,0.033325,0.475751,0.002216,0.559296,0.634211,0.0
0.0,0.0,0.0,0.0,1.0,0.0,0.0,0.014291,0.595745,0.089558,0.598483,0.003467,0.422915,0.414912,1.0
0.0,0.0,0.0,0.0,1.0,0.0,0.0,0.424583,0.042553,0.055242,0.175245,0.003467,0.422915,0.414912,1.0
0.0,1.0,0.0,0.0,0.0,0.0,0.0,0.469758,0.510638,0.069353,0.609045,0.004778,0.579492,0.35614,1.0
0.0,0.0,0.0,0.0,1.0,0.0,0.0,0.907393,0.361702,0.089378,0.479917,0.00614,0.570171,0.327193,1.0
1.0,0.0,0.0,0.0,0.0,0.0,0.0,0.429008,0.446809,0.090068,0.532282,0.003467,0.422915,0.414912,1.0
0.0,0.0,0.0,1.0,0.0,0.0,0.0,0.44737,0.148936,0.014561,0.270902,0.000931,0.292853,0.682456,0.0
0.0,0.0,0.0,0.0,1.0,0.0,0.0,0.880271,0.829787,0.0399,0.509075,0.002821,0.495339,0.205702,0.0
0.0,0.0,0.0,1.0,0.0,0.0,0.0,0.87213,0.851064,0.028191,0.409253,0.001207,0.443035,0.747807,1.0
0.0,0.0,1.0,0.0,0.0,0.0,0.0,0.87589,0.787234,0.034526,0.539423,0.002291,0.564733,0.60307,0.0
0.0,1.0,0.0,0.0,0.0,0.0,0.0,0.429981,0.702128,0.06644,0.539572,0.003467,0.422915,0.414912,0.0
0.0,0.0,0.0,1.0,0.0,0.0,0.0,0.881465,0.765957,0.029272,0.608301,0.001965,0.702486,0.15307,1.0
0.0,0.0,0.0,0.0,1.0,0.0,0.0,0.027521,0.787234,0.05215,0.373847,0.003467,0.422915,0.414912,0.0
0.0,0.0,0.0,0.0,0.0,1.0,0.0,0.451175,0.914894,0.040981,0.582118,0.002686,0.442258,0.585965,0.0
0.0,1.0,0.0,0.0,0.0,0.0,0.0,0.017521,0.446809,0.080581,0.585689,0.003467,0.422915,0.414912,0.0
0.0,1.0,0.0,0.0,0.0,0.0,0.0,0.014159,0.744681,0.090999,0.652931,0.003467,0.422915,0.414912,1.0
0.0,0.0,0.0,1.0,0.0,0.0,0.0,0.018229,0.276596,0.046866,0.388872,0.003467,0.422915,0.414912,0.0
0.0,1.0,0.0,0.0,0.0,0.0,0.0,0.46082,0.829787,0.056593,0.598036,0.003926,0.474625,0.202193,1.0
0.0,0.0,0.0,1.0,0.0,0.0,0.0,0.464316,0.361702,0.029903,0.458048,0.002007,0.508027,0.360088,1.0
0.0,1.0,0.0,0.0,0.0,0.0,0.0,0.876775,0.531915,0.06539,0.791282,0.004333,0.629984,0.500439,1.0
0.0,0.0,0.0,0.0,1.0,0.0,0.0,0.460643,0.87234,0.036027,0.540018,0.00243,0.469187,0.554825,0.0
0.0,0.0,0.0,0.0,0.0,1.0,0.0,0.447768,0.170213,0.0,0.253496,0.0,0.249612,0.449123,0.0
0.0,0.0,0.0,0.0,0.0,1.0,0.0,0.872218,0.234043,0.030293,0.384112,0.001219,0.402382,0.808772,0.0
0.0,0.0,0.0,0.0,0.0,0.0,1.0,0.438299,0.659574,0.066861,0.275513,0.003467,0.422915,0.414912,1.0
0.0,0.0,0.0,0.0,0.0,1.0,0.0,0.443166,0.340426,0.069623,0.564415,0.004659,0.554635,0.476754,1.0
0.0,1.0,0.0,0.0,0.0,0.0,0.0,0.911243,0.0,0.042422,0.283547,0.002788,0.3203,0.624123,1.0
0.0,0.0,0.0,0.0,1.0,0.0,0.0,0.425202,0.680851,0.062387,0.429783,0.003467,0.422915,0.414912,0.0
0.0,0.0,0.0,0.0,0.0,1.0,0.0,0.469935,0.06383,0.033175,0.25305,0.002241,0.326256,0.556579,0.0
1.0,0.0,0.0,0.0,0.0,0.0,0.0,0.027344,0.87234,0.062447,0.348706,0.003467,0.422915,0.414912,0.0
0.0,0.0,0.0,0.0,1.0,0.0,0.0,0.447724,0.638298,0.042272,0.608747,0.002933,0.592698,0.35307,0.0
0.0,0.0,0.0,0.0,0.0,1.0,0.0,0.009424,0.234043,0.041642,0.184469,0.003467,0.422915,0.414912,0.0
0.0,0.0,1.0,0.0,0.0,0.0,0.0,0.459935,0.680851,0.048037,0.527224,0.003307,0.505179,0.214912,0.0
0.0,0.0,0.0,1.0,0.0,0.0,0.0,0.00438,0.851064,0.045394,0.599375,0.003467,0.422915,0.414912,0.0
0.0,0.0,0.0,0.0,0.0,1.0,0.0,0.8985,0.87234,0.075838,0.52767,0.00517,0.533143,0.337281,0.0
0.0,1.0,0.0,0.0,0.0,0.0,0.0,0.465466,0.255319,0.045154,0.364475,0.00311,0.426463,0.317105,1.0
1.0,0.0,0.0,0.0,0.0,0.0,0.0,0.894297,0.744681,0.0792,0.642071,0.005181,0.516572,0.594298,1.0
0.0,0.0,0.0,0.0,1.0,0.0,0.0,0.876289,0.765957,0.033656,0.55177,0.002216,0.673226,0.562719,1.0
0.0,1.0,0.0,0.0,0.0,0.0,0.0,0.004911,0.276596,0.099766,0.479917,0.003467,0.422915,0.414912,1.0
0.0,0.0,0.0,0.0,1.0,0.0,0.0,0.429804,0.914894,0.070584,0.429932,0.003467,0.422915,0.414912,0.0
0.0,0.0,0.0,0.0,0.0,0.0,1.0,0.031945,0.404255,0.074817,0.265248,0.003467,0.422915,0.414912,1.0
1.0,0.0,0.0,0.0,0.0,0.0,0.0,0.023052,0.87234,0.076378,0.335317,0.003467,0.422915,0.414912,0.0
0.0,1.0,0.0,0.0,0.0,0.0,0.0,0.86713,0.787234,0.029422,0.3554,0.002065,0.227602,0.467105,0.0
0.0,0.0,0.0,1.0,0.0,0.0,0.0,0.907969,0.680851,0.042602,0.45299,0.003434,0.540911,0.321491,0.0
0.0,0.0,0.0,1.0,0.0,0.0,0.0,0.013008,0.574468,0.041732,0.514579,0.003467,0.422915,0.414912,0.0
0.0,0.0,0.0,1.0,0.0,0.0,0.0,0.451086,0.042553,0.041882,0.522315,0.00279,0.525117,0.522368,0.0
0.0,0.0,1.0,0.0,0.0,0.0,0.0,0.442414,0.574468,0.075207,0.515918,0.005303,0.538063,0.500526,1.0
1.0,0.0,0.0,0.0,0.0,0.0,0.0,0.022433,0.0,0.047526,0.274323,0.003467,0.422915,0.414912,0.0
0.0,0.0,1.0,0.0,0.0,0.0,0.0,0.868103,0.06383,0.028642,0.165129,0.001897,0.283791,0.738158,0.0
0.0,0.0,0.0,0.0,1.0,0.0,0.0,0.022919,0.829787,0.047496,0.414609,0.003467,0.422915,0.414912,0.0
0.0,0.0,0.0,0.0,1.0,0.0,0.0,0.876289,0.106383,0.020055,0.156204,0.00098,0.300104,0.835088,0.0
0.0,0.0,0.0,1.0,0.0,0.0,0.0,0.87151,0.957447,0.029542,0.455519,0.001674,0.330399,0.919737,0.0
0.0,0.0,1.0,0.0,0.0,0.0,0.0,0.473519,0.361702,0.02591,0.595954,0.00178,0.537286,0.374561,0.0
0.0,0.0,0.0,0.0,0.0,1.0,0.0,0.000177,0.12766,0.046956,0.152633,0.003467,0.422915,0.414912,0.0
0.0,0.0,0.0,0.0,0.0,0.0,1.0,0.903456,0.510638,0.044314,0.379946,0.002862,0.242361,0.759649,0.0
0.0,0.0,0.0,0.0,1.0,0.0,0.0,0.031238,0.680851,0.102018,0.423981,0.003467,0.422915,0.414912,1.0
0.0,0.0,1.0,0.0,0.0,0.0,0.0,0.469183,0.148936,0.027861,0.131062,0.001816,0.191093,0.767105,0.0
0.0,1.0,0.0,0.0,0.0,0.0,0.0,0.912482,0.212766,0.062838,0.294853,0.004373,0.301657,0.547368,1.0
1.0,0.0,0.0,0.0,0.0,0.0,0.0,0.90288,0.446809,0.053771,0.376971,0.002923,0.270067,0.835965,0.0
0.0,0.0,1.0,0.0,0.0,0.0,0.0,0.87682,0.978723,0.028822,0.430229,0.001712,0.363024,0.55614,0.0
0.0,0.0,0.0,0.0,0.0,1.0,0.0,0.005088,0.829787,0.075267,0.510562,0.003467,0.422915,0.414912,1.0
1.0,0.0,0.0,0.0,0.0,0.0,0.0,0.451573,0.680851,0.042152,0.611871,0.000976,0.249353,0.835965,1.0
1.0,0.0,0.0,0.0,0.0,0.0,0.0,0.455865,0.255319,0.029663,0.207825,0.001695,0.158985,0.897368,0.0
1.0,0.0,0.0,0.0,0.0,0.0,0.0,0.03137,0.829787,0.103008,0.494793,0.003467,0.422915,0.414912,1.0
0.0,0.0,0.0,0.0,0.0,0.0,1.0,0.000221,0.212766,0.063889,0.064267,0.003467,0.422915,0.414912,1.0
0.0,0.0,0.0,0.0,0.0,0.0,1.0,0.005442,0.744681,0.077999,0.587771,0.003467,0.422915,0.414912,1.0
0.0,0.0,0.0,0.0,0.0,1.0,0.0,0.915756,0.723404,0.07893,0.482594,0.005347,0.460383,0.362281,1.0
0.0,0.0,0.0,1.0,0.0,0.0,0.0,0.469227,0.106383,0.027891,0.155311,0.00183,0.236406,0.696053,0.0
1.0,0.0,0.0,0.0,0.0,0.0,0.0,0.90288,0.723404,0.056413,0.291431,0.00365,0.378042,0.654386,1.0
0.0,0.0,1.0,0.0,0.0,0.0,0.0,0.894075,0.829787,0.080942,0.805713,0.005492,0.703263,0.410088,1.0
0.0,0.0,0.0,0.0,0.0,1.0,0.0,0.880934,0.765957,0.028942,0.528117,0.001942,0.544278,0.544737,1.0
0.0,0.0,0.0,0.0,0.0,0.0,1.0,0.434317,0.723404,0.046625,0.336209,0.003467,0.422915,0.414912,0.0
1.0,0.0,0.0,0.0,0.0,0.0,0.0,0.447237,0.234043,0.006725,0.170783,0.000378,0.142672,0.611404,0.0
0.0,1.0,0.0,0.0,0.0,0.0,0.0,0.031724,0.042553,0.05302,0.175543,0.003467,0.422915,0.414912,0.0
0.0,0.0,0.0,0.0,0.0,1.0,0.0,0.009734,0.914894,0.040741,0.424278,0.003467,0.422915,0.414912,0.0
0.0,0.0,0.0,0.0,0.0,0.0,1.0,0.872572,0.744681,0.032905,0.367004,0.002009,0.291818,0.875,0.0
0.0,1.0,0.0,0.0,0.0,0.0,0.0,0.46082,0.87234,0.04005,0.541357,0.002781,0.431901,0.266228,0.0
0.0,0.0,0.0,0.0,1.0,0.0,0.0,0.456661,0.212766,0.024228,0.274769,0.001597,0.276282,0.87807,0.0
0.0,0.0,0.0,0.0,0.0,0.0,1.0,0.009469,0.702128,0.063949,0.459833,0.003467,0.422915,0.414912,1.0
0.0,0.0,0.0,0.0,0.0,0.0,1.0,0.429273,0.170213,0.067551,0.094168,0.003467,0.422915,0.414912,0.0
0.0,0.0,1.0,0.0,0.0,0.0,0.0,0.885138,0.531915,0.033776,0.501934,0.002368,0.562403,0.234211,0.0
0.0,0.0,0.0,1.0,0.0,0.0,0.0,0.903633,0.93617,0.043563,0.41208,0.00291,0.298032,0.544737,0.0
0.0,0.0,0.0,0.0,0.0,0.0,1.0,0.995443,0.851064,0.042843,0.481702,0.002765,0.378819,0.773246,1.0
0.0,0.0,1.0,0.0,0.0,0.0,0.0,0.429715,0.829787,0.057854,0.49033,0.003467,0.422915,0.414912,0.0
0.0,0.0,0.0,0.0,0.0,1.0,0.0,0.022344,0.531915,0.072475,0.347069,0.003467,0.422915,0.414912,1.0
0.0,0.0,0.0,1.0,0.0,0.0,0.0,0.031813,0.170213,0.055242,0.001488,0.003467,0.422915,0.414912,0.0
0.0,0.0,0.0,0.0,0.0,1.0,0.0,0.005398,0.361702,0.107542,0.562779,0.003467,0.422915,0.414912,1.0
1.0,0.0,0.0,0.0,0.0,0.0,0.0,0.912128,0.021277,0.042963,0.215561,0.002873,0.314086,0.494737,0.0
0.0,0.0,0.0,0.0,1.0,0.0,0.0,0.437901,0.553191,0.072085,0.504017,0.003467,0.422915,0.414912,1.0
1.0,0.0,0.0,0.0,0.0,0.0,0.0,0.433432,0.042553,0.041431,0.145641,0.003467,0.422915,0.414912,0.0
0.0,0.0,0.0,1.0,0.0,0.0,0.0,0.87213,0.659574,0.028221,0.554002,0.001791,0.635681,0.684649,1.0
0.0,0.0,0.0,1.0,0.0,0.0,0.0,0.455688,0.680851,0.036147,0.561886,0.002476,0.603573,0.496053,0.0
0.0,0.0,0.0,0.0,1.0,0.0,0.0,0.43852,0.106383,0.056323,0.208123,0.003467,0.422915,0.414912,0.0
1.0,0.0,0.0,0.0,0.0,0.0,0.0,0.461086,0.297872,0.024799,0.153823,0.001664,0.081046,0.671053,0.0
0.0,1.0,0.0,0.0,0.0,0.0,0.0,0.438078,0.361702,0.068362,0.477983,0.003467,0.422915,0.414912,0.0
0.0,1.0,0.0,0.0,0.0,0.0,0.0,0.018451,0.787234,0.048577,0.541803,0.003467,0.422915,0.414912,0.0
0.0,0.0,0.0,0.0,1.0,0.0,0.0,0.438211,0.255319,0.062357,0.30839,0.003467,0.422915,0.414912,0.0
0.0,0.0,1.0,0.0,0.0,0.0,0.0,0.877129,0.382979,0.051789,0.593425,0.003606,0.518125,0.230702,1.0
0.0,0.0,1.0,0.0,0.0,0.0,0.0,0.438122,0.085106,0.046836,0.276406,0.003467,0.422915,0.414912,0.0
0.0,0.0,0.0,0.0,0.0,0.0,1.0,0.880359,0.12766,0.041311,0.152187,0.002777,0.221388,0.449561,0.0
0.0,0.0,0.0,1.0,0.0,0.0,0.0,0.469227,0.787234,0.031314,0.447783,0.002086,0.328068,0.573246,0.0
0.0,0.0,0.0,0.0,0.0,0.0,1.0,0.031636,0.021277,0.051909,0.159179,0.003467,0.422915,0.414912,0.0
0.0,1.0,0.0,0.0,0.0,0.0,0.0,0.456219,0.106383,0.033596,0.204999,0.00216,0.34956,0.69693,1.0
0.0,0.0,0.0,1.0,0.0,0.0,0.0,0.87182,0.319149,0.02687,0.509521,0.001712,0.593216,0.663158,0.0
0.0,0.0,1.0,0.0,0.0,0.0,0.0,0.890359,0.234043,0.062898,0.361053,0.002678,0.370792,0.619298,1.0
0.0,0.0,0.0,0.0,1.0,0.0,0.0,0.889208,0.723404,0.031824,0.640881,0.002223,0.584671,0.377193,1.0
0.0,0.0,0.0,0.0,0.0,0.0,1.0,0.437989,0.851064,0.056023,0.341267,0.003467,0.422915,0.414912,1.0
0.0,0.0,0.0,0.0,1.0,0.0,0.0,0.88151,0.829787,0.027231,0.495537,0.001828,0.576126,0.376754,0.0
0.0,0.0,0.0,1.0,0.0,0.0,0.0,0.881465,0.87234,0.027981,0.46385,0.001932,0.526152,0.440789,0.0
0.0,0.0,0.0,0.0,1.0,0.0,0.0,0.018583,0.808511,0.046746,0.477834,0.003467,0.422915,0.414912,0.0
0.0,0.0,1.0,0.0,0.0,0.0,0.0,0.430025,0.595745,0.095743,0.62169,0.003467,0.422915,0.414912,1.0
0.0,0.0,1.0,0.0,0.0,0.0,0.0,0.456263,0.553191,0.035727,0.518149,0.002416,0.592439,0.446053,0.0
0.0,0.0,0.0,0.0,1.0,0.0,0.0,0.443122,0.808511,0.070464,0.604136,0.004744,0.55101,0.459211,1.0
0.0,0.0,1.0,0.0,0.0,0.0,0.0,0.911907,0.595745,0.049778,0.523654,0.003384,0.536769,0.387281,0.0
0.0,0.0,1.0,0.0,0.0,0.0,0.0,0.977744,0.148936,0.034706,0.244273,0.002246,0.356551,0.741228,0.0
0.0,0.0,1.0,0.0,0.0,0.0,0.0,0.867174,0.340426,0.037348,0.469949,0.002551,0.351631,0.348684,0.0
0.0,0.0,0.0,0.0,0.0,0.0,1.0,0.907792,0.489362,0.042512,0.389021,0.002827,0.362248,0.574123,0.0
0.0,0.0,0.0,0.0,1.0,0.0,0.0,0.890138,0.510638,0.061367,0.691015,0.004333,0.734852,0.255702,0.0
0.0,0.0,0.0,0.0,1.0,0.0,0.0,0.912305,0.446809,0.074186,0.535406,0.005098,0.654583,0.290789,1.0
0.0,1.0,0.0,0.0,0.0,0.0,0.0,0.875846,0.93617,0.031134,0.444808,0.00124,0.321595,0.813158,0.0
1.0,0.0,0.0,0.0,0.0,0.0,0.0,0.031061,0.829787,0.062838,0.410741,0.003467,0.422915,0.414912,0.0
0.0,0.0,1.0,0.0,0.0,0.0,0.0,0.424494,0.042553,0.080611,0.171229,0.003467,0.422915,0.414912,1.0
0.0,1.0,0.0,0.0,0.0,0.0,0.0,0.425689,0.723404,0.062387,0.469354,0.003467,0.422915,0.414912,0.0
0.0,0.0,0.0,0.0,0.0,0.0,1.0,0.9158,0.787234,0.051249,0.336061,0.00349,0.294925,0.424123,0.0
1.0,0.0,0.0,0.0,0.0,0.0,0.0,0.880404,0.361702,0.032755,0.316424,0.002059,0.191869,0.770614,0.0
1.0,0.0,0.0,0.0,0.0,0.0,0.0,0.47405,0.468085,0.044914,0.505802,0.002987,0.341792,0.698684,1.0
1.0,0.0,0.0,0.0,0.0,0.0,0.0,0.014114,0.957447,0.061217,0.508331,0.003467,0.422915,0.414912,1.0
0.0,0.0,0.0,0.0,0.0,0.0,1.0,0.031016,0.574468,0.074817,0.219429,0.003467,0.422915,0.414912,1.0
0.0,0.0,0.0,1.0,0.0,0.0,0.0,0.881156,0.829787,0.028792,0.49643,0.001936,0.545313,0.535088,0.0
0.0,0.0,1.0,0.0,0.0,0.0,0.0,0.009601,0.87234,0.041732,0.619607,0.003467,0.422915,0.414912,0.0
0.0,0.0,1.0,0.0,0.0,0.0,0.0,0.451971,0.404255,0.059715,0.79039,0.003984,0.658985,0.486842,0.0
0.0,0.0,0.0,1.0,0.0,0.0,0.0,0.031503,0.021277,0.056713,0.31449,0.003467,0.422915,0.414912,0.0
0.0,1.0,0.0,0.0,0.0,0.0,0.0,0.018451,0.404255,0.056923,0.53258,0.003467,0.422915,0.414912,0.0
0.0,0.0,1.0,0.0,0.0,0.0,0.0,0.881111,0.851064,0.029512,0.460875,0.002015,0.474625,0.451754,0.0
0.0,0.0,0.0,1.0,0.0,0.0,0.0,0.022875,0.382979,0.087336,0.491967,0.003467,0.422915,0.414912,1.0
1.0,0.0,0.0,0.0,0.0,0.0,0.0,0.009203,0.93617,0.081632,0.656799,0.003467,0.422915,0.414912,1.0
0.0,0.0,1.0,0.0,0.0,0.0,0.0,0.894695,0.93617,0.148493,0.690122,0.009898,0.539099,0.652193,1.0
1.0,0.0,0.0,0.0,0.0,0.0,0.0,0.013495,0.702128,0.051759,0.501488,0.003467,0.422915,0.414912,0.0
0.0,0.0,0.0,0.0,0.0,0.0,1.0,0.902836,0.276596,0.036688,0.235198,0.002389,0.240808,0.710965,0.0
0.0,0.0,0.0,0.0,0.0,0.0,1.0,0.013451,0.468085,0.071905,0.43975,0.003467,0.422915,0.414912,0.0
0.0,0.0,0.0,0.0,0.0,1.0,0.0,0.915756,0.170213,0.044254,0.205891,0.002933,0.246763,0.587281,0.0
0.0,0.0,1.0,0.0,0.0,0.0,0.0,0.439051,0.191489,0.044824,0.156501,0.003467,0.422915,0.414912,0.0
1.0,0.0,0.0,0.0,0.0,0.0,0.0,0.460776,0.531915,0.030293,0.372806,0.002073,0.181512,0.483772,0.0
0.0,1.0,0.0,0.0,0.0,0.0,0.0,0.009867,0.808511,0.041732,0.717792,0.003467,0.422915,0.414912,0.0
0.0,0.0,0.0,0.0,0.0,1.0,0.0,0.908057,0.680851,0.047886,0.483041,0.003274,0.489384,0.313158,0.0
0.0,1.0,0.0,0.0,0.0,0.0,0.0,0.026769,0.595745,0.05221,0.463404,0.003467,0.422915,0.414912,0.0
0.0,0.0,0.0,0.0,0.0,1.0,0.0,0.424937,0.170213,0.055242,0.078102,0.003467,0.422915,0.414912,0.0
0.0,0.0,0.0,0.0,0.0,1.0,0.0,0.903411,0.148936,0.027981,0.192502,0.001826,0.309684,0.728947,0.0
0.0,0.0,0.0,0.0,0.0,1.0,0.0,0.866997,0.808511,0.029813,0.432461,0.002005,0.231227,0.762281,0.0
0.0,0.0,0.0,0.0,0.0,0.0,1.0,0.474315,0.595745,0.024919,0.231627,0.001606,0.141636,0.876316,0.0
0.0,0.0,1.0,0.0,0.0,0.0,0.0,0.461174,0.978723,0.029663,0.457899,0.001971,0.444847,0.317544,1.0
0.0,0.0,0.0,0.0,1.0,0.0,0.0,0.017964,0.404255,0.121352,0.587771,0.003467,0.422915,0.414912,1.0
0.0,0.0,1.0,0.0,0.0,0.0,0.0,0.468873,0.212766,0.02651,0.286224,0.001764,0.13594,0.617544,0.0
1.0,0.0,0.0,0.0,0.0,0.0,0.0,0.898589,0.87234,0.096463,0.613062,0.006151,0.445365,0.493421,1.0
0.0,0.0,0.0,1.0,0.0,0.0,0.0,0.008716,0.106383,0.077609,0.352127,0.003467,0.422915,0.414912,0.0
0.0,0.0,0.0,0.0,0.0,1.0,0.0,0.894208,0.106383,0.048247,0.400476,0.003124,0.489125,0.645614,0.0
0.0,0.0,0.0,0.0,1.0,0.0,0.0,0.460953,0.808511,0.060136,0.629575,0.004136,0.490161,0.401754,1.0
0.0,0.0,0.0,1.0,0.0,0.0,0.0,0.87151,0.787234,0.030293,0.595805,0.001921,0.494562,0.845175,0.0
0.0,0.0,0.0,0.0,0.0,0.0,1.0,0.880359,0.319149,0.044434,0.334127,0.002929,0.221129,0.528947,0.0
0.0,0.0,0.0,0.0,0.0,1.0,0.0,0.889562,0.297872,0.034136,0.53853,0.002331,0.500259,0.379825,0.0
0.0,0.0,0.0,0.0,1.0,0.0,0.0,0.469891,0.914894,0.029602,0.550431,0.002046,0.302693,0.597807,0.0
0.0,0.0,0.0,1.0,0.0,0.0,0.0,0.898102,0.085106,0.06563,0.399137,0.004254,0.444847,0.688596,0.0
0.0,0.0,0.0,0.0,0.0,1.0,0.0,0.89819,0.531915,0.140507,0.744273,0.008853,0.649146,0.713596,1.0
0.0,0.0,0.0,0.0,1.0,0.0,0.0,0.00938,0.93617,0.041732,0.528265,0.003467,0.422915,0.414912,0.0
1.0,0.0,0.0,0.0,0.0,0.0,0.0,0.018406,0.361702,0.073226,0.493603,0.003467,0.422915,0.414912,1.0
0.0,0.0,1.0,0.0,0.0,0.0,0.0,0.867484,0.382979,0.033415,0.60964,0.002509,0.668566,0.364912,1.0
0.0,0.0,0.0,0.0,1.0,0.0,0.0,0.452369,0.893617,0.043593,0.661113,0.002995,0.514759,0.445614,0.0
1.0,0.0,0.0,0.0,0.0,0.0,0.0,0.005177,0.723404,0.050859,0.65665,0.003467,0.422915,0.414912,0.0
0.0,0.0,1.0,0.0,0.0,0.0,0.0,0.022831,0.595745,0.05257,0.450461,0.003467,0.422915,0.414912,0.0
0.0,0.0,0.0,0.0,1.0,0.0,0.0,0.013053,0.659574,0.048247,0.45537,0.003467,0.422915,0.414912,0.0
0.0,0.0,0.0,0.0,0.0,1.0,0.0,0.906818,0.06383,0.034856,0.283993,0.002393,0.296479,0.496491,0.0
0.0,0.0,0.0,0.0,0.0,1.0,0.0,0.867307,0.574468,0.041552,0.492115,0.002813,0.510357,0.416667,1.0
1.0,0.0,0.0,0.0,0.0,0.0,0.0,0.871997,0.851064,0.035277,0.47233,0.001695,0.312532,0.873246,1.0
0.0,0.0,0.0,0.0,1.0,0.0,0.0,0.872484,0.617021,0.981806,0.813597,0.063323,0.973848,0.12807,1.0
0.0,0.0,1.0,0.0,0.0,0.0,0.0,0.872085,0.765957,0.025399,0.398245,0.001678,0.390471,0.764035,0.0
0.0,0.0,0.0,1.0,0.0,0.0,0.0,0.881156,0.297872,0.029332,0.384409,0.001915,0.411963,0.567544,0.0
0.0,0.0,0.0,1.0,0.0,0.0,0.0,0.027167,0.340426,0.05215,0.48319,0.003467,0.422915,0.414912,0.0
0.0,0.0,0.0,0.0,1.0,0.0,0.0,0.013362,0.12766,0.051099,0.323118,0.003467,0.422915,0.414912,0.0
0.0,0.0,0.0,1.0,0.0,0.0,0.0,0.881465,0.851064,0.028462,0.494942,0.001973,0.559555,0.390351,0.0
0.0,0.0,0.0,0.0,0.0,1.0,0.0,0.017698,0.0,0.084334,0.502678,0.003467,0.422915,0.414912,1.0
0.0,0.0,0.0,0.0,0.0,1.0,0.0,0.438874,0.659574,0.049898,0.274026,0.003467,0.422915,0.414912,0.0
0.0,0.0,0.0,0.0,0.0,1.0,0.0,0.455776,1.0,0.097964,0.603689,0.006961,0.491714,0.27193,1.0
1.0,0.0,0.0,0.0,0.0,0.0,0.0,0.433742,0.638298,0.075027,0.526778,0.003467,0.422915,0.414912,1.0
1.0,0.0,0.0,0.0,0.0,0.0,0.0,0.89027,0.617021,0.036628,0.369533,0.002395,0.373641,0.623246,0.0
0.0,0.0,0.0,1.0,0.0,0.0,0.0,0.44675,0.085106,0.03951,0.380988,0.002565,0.407043,0.585965,0.0
0.0,0.0,0.0,1.0,0.0,0.0,0.0,0.443387,0.425532,0.051609,0.549241,0.0035,0.545054,0.43114,1.0
0.0,0.0,0.0,0.0,0.0,0.0,1.0,0.912084,0.978723,0.053681,0.307795,0.004049,0.377007,0.540351,1.0
0.0,0.0,0.0,0.0,0.0,1.0,0.0,0.433344,0.148936,0.043053,0.091491,0.003467,0.422915,0.414912,0.0
0.0,0.0,0.0,0.0,0.0,0.0,1.0,0.902836,0.106383,0.046475,0.241,0.003024,0.329881,0.691667,0.0
0.0,0.0,0.0,0.0,0.0,0.0,1.0,0.995443,0.765957,0.081692,0.59878,0.005451,0.484205,0.60307,1.0
0.0,0.0,0.0,1.0,0.0,0.0,0.0,0.903013,0.021277,0.090189,0.476198,0.006032,0.488089,0.357456,1.0
1.0,0.0,0.0,0.0,0.0,0.0,0.0,0.429937,0.574468,0.113276,0.6626,0.003467,0.422915,0.414912,1.0
1.0,0.0,0.0,0.0,0.0,0.0,0.0,0.004867,0.680851,0.106161,0.574085,0.003467,0.422915,0.414912,1.0
0.0,0.0,0.0,0.0,0.0,0.0,1.0,0.428963,0.340426,0.077369,0.294258,0.003467,0.422915,0.414912,1.0
0.0,0.0,0.0,0.0,0.0,1.0,0.0,0.893899,0.446809,0.115768,0.809878,0.007624,0.747799,0.536404,1.0
0.0,0.0,0.0,1.0,0.0,0.0,0.0,0.911331,0.212766,0.053561,0.329217,0.003463,0.320041,0.809649,1.0
0.0,0.0,0.0,0.0,0.0,1.0,0.0,0.473342,0.340426,0.045394,0.582416,0.003114,0.517607,0.150439,1.0
0.0,0.0,1.0,0.0,0.0,0.0,0.0,0.429715,0.723404,0.066891,0.551622,0.003467,0.422915,0.414912,0.0
0.0,0.0,1.0,0.0,0.0,0.0,0.0,0.009292,0.93617,0.106611,0.641773,0.003467,0.422915,0.414912,1.0
0.0,0.0,0.0,0.0,0.0,0.0,1.0,0.898854,0.851064,0.087727,0.46385,0.005619,0.446401,0.662719,1.0
0.0,0.0,1.0,0.0,0.0,0.0,0.0,0.008672,0.446809,0.075417,0.634781,0.003467,0.422915,0.414912,1.0
0.0,0.0,0.0,0.0,0.0,1.0,0.0,0.460688,0.851064,0.064849,0.535555,0.004483,0.45391,0.223684,0.0
0.0,0.0,0.0,0.0,1.0,0.0,0.0,0.903057,0.255319,0.074336,0.400327,0.004911,0.418177,0.577193,0.0
0.0,0.0,0.0,0.0,1.0,0.0,0.0,0.43852,0.276596,0.05305,0.393187,0.003467,0.422915,0.414912,0.0
0.0,0.0,0.0,0.0,0.0,0.0,1.0,0.460732,0.765957,0.043293,0.499702,0.003024,0.328327,0.258333,0.0
1.0,0.0,0.0,0.0,0.0,0.0,0.0,0.434361,0.404255,0.059115,0.515769,0.003467,0.422915,0.414912,1.0
1.0,0.0,0.0,0.0,0.0,0.0,0.0,0.907836,0.12766,0.029873,0.109491,0.001948,0.205852,0.690789,0.0
0.0,0.0,0.0,0.0,0.0,1.0,0.0,0.446839,0.276596,0.036658,0.498661,0.002356,0.376748,0.714035,0.0
1.0,0.0,0.0,0.0,0.0,0.0,0.0,0.456484,0.574468,0.034436,0.356293,0.002297,0.381409,0.487281,1.0
0.0,1.0,0.0,0.0,0.0,0.0,0.0,0.46082,0.510638,0.036508,0.505207,0.002528,0.467374,0.249561,1.0
0.0,0.0,0.0,0.0,1.0,0.0,0.0,0.429804,0.12766,0.057944,0.177031,0.003467,0.422915,0.414912,0.0
0.0,0.0,0.0,0.0,0.0,0.0,1.0,0.872262,0.914894,0.032935,0.338441,0.001838,0.24262,0.835088,1.0
0.0,1.0,0.0,0.0,0.0,0.0,0.0,0.867439,0.340426,0.029723,0.560547,0.001967,0.553081,0.545614,0.0
0.0,0.0,0.0,0.0,0.0,0.0,1.0,0.876687,0.042553,0.028612,0.236388,0.001836,0.349819,0.604386,0.0
0.0,0.0,0.0,1.0,0.0,0.0,0.0,0.867528,0.87234,0.027771,0.404641,0.001695,0.41507,0.739912,0.0
0.0,0.0,0.0,1.0,0.0,0.0,0.0,0.876554,0.382979,0.032515,0.595061,0.002092,0.526152,0.572807,1.0
0.0,0.0,0.0,0.0,0.0,1.0,0.0,0.451175,0.382979,0.046505,0.718834,0.003006,0.656137,0.419737,1.0
0.0,0.0,0.0,1.0,0.0,0.0,0.0,0.424848,0.638298,0.066531,0.437072,0.003467,0.422915,0.414912,1.0
0.0,0.0,1.0,0.0,0.0,0.0,0.0,0.898367,0.255319,0.059055,0.46742,0.00372,0.444329,0.718421,0.0
0.0,0.0,0.0,1.0,0.0,0.0,0.0,0.44706,0.765957,0.07905,0.842458,0.005438,0.700673,0.431579,1.0
0.0,0.0,0.0,0.0,0.0,0.0,1.0,0.451219,0.255319,0.038399,0.255281,0.002503,0.263076,0.739474,0.0
0.0,0.0,0.0,0.0,0.0,1.0,0.0,0.866997,0.361702,0.035577,0.454329,0.002395,0.30088,0.690351,1.0
0.0,0.0,0.0,1.0,0.0,0.0,0.0,0.433875,0.723404,0.048787,0.473222,0.003467,0.422915,0.414912,1.0
0.0,0.0,0.0,0.0,0.0,1.0,0.0,0.902792,0.914894,0.038609,0.425617,0.002605,0.388918,0.422807,0.0
0.0,0.0,0.0,0.0,1.0,0.0,0.0,0.890138,0.723404,0.100937,0.845135,0.006988,0.789487,0.397807,1.0
0.0,1.0,0.0,0.0,0.0,0.0,0.0,0.460511,0.404255,0.030203,0.552663,0.002032,0.575608,0.449123,1.0
0.0,0.0,0.0,1.0,0.0,0.0,0.0,0.434184,0.06383,0.046205,0.211247,0.003467,0.422915,0.414912,0.0
0.0,0.0,0.0,0.0,1.0,0.0,0.0,0.872174,0.06383,0.025279,0.185957,0.000889,0.358105,0.824123,0.0
0.0,0.0,0.0,1.0,0.0,0.0,0.0,0.889784,0.297872,0.068122,0.646087,0.004711,0.604091,0.414912,1.0
0.0,0.0,1.0,0.0,0.0,0.0,0.0,0.451352,0.957447,0.03996,0.565903,0.001722,0.416624,0.714912,0.0
1.0,0.0,0.0,0.0,0.0,0.0,0.0,0.451263,0.93617,0.043833,0.51086,0.002806,0.372864,0.792544,1.0
0.0,0.0,1.0,0.0,0.0,0.0,0.0,0.902659,0.382979,0.124595,0.583755,0.008463,0.628172,0.30614,1.0
0.0,1.0,0.0,0.0,0.0,0.0,0.0,0.90788,0.042553,0.043023,0.184171,0.002914,0.353185,0.39693,1.0
0.0,0.0,0.0,1.0,0.0,0.0,0.0,0.880536,0.723404,0.037408,0.602499,0.002547,0.568876,0.39693,0.0
0.0,0.0,0.0,0.0,0.0,0.0,1.0,0.867661,0.404255,0.031734,0.441386,0.002054,0.506732,0.618421,1.0
0.0,1.0,0.0,0.0,0.0,0.0,0.0,0.000929,0.510638,0.043983,0.510265,0.003467,0.422915,0.414912,0.0
0.0,0.0,0.0,0.0,0.0,0.0,1.0,0.465378,0.468085,0.029572,0.417584,0.002,0.34956,0.59386,0.0
0.0,0.0,0.0,0.0,0.0,0.0,1.0,0.876687,0.957447,0.028281,0.355251,0.000839,0.245728,0.723684,0.0
0.0,0.0,0.0,0.0,0.0,1.0,0.0,0.005088,0.787234,0.103188,0.595061,0.003467,0.422915,0.414912,1.0
0.0,0.0,1.0,0.0,0.0,0.0,0.0,0.447016,0.085106,0.027411,0.315531,0.000837,0.336095,0.658333,0.0
0.0,0.0,0.0,0.0,1.0,0.0,0.0,0.434538,0.680851,0.044314,0.2892,0.003467,0.422915,0.414912,0.0
0.0,0.0,0.0,1.0,0.0,0.0,0.0,0.013008,0.723404,0.082773,0.591044,0.003467,0.422915,0.414912,1.0
0.0,0.0,1.0,0.0,0.0,0.0,0.0,0.456573,0.765957,0.057193,0.806605,0.003851,0.698602,0.486404,1.0
0.0,0.0,1.0,0.0,0.0,0.0,0.0,0.000973,0.446809,0.043983,0.550431,0.003467,0.422915,0.414912,0.0
0.0,1.0,0.0,0.0,0.0,0.0,0.0,0.009557,0.87234,0.041642,0.626748,0.003467,0.422915,0.414912,0.0
0.0,0.0,0.0,0.0,1.0,0.0,0.0,0.429185,0.723404,0.080581,0.552663,0.003467,0.422915,0.414912,0.0
0.0,1.0,0.0,0.0,0.0,0.0,0.0,0.014159,0.12766,0.040591,0.260488,0.003467,0.422915,0.414912,0.0
1.0,0.0,0.0,0.0,0.0,0.0,0.0,0.894606,0.851064,0.084604,0.629426,0.005139,0.493527,0.789035,1.0
0.0,0.0,0.0,0.0,0.0,0.0,1.0,0.004203,0.106383,0.043833,0.136864,0.003467,0.422915,0.414912,0.0
0.0,1.0,0.0,0.0,0.0,0.0,0.0,0.890315,0.893617,0.038699,0.687444,0.002619,0.544795,0.526754,0.0
0.0,0.0,0.0,1.0,0.0,0.0,0.0,0.008716,0.978723,0.095052,0.593871,0.003467,0.422915,0.414912,1.0
0.0,1.0,0.0,0.0,0.0,0.0,0.0,0.877085,0.829787,0.037619,0.510116,0.002676,0.462196,0.173246,0.0
0.0,1.0,0.0,0.0,0.0,0.0,0.0,0.017521,0.297872,0.074727,0.512645,0.003467,0.422915,0.414912,0.0
0.0,0.0,0.0,1.0,0.0,0.0,0.0,0.44675,0.255319,0.03993,0.405534,0.002453,0.360694,0.707018,0.0
0.0,0.0,0.0,0.0,0.0,1.0,0.0,0.022034,0.382979,0.074517,0.386195,0.003467,0.422915,0.414912,1.0
0.0,1.0,0.0,0.0,0.0,0.0,0.0,0.868059,0.489362,0.028792,0.320738,0.001423,0.24262,0.902193,1.0
1.0,0.0,0.0,0.0,0.0,0.0,0.0,0.433432,0.06383,0.041431,0.124219,0.003467,0.422915,0.414912,0.0
0.0,1.0,0.0,0.0,0.0,0.0,0.0,0.465466,0.170213,0.02582,0.132104,0.00173,0.175816,0.642105,0.0
1.0,0.0,0.0,0.0,0.0,0.0,0.0,0.005177,0.0,0.042422,0.362095,0.003467,0.422915,0.414912,0.0
0.0,0.0,0.0,0.0,0.0,1.0,0.0,0.902792,0.042553,0.085115,0.417733,0.005447,0.49767,0.596053,1.0
0.0,0.0,1.0,0.0,0.0,0.0,0.0,0.87651,1.0,0.028582,0.405534,0.000868,0.365096,0.708772,1.0
0.0,0.0,0.0,0.0,1.0,0.0,0.0,0.460024,0.297872,0.029663,0.453436,0.001984,0.436302,0.317544,0.0
0.0,0.0,0.0,0.0,1.0,0.0,0.0,0.866953,0.425532,0.031074,0.319845,0.002069,0.195495,0.790351,0.0
0.0,0.0,0.0,0.0,0.0,1.0,0.0,0.438874,0.553191,0.047796,0.30125,0.003467,0.422915,0.414912,0.0
0.0,0.0,0.0,0.0,1.0,0.0,0.0,0.885536,0.042553,0.121442,0.443767,0.007948,0.477473,0.55614,1.0
0.0,0.0,0.0,0.0,0.0,0.0,1.0,0.885625,0.085106,0.110574,0.336805,0.00447,0.402123,0.698246,1.0
0.0,0.0,0.0,0.0,0.0,0.0,1.0,0.455821,0.148936,0.03894,0.260637,0.002688,0.296996,0.482456,0.0
0.0,0.0,0.0,0.0,0.0,1.0,0.0,0.000487,0.085106,0.044104,0.280571,0.003467,0.422915,0.414912,0.0
0.0,0.0,0.0,0.0,0.0,1.0,0.0,0.876023,0.87234,0.024919,0.348408,0.001475,0.321077,0.769298,0.0
1.0,0.0,0.0,0.0,0.0,0.0,0.0,0.452192,1.0,0.035517,0.41089,0.002422,0.370274,0.475,1.0
0.0,0.0,0.0,1.0,0.0,0.0,0.0,0.018539,0.404255,0.090369,0.539125,0.003467,0.422915,0.414912,1.0
1.0,0.0,0.0,0.0,0.0,0.0,0.0,0.000885,0.042553,0.087426,0.289497,0.003467,0.422915,0.414912,0.0
0.0,0.0,0.0,0.0,0.0,0.0,1.0,0.455821,0.191489,0.037378,0.209313,0.002553,0.247281,0.610965,0.0
0.0,1.0,0.0,0.0,0.0,0.0,0.0,0.876775,0.297872,0.030203,0.543737,0.001986,0.547126,0.522368,0.0
0.0,0.0,1.0,0.0,0.0,0.0,0.0,0.455644,0.148936,0.033025,0.276257,0.002216,0.369498,0.761404,0.0
1.0,0.0,0.0,0.0,0.0,0.0,0.0,0.005177,0.382979,0.074817,0.603392,0.003467,0.422915,0.414912,1.0
0.0,0.0,0.0,0.0,0.0,0.0,1.0,0.880359,0.234043,0.036358,0.152931,0.002414,0.152512,0.537281,0.0
0.0,0.0,1.0,0.0,0.0,0.0,0.0,0.004336,0.468085,0.045244,0.518149,0.003467,0.422915,0.414912,0.0
0.0,0.0,0.0,1.0,0.0,0.0,0.0,0.469227,0.212766,0.042422,0.294555,0.002759,0.287675,0.608333,0.0
1.0,0.0,0.0,0.0,0.0,0.0,0.0,0.90288,0.148936,0.032064,0.097888,0.002094,0.201709,0.658333,0.0
1.0,0.0,0.0,0.0,0.0,0.0,0.0,0.03137,0.638298,0.125465,0.613657,0.003467,0.422915,0.414912,1.0
0.0,0.0,0.0,0.0,0.0,0.0,1.0,0.017433,0.957447,0.083614,0.401815,0.003467,0.422915,0.414912,1.0
0.0,0.0,1.0,0.0,0.0,0.0,0.0,0.451971,0.617021,0.033626,0.556531,0.002287,0.579751,0.339474,0.0
1.0,0.0,0.0,0.0,0.0,0.0,0.0,0.027034,0.914894,0.109253,0.39512,0.003467,0.422915,0.414912,1.0
0.0,1.0,0.0,0.0,0.0,0.0,0.0,0.880404,0.617021,0.027141,0.516959,0.001878,0.528224,0.425,0.0
0.0,0.0,1.0,0.0,0.0,0.0,0.0,0.429096,0.170213,0.073676,0.154418,0.003467,0.422915,0.414912,0.0
0.0,0.0,0.0,0.0,0.0,1.0,0.0,0.89881,0.93617,0.05296,0.471437,0.00361,0.389694,0.521053,0.0
0.0,0.0,0.0,0.0,0.0,0.0,1.0,0.030707,0.680851,0.089828,0.282505,0.003467,0.422915,0.414912,1.0
0.0,1.0,0.0,0.0,0.0,0.0,0.0,0.451307,0.0,0.040411,0.404493,0.002617,0.412998,0.707018,1.0
0.0,0.0,0.0,0.0,0.0,1.0,0.0,0.013097,0.851064,0.041732,0.448974,0.003467,0.422915,0.414912,0.0
0.0,0.0,1.0,0.0,0.0,0.0,0.0,0.008982,0.702128,0.179236,0.677626,0.003467,0.422915,0.414912,1.0
0.0,1.0,0.0,0.0,0.0,0.0,0.0,0.032034,0.787234,0.058394,0.198304,0.003467,0.422915,0.414912,0.0
0.0,0.0,1.0,0.0,0.0,0.0,0.0,0.430025,0.425532,0.095743,0.588515,0.003467,0.422915,0.414912,1.0
0.0,1.0,0.0,0.0,0.0,0.0,0.0,0.456219,0.765957,0.071064,0.710354,0.004857,0.688762,0.406579,1.0
0.0,0.0,0.0,0.0,1.0,0.0,0.0,0.894164,0.085106,0.069563,0.45061,0.004589,0.519938,0.619737,0.0
0.0,0.0,0.0,0.0,1.0,0.0,0.0,0.46467,0.829787,0.033626,0.46504,0.002356,0.449508,0.224561,0.0
0.0,0.0,0.0,0.0,0.0,1.0,0.0,0.867926,0.765957,0.028552,0.563076,0.001402,0.39332,0.726754,0.0
0.0,1.0,0.0,0.0,0.0,0.0,0.0,0.469139,0.021277,0.027891,0.196519,0.001822,0.242879,0.675439,0.0
0.0,0.0,0.0,0.0,0.0,1.0,0.0,0.031282,0.659574,0.054642,0.284142,0.003467,0.422915,0.414912,0.0
0.0,0.0,1.0,0.0,0.0,0.0,0.0,0.473519,0.978723,0.02609,0.423832,0.001716,0.365096,0.577193,0.0
0.0,0.0,0.0,0.0,0.0,0.0,1.0,0.438299,0.382979,0.050108,0.343499,0.003467,0.422915,0.414912,0.0
0.0,0.0,1.0,0.0,0.0,0.0,0.0,0.021902,0.808511,0.059475,0.496281,0.003467,0.422915,0.414912,1.0
0.0,1.0,0.0,0.0,0.0,0.0,0.0,0.452237,0.319149,0.038009,0.664981,0.002732,0.545313,0.285088,1.0
0.0,0.0,0.0,1.0,0.0,0.0,0.0,0.87182,0.085106,0.030533,0.165724,0.000839,0.321077,0.688596,1.0
0.0,0.0,0.0,0.0,1.0,0.0,0.0,0.443432,0.553191,0.073916,0.498215,0.005397,0.656655,0.336842,1.0
0.0,0.0,0.0,0.0,1.0,0.0,0.0,0.45175,0.234043,0.034496,0.357185,0.0023,0.345935,0.732895,0.0
0.0,0.0,0.0,0.0,1.0,0.0,0.0,0.894783,0.446809,0.087997,0.727908,0.005901,0.718281,0.373246,0.0
0.0,0.0,0.0,0.0,0.0,1.0,0.0,0.460688,0.382979,0.247238,0.605921,0.016724,0.564992,0.319298,1.0
0.0,0.0,0.0,0.0,0.0,1.0,0.0,0.443476,0.617021,0.044404,0.469354,0.003068,0.54376,0.35614,0.0
0.0,0.0,0.0,0.0,1.0,0.0,0.0,0.013982,0.042553,0.061967,0.521125,0.003467,0.422915,0.414912,0.0
0.0,0.0,0.0,0.0,0.0,0.0,1.0,0.867041,0.723404,0.028972,0.360458,0.001936,0.219834,0.777632,0.0
0.0,1.0,0.0,0.0,0.0,0.0,0.0,0.876775,0.702128,0.06584,0.768224,0.004445,0.576385,0.357018,1.0
0.0,0.0,0.0,0.0,1.0,0.0,0.0,0.911376,1.0,0.045695,0.436328,0.003049,0.429829,0.53114,0.0
1.0,0.0,0.0,0.0,0.0,0.0,0.0,0.000575,0.574468,0.119731,0.487801,0.003467,0.422915,0.414912,1.0
0.0,0.0,0.0,1.0,0.0,0.0,0.0,0.880846,0.170213,0.019395,0.1385,0.001232,0.256862,0.853947,0.0
0.0,0.0,1.0,0.0,0.0,0.0,0.0,0.482412,0.404255,0.051609,0.517108,0.003569,0.483687,0.275,1.0
0.0,0.0,0.0,0.0,1.0,0.0,0.0,0.867882,0.276596,0.028402,0.433204,0.001824,0.523822,0.605702,0.0
0.0,0.0,0.0,1.0,0.0,0.0,0.0,0.464625,0.106383,0.032034,0.241446,0.002179,0.275764,0.497368,0.0
0.0,1.0,0.0,0.0,0.0,0.0,0.0,0.889076,0.893617,0.027921,0.482297,0.001957,0.480321,0.337719,0.0
1.0,0.0,0.0,0.0,0.0,0.0,0.0,0.995575,0.361702,0.081152,0.406129,0.00376,0.243397,0.809649,1.0
1.0,0.0,0.0,0.0,0.0,0.0,0.0,0.434671,0.0,0.045785,0.210503,0.003467,0.422915,0.414912,0.0
0.0,0.0,0.0,0.0,0.0,0.0,1.0,0.026371,0.787234,0.089978,0.349598,0.003467,0.422915,0.414912,1.0
0.0,0.0,0.0,0.0,0.0,0.0,1.0,0.434317,0.851064,0.045334,0.322969,0.003467,0.422915,0.414912,0.0
0.0,0.0,0.0,0.0,1.0,0.0,0.0,0.911685,0.702128,0.086826,0.505504,0.005931,0.617556,0.324123,1.0
0.0,1.0,0.0,0.0,0.0,0.0,0.0,0.907261,0.851064,0.112015,0.469949,0.00738,0.669083,0.453947,1.0
1.0,0.0,0.0,0.0,0.0,0.0,0.0,0.013495,0.340426,0.088267,0.637162,0.003467,0.422915,0.414912,1.0
0.0,0.0,0.0,0.0,1.0,0.0,0.0,0.872484,0.553191,0.468116,0.803332,0.0305,0.933713,0.130263,1.0
0.0,1.0,0.0,0.0,0.0,0.0,0.0,0.880448,0.425532,0.040441,0.596995,0.002786,0.51217,0.319298,1.0
0.0,0.0,0.0,0.0,0.0,1.0,0.0,0.009424,0.617021,0.041582,0.371021,0.003467,0.422915,0.414912,0.0
1.0,0.0,0.0,0.0,0.0,0.0,0.0,0.442635,0.93617,0.05317,0.395716,0.003554,0.282237,0.582018,0.0
0.0,0.0,0.0,0.0,1.0,0.0,0.0,0.890138,0.446809,0.075627,0.724933,0.005301,0.768255,0.238596,0.0
0.0,1.0,0.0,0.0,0.0,0.0,0.0,0.004602,0.085106,0.043683,0.282654,0.003467,0.422915,0.414912,0.0
0.0,0.0,0.0,0.0,0.0,0.0,1.0,0.898854,0.340426,0.079651,0.421303,0.00516,0.334283,0.709211,1.0
0.0,0.0,0.0,1.0,0.0,0.0,0.0,0.447679,0.978723,0.041972,0.610681,0.002703,0.532626,0.564035,0.0
0.0,0.0,0.0,0.0,0.0,0.0,1.0,0.876997,0.425532,0.037739,0.432907,0.002516,0.329104,0.479825,1.0
0.0,0.0,0.0,0.0,1.0,0.0,0.0,0.469891,0.170213,0.043773,0.226272,0.00296,0.23796,0.626754,0.0
0.0,0.0,0.0,0.0,0.0,1.0,0.0,0.908057,0.042553,0.067251,0.315977,0.004514,0.422838,0.441228,1.0
0.0,0.0,0.0,0.0,1.0,0.0,0.0,0.456351,0.744681,0.041131,0.666171,0.002341,0.595287,0.576316,1.0
0.0,0.0,0.0,0.0,0.0,1.0,0.0,0.004779,0.829787,0.106161,0.560101,0.003467,0.422915,0.414912,1.0
0.0,0.0,0.0,0.0,0.0,1.0,0.0,0.906818,0.957447,0.042392,0.422196,0.002885,0.279389,0.482456,0.0
1.0,0.0,0.0,0.0,0.0,0.0,0.0,0.867395,0.829787,0.035967,0.370872,0.002356,0.36173,0.781579,1.0
0.0,0.0,1.0,0.0,0.0,0.0,0.0,0.438432,0.787234,0.067311,0.524844,0.003467,0.422915,0.414912,1.0
0.0,0.0,0.0,0.0,0.0,1.0,0.0,0.884651,0.06383,0.028852,0.346623,0.001826,0.440704,0.576316,1.0
0.0,0.0,0.0,0.0,0.0,0.0,1.0,0.880979,0.893617,0.029422,0.305266,0.00085,0.321336,0.662719,1.0
0.0,0.0,0.0,0.0,1.0,0.0,0.0,0.912305,0.744681,0.056923,0.46266,0.003903,0.578975,0.292105,0.0
0.0,0.0,1.0,0.0,0.0,0.0,0.0,0.977744,0.553191,0.029152,0.530497,0.002056,0.573278,0.267982,0.0
1.0,0.0,0.0,0.0,0.0,0.0,0.0,0.868015,0.06383,0.029602,0.134484,0.000837,0.264371,0.704825,0.0
1.0,0.0,0.0,0.0,0.0,0.0,0.0,0.468785,0.595745,0.028642,0.287861,0.001853,0.135681,0.758333,1.0
0.0,1.0,0.0,0.0,0.0,0.0,0.0,0.022477,0.404255,0.133421,0.533472,0.003467,0.422915,0.414912,1.0
1.0,0.0,0.0,0.0,0.0,0.0,0.0,0.912128,0.829787,0.074367,0.376822,0.004902,0.358105,0.660088,1.0
1.0,0.0,0.0,0.0,0.0,0.0,0.0,0.451263,0.106383,0.040591,0.22895,0.002676,0.342569,0.675877,0.0
0.0,0.0,0.0,0.0,0.0,1.0,0.0,0.443476,0.255319,0.040681,0.358078,0.002653,0.384257,0.636404,0.0
1.0,0.0,0.0,0.0,0.0,0.0,0.0,0.429627,0.978723,0.06584,0.427551,0.003467,0.422915,0.414912,0.0
0.0,0.0,0.0,1.0,0.0,0.0,0.0,0.009026,0.638298,0.043833,0.550134,0.003467,0.422915,0.414912,0.0
0.0,0.0,0.0,0.0,1.0,0.0,0.0,0.017654,0.191489,0.060346,0.189527,0.003467,0.422915,0.414912,0.0
0.0,0.0,0.0,0.0,0.0,0.0,1.0,0.907792,0.829787,0.044794,0.390658,0.003018,0.386328,0.450877,1.0
0.0,0.0,0.0,0.0,0.0,1.0,0.0,0.013406,0.191489,0.062958,0.203065,0.003467,0.422915,0.414912,0.0
0.0,0.0,0.0,0.0,0.0,1.0,0.0,0.433653,0.191489,0.041131,0.133145,0.003467,0.422915,0.414912,0.0
0.0,0.0,0.0,0.0,0.0,1.0,0.0,0.908057,0.404255,0.053681,0.556531,0.003616,0.560331,0.382895,0.0
0.0,0.0,0.0,0.0,1.0,0.0,0.0,0.447414,0.489362,0.062207,0.60964,0.004929,0.637752,0.225877,1.0
0.0,0.0,0.0,0.0,1.0,0.0,0.0,0.88089,0.06383,0.044013,0.318804,0.002007,0.388659,0.744737,1.0
0.0,0.0,0.0,0.0,0.0,1.0,0.0,0.456086,0.340426,0.071544,0.677774,0.004593,0.59943,0.446053,1.0
1.0,0.0,0.0,0.0,0.0,0.0,0.0,0.452192,0.957447,0.033205,0.466379,0.002252,0.29622,0.551754,0.0
0.0,0.0,1.0,0.0,0.0,0.0,0.0,0.894385,0.425532,0.080281,0.708866,0.00549,0.758415,0.307018,1.0
0.0,0.0,0.0,0.0,0.0,1.0,0.0,0.907438,1.0,0.080611,0.45299,0.005617,0.470223,0.377632,1.0
0.0,0.0,0.0,0.0,0.0,1.0,0.0,0.91142,0.829787,0.042632,0.414014,0.002808,0.463231,0.482895,0.0
1.0,0.0,0.0,0.0,0.0,0.0,0.0,0.447856,0.170213,0.0,0.156204,0.0,0.149922,0.487719,0.0
0.0,0.0,0.0,0.0,0.0,1.0,0.0,0.022344,0.87234,0.069143,0.312407,0.003467,0.422915,0.414912,1.0
1.0,0.0,0.0,0.0,0.0,0.0,0.0,0.026724,0.340426,0.05221,0.501339,0.003467,0.422915,0.414912,0.0
0.0,0.0,1.0,0.0,0.0,0.0,0.0,0.871466,0.021277,0.02633,0.323267,0.001394,0.323925,0.814035,0.0
0.0,0.0,0.0,1.0,0.0,0.0,0.0,0.894429,0.276596,0.071424,0.567539,0.004439,0.534956,0.509211,1.0
0.0,1.0,0.0,0.0,0.0,0.0,0.0,0.898323,0.234043,0.047166,0.31925,0.003043,0.35448,0.759649,0.0
0.0,1.0,0.0,0.0,0.0,0.0,0.0,0.465466,0.829787,0.030323,0.432461,0.002094,0.39332,0.405702,0.0
0.0,0.0,0.0,0.0,1.0,0.0,0.0,0.893545,0.085106,0.06518,0.455519,0.004206,0.469964,0.794298,0.0
0.0,0.0,0.0,0.0,0.0,1.0,0.0,0.455467,0.021277,0.040351,0.562333,0.002773,0.46349,0.538596,0.0
0.0,0.0,0.0,0.0,1.0,0.0,0.0,0.45144,0.06383,0.038219,0.476198,0.002576,0.526152,0.608772,0.0
0.0,0.0,0.0,1.0,0.0,0.0,0.0,0.005,0.808511,0.042422,0.641773,0.003467,0.422915,0.414912,0.0
0.0,0.0,0.0,0.0,0.0,0.0,1.0,0.907172,0.255319,0.040411,0.187295,0.002659,0.256862,0.692544,0.0
0.0,1.0,0.0,0.0,0.0,0.0,0.0,0.885403,0.212766,0.02684,0.181642,0.001629,0.231486,0.832018,0.0
1.0,0.0,0.0,0.0,0.0,0.0,0.0,0.875802,0.446809,0.031134,0.361351,0.001741,0.245469,0.857895,1.0
0.0,0.0,0.0,0.0,0.0,0.0,1.0,0.893943,0.553191,0.05239,0.452246,0.003058,0.464267,0.814474,0.0
0.0,0.0,0.0,0.0,1.0,0.0,0.0,0.452369,0.851064,0.072625,0.748735,0.00505,0.583894,0.400439,1.0
0.0,0.0,0.0,0.0,0.0,1.0,0.0,0.889253,0.468085,0.027921,0.548051,0.001936,0.545572,0.38114,0.0
0.0,0.0,1.0,0.0,0.0,0.0,0.0,0.004336,0.06383,0.046956,0.367301,0.003467,0.422915,0.414912,0.0
0.0,0.0,0.0,0.0,1.0,0.0,0.0,0.013672,0.148936,0.041131,0.219429,0.003467,0.422915,0.414912,0.0
0.0,0.0,0.0,0.0,0.0,1.0,0.0,0.433344,0.468085,0.051849,0.40479,0.003467,0.422915,0.414912,0.0
0.0,0.0,0.0,0.0,1.0,0.0,0.0,0.442812,0.659574,0.051369,0.44942,0.003558,0.471258,0.378509,0.0
1.0,0.0,0.0,0.0,0.0,0.0,0.0,0.004248,0.489362,0.048517,0.517406,0.003467,0.422915,0.414912,0.0
0.0,0.0,1.0,0.0,0.0,0.0,0.0,0.894075,0.255319,0.051489,0.448081,0.003484,0.498964,0.60614,0.0
0.0,0.0,0.0,0.0,0.0,0.0,1.0,0.434317,0.638298,0.06542,0.291877,0.003467,0.422915,0.414912,1.0
1.0,0.0,0.0,0.0,0.0,0.0,0.0,0.470023,0.723404,0.028011,0.330259,0.001911,0.219057,0.564474,1.0
0.0,0.0,0.0,0.0,0.0,1.0,0.0,0.889562,0.319149,0.040261,0.618268,0.002804,0.585707,0.333772,1.0
0.0,0.0,0.0,1.0,0.0,0.0,0.0,0.01761,0.702128,0.07872,0.468313,0.003467,0.422915,0.414912,1.0
0.0,0.0,0.0,0.0,0.0,1.0,0.0,0.443166,0.06383,0.043713,0.375186,0.002923,0.396945,0.573246,0.0
0.0,0.0,0.0,1.0,0.0,0.0,0.0,0.907659,0.851064,0.043023,0.465189,0.002937,0.568358,0.317544,0.0
0.0,0.0,0.0,0.0,0.0,1.0,0.0,0.890182,0.085106,0.072235,0.454775,0.004738,0.489643,0.581579,1.0
0.0,0.0,0.0,1.0,0.0,0.0,0.0,0.867528,0.851064,0.028462,0.436477,0.001641,0.431383,0.659211,0.0
0.0,0.0,1.0,0.0,0.0,0.0,0.0,0.017566,0.12766,0.050138,0.274174,0.003467,0.422915,0.414912,0.0
0.0,0.0,0.0,0.0,1.0,0.0,0.0,0.017964,0.680851,0.076318,0.457899,0.003467,0.422915,0.414912,0.0
0.0,0.0,0.0,1.0,0.0,0.0,0.0,0.44706,0.93617,0.041822,0.613657,0.002759,0.435526,0.715351,0.0
0.0,0.0,0.0,0.0,0.0,1.0,0.0,0.876333,0.851064,0.028972,0.523059,0.001822,0.43682,0.773684,0.0
0.0,0.0,0.0,0.0,1.0,0.0,0.0,0.903367,0.234043,0.031104,0.229842,0.002052,0.280425,0.569298,0.0
0.0,0.0,0.0,0.0,1.0,0.0,0.0,0.469581,0.829787,0.046145,0.448081,0.003122,0.380373,0.375,1.0
0.0,0.0,0.0,0.0,1.0,0.0,0.0,0.443122,0.382979,0.060796,0.56873,0.004165,0.576903,0.420175,1.0
0.0,0.0,0.0,1.0,0.0,0.0,0.0,0.42914,0.106383,0.055242,0.143707,0.003467,0.422915,0.414912,0.0
0.0,1.0,0.0,0.0,0.0,0.0,0.0,0.872351,0.042553,0.027381,0.175989,0.000841,0.300621,0.797807,1.0
0.0,0.0,0.0,0.0,1.0,0.0,0.0,0.00938,0.06383,0.06599,0.476793,0.003467,0.422915,0.414912,0.0
0.0,1.0,0.0,0.0,0.0,0.0,0.0,0.018141,0.425532,0.07932,0.544332,0.003467,0.422915,0.414912,1.0
1.0,0.0,0.0,0.0,0.0,0.0,0.0,0.022742,0.085106,0.057644,0.171973,0.003467,0.422915,0.414912,0.0
1.0,0.0,0.0,0.0,0.0,0.0,0.0,0.004867,0.531915,0.074997,0.563969,0.003467,0.422915,0.414912,0.0
0.0,0.0,0.0,1.0,0.0,0.0,0.0,0.87213,0.234043,0.034226,0.358227,0.002212,0.402123,0.769737,1.0
0.0,0.0,0.0,1.0,0.0,0.0,0.0,0.868147,0.893617,0.043443,0.512794,0.002709,0.316416,0.736842,1.0
0.0,0.0,0.0,0.0,1.0,0.0,0.0,0.880271,0.340426,0.046866,0.518447,0.003257,0.509322,0.210088,1.0
0.0,0.0,1.0,0.0,0.0,0.0,0.0,0.43414,1.0,0.051339,0.393633,0.003467,0.422915,0.414912,0.0
0.0,1.0,0.0,0.0,0.0,0.0,0.0,0.023096,0.191489,0.057704,0.187891,0.003467,0.422915,0.414912,0.0
0.0,0.0,1.0,0.0,0.0,0.0,0.0,0.469493,0.297872,0.042783,0.456858,0.00286,0.520715,0.399123,1.0
1.0,0.0,0.0,0.0,0.0,0.0,0.0,0.009823,0.531915,0.044824,0.53853,0.003467,0.422915,0.414912,0.0
0.0,1.0,0.0,0.0,0.0,0.0,0.0,0.473165,0.0,0.027171,0.235644,0.001838,0.255567,0.586842,0.0
0.0,0.0,0.0,0.0,0.0,0.0,1.0,0.46874,0.255319,0.027561,0.212437,0.001843,0.221388,0.667544,0.0
0.0,1.0,0.0,0.0,0.0,0.0,0.0,0.473475,0.425532,0.027471,0.587176,0.00183,0.535733,0.440351,0.0
0.0,1.0,0.0,0.0,0.0,0.0,0.0,0.446971,0.468085,0.043653,0.467272,0.002943,0.2913,0.679825,1.0
1.0,0.0,0.0,0.0,0.0,0.0,0.0,0.434052,0.191489,0.044884,0.193246,0.003467,0.422915,0.414912,0.0
0.0,0.0,0.0,0.0,0.0,0.0,1.0,0.031945,0.425532,0.082863,0.261678,0.003467,0.422915,0.414912,1.0
1.0,0.0,0.0,0.0,0.0,0.0,0.0,0.907526,0.851064,0.05287,0.457602,0.003496,0.367944,0.603509,1.0
1.0,0.0,0.0,0.0,0.0,0.0,0.0,0.90319,0.361702,0.056533,0.322821,0.002642,0.195753,0.686404,0.0
0.0,0.0,0.0,0.0,1.0,0.0,0.0,0.88151,0.234043,0.028672,0.240107,0.001795,0.299068,0.752632,1.0
0.0,0.0,0.0,0.0,1.0,0.0,0.0,0.013982,0.659574,0.074306,0.505504,0.003467,0.422915,0.414912,0.0
1.0,0.0,0.0,0.0,0.0,0.0,0.0,0.871377,0.893617,0.035787,0.422196,0.002302,0.432936,0.857456,1.0
1.0,0.0,0.0,0.0,0.0,0.0,0.0,0.47343,0.744681,0.046115,0.372508,0.003103,0.274987,0.701316,1.0
0.0,0.0,0.0,0.0,1.0,0.0,0.0,0.45113,0.893617,0.041341,0.66141,0.00275,0.490419,0.517982,0.0
0.0,1.0,0.0,0.0,0.0,0.0,0.0,0.027388,0.12766,0.049688,0.116781,0.003467,0.422915,0.414912,0.0
0.0,0.0,1.0,0.0,0.0,0.0,0.0,0.027432,0.723404,0.051609,0.498066,0.003467,0.422915,0.414912,0.0
0.0,0.0,0.0,1.0,0.0,0.0,0.0,0.903323,0.191489,0.031734,0.162005,0.002079,0.199896,0.707895,0.0
1.0,0.0,0.0,0.0,0.0,0.0,0.0,0.429627,0.340426,0.095202,0.600714,0.003467,0.422915,0.414912,1.0
0.0,0.0,0.0,0.0,0.0,0.0,1.0,0.885625,0.468085,0.069803,0.487504,0.004599,0.391766,0.62193,1.0
0.0,0.0,0.0,0.0,0.0,1.0,0.0,0.91173,0.340426,0.147922,0.573193,0.009784,0.648369,0.524123,1.0
1.0,0.0,0.0,0.0,0.0,0.0,0.0,0.464493,1.0,0.035247,0.276406,0.002387,0.339979,0.482895,1.0
0.0,1.0,0.0,0.0,0.0,0.0,0.0,0.468829,0.531915,0.032034,0.492115,0.002162,0.308131,0.480702,0.0
1.0,0.0,0.0,0.0,0.0,0.0,0.0,0.912128,0.361702,0.043803,0.364921,0.002871,0.253237,0.695614,0.0
0.0,0.0,0.0,1.0,0.0,0.0,0.0,0.000708,0.723404,0.095773,0.587474,0.003467,0.422915,0.414912,1.0
0.0,0.0,0.0,0.0,1.0,0.0,0.0,0.02199,0.425532,0.056263,0.518001,0.003467,0.422915,0.414912,1.0
1.0,0.0,0.0,0.0,0.0,0.0,0.0,0.460776,0.106383,0.030113,0.147129,0.002075,0.226825,0.270614,0.0
0.0,0.0,0.0,0.0,0.0,1.0,0.0,0.438874,0.255319,0.06551,0.11812,0.003467,0.422915,0.414912,1.0
0.0,0.0,0.0,0.0,0.0,1.0,0.0,0.026636,0.702128,0.050498,0.312705,0.003467,0.422915,0.414912,0.0
0.0,0.0,0.0,0.0,0.0,1.0,0.0,0.022654,0.574468,0.081812,0.323267,0.003467,0.422915,0.414912,1.0
0.0,0.0,0.0,1.0,0.0,0.0,0.0,0.911641,0.255319,0.051879,0.417733,0.003413,0.555671,0.561404,0.0
0.0,0.0,0.0,0.0,0.0,0.0,1.0,0.469669,0.340426,0.045875,0.43975,0.003083,0.326256,0.555702,0.0
1.0,0.0,0.0,0.0,0.0,0.0,0.0,0.885049,0.489362,0.031344,0.407914,0.002019,0.269032,0.690789,0.0
0.0,0.0,1.0,0.0,0.0,0.0,0.0,0.885448,0.702128,0.034586,0.57111,0.002339,0.56318,0.469737,0.0
0.0,0.0,1.0,0.0,0.0,0.0,0.0,0.906995,0.12766,0.033025,0.142666,0.002219,0.227602,0.492105,0.0
0.0,0.0,0.0,0.0,0.0,1.0,0.0,0.031592,0.148936,0.05302,0.085986,0.003467,0.422915,0.414912,0.0
0.0,0.0,1.0,0.0,0.0,0.0,0.0,0.469183,0.042553,0.029002,0.247248,0.001921,0.34697,0.565351,0.0
0.0,1.0,0.0,0.0,0.0,0.0,0.0,0.031724,0.255319,0.054131,0.24695,0.003467,0.422915,0.414912,0.0
0.0,1.0,0.0,0.0,0.0,0.0,0.0,0.018141,0.212766,0.061817,0.175692,0.003467,0.422915,0.414912,0.0
0.0,0.0,0.0,0.0,0.0,0.0,1.0,0.908101,0.87234,0.043443,0.339482,0.00285,0.339202,0.612281,0.0
0.0,0.0,0.0,0.0,1.0,0.0,0.0,0.434229,0.723404,0.049117,0.406724,0.003467,0.422915,0.414912,0.0
0.0,0.0,0.0,0.0,0.0,0.0,1.0,0.018362,0.723404,0.069713,0.28072,0.003467,0.422915,0.414912,1.0
0.0,0.0,0.0,0.0,0.0,1.0,0.0,0.889872,0.638298,0.028792,0.536745,0.002061,0.659244,0.20307,0.0
0.0,0.0,0.0,1.0,0.0,0.0,0.0,0.456617,0.170213,0.025369,0.251413,0.00168,0.292077,0.808333,0.0
0.0,0.0,0.0,0.0,1.0,0.0,0.0,0.02261,0.446809,0.100877,0.519786,0.003467,0.422915,0.414912,1.0
0.0,0.0,0.0,0.0,1.0,0.0,0.0,0.000752,0.957447,0.124204,0.467272,0.003467,0.422915,0.414912,1.0
1.0,0.0,0.0,0.0,0.0,0.0,0.0,0.03199,0.531915,0.068062,0.323564,0.003467,0.422915,0.414912,1.0
0.0,0.0,1.0,0.0,0.0,0.0,0.0,0.871776,0.489362,0.027081,0.55787,0.001714,0.627913,0.715789,1.0
0.0,0.0,0.0,1.0,0.0,0.0,0.0,0.469227,0.93617,0.037108,0.431717,0.002445,0.239254,0.716228,0.0
0.0,0.0,1.0,0.0,0.0,0.0,0.0,0.459935,0.787234,0.114057,0.645641,0.007842,0.583635,0.176754,1.0
0.0,0.0,0.0,0.0,0.0,0.0,1.0,0.45613,0.0,0.0399,0.550283,0.002742,0.449508,0.574123,0.0
0.0,0.0,1.0,0.0,0.0,0.0,0.0,0.877129,0.319149,0.036147,0.526778,0.002495,0.464785,0.254386,0.0
0.0,0.0,0.0,0.0,1.0,0.0,0.0,0.429185,0.042553,0.055242,0.251711,0.003467,0.422915,0.414912,0.0
0.0,0.0,0.0,1.0,0.0,0.0,0.0,0.442458,0.574468,0.072295,0.502529,0.005106,0.548162,0.500526,1.0
0.0,0.0,0.0,0.0,0.0,0.0,1.0,0.880979,0.531915,0.029422,0.367004,0.000839,0.288452,0.684649,1.0
0.0,0.0,0.0,0.0,1.0,0.0,0.0,0.867572,0.0,0.035817,0.351384,0.00128,0.33739,0.739035,1.0
0.0,0.0,0.0,0.0,1.0,0.0,0.0,0.437901,0.680851,0.06611,0.473073,0.003467,0.422915,0.414912,1.0
0.0,0.0,0.0,0.0,0.0,1.0,0.0,0.004469,0.851064,0.089498,0.505504,0.003467,0.422915,0.414912,1.0
0.0,0.0,0.0,0.0,0.0,1.0,0.0,0.437945,0.021277,0.057554,0.355549,0.003467,0.422915,0.414912,1.0
0.0,0.0,0.0,1.0,0.0,0.0,0.0,0.912261,0.510638,0.104419,0.534067,0.007312,0.605904,0.25614,1.0
0.0,1.0,0.0,0.0,0.0,0.0,0.0,0.009557,0.021277,0.084844,0.548051,0.003467,0.422915,0.414912,1.0
0.0,0.0,0.0,0.0,1.0,0.0,0.0,0.469891,0.893617,0.034526,0.563523,0.002403,0.338426,0.385088,0.0
0.0,0.0,0.0,0.0,0.0,0.0,1.0,0.871953,0.085106,0.029602,0.159923,0.001799,0.265665,0.769737,0.0
0.0,0.0,0.0,1.0,0.0,0.0,0.0,0.87213,0.638298,0.02636,0.54939,0.001683,0.630761,0.688158,0.0
0.0,1.0,0.0,0.0,0.0,0.0,0.0,0.880448,0.468085,0.038549,0.593276,0.002661,0.523822,0.326754,1.0
0.0,0.0,0.0,0.0,0.0,0.0,1.0,0.447193,0.680851,0.042752,0.414014,0.002894,0.403418,0.577193,1.0
0.0,1.0,0.0,0.0,0.0,0.0,0.0,0.912172,0.021277,0.043083,0.22047,0.002879,0.312015,0.506579,1.0
0.0,0.0,1.0,0.0,0.0,0.0,0.0,0.013274,0.106383,0.049538,0.310027,0.003467,0.422915,0.414912,0.0
0.0,0.0,1.0,0.0,0.0,0.0,0.0,0.893766,0.446809,0.077339,0.638054,0.00515,0.629726,0.474561,1.0
0.0,0.0,0.0,0.0,0.0,0.0,1.0,0.903456,0.893617,0.037979,0.351235,0.002489,0.275764,0.602632,0.0
0.0,0.0,0.0,1.0,0.0,0.0,0.0,0.005,0.723404,0.042692,0.625558,0.003467,0.422915,0.414912,0.0
0.0,1.0,0.0,0.0,0.0,0.0,0.0,0.911243,0.808511,0.044464,0.52767,0.002879,0.35448,0.62193,0.0
0.0,0.0,0.0,1.0,0.0,0.0,0.0,0.442193,0.829787,0.137474,0.504463,0.003467,0.422915,0.414912,1.0
1.0,0.0,0.0,0.0,0.0,0.0,0.0,0.004557,0.319149,0.075417,0.295001,0.003467,0.422915,0.414912,1.0
0.0,0.0,1.0,0.0,0.0,0.0,0.0,0.890049,0.021277,0.035367,0.549836,0.002335,0.470741,0.592982,0.0
0.0,0.0,1.0,0.0,0.0,0.0,0.0,0.456573,0.808511,0.044914,0.772538,0.003047,0.639306,0.573684,1.0
0.0,0.0,0.0,1.0,0.0,0.0,0.0,0.456307,0.914894,0.034016,0.537191,0.002264,0.470482,0.714474,0.0
1.0,0.0,0.0,0.0,0.0,0.0,0.0,0.460466,0.617021,0.024469,0.245016,0.001641,0.279907,0.722807,0.0
0.0,0.0,0.0,0.0,0.0,1.0,0.0,0.902792,0.489362,0.087877,0.533918,0.0057,0.562144,0.602193,1.0
0.0,0.0,1.0,0.0,0.0,0.0,0.0,0.460245,0.425532,0.10484,0.551622,0.007175,0.556965,0.265789,1.0
0.0,1.0,0.0,0.0,0.0,0.0,0.0,0.876775,0.425532,0.048997,0.709313,0.00329,0.631797,0.42193,1.0
0.0,0.0,1.0,0.0,0.0,0.0,0.0,0.867793,0.106383,0.02669,0.172121,0.000841,0.255049,0.733772,0.0
0.0,0.0,0.0,0.0,0.0,1.0,0.0,0.433344,0.191489,0.041431,0.105921,0.003467,0.422915,0.414912,0.0
0.0,1.0,0.0,0.0,0.0,0.0,0.0,0.44268,0.914894,0.090128,0.476198,0.006082,0.391248,0.512281,1.0
0.0,0.0,0.0,1.0,0.0,0.0,0.0,0.899031,0.085106,0.06578,0.384558,0.004298,0.475401,0.582895,0.0
1.0,0.0,0.0,0.0,0.0,0.0,0.0,0.434052,0.234043,0.048757,0.35778,0.003467,0.422915,0.414912,0.0
0.0,0.0,0.0,1.0,0.0,0.0,0.0,0.876864,0.361702,0.03903,0.5723,0.002646,0.525117,0.394298,1.0
0.0,0.0,0.0,0.0,0.0,0.0,1.0,0.889607,0.361702,0.085685,0.539274,0.00457,0.406266,0.639035,1.0
0.0,0.0,0.0,1.0,0.0,0.0,0.0,0.889474,0.510638,0.028942,0.552663,0.002048,0.600984,0.277632,0.0
0.0,0.0,1.0,0.0,0.0,0.0,0.0,0.009292,0.765957,0.106611,0.896162,0.003467,0.422915,0.414912,1.0
0.0,0.0,0.0,0.0,0.0,0.0,1.0,0.434317,0.06383,0.043383,0.110681,0.003467,0.422915,0.414912,0.0
0.0,0.0,1.0,0.0,0.0,0.0,0.0,0.425424,0.255319,0.081812,0.348706,0.003467,0.422915,0.414912,0.0
0.0,0.0,0.0,0.0,0.0,0.0,1.0,0.442591,0.212766,0.046445,0.153823,0.003031,0.18928,0.500526,0.0
1.0,0.0,0.0,0.0,0.0,0.0,0.0,0.898279,0.042553,0.071334,0.3554,0.004614,0.490419,0.545175,0.0
0.0,0.0,0.0,0.0,1.0,0.0,0.0,0.00907,0.978723,0.081632,0.598929,0.003467,0.422915,0.414912,1.0
0.0,0.0,0.0,1.0,0.0,0.0,0.0,0.880227,0.680851,0.034826,0.50967,0.002426,0.511134,0.214912,0.0
1.0,0.0,0.0,0.0,0.0,0.0,0.0,0.902571,0.234043,0.031464,0.105475,0.002092,0.170378,0.582018,0.0
0.0,0.0,0.0,0.0,0.0,0.0,1.0,0.442326,0.382979,0.05257,0.344987,0.003467,0.422915,0.414912,1.0
0.0,0.0,0.0,0.0,1.0,0.0,0.0,0.911376,0.553191,0.056203,0.541506,0.003685,0.571466,0.516228,0.0
0.0,0.0,0.0,0.0,1.0,0.0,0.0,0.460024,0.404255,0.032575,0.553853,0.002192,0.542206,0.260088,0.0
0.0,0.0,0.0,0.0,0.0,1.0,0.0,0.912349,0.297872,0.056563,0.483933,0.003926,0.609529,0.216228,0.0
0.0,0.0,0.0,1.0,0.0,0.0,0.0,0.443078,0.808511,0.050258,0.603689,0.00339,0.547126,0.469298,0.0
0.0,0.0,0.0,1.0,0.0,0.0,0.0,0.443387,0.510638,0.044734,0.501934,0.003039,0.523563,0.480702,0.0
0.0,1.0,0.0,0.0,0.0,0.0,0.0,0.44237,0.042553,0.054251,0.23609,0.00365,0.32289,0.500526,1.0
0.0,0.0,0.0,1.0,0.0,0.0,0.0,0.473563,0.489362,0.027081,0.516513,0.001789,0.554635,0.367544,0.0
0.0,0.0,0.0,0.0,1.0,0.0,0.0,0.871864,0.531915,0.038519,0.715561,0.002563,0.736665,0.270175,1.0
0.0,0.0,0.0,0.0,0.0,1.0,0.0,0.447768,0.765957,0.044614,0.743529,0.003072,0.626359,0.277193,1.0
0.0,1.0,0.0,0.0,0.0,0.0,0.0,0.447591,0.361702,0.075297,0.696221,0.005318,0.618074,0.325439,1.0
0.0,0.0,0.0,0.0,1.0,0.0,0.0,0.0223,0.680851,0.088627,0.552663,0.003467,0.422915,0.414912,1.0
0.0,0.0,0.0,1.0,0.0,0.0,0.0,0.469537,0.148936,0.027561,0.157096,0.001818,0.197825,0.680263,0.0
0.0,0.0,1.0,0.0,0.0,0.0,0.0,0.907305,0.255319,0.072475,0.328325,0.004703,0.386846,0.636404,0.0
0.0,0.0,0.0,0.0,0.0,0.0,1.0,0.903146,1.0,0.089288,0.331151,0.006043,0.404972,0.384649,1.0
0.0,0.0,0.0,0.0,0.0,0.0,1.0,0.46874,0.574468,0.029152,0.334722,0.001913,0.230451,0.689474,0.0
0.0,0.0,0.0,0.0,1.0,0.0,0.0,0.008761,0.340426,0.090369,0.65427,0.003467,0.422915,0.414912,1.0
0.0,0.0,0.0,1.0,0.0,0.0,0.0,0.026547,0.787234,0.112195,0.482446,0.003467,0.422915,0.414912,1.0
0.0,1.0,0.0,0.0,0.0,0.0,0.0,0.911243,0.702128,0.044134,0.508033,0.002883,0.415847,0.604825,0.0
0.0,0.0,1.0,0.0,0.0,0.0,0.0,0.902659,0.914894,0.041822,0.449569,0.002833,0.492491,0.400877,0.0
0.0,0.0,0.0,0.0,0.0,1.0,0.0,0.022034,0.297872,0.060106,0.217941,0.003467,0.422915,0.414912,1.0
0.0,0.0,1.0,0.0,0.0,0.0,0.0,0.880802,0.361702,0.029422,0.421303,0.001946,0.462973,0.639912,1.0
0.0,0.0,0.0,0.0,0.0,1.0,0.0,0.425247,1.0,0.073256,0.235793,0.003467,0.422915,0.414912,0.0
0.0,0.0,0.0,0.0,0.0,0.0,1.0,0.455821,0.319149,0.037859,0.4759,0.002624,0.290264,0.489035,0.0
0.0,0.0,0.0,0.0,1.0,0.0,0.0,0.889208,1.0,0.030683,0.519042,0.00205,0.428017,0.57193,1.0
0.0,0.0,1.0,0.0,0.0,0.0,0.0,0.022211,0.021277,0.075327,0.406873,0.003467,0.422915,0.414912,1.0
0.0,0.0,0.0,0.0,1.0,0.0,0.0,0.442237,0.382979,0.07896,0.542993,0.003467,0.422915,0.414912,0.0
0.0,0.0,0.0,0.0,0.0,1.0,0.0,0.014336,0.170213,0.0529,0.185808,0.003467,0.422915,0.414912,0.0
0.0,0.0,0.0,0.0,0.0,0.0,1.0,0.460422,0.87234,0.02669,0.387385,0.001803,0.307613,0.584649,0.0
0.0,0.0,0.0,0.0,0.0,1.0,0.0,0.89912,0.978723,0.094061,0.550431,0.006373,0.527188,0.410965,1.0
0.0,0.0,0.0,0.0,1.0,0.0,0.0,0.026282,0.446809,0.09205,0.486611,0.003467,0.422915,0.414912,1.0
0.0,0.0,0.0,0.0,0.0,0.0,1.0,0.469979,0.787234,0.029122,0.41803,0.001965,0.235888,0.573246,0.0
0.0,0.0,0.0,0.0,1.0,0.0,0.0,0.88151,0.361702,0.027441,0.50119,0.001863,0.563956,0.499561,0.0
0.0,1.0,0.0,0.0,0.0,0.0,0.0,0.464537,0.914894,0.05239,0.324606,0.003506,0.38581,0.57193,0.0
0.0,0.0,0.0,0.0,1.0,0.0,0.0,0.425202,0.914894,0.076618,0.374888,0.003467,0.422915,0.414912,1.0
0.0,0.0,0.0,1.0,0.0,0.0,0.0,0.89381,0.93617,0.046565,0.598631,0.00316,0.473071,0.528509,0.0
0.0,1.0,0.0,0.0,0.0,0.0,0.0,0.880448,0.723404,0.036478,0.576614,0.002553,0.534697,0.282018,0.0
0.0,0.0,0.0,0.0,1.0,0.0,0.0,0.907084,0.468085,0.05296,0.508182,0.0037,0.705334,0.213158,0.0
0.0,1.0,0.0,0.0,0.0,0.0,0.0,0.017521,0.723404,0.086976,0.574978,0.003467,0.422915,0.414912,1.0
0.0,0.0,1.0,0.0,0.0,0.0,0.0,0.894075,0.361702,0.126516,0.758703,0.009154,0.774469,0.301754,1.0
0.0,1.0,0.0,0.0,0.0,0.0,0.0,0.447281,0.510638,0.083313,0.68551,0.005661,0.615743,0.414912,1.0
0.0,0.0,0.0,0.0,0.0,1.0,0.0,0.438565,0.829787,0.055632,0.367004,0.003467,0.422915,0.414912,1.0
0.0,0.0,0.0,0.0,1.0,0.0,0.0,0.442503,0.638298,0.085355,0.469206,0.005823,0.566805,0.500526,1.0
0.0,0.0,0.0,0.0,1.0,0.0,0.0,0.014291,0.531915,0.089558,0.619905,0.003467,0.422915,0.414912,1.0
0.0,0.0,0.0,0.0,1.0,0.0,0.0,0.893677,0.744681,0.035937,0.630765,0.002528,0.734076,0.130263,1.0
0.0,0.0,1.0,0.0,0.0,0.0,0.0,0.455953,0.234043,0.032845,0.306456,0.002221,0.319782,0.730263,0.0
0.0,0.0,0.0,0.0,0.0,0.0,1.0,0.912393,0.106383,0.041341,0.152931,0.002777,0.259192,0.550439,0.0
0.0,0.0,0.0,0.0,0.0,1.0,0.0,0.912349,1.0,0.059355,0.416543,0.004086,0.416624,0.441228,0.0
0.0,0.0,0.0,0.0,0.0,0.0,1.0,0.902526,0.617021,0.029663,0.3374,0.001957,0.328586,0.529825,0.0
1.0,0.0,0.0,0.0,0.0,0.0,0.0,0.452192,0.446809,0.033325,0.525885,0.002258,0.220352,0.613596,0.0
0.0,0.0,0.0,0.0,0.0,0.0,1.0,0.434007,1.0,0.061307,0.247248,0.003467,0.422915,0.414912,1.0
0.0,0.0,0.0,0.0,0.0,0.0,1.0,0.885005,0.319149,0.081392,0.323862,0.005505,0.274469,0.491228,1.0
0.0,0.0,0.0,0.0,1.0,0.0,0.0,0.443432,0.191489,0.031104,0.173907,0.001755,0.216209,0.765789,0.0
0.0,0.0,0.0,0.0,1.0,0.0,0.0,0.872484,0.148936,0.02627,0.181791,0.001608,0.28638,0.857018,0.0
0.0,0.0,0.0,0.0,0.0,0.0,1.0,0.473696,1.0,0.028131,0.268224,0.001872,0.332211,0.755702,0.0
0.0,1.0,0.0,0.0,0.0,0.0,0.0,0.876466,0.404255,0.035787,0.582565,0.002277,0.512947,0.700439,1.0
0.0,0.0,0.0,0.0,0.0,1.0,0.0,0.027565,0.319149,0.083794,0.358524,0.003467,0.422915,0.414912,1.0
1.0,0.0,0.0,0.0,0.0,0.0,0.0,0.912438,0.808511,0.046265,0.370723,0.003027,0.300363,0.687281,1.0
0.0,0.0,0.0,0.0,0.0,0.0,1.0,0.912393,0.744681,0.043923,0.32535,0.00291,0.318488,0.587719,0.0
1.0,0.0,0.0,0.0,0.0,0.0,0.0,0.447547,0.829787,0.063408,0.643261,0.004485,0.412222,0.401754,1.0
0.0,1.0,0.0,0.0,0.0,0.0,0.0,0.459891,0.510638,0.040591,0.554151,0.002757,0.506473,0.573684,1.0
0.0,0.0,0.0,0.0,0.0,0.0,1.0,0.86797,0.978723,0.030713,0.289051,0.001523,0.312015,0.814474,0.0
0.0,0.0,0.0,1.0,0.0,0.0,0.0,0.90704,0.234043,0.041642,0.239512,0.002792,0.318488,0.531579,0.0
0.0,0.0,0.0,1.0,0.0,0.0,0.0,0.880227,0.255319,0.040471,0.341416,0.002646,0.332729,0.534211,1.0
0.0,0.0,0.0,0.0,1.0,0.0,0.0,0.872484,0.191489,0.031734,0.243975,0.002015,0.324443,0.8,0.0
1.0,0.0,0.0,0.0,0.0,0.0,0.0,0.026724,0.765957,0.051459,0.407022,0.003467,0.422915,0.414912,0.0
0.0,0.0,0.0,0.0,1.0,0.0,0.0,0.902748,1.0,0.089048,0.481553,0.005773,0.522527,0.680263,1.0
0.0,0.0,0.0,0.0,1.0,0.0,0.0,0.866953,0.851064,0.030563,0.335912,0.002046,0.263594,0.729386,0.0
0.0,0.0,0.0,0.0,1.0,0.0,0.0,0.902748,0.382979,0.087667,0.565308,0.005777,0.647333,0.516667,1.0
0.0,0.0,0.0,1.0,0.0,0.0,0.0,0.44737,0.404255,0.062177,0.731181,0.004431,0.651476,0.297368,1.0
0.0,0.0,0.0,1.0,0.0,0.0,0.0,0.889474,0.085106,0.037859,0.371616,0.002507,0.452356,0.572807,1.0
0.0,0.0,0.0,1.0,0.0,0.0,0.0,0.474183,0.255319,0.028342,0.312556,0.00189,0.282237,0.707456,1.0
0.0,0.0,0.0,0.0,0.0,1.0,0.0,0.438565,0.404255,0.053381,0.452544,0.003467,0.422915,0.414912,0.0
0.0,0.0,0.0,1.0,0.0,0.0,0.0,0.031813,0.553191,0.056923,0.210354,0.003467,0.422915,0.414912,0.0
0.0,0.0,0.0,1.0,0.0,0.0,0.0,0.437857,0.191489,0.045935,0.125409,0.003467,0.422915,0.414912,0.0
0.0,0.0,1.0,0.0,0.0,0.0,0.0,0.008982,0.489362,0.090219,0.62407,0.003467,0.422915,0.414912,0.0
0.0,0.0,0.0,0.0,1.0,0.0,0.0,0.473607,0.170213,0.024829,0.167063,0.00167,0.227084,0.621053,0.0
0.0,0.0,1.0,0.0,0.0,0.0,0.0,0.023141,0.93617,0.107752,0.406278,0.003467,0.422915,0.414912,1.0
0.0,0.0,0.0,0.0,0.0,0.0,1.0,0.023008,0.276596,0.066561,0.124814,0.003467,0.422915,0.414912,0.0
0.0,0.0,0.0,0.0,0.0,0.0,1.0,0.455511,0.276596,0.033626,0.322077,0.001803,0.26463,0.724561,0.0
0.0,0.0,0.0,0.0,0.0,0.0,1.0,0.893633,0.808511,0.074186,0.680452,0.004848,0.51709,0.661404,1.0
0.0,0.0,0.0,0.0,0.0,1.0,0.0,0.872528,0.808511,0.028972,0.506992,0.00114,0.383739,0.769298,0.0
1.0,0.0,0.0,0.0,0.0,0.0,0.0,0.906907,0.340426,0.029542,0.242785,0.001888,0.146556,0.630263,0.0
0.0,0.0,0.0,1.0,0.0,0.0,0.0,0.460909,0.276596,0.040411,0.487206,0.002748,0.370016,0.45,0.0
0.0,0.0,0.0,0.0,1.0,0.0,0.0,0.867882,0.723404,0.031974,0.600863,0.002054,0.594252,0.659211,1.0
0.0,0.0,0.0,1.0,0.0,0.0,0.0,0.45998,0.319149,0.05296,0.519786,0.003614,0.503625,0.238158,0.0
0.0,0.0,0.0,0.0,1.0,0.0,0.0,0.456661,0.170213,0.021917,0.246802,0.001452,0.274469,0.807456,0.0
0.0,0.0,0.0,0.0,1.0,0.0,0.0,0.0223,0.085106,0.045455,0.235347,0.003467,0.422915,0.414912,0.0
0.0,0.0,0.0,1.0,0.0,0.0,0.0,0.867528,0.234043,0.041161,0.352127,0.002665,0.4029,0.664912,1.0
0.0,1.0,0.0,0.0,0.0,0.0,0.0,0.907261,0.659574,0.15804,0.457602,0.010299,0.583118,0.555263,1.0
0.0,0.0,1.0,0.0,0.0,0.0,0.0,0.894075,0.446809,0.086165,0.703213,0.005974,0.737701,0.344298,1.0
0.0,0.0,1.0,0.0,0.0,0.0,0.0,0.023141,0.12766,0.040801,0.13731,0.003467,0.422915,0.414912,0.0
0.0,0.0,0.0,0.0,0.0,0.0,1.0,0.02699,0.0,0.048487,0.236686,0.003467,0.422915,0.414912,0.0
0.0,0.0,0.0,0.0,0.0,0.0,1.0,0.429583,0.148936,0.055242,0.080928,0.003467,0.422915,0.414912,0.0
0.0,0.0,0.0,1.0,0.0,0.0,0.0,0.031813,0.851064,0.056923,0.220173,0.003467,0.422915,0.414912,0.0
0.0,0.0,0.0,0.0,0.0,1.0,0.0,0.881244,0.276596,0.029783,0.370723,0.001936,0.402382,0.533333,0.0
0.0,0.0,0.0,0.0,0.0,1.0,0.0,0.473961,0.085106,0.02612,0.166617,0.001415,0.271103,0.641228,0.0
0.0,0.0,0.0,0.0,1.0,0.0,0.0,0.026901,0.553191,0.134262,0.578251,0.003467,0.422915,0.414912,1.0
0.0,0.0,0.0,1.0,0.0,0.0,0.0,0.00469,0.978723,0.120001,0.567986,0.003467,0.422915,0.414912,0.0
0.0,0.0,1.0,0.0,0.0,0.0,0.0,0.451661,0.404255,0.042032,0.752752,0.002761,0.70378,0.478509,0.0
0.0,1.0,0.0,0.0,0.0,0.0,0.0,0.452237,0.170213,0.030443,0.188634,0.002048,0.214397,0.735526,0.0
0.0,0.0,1.0,0.0,0.0,0.0,0.0,0.474138,0.106383,0.024889,0.15055,0.001635,0.208959,0.835965,0.0
0.0,0.0,0.0,0.0,1.0,0.0,0.0,0.442237,0.829787,0.054612,0.449866,0.003467,0.422915,0.414912,0.0
1.0,0.0,0.0,0.0,0.0,0.0,0.0,0.442945,0.212766,0.034076,0.098185,0.002239,0.098136,0.686404,0.0
0.0,0.0,0.0,0.0,0.0,0.0,1.0,0.46905,0.212766,0.035067,0.145641,0.002304,0.1797,0.596491,0.0
0.0,0.0,0.0,0.0,0.0,0.0,1.0,0.46874,0.468085,0.029182,0.385451,0.00189,0.307872,0.716228,0.0
0.0,0.0,0.0,0.0,0.0,1.0,0.0,0.893589,0.595745,0.077129,0.601755,0.004674,0.626877,0.529825,0.0
0.0,0.0,0.0,0.0,1.0,0.0,0.0,0.43883,0.404255,0.049898,0.357632,0.003467,0.422915,0.414912,0.0
0.0,0.0,0.0,0.0,0.0,1.0,0.0,0.876952,0.340426,0.037318,0.551324,0.002561,0.520456,0.348246,1.0
0.0,1.0,0.0,0.0,0.0,0.0,0.0,0.890005,0.0,0.027231,0.396608,0.001759,0.387105,0.553947,0.0
0.0,0.0,0.0,1.0,0.0,0.0,0.0,0.889474,0.404255,0.034406,0.620649,0.002397,0.695495,0.209649,0.0
1.0,0.0,0.0,0.0,0.0,0.0,0.0,0.008893,0.957447,0.099616,0.608599,0.003467,0.422915,0.414912,1.0
0.0,0.0,0.0,0.0,0.0,0.0,1.0,0.889607,0.319149,0.098175,0.41922,0.004836,0.312273,0.628509,1.0
0.0,0.0,0.0,0.0,0.0,0.0,1.0,0.903456,0.808511,0.050048,0.449717,0.003301,0.357328,0.557895,0.0
0.0,1.0,0.0,0.0,0.0,0.0,0.0,1.0,0.531915,0.075027,0.501339,0.004994,0.536251,0.517544,1.0
0.0,0.0,0.0,0.0,0.0,0.0,1.0,0.995443,0.723404,0.06527,0.51562,0.004287,0.410927,0.630263,1.0
0.0,0.0,0.0,0.0,1.0,0.0,0.0,0.030928,0.042553,0.054281,0.244273,0.003467,0.422915,0.414912,0.0
0.0,0.0,1.0,0.0,0.0,0.0,0.0,0.027432,0.021277,0.049388,0.304225,0.003467,0.422915,0.414912,0.0
0.0,0.0,1.0,0.0,0.0,0.0,0.0,0.867484,0.723404,0.029663,0.578548,0.00184,0.655101,0.496491,0.0
0.0,0.0,0.0,0.0,1.0,0.0,0.0,0.876598,0.93617,0.024919,0.434841,0.001045,0.321336,0.833333,0.0
0.0,1.0,0.0,0.0,0.0,0.0,0.0,0.031724,0.234043,0.054131,0.239512,0.003467,0.422915,0.414912,0.0
0.0,0.0,1.0,0.0,0.0,0.0,0.0,0.868103,0.255319,0.030443,0.34216,0.002013,0.401605,0.609211,0.0
0.0,0.0,0.0,0.0,0.0,1.0,0.0,0.889253,0.042553,0.033686,0.457899,0.002192,0.436044,0.530263,1.0
0.0,0.0,0.0,0.0,0.0,1.0,0.0,0.022654,0.531915,0.090609,0.348855,0.003467,0.422915,0.414912,1.0
1.0,0.0,0.0,0.0,0.0,0.0,0.0,0.876112,1.0,0.029002,0.240107,0.000823,0.256344,0.790789,1.0
0.0,0.0,0.0,0.0,0.0,1.0,0.0,0.438255,0.531915,0.060166,0.370425,0.003467,0.422915,0.414912,0.0
0.0,0.0,0.0,0.0,0.0,0.0,1.0,0.902526,0.0,0.074397,0.485421,0.004927,0.415588,0.617544,1.0
0.0,0.0,0.0,1.0,0.0,0.0,0.0,0.872439,0.595745,0.147262,0.718387,0.009759,0.829881,0.078947,1.0
0.0,0.0,0.0,0.0,0.0,0.0,1.0,0.903456,0.553191,0.034226,0.347218,0.002208,0.223977,0.757456,0.0
0.0,0.0,0.0,0.0,0.0,1.0,0.0,0.429848,0.787234,0.094152,0.480512,0.003467,0.422915,0.414912,1.0
0.0,1.0,0.0,0.0,0.0,0.0,0.0,0.875846,0.957447,0.035007,0.448081,0.001386,0.308648,0.813158,1.0
0.0,0.0,0.0,0.0,0.0,0.0,1.0,0.898544,0.446809,0.09229,0.542249,0.005733,0.401864,0.672807,1.0
0.0,0.0,1.0,0.0,0.0,0.0,0.0,0.880492,0.404255,0.038729,0.566052,0.002671,0.53651,0.308772,0.0
0.0,1.0,0.0,0.0,0.0,0.0,0.0,0.009867,0.319149,0.075267,0.632699,0.003467,0.422915,0.414912,1.0
0.0,0.0,0.0,0.0,0.0,1.0,0.0,0.004469,0.382979,0.099616,0.561143,0.003467,0.422915,0.414912,1.0
0.0,0.0,0.0,0.0,1.0,0.0,0.0,0.473607,0.276596,0.042993,0.43975,0.002954,0.550751,0.230702,1.0
1.0,0.0,0.0,0.0,0.0,0.0,0.0,0.90288,0.978723,0.072505,0.355251,0.004825,0.392284,0.538158,1.0
0.0,0.0,0.0,1.0,0.0,0.0,0.0,0.87151,0.021277,0.027081,0.324457,0.001653,0.324961,0.820614,0.0
0.0,0.0,0.0,0.0,1.0,0.0,0.0,0.894164,0.765957,0.089798,0.858971,0.006082,0.808389,0.344737,1.0
0.0,1.0,0.0,0.0,0.0,0.0,0.0,0.876775,0.148936,0.025249,0.170931,0.001543,0.228897,0.838158,0.0
0.0,0.0,0.0,0.0,0.0,0.0,1.0,0.912084,1.0,0.043113,0.275513,0.002898,0.379337,0.485965,0.0
0.0,1.0,0.0,0.0,0.0,0.0,0.0,0.005221,1.0,0.090309,0.533472,0.003467,0.422915,0.414912,1.0
0.0,0.0,0.0,1.0,0.0,0.0,0.0,0.899031,0.744681,0.089228,0.746504,0.005312,0.546608,0.63114,1.0
0.0,0.0,1.0,0.0,0.0,0.0,0.0,0.890359,0.744681,0.185571,0.962511,0.012358,0.792336,0.527193,1.0
0.0,0.0,0.0,0.0,0.0,0.0,1.0,0.031326,0.425532,0.074817,0.307349,0.003467,0.422915,0.414912,1.0
0.0,0.0,0.0,0.0,1.0,0.0,0.0,0.43852,0.446809,0.057974,0.519339,0.003467,0.422915,0.414912,0.0
0.0,0.0,0.0,0.0,0.0,0.0,1.0,0.898544,0.914894,0.090038,0.487801,0.005627,0.386328,0.690351,1.0
0.0,1.0,0.0,0.0,0.0,0.0,0.0,0.455599,0.93617,0.043473,0.60607,0.002943,0.469446,0.650877,0.0
0.0,0.0,0.0,0.0,1.0,0.0,0.0,0.907703,0.191489,0.042002,0.182684,0.002761,0.245728,0.643421,0.0
0.0,0.0,0.0,0.0,0.0,0.0,1.0,0.894252,0.93617,0.049358,0.529753,0.002659,0.410668,0.661842,0.0
0.0,0.0,0.0,0.0,0.0,1.0,0.0,0.876643,0.723404,0.028942,0.563672,0.00193,0.58985,0.407018,0.0
0.0,0.0,0.0,0.0,1.0,0.0,0.0,0.911995,0.510638,0.055122,0.504165,0.003741,0.540653,0.317544,0.0
0.0,0.0,1.0,0.0,0.0,0.0,0.0,0.009292,0.170213,0.064789,0.28191,0.003467,0.422915,0.414912,0.0
0.0,1.0,0.0,0.0,0.0,0.0,0.0,0.898013,0.468085,0.063889,0.655013,0.00431,0.63594,0.449123,0.0
1.0,0.0,0.0,0.0,0.0,0.0,0.0,0.880713,0.914894,0.031434,0.243677,0.00085,0.243397,0.783333,1.0
0.0,0.0,0.0,0.0,0.0,0.0,1.0,0.45644,0.021277,0.032725,0.513389,0.002167,0.433713,0.617105,0.0
1.0,0.0,0.0,0.0,0.0,0.0,0.0,0.875979,0.957447,0.029122,0.373252,0.001811,0.299327,0.697368,0.0
1.0,0.0,0.0,0.0,0.0,0.0,0.0,0.881333,0.340426,0.028251,0.25305,0.001807,0.191093,0.778509,0.0
0.0,1.0,0.0,0.0,0.0,0.0,0.0,0.429362,0.553191,0.074577,0.545522,0.003467,0.422915,0.414912,0.0
0.0,0.0,1.0,0.0,0.0,0.0,0.0,0.000354,0.680851,0.089798,0.463106,0.003467,0.422915,0.414912,0.0
1.0,0.0,0.0,0.0,0.0,0.0,0.0,0.876731,0.255319,0.024979,0.157542,0.000935,0.18436,0.839912,0.0
0.0,0.0,1.0,0.0,0.0,0.0,0.0,0.031459,0.446809,0.074997,0.503868,0.003467,0.422915,0.414912,1.0
0.0,0.0,1.0,0.0,0.0,0.0,0.0,0.455644,0.106383,0.038579,0.366111,0.002634,0.433195,0.603947,0.0
0.0,0.0,0.0,0.0,0.0,0.0,1.0,0.455821,0.12766,0.048337,0.297828,0.003342,0.324443,0.402632,0.0
0.0,1.0,0.0,0.0,0.0,0.0,0.0,0.018141,0.12766,0.054912,0.193246,0.003467,0.422915,0.414912,0.0
0.0,1.0,0.0,0.0,0.0,0.0,0.0,0.008938,0.148936,0.074817,0.256174,0.003467,0.422915,0.414912,0.0
0.0,0.0,0.0,0.0,0.0,1.0,0.0,0.469625,0.489362,0.056353,0.519191,0.003801,0.532885,0.304386,1.0
0.0,0.0,0.0,1.0,0.0,0.0,0.0,0.872439,0.468085,0.049358,0.586433,0.003282,0.764112,0.268421,1.0
1.0,0.0,0.0,0.0,0.0,0.0,0.0,0.009823,0.93617,0.094332,0.544927,0.003467,0.422915,0.414912,1.0
0.0,0.0,0.0,0.0,0.0,1.0,0.0,0.473961,0.617021,0.028281,0.611574,0.001859,0.438115,0.670614,0.0
0.0,0.0,1.0,0.0,0.0,0.0,0.0,0.455644,0.404255,0.03897,0.702618,0.002634,0.704039,0.399123,0.0
0.0,0.0,1.0,0.0,0.0,0.0,0.0,0.903279,0.468085,0.088057,0.529902,0.005877,0.559037,0.384211,1.0
0.0,0.0,0.0,0.0,1.0,0.0,0.0,0.894164,0.893617,0.064249,0.709015,0.004269,0.611341,0.550439,0.0
0.0,0.0,0.0,0.0,0.0,0.0,1.0,0.907792,0.765957,0.043323,0.382475,0.002904,0.340756,0.549561,1.0
0.0,0.0,0.0,0.0,0.0,1.0,0.0,0.442281,0.297872,0.049928,0.250521,0.003467,0.422915,0.414912,0.0
1.0,0.0,0.0,0.0,0.0,0.0,0.0,0.026724,0.723404,0.05221,0.437519,0.003467,0.422915,0.414912,0.0
0.0,0.0,0.0,0.0,1.0,0.0,0.0,0.027521,0.93617,0.074817,0.412972,0.003467,0.422915,0.414912,1.0
1.0,0.0,0.0,0.0,0.0,0.0,0.0,0.425645,0.851064,0.074427,0.327581,0.003467,0.422915,0.414912,1.0
0.0,0.0,0.0,1.0,0.0,0.0,0.0,0.021946,0.191489,0.057464,0.1446,0.003467,0.422915,0.414912,1.0
0.0,0.0,0.0,1.0,0.0,0.0,0.0,0.01792,0.361702,0.06614,0.5241,0.003467,0.422915,0.414912,0.0
0.0,0.0,0.0,0.0,0.0,0.0,1.0,0.469669,0.234043,0.027981,0.207379,0.001863,0.195495,0.734649,0.0
0.0,0.0,0.0,0.0,0.0,1.0,0.0,0.424937,0.595745,0.066801,0.277298,0.003467,0.422915,0.414912,0.0
0.0,0.0,0.0,0.0,1.0,0.0,0.0,0.433919,0.148936,0.043473,0.133145,0.003467,0.422915,0.414912,0.0
0.0,0.0,0.0,0.0,0.0,1.0,0.0,0.907128,0.382979,0.152456,0.536447,0.010453,0.695495,0.300439,1.0
0.0,1.0,0.0,0.0,0.0,0.0,0.0,0.434096,0.702128,0.057043,0.5241,0.003467,0.422915,0.414912,1.0
1.0,0.0,0.0,0.0,0.0,0.0,0.0,0.872307,0.212766,0.01267,0.106367,0.00081,0.135163,0.827632,0.0
0.0,0.0,0.0,0.0,1.0,0.0,0.0,0.867882,0.425532,0.029272,0.603392,0.001874,0.697048,0.467105,1.0
0.0,0.0,0.0,1.0,0.0,0.0,0.0,8.8e-05,0.042553,0.051489,0.399286,0.003467,0.422915,0.414912,1.0
0.0,0.0,0.0,0.0,1.0,0.0,0.0,0.456661,0.446809,0.034826,0.582267,0.002362,0.569135,0.544737,1.0
0.0,0.0,1.0,0.0,0.0,0.0,0.0,0.88943,0.212766,0.028552,0.218239,0.001857,0.307095,0.734211,0.0
1.0,0.0,0.0,0.0,0.0,0.0,0.0,0.456175,0.042553,0.027021,0.31568,0.001793,0.388141,0.657895,0.0
0.0,0.0,1.0,0.0,0.0,0.0,0.0,0.425733,0.361702,0.10484,0.566052,0.003467,0.422915,0.414912,1.0
0.0,1.0,0.0,0.0,0.0,0.0,0.0,0.911862,0.893617,0.043713,0.399137,0.002867,0.3739,0.610526,0.0
0.0,0.0,0.0,0.0,0.0,1.0,0.0,0.013097,0.87234,0.041582,0.435882,0.003467,0.422915,0.414912,0.0
1.0,0.0,0.0,0.0,0.0,0.0,0.0,0.031061,0.531915,0.074547,0.509967,0.003467,0.422915,0.414912,1.0
0.0,0.0,0.0,0.0,1.0,0.0,0.0,0.885226,0.510638,0.03936,0.531092,0.002759,0.512429,0.251316,0.0
0.0,0.0,1.0,0.0,0.0,0.0,0.0,0.911287,0.468085,0.042632,0.484528,0.002725,0.279648,0.725877,0.0
0.0,0.0,0.0,0.0,0.0,1.0,0.0,0.438874,0.829787,0.051759,0.350342,0.003467,0.422915,0.414912,1.0
0.0,0.0,0.0,0.0,0.0,0.0,1.0,0.031636,0.468085,0.077819,0.323416,0.003467,0.422915,0.414912,1.0
0.0,1.0,0.0,0.0,0.0,0.0,0.0,0.005221,0.765957,0.086075,0.806159,0.003467,0.422915,0.414912,1.0
0.0,0.0,0.0,0.0,0.0,0.0,1.0,0.86828,0.680851,0.028972,0.420411,0.001745,0.392284,0.779386,0.0
0.0,0.0,0.0,0.0,0.0,0.0,1.0,0.017743,0.829787,0.070914,0.443618,0.003467,0.422915,0.414912,1.0
0.0,0.0,0.0,0.0,0.0,1.0,0.0,0.872528,0.659574,0.029062,0.700833,0.001824,0.529259,0.783333,0.0
0.0,0.0,1.0,0.0,0.0,0.0,0.0,0.425114,0.914894,0.083794,0.380095,0.003467,0.422915,0.414912,1.0
0.0,0.0,0.0,0.0,1.0,0.0,0.0,0.473917,0.787234,0.025219,0.476793,0.001631,0.370533,0.735088,0.0
0.0,0.0,1.0,0.0,0.0,0.0,0.0,0.026813,0.446809,0.096343,0.542398,0.003467,0.422915,0.414912,1.0
0.0,0.0,0.0,1.0,0.0,0.0,0.0,0.465245,0.12766,0.031254,0.203957,0.002144,0.248835,0.370614,0.0
0.0,1.0,0.0,0.0,0.0,0.0,0.0,0.881377,0.382979,0.030473,0.519191,0.002125,0.565251,0.296053,0.0
1.0,0.0,0.0,0.0,0.0,0.0,0.0,0.995575,0.595745,0.056713,0.267926,0.003243,0.249612,0.809649,0.0
0.0,1.0,0.0,0.0,0.0,0.0,0.0,0.443299,0.93617,0.043953,0.475454,0.002908,0.392543,0.662281,0.0
0.0,0.0,0.0,0.0,0.0,1.0,0.0,0.455467,0.531915,0.037468,0.557275,0.002545,0.562403,0.455263,0.0
0.0,0.0,0.0,0.0,1.0,0.0,0.0,0.027211,0.404255,0.093371,0.533323,0.003467,0.422915,0.414912,1.0
0.0,0.0,1.0,0.0,0.0,0.0,0.0,0.009601,0.191489,0.041281,0.188188,0.003467,0.422915,0.414912,0.0
0.0,0.0,0.0,0.0,0.0,1.0,0.0,0.907747,0.191489,0.042032,0.172121,0.002744,0.243915,0.680263,0.0
0.0,0.0,0.0,0.0,0.0,1.0,0.0,0.903102,0.93617,0.050468,0.421303,0.003407,0.368462,0.516228,0.0
0.0,0.0,0.0,0.0,0.0,1.0,0.0,0.469625,0.638298,0.058575,0.490181,0.003974,0.539876,0.240789,1.0
0.0,0.0,0.0,0.0,0.0,1.0,0.0,0.442547,0.085106,0.054221,0.305861,0.003698,0.390471,0.500526,0.0
0.0,1.0,0.0,0.0,0.0,0.0,0.0,0.004911,0.085106,0.075207,0.349747,0.003467,0.422915,0.414912,0.0
1.0,0.0,0.0,0.0,0.0,0.0,0.0,0.875979,1.0,0.029122,0.341565,0.001865,0.341792,0.72193,0.0
1.0,0.0,0.0,0.0,0.0,0.0,0.0,0.022433,0.595745,0.059505,0.464148,0.003467,0.422915,0.414912,0.0
0.0,1.0,0.0,0.0,0.0,0.0,0.0,0.898633,0.893617,0.064789,0.599673,0.004317,0.507768,0.386842,0.0
0.0,0.0,0.0,1.0,0.0,0.0,0.0,0.460909,0.170213,0.027831,0.192353,0.001884,0.219316,0.55614,0.0
1.0,0.0,0.0,0.0,0.0,0.0,0.0,0.023052,0.893617,0.049117,0.360161,0.003467,0.422915,0.414912,0.0
0.0,0.0,0.0,0.0,0.0,0.0,1.0,0.446883,0.276596,0.028582,0.254537,0.000976,0.224236,0.765789,0.0
0.0,1.0,0.0,0.0,0.0,0.0,0.0,0.433476,0.957447,0.051849,0.427998,0.003467,0.422915,0.414912,0.0
0.0,0.0,0.0,0.0,0.0,1.0,0.0,0.022964,0.787234,0.098955,0.412377,0.003467,0.422915,0.414912,1.0
0.0,0.0,0.0,0.0,1.0,0.0,0.0,0.004425,0.425532,0.050468,0.597144,0.003467,0.422915,0.414912,0.0
0.0,0.0,0.0,0.0,0.0,1.0,0.0,0.89912,0.319149,0.09172,0.600417,0.00624,0.636976,0.375877,1.0
0.0,0.0,1.0,0.0,0.0,0.0,0.0,0.026503,0.042553,0.047526,0.269563,0.003467,0.422915,0.414912,0.0
1.0,0.0,0.0,0.0,0.0,0.0,0.0,0.447856,0.893617,0.035397,0.550431,0.002358,0.346194,0.687281,0.0
0.0,1.0,0.0,0.0,0.0,0.0,0.0,0.876466,0.553191,0.030863,0.587325,0.001955,0.527447,0.681579,1.0
0.0,1.0,0.0,0.0,0.0,0.0,0.0,0.469139,0.12766,0.024739,0.097441,0.001624,0.125583,0.659649,0.0
0.0,0.0,0.0,0.0,1.0,0.0,0.0,0.872484,0.340426,0.034046,0.641625,0.002204,0.675557,0.42807,0.0
0.0,0.0,0.0,0.0,0.0,1.0,0.0,0.425247,0.234043,0.062327,0.151741,0.003467,0.422915,0.414912,0.0
0.0,1.0,0.0,0.0,0.0,0.0,0.0,0.013539,0.06383,0.098925,0.426659,0.003467,0.422915,0.414912,1.0
0.0,0.0,0.0,0.0,0.0,1.0,0.0,0.460688,0.255319,0.032154,0.352276,0.002185,0.308907,0.378509,0.0
0.0,0.0,0.0,0.0,1.0,0.0,0.0,0.005354,0.234043,0.077909,0.288456,0.003467,0.422915,0.414912,1.0
0.0,0.0,0.0,1.0,0.0,0.0,0.0,0.903013,0.042553,0.108593,0.453436,0.007329,0.544278,0.392982,1.0
0.0,1.0,0.0,0.0,0.0,0.0,0.0,0.026769,0.021277,0.051459,0.327284,0.003467,0.422915,0.414912,0.0
0.0,0.0,0.0,0.0,1.0,0.0,0.0,0.031238,0.808511,0.056113,0.342606,0.003467,0.422915,0.414912,0.0
0.0,0.0,1.0,0.0,0.0,0.0,0.0,0.87589,0.191489,0.030443,0.238619,0.001456,0.305023,0.900877,0.0
0.0,0.0,0.0,0.0,1.0,0.0,0.0,0.429804,0.93617,0.070584,0.450164,0.003467,0.422915,0.414912,0.0
0.0,0.0,0.0,0.0,0.0,1.0,0.0,0.013097,0.617021,0.041401,0.317019,0.003467,0.422915,0.414912,0.0
0.0,0.0,0.0,0.0,1.0,0.0,0.0,0.469271,0.340426,0.054551,0.543291,0.003569,0.484982,0.459649,1.0
0.0,0.0,1.0,0.0,0.0,0.0,0.0,0.461174,0.468085,0.029723,0.471883,0.001986,0.486535,0.363596,0.0
0.0,0.0,0.0,1.0,0.0,0.0,0.0,0.89381,0.702128,0.054672,0.593722,0.003795,0.645003,0.340351,0.0
0.0,1.0,0.0,0.0,0.0,0.0,0.0,0.911243,0.446809,0.043803,0.513984,0.002865,0.408856,0.591667,0.0
0.0,0.0,0.0,0.0,0.0,0.0,1.0,0.000841,0.87234,0.126606,0.436626,0.003467,0.422915,0.414912,1.0
0.0,0.0,0.0,1.0,0.0,0.0,0.0,0.90704,0.468085,0.082593,0.502231,0.005679,0.718022,0.285088,1.0
0.0,0.0,0.0,0.0,1.0,0.0,0.0,0.027521,0.914894,0.067221,0.386343,0.003467,0.422915,0.414912,1.0
0.0,0.0,0.0,1.0,0.0,0.0,0.0,0.009026,0.87234,0.045304,0.704552,0.003467,0.422915,0.414912,0.0
0.0,1.0,0.0,0.0,0.0,0.0,0.0,0.898633,0.0,0.090609,0.402559,0.005922,0.402382,0.490351,1.0
0.0,0.0,1.0,0.0,0.0,0.0,0.0,0.881111,0.361702,0.031614,0.500446,0.002131,0.513982,0.469298,0.0
0.0,0.0,0.0,0.0,0.0,1.0,0.0,0.460378,0.148936,0.031674,0.207528,0.002158,0.276541,0.479825,0.0
0.0,0.0,0.0,0.0,0.0,0.0,1.0,0.018052,0.425532,0.074637,0.391996,0.003467,0.422915,0.414912,1.0
0.0,0.0,1.0,0.0,0.0,0.0,0.0,0.473519,0.829787,0.024619,0.441238,0.001614,0.375453,0.575439,0.0
0.0,0.0,1.0,0.0,0.0,0.0,0.0,0.429096,0.978723,0.083193,0.409104,0.003467,0.422915,0.414912,1.0
1.0,0.0,0.0,0.0,0.0,0.0,0.0,0.008584,0.382979,0.074817,0.663642,0.003467,0.422915,0.414912,1.0
0.0,0.0,0.0,0.0,0.0,1.0,0.0,0.014336,0.0,0.075177,0.562333,0.003467,0.422915,0.414912,1.0
0.0,0.0,0.0,0.0,0.0,0.0,1.0,0.01376,0.382979,0.068452,0.449122,0.003467,0.422915,0.414912,1.0
0.0,0.0,0.0,0.0,1.0,0.0,0.0,0.46467,0.212766,0.02678,0.169741,0.001818,0.203263,0.525,0.0
0.0,0.0,0.0,0.0,1.0,0.0,0.0,0.473917,0.978723,0.028161,0.433353,0.001845,0.362506,0.675439,0.0
0.0,0.0,0.0,0.0,1.0,0.0,0.0,0.899075,0.659574,0.081812,0.529604,0.005324,0.551787,0.611404,1.0
0.0,0.0,0.0,1.0,0.0,0.0,0.0,0.898412,0.510638,0.082112,0.534067,0.005399,0.670378,0.485965,1.0
0.0,0.0,0.0,0.0,0.0,1.0,0.0,0.464714,0.893617,0.02684,0.325796,0.001824,0.332211,0.517105,0.0
0.0,0.0,0.0,0.0,0.0,1.0,0.0,0.433653,0.893617,0.068092,0.322523,0.003467,0.422915,0.414912,1.0
0.0,0.0,0.0,0.0,0.0,0.0,1.0,0.880359,0.829787,0.040531,0.386492,0.002686,0.343086,0.54386,0.0
1.0,0.0,0.0,0.0,0.0,0.0,0.0,0.008584,0.553191,0.064519,0.559952,0.003467,0.422915,0.414912,0.0
0.0,0.0,0.0,1.0,0.0,0.0,0.0,0.01792,0.787234,0.06614,0.587474,0.003467,0.422915,0.414912,0.0
0.0,0.0,0.0,1.0,0.0,0.0,0.0,0.44706,0.489362,0.062838,0.635823,0.004427,0.63594,0.280263,0.0
0.0,0.0,0.0,0.0,0.0,1.0,0.0,0.902792,0.723404,0.088297,0.563225,0.005829,0.540653,0.427193,1.0
0.0,0.0,0.0,0.0,0.0,0.0,1.0,0.898235,0.085106,0.053771,0.391104,0.003448,0.460901,0.673684,0.0
0.0,0.0,1.0,0.0,0.0,0.0,0.0,0.906995,0.489362,0.090699,0.541208,0.006155,0.583376,0.311842,1.0
0.0,1.0,0.0,0.0,0.0,0.0,0.0,0.027388,0.297872,0.051219,0.462362,0.003467,0.422915,0.414912,0.0
1.0,0.0,0.0,0.0,0.0,0.0,0.0,0.889961,0.829787,0.030173,0.570961,0.001965,0.474107,0.478509,0.0
0.0,1.0,0.0,0.0,0.0,0.0,0.0,0.031724,0.808511,0.054131,0.341863,0.003467,0.422915,0.414912,0.0
1.0,0.0,0.0,0.0,0.0,0.0,0.0,0.889341,0.340426,0.02615,0.316424,0.001691,0.210772,0.760526,0.0
1.0,0.0,0.0,0.0,0.0,0.0,0.0,0.876731,0.319149,0.028191,0.294406,0.000858,0.209477,0.686404,0.0
0.0,0.0,0.0,1.0,0.0,0.0,0.0,0.022256,0.319149,0.057584,0.383071,0.003467,0.422915,0.414912,0.0
0.0,0.0,0.0,0.0,0.0,1.0,0.0,0.009734,0.106383,0.041582,0.302142,0.003467,0.422915,0.414912,0.0
0.0,0.0,1.0,0.0,0.0,0.0,0.0,0.867307,0.382979,0.06596,0.569027,0.004443,0.598136,0.523246,0.0
0.0,0.0,0.0,0.0,0.0,1.0,0.0,0.867616,0.787234,0.028612,0.387682,0.001855,0.511911,0.595175,0.0
0.0,0.0,0.0,0.0,1.0,0.0,0.0,0.000752,0.659574,0.044224,0.445403,0.003467,0.422915,0.414912,0.0
1.0,0.0,0.0,0.0,0.0,0.0,0.0,0.893987,0.06383,0.047976,0.33978,0.002925,0.481357,0.662719,0.0
0.0,0.0,0.0,1.0,0.0,0.0,0.0,0.434184,0.574468,0.066891,0.586135,0.003467,0.422915,0.414912,0.0
0.0,0.0,1.0,0.0,0.0,0.0,0.0,0.907924,0.957447,0.044704,0.473073,0.003008,0.325997,0.501754,0.0
0.0,0.0,0.0,0.0,1.0,0.0,0.0,0.443122,0.468085,0.054431,0.516959,0.003772,0.564733,0.321053,1.0
0.0,0.0,0.0,0.0,0.0,0.0,1.0,0.867351,0.978723,0.036868,0.287712,0.002387,0.330658,0.757018,1.0
0.0,1.0,0.0,0.0,0.0,0.0,0.0,0.433786,0.170213,0.041431,0.142815,0.003467,0.422915,0.414912,0.0
0.0,0.0,0.0,0.0,1.0,0.0,0.0,0.429185,0.468085,0.087937,0.605326,0.003467,0.422915,0.414912,1.0
0.0,0.0,0.0,0.0,1.0,0.0,0.0,0.473607,0.191489,0.02588,0.19875,0.001739,0.240808,0.668421,0.0
0.0,1.0,0.0,0.0,0.0,0.0,0.0,0.032034,0.255319,0.058394,0.154716,0.003467,0.422915,0.414912,0.0
0.0,0.0,0.0,0.0,0.0,1.0,0.0,0.018318,0.340426,0.073226,0.399286,0.003467,0.422915,0.414912,1.0
0.0,0.0,0.0,0.0,0.0,1.0,0.0,0.443166,0.042553,0.044974,0.427403,0.003029,0.429052,0.501316,0.0
0.0,0.0,0.0,0.0,1.0,0.0,0.0,0.429494,0.553191,0.076888,0.555638,0.003467,0.422915,0.414912,1.0
0.0,0.0,0.0,0.0,1.0,0.0,0.0,0.425512,0.382979,0.073316,0.519637,0.003467,0.422915,0.414912,0.0
0.0,0.0,0.0,0.0,0.0,1.0,0.0,0.447768,0.787234,0.046265,0.71571,0.003182,0.58726,0.326316,1.0
0.0,0.0,0.0,0.0,1.0,0.0,0.0,0.031547,0.851064,0.057314,0.332044,0.003467,0.422915,0.414912,0.0
1.0,0.0,0.0,0.0,0.0,0.0,0.0,0.871997,0.680851,0.036508,0.484677,0.001695,0.289228,0.842105,1.0
0.0,1.0,0.0,0.0,0.0,0.0,0.0,0.031724,0.340426,0.055242,0.445552,0.003467,0.422915,0.414912,1.0
1.0,0.0,0.0,0.0,0.0,0.0,0.0,0.447856,0.787234,0.046625,0.691758,0.003143,0.440186,0.573684,1.0
0.0,0.0,0.0,0.0,0.0,0.0,1.0,0.451838,0.957447,0.072445,0.54701,0.004846,0.351631,0.600439,1.0
1.0,0.0,0.0,0.0,0.0,0.0,0.0,0.912128,0.659574,0.043173,0.299911,0.002842,0.263335,0.648246,1.0
0.0,0.0,0.0,0.0,1.0,0.0,0.0,0.469891,0.787234,0.035187,0.644302,0.002462,0.398239,0.314474,0.0
0.0,0.0,0.0,0.0,0.0,0.0,1.0,0.885315,0.446809,0.19776,0.475007,0.002312,0.384257,0.694737,1.0
0.0,0.0,0.0,0.0,0.0,0.0,1.0,0.0273,0.12766,0.047526,0.061143,0.003467,0.422915,0.414912,0.0
0.0,0.0,0.0,0.0,0.0,0.0,1.0,0.451219,0.574468,0.040831,0.469949,0.002663,0.352149,0.740351,0.0
0.0,0.0,0.0,0.0,1.0,0.0,0.0,0.45175,0.574468,0.033626,0.567242,0.002243,0.66028,0.405702,0.0
0.0,1.0,0.0,0.0,0.0,0.0,0.0,0.893722,0.297872,0.024739,0.473222,0.001629,0.446919,0.441667,0.0
0.0,0.0,0.0,0.0,0.0,1.0,0.0,0.876952,0.106383,0.028672,0.164534,0.00188,0.261264,0.607018,0.0
0.0,0.0,0.0,1.0,0.0,0.0,0.0,0.44675,0.276596,0.042032,0.533621,0.002707,0.447954,0.608333,0.0
0.0,0.0,0.0,0.0,0.0,0.0,1.0,0.005133,0.723404,0.077429,0.537935,0.003467,0.422915,0.414912,1.0
0.0,1.0,0.0,0.0,0.0,0.0,0.0,0.429362,0.510638,0.077519,0.565159,0.003467,0.422915,0.414912,0.0
0.0,0.0,0.0,0.0,0.0,0.0,1.0,0.013451,0.829787,0.085235,0.571705,0.003467,0.422915,0.414912,1.0
0.0,0.0,0.0,1.0,0.0,0.0,0.0,0.89381,0.914894,0.03906,0.576912,0.00264,0.509063,0.472368,0.0
1.0,0.0,0.0,0.0,0.0,0.0,0.0,0.455555,0.595745,0.033025,0.333978,0.001548,0.253496,0.829386,0.0
0.0,0.0,0.0,0.0,0.0,1.0,0.0,0.460997,0.617021,0.031734,0.440048,0.002164,0.421802,0.326316,0.0
0.0,0.0,0.0,0.0,0.0,1.0,0.0,0.451484,0.574468,0.043203,0.645939,0.002958,0.641636,0.460088,0.0
0.0,1.0,0.0,0.0,0.0,0.0,0.0,0.456528,0.617021,0.034947,0.520083,0.002345,0.671414,0.387281,0.0
0.0,1.0,0.0,0.0,0.0,0.0,0.0,0.474404,0.361702,0.035937,0.418774,0.002435,0.272139,0.568421,1.0
0.0,0.0,0.0,0.0,0.0,0.0,1.0,0.876377,0.638298,0.031794,0.429337,0.001959,0.301916,0.852632,1.0
0.0,0.0,0.0,0.0,1.0,0.0,0.0,0.443432,0.978723,0.048487,0.51086,0.003014,0.513465,0.475,0.0
0.0,0.0,0.0,1.0,0.0,0.0,0.0,0.465245,0.297872,0.03936,0.419667,0.002732,0.397721,0.224123,0.0
0.0,0.0,0.0,1.0,0.0,0.0,0.0,0.442458,0.787234,0.124475,0.545076,0.008496,0.618074,0.500526,1.0
0.0,0.0,0.0,0.0,1.0,0.0,0.0,0.026901,0.340426,0.119491,0.572002,0.003467,0.422915,0.414912,1.0
1.0,0.0,0.0,0.0,0.0,0.0,0.0,0.90319,1.0,0.063829,0.330408,0.00429,0.390989,0.594298,0.0
1.0,0.0,0.0,0.0,0.0,0.0,0.0,0.023052,0.12766,0.046866,0.090152,0.003467,0.422915,0.414912,0.0
0.0,0.0,1.0,0.0,0.0,0.0,0.0,0.88943,0.93617,0.033746,0.570961,0.002314,0.460383,0.562719,1.0
0.0,0.0,0.0,0.0,0.0,1.0,0.0,0.898102,0.085106,0.03984,0.306754,0.002601,0.419472,0.644737,1.0
0.0,1.0,0.0,0.0,0.0,0.0,0.0,0.473784,0.191489,0.027651,0.201279,0.001666,0.230709,0.764035,0.0
0.0,0.0,0.0,0.0,0.0,0.0,1.0,0.438609,0.297872,0.048877,0.153972,0.003467,0.422915,0.414912,0.0
1.0,0.0,0.0,0.0,0.0,0.0,0.0,0.877041,0.340426,0.034887,0.315531,0.002285,0.153806,0.605263,1.0
1.0,0.0,0.0,0.0,0.0,0.0,0.0,0.013805,0.382979,0.130029,0.697709,0.003467,0.422915,0.414912,1.0
0.0,0.0,0.0,1.0,0.0,0.0,0.0,0.026857,0.808511,0.111775,0.526034,0.003467,0.422915,0.414912,1.0
0.0,0.0,0.0,1.0,0.0,0.0,0.0,0.876554,0.553191,0.034286,0.599524,0.002204,0.571207,0.688158,1.0
0.0,0.0,1.0,0.0,0.0,0.0,0.0,0.023141,0.425532,0.113246,0.491372,0.003467,0.422915,0.414912,1.0
0.0,0.0,0.0,1.0,0.0,0.0,0.0,0.00438,0.276596,0.077789,0.466379,0.003467,0.422915,0.414912,1.0
0.0,0.0,0.0,0.0,1.0,0.0,0.0,0.030928,0.851064,0.06584,0.403005,0.003467,0.422915,0.414912,0.0
0.0,0.0,0.0,0.0,0.0,0.0,1.0,0.871643,0.617021,0.034526,0.533323,0.002094,0.403936,0.883772,1.0
0.0,1.0,0.0,0.0,0.0,0.0,0.0,0.446662,0.914894,0.036388,0.534514,0.002339,0.47333,0.700439,0.0
0.0,1.0,0.0,0.0,0.0,0.0,0.0,0.465466,0.87234,0.027891,0.350491,0.001907,0.338685,0.474561,0.0
1.0,0.0,0.0,0.0,0.0,0.0,0.0,0.876421,0.212766,0.021256,0.119756,0.000818,0.149663,0.874561,0.0
0.0,0.0,0.0,0.0,0.0,0.0,1.0,0.45675,0.170213,0.02606,0.180899,0.000825,0.206111,0.681579,0.0
0.0,1.0,0.0,0.0,0.0,0.0,0.0,0.90788,0.87234,0.037198,0.374442,0.002526,0.449508,0.324123,0.0
1.0,0.0,0.0,0.0,0.0,0.0,0.0,0.867705,0.085106,0.023058,0.116632,0.0015,0.232263,0.855263,0.0
0.0,0.0,0.0,0.0,0.0,0.0,1.0,0.906863,0.425532,0.049778,0.405832,0.00329,0.277317,0.642105,0.0
0.0,1.0,0.0,0.0,0.0,0.0,0.0,0.903544,0.425532,0.077879,0.552217,0.005187,0.445624,0.491667,1.0
0.0,0.0,0.0,0.0,0.0,0.0,1.0,0.44352,0.851064,0.059956,0.556531,0.004036,0.39565,0.602193,1.0
0.0,0.0,0.0,0.0,0.0,1.0,0.0,0.026946,0.617021,0.075718,0.317614,0.003467,0.422915,0.414912,0.0
0.0,0.0,0.0,0.0,0.0,1.0,0.0,0.447148,0.021277,0.03909,0.519786,0.002347,0.411445,0.765789,0.0
0.0,0.0,0.0,1.0,0.0,0.0,0.0,0.898721,0.382979,0.096764,0.622434,0.006537,0.697825,0.289912,1.0
0.0,0.0,0.0,1.0,0.0,0.0,0.0,0.880846,0.553191,0.030173,0.472032,0.001948,0.49275,0.660965,1.0
0.0,0.0,0.0,0.0,0.0,0.0,1.0,0.903146,0.340426,0.089138,0.402559,0.003126,0.300104,0.620614,1.0
0.0,1.0,0.0,0.0,0.0,0.0,0.0,0.451927,0.893617,0.074427,0.697411,0.005031,0.483687,0.633772,1.0
0.0,0.0,0.0,0.0,0.0,0.0,1.0,0.461042,0.276596,0.029182,0.22776,0.001971,0.163646,0.548684,0.0
1.0,0.0,0.0,0.0,0.0,0.0,0.0,0.871687,0.574468,0.027141,0.333829,0.001683,0.209995,0.830263,0.0
0.0,0.0,0.0,1.0,0.0,0.0,0.0,0.868147,0.723404,0.104299,0.665427,0.006568,0.490937,0.719298,1.0
0.0,0.0,1.0,0.0,0.0,0.0,0.0,0.438122,0.297872,0.073076,0.408509,0.003467,0.422915,0.414912,1.0
0.0,0.0,0.0,0.0,0.0,1.0,0.0,0.438874,0.340426,0.049898,0.319994,0.003467,0.422915,0.414912,0.0
0.0,0.0,0.0,0.0,0.0,1.0,0.0,0.871599,0.957447,0.028281,0.477685,0.001672,0.315381,0.896491,0.0
0.0,0.0,0.0,0.0,1.0,0.0,0.0,0.005044,0.723404,0.047886,0.635228,0.003467,0.422915,0.414912,1.0
0.0,1.0,0.0,0.0,0.0,0.0,0.0,0.473784,0.957447,0.028071,0.440048,0.001462,0.278094,0.740351,0.0
0.0,1.0,0.0,0.0,0.0,0.0,0.0,0.429052,0.340426,0.096073,0.493752,0.003467,0.422915,0.414912,1.0
1.0,0.0,0.0,0.0,0.0,0.0,0.0,0.438343,0.93617,0.057013,0.413865,0.003467,0.422915,0.414912,0.0
0.0,1.0,0.0,0.0,0.0,0.0,0.0,0.032034,0.425532,0.063408,0.353764,0.003467,0.422915,0.414912,0.0
0.0,0.0,0.0,1.0,0.0,0.0,0.0,0.023185,0.446809,0.096133,0.480958,0.003467,0.422915,0.414912,1.0
0.0,0.0,0.0,0.0,1.0,0.0,0.0,0.876156,0.957447,0.043983,0.453883,0.00291,0.333506,0.592105,0.0
0.0,0.0,1.0,0.0,0.0,0.0,0.0,0.911287,0.893617,0.036688,0.406129,0.002337,0.236665,0.749123,0.0
0.0,0.0,0.0,0.0,1.0,0.0,0.0,0.447724,1.0,0.042662,0.591788,0.002792,0.513723,0.520175,1.0
0.0,0.0,0.0,1.0,0.0,0.0,0.0,0.89412,0.06383,0.099225,0.51205,0.006612,0.554635,0.635526,1.0
0.0,0.0,0.0,0.0,0.0,1.0,0.0,0.031592,0.425532,0.069743,0.363285,0.003467,0.422915,0.414912,1.0
0.0,0.0,1.0,0.0,0.0,0.0,0.0,0.013583,0.702128,0.074727,0.477983,0.003467,0.422915,0.414912,1.0
0.0,0.0,1.0,0.0,0.0,0.0,0.0,0.88912,0.234043,0.02609,0.256918,0.001712,0.321854,0.607018,0.0
1.0,0.0,0.0,0.0,0.0,0.0,0.0,0.881333,0.234043,0.01321,0.082862,0.00085,0.158726,0.810088,0.0
0.0,1.0,0.0,0.0,0.0,0.0,0.0,0.452237,0.382979,0.037619,0.693395,0.002592,0.595287,0.385088,1.0
0.0,0.0,1.0,0.0,0.0,0.0,0.0,0.456263,0.489362,0.036418,0.560845,0.002478,0.598136,0.455702,0.0
0.0,0.0,0.0,1.0,0.0,0.0,0.0,0.433875,0.87234,0.044884,0.349301,0.003467,0.422915,0.414912,0.0
0.0,1.0,0.0,0.0,0.0,0.0,0.0,0.902925,0.297872,0.034496,0.446891,0.002327,0.466857,0.477193,0.0
0.0,0.0,0.0,0.0,0.0,0.0,1.0,0.009159,0.276596,0.059175,0.213181,0.003467,0.422915,0.414912,0.0
0.0,0.0,1.0,0.0,0.0,0.0,0.0,0.424804,0.553191,0.058394,0.390955,0.003467,0.422915,0.414912,0.0
0.0,0.0,0.0,0.0,0.0,0.0,1.0,0.899164,0.510638,0.078239,0.401815,0.005023,0.337131,0.677632,1.0
0.0,0.0,0.0,0.0,0.0,0.0,1.0,0.906863,0.914894,0.035577,0.30482,0.00236,0.261781,0.58114,0.0
0.0,1.0,0.0,0.0,0.0,0.0,0.0,0.023096,0.12766,0.046085,0.132252,0.003467,0.422915,0.414912,0.0
1.0,0.0,0.0,0.0,0.0,0.0,0.0,0.90288,0.297872,0.0266,0.177923,0.001722,0.136458,0.807895,0.0
0.0,0.0,0.0,0.0,1.0,0.0,0.0,0.443122,0.319149,0.059175,0.536001,0.004026,0.53392,0.540351,1.0
0.0,0.0,0.0,0.0,1.0,0.0,0.0,0.912305,0.553191,0.101567,0.506992,0.006973,0.694718,0.244737,1.0
0.0,0.0,0.0,0.0,1.0,0.0,0.0,0.875979,0.765957,0.029482,0.522017,0.000972,0.401864,0.725439,0.0
0.0,0.0,0.0,0.0,1.0,0.0,0.0,0.868192,0.978723,0.029302,0.426807,0.001548,0.372864,0.733333,1.0
0.0,0.0,0.0,0.0,0.0,0.0,1.0,0.031016,0.489362,0.077489,0.273431,0.003467,0.422915,0.414912,1.0
0.0,0.0,0.0,0.0,0.0,1.0,0.0,0.473961,0.638298,0.028522,0.598631,0.00188,0.434749,0.639912,0.0
0.0,1.0,0.0,0.0,0.0,0.0,0.0,0.434096,0.957447,0.049538,0.428593,0.003467,0.422915,0.414912,0.0
0.0,1.0,0.0,0.0,0.0,0.0,0.0,0.013849,0.659574,0.090068,0.496578,0.003467,0.422915,0.414912,0.0
0.0,0.0,1.0,0.0,0.0,0.0,0.0,0.027432,0.191489,0.074517,0.205296,0.003467,0.422915,0.414912,0.0
0.0,0.0,0.0,0.0,0.0,1.0,0.0,0.030972,0.829787,0.059595,0.304969,0.003467,0.422915,0.414912,0.0
0.0,0.0,1.0,0.0,0.0,0.0,0.0,0.456573,1.0,0.03942,0.577507,0.002626,0.498446,0.661842,1.0
1.0,0.0,0.0,0.0,0.0,0.0,0.0,0.89027,0.702128,0.069323,0.483338,0.004618,0.400311,0.547807,0.0
1.0,0.0,0.0,0.0,0.0,0.0,0.0,0.912128,0.93617,0.043893,0.334573,0.002869,0.243138,0.694298,1.0
0.0,0.0,0.0,0.0,0.0,1.0,0.0,0.460688,0.170213,0.027021,0.176287,0.001811,0.218281,0.620614,0.0
0.0,0.0,0.0,0.0,0.0,1.0,0.0,0.912349,0.340426,0.084394,0.545671,0.005783,0.606163,0.324123,1.0
1.0,0.0,0.0,0.0,0.0,0.0,0.0,0.000265,0.340426,0.155878,0.465338,0.003467,0.422915,0.414912,1.0
0.0,0.0,0.0,0.0,1.0,0.0,0.0,0.000442,0.042553,0.111024,0.433948,0.003467,0.422915,0.414912,1.0
0.0,0.0,0.0,0.0,0.0,0.0,1.0,0.44352,0.638298,0.044344,0.406575,0.002941,0.343345,0.653947,0.0
0.0,0.0,0.0,1.0,0.0,0.0,0.0,0.474492,0.340426,0.037378,0.429485,0.00258,0.272139,0.472368,0.0
0.0,0.0,0.0,1.0,0.0,0.0,0.0,0.474492,0.787234,0.031164,0.300952,0.002148,0.19912,0.531579,0.0
0.0,1.0,0.0,0.0,0.0,0.0,0.0,0.906951,0.106383,0.02615,0.102499,0.001741,0.216727,0.513596,0.0
0.0,0.0,1.0,0.0,0.0,0.0,0.0,0.009292,0.787234,0.106611,0.878756,0.003467,0.422915,0.414912,1.0
0.0,0.0,0.0,0.0,0.0,0.0,1.0,0.902836,0.723404,0.058184,0.375781,0.003774,0.329881,0.730702,0.0
1.0,0.0,0.0,0.0,0.0,0.0,0.0,0.907526,0.744681,0.045425,0.433502,0.002991,0.299327,0.654386,0.0
1.0,0.0,0.0,0.0,0.0,0.0,0.0,0.434361,0.276596,0.049538,0.445849,0.003467,0.422915,0.414912,0.0
0.0,0.0,1.0,0.0,0.0,0.0,0.0,0.004336,0.553191,0.045244,0.481404,0.003467,0.422915,0.414912,0.0
1.0,0.0,0.0,0.0,0.0,0.0,0.0,0.009823,0.595745,0.044824,0.511752,0.003467,0.422915,0.414912,0.0
0.0,0.0,0.0,1.0,0.0,0.0,0.0,0.447679,0.893617,0.062778,0.672419,0.004204,0.525893,0.555263,1.0
0.0,0.0,0.0,0.0,0.0,1.0,0.0,0.465643,0.787234,0.046685,0.48676,0.003218,0.380891,0.426316,0.0
0.0,0.0,1.0,0.0,0.0,0.0,0.0,0.907305,0.06383,0.091389,0.343499,0.005989,0.453133,0.568421,0.0
0.0,0.0,0.0,0.0,1.0,0.0,0.0,0.429804,0.553191,0.081782,0.629575,0.003467,0.422915,0.414912,1.0
0.0,0.0,0.0,0.0,1.0,0.0,0.0,0.473298,0.510638,0.029182,0.576912,0.001969,0.511393,0.389474,1.0
0.0,0.0,1.0,0.0,0.0,0.0,0.0,0.452281,0.382979,0.033596,0.708718,0.002225,0.665976,0.503947,0.0
0.0,0.0,0.0,0.0,1.0,0.0,0.0,0.443432,0.489362,0.070644,0.515918,0.004886,0.629984,0.360088,1.0
0.0,0.0,0.0,0.0,1.0,0.0,0.0,0.43883,0.148936,0.048337,0.117673,0.003467,0.422915,0.414912,0.0
0.0,0.0,0.0,0.0,0.0,1.0,0.0,0.89912,0.12766,0.059025,0.281315,0.004003,0.391766,0.607895,0.0
0.0,1.0,0.0,0.0,0.0,0.0,0.0,0.911862,0.212766,0.045935,0.294555,0.002981,0.304247,0.686404,1.0
1.0,0.0,0.0,0.0,0.0,0.0,0.0,0.456484,0.702128,0.032365,0.421601,0.002158,0.332729,0.553509,1.0
0.0,0.0,0.0,0.0,0.0,0.0,1.0,0.031326,0.680851,0.054642,0.258852,0.003467,0.422915,0.414912,0.0
0.0,0.0,0.0,0.0,1.0,0.0,0.0,0.46467,0.276596,0.041161,0.370277,0.00286,0.365614,0.295175,0.0
0.0,0.0,1.0,0.0,0.0,0.0,0.0,0.881111,0.212766,0.027741,0.180452,0.001778,0.239513,0.813596,0.0
0.0,0.0,0.0,0.0,0.0,1.0,0.0,0.898102,0.957447,0.071815,0.525736,0.004859,0.409891,0.478509,1.0
0.0,0.0,1.0,0.0,0.0,0.0,0.0,0.429406,0.659574,0.073556,0.535257,0.003467,0.422915,0.414912,1.0
1.0,0.0,0.0,0.0,0.0,0.0,0.0,0.889961,0.06383,0.031494,0.307944,0.002059,0.417659,0.544737,0.0
0.0,0.0,0.0,1.0,0.0,0.0,0.0,0.460909,0.680851,0.07845,0.651145,0.005285,0.426722,0.652632,0.0
0.0,0.0,0.0,0.0,0.0,1.0,0.0,0.451794,0.0,0.037468,0.612615,0.002528,0.496634,0.60307,0.0
1.0,0.0,0.0,0.0,0.0,0.0,0.0,0.438963,0.042553,0.048337,0.217346,0.003467,0.422915,0.414912,0.0
0.0,0.0,0.0,0.0,0.0,0.0,1.0,0.433388,0.234043,0.041431,0.112615,0.003467,0.422915,0.414912,0.0
0.0,0.0,0.0,0.0,1.0,0.0,0.0,0.911995,0.659574,0.049448,0.482297,0.003403,0.538581,0.25614,0.0
0.0,0.0,0.0,0.0,0.0,0.0,1.0,0.876067,0.957447,0.029572,0.296043,0.000829,0.21595,0.812719,1.0
0.0,1.0,0.0,0.0,0.0,0.0,0.0,0.871422,0.06383,0.026,0.178072,0.000841,0.335318,0.732895,0.0
0.0,0.0,0.0,0.0,0.0,1.0,0.0,0.447768,0.06383,0.042422,0.468759,0.002719,0.46841,0.557018,0.0
0.0,0.0,0.0,0.0,0.0,1.0,0.0,0.898102,0.12766,0.043023,0.219429,0.0028,0.348006,0.629825,1.0
0.0,0.0,0.0,1.0,0.0,0.0,0.0,0.911641,0.617021,0.094572,0.507736,0.006452,0.582859,0.314035,1.0
0.0,0.0,1.0,0.0,0.0,0.0,0.0,0.871466,0.042553,0.034586,0.272092,0.001653,0.380373,0.729825,0.0
0.0,0.0,0.0,0.0,0.0,0.0,1.0,0.022698,0.12766,0.063468,0.078102,0.003467,0.422915,0.414912,0.0
0.0,0.0,1.0,0.0,0.0,0.0,0.0,0.031459,0.297872,0.060916,0.456709,0.003467,0.422915,0.414912,0.0
0.0,1.0,0.0,0.0,0.0,0.0,0.0,0.446662,0.744681,0.183409,0.785034,0.012154,0.757639,0.517105,1.0
0.0,1.0,0.0,0.0,0.0,0.0,0.0,0.004602,0.148936,0.058514,0.184618,0.003467,0.422915,0.414912,0.0
0.0,0.0,0.0,1.0,0.0,0.0,0.0,0.009336,0.553191,0.098445,0.552514,0.003467,0.422915,0.414912,1.0
0.0,0.0,0.0,0.0,0.0,1.0,0.0,0.424937,0.744681,0.074517,0.288605,0.003467,0.422915,0.414912,1.0
0.0,0.0,1.0,0.0,0.0,0.0,0.0,0.022211,0.425532,0.082923,0.489884,0.003467,0.422915,0.414912,1.0
0.0,1.0,0.0,0.0,0.0,0.0,0.0,0.004602,0.404255,0.121202,0.681196,0.003467,0.422915,0.414912,1.0
0.0,0.0,1.0,0.0,0.0,0.0,0.0,0.867484,0.893617,0.032605,0.450461,0.002133,0.445365,0.722807,1.0
0.0,0.0,0.0,0.0,0.0,0.0,1.0,0.452148,0.191489,0.033025,0.178518,0.00198,0.188762,0.615351,0.0
0.0,1.0,0.0,0.0,0.0,0.0,0.0,0.023096,0.744681,0.087637,0.433651,0.003467,0.422915,0.414912,1.0
0.0,1.0,0.0,0.0,0.0,0.0,0.0,0.911243,0.659574,0.044164,0.481702,0.002883,0.413516,0.536404,0.0
1.0,0.0,0.0,0.0,0.0,0.0,0.0,0.889341,0.297872,0.020596,0.18551,0.001055,0.164164,0.851316,0.0
1.0,0.0,0.0,0.0,0.0,0.0,0.0,0.03168,0.765957,0.054131,0.352574,0.003467,0.422915,0.414912,0.0
0.0,0.0,0.0,1.0,0.0,0.0,0.0,0.031503,0.234043,0.095022,0.347813,0.003467,0.422915,0.414912,1.0
0.0,0.0,0.0,1.0,0.0,0.0,0.0,0.013318,0.765957,0.113937,0.836358,0.003467,0.422915,0.414912,1.0
0.0,0.0,0.0,0.0,1.0,0.0,0.0,0.456661,0.893617,0.034496,0.558614,0.002318,0.484982,0.623684,1.0
1.0,0.0,0.0,0.0,0.0,0.0,0.0,0.872307,0.234043,0.012459,0.112467,0.000796,0.132056,0.797807,0.0
1.0,0.0,0.0,0.0,0.0,0.0,0.0,0.429317,0.978723,0.077219,0.411633,0.003467,0.422915,0.414912,0.0
0.0,0.0,0.0,0.0,0.0,1.0,0.0,0.018008,0.106383,0.075057,0.271943,0.003467,0.422915,0.414912,0.0
0.0,0.0,0.0,0.0,0.0,1.0,0.0,0.026326,1.0,0.050498,0.23981,0.003467,0.422915,0.414912,0.0
0.0,0.0,1.0,0.0,0.0,0.0,0.0,0.87682,0.489362,0.030443,0.641773,0.002002,0.530813,0.570614,0.0
0.0,1.0,0.0,0.0,0.0,0.0,0.0,0.881067,0.297872,0.028762,0.35421,0.001874,0.398239,0.67193,1.0
0.0,0.0,0.0,1.0,0.0,0.0,0.0,0.425468,0.914894,0.09265,0.418923,0.003467,0.422915,0.414912,0.0
0.0,0.0,0.0,0.0,1.0,0.0,0.0,0.00969,0.319149,0.045154,0.645195,0.003467,0.422915,0.414912,0.0
0.0,0.0,0.0,1.0,0.0,0.0,0.0,0.464316,0.574468,0.029813,0.442874,0.002065,0.479285,0.30307,1.0
0.0,0.0,0.0,0.0,0.0,0.0,1.0,0.46874,0.297872,0.028972,0.327879,0.001948,0.265924,0.659211,0.0
0.0,0.0,0.0,0.0,1.0,0.0,0.0,0.872174,0.319149,0.028462,0.473371,0.001878,0.553081,0.660965,1.0
0.0,0.0,0.0,0.0,0.0,1.0,0.0,0.460997,0.787234,0.033025,0.53496,0.002277,0.472812,0.372368,0.0
0.0,1.0,0.0,0.0,0.0,0.0,0.0,0.911243,0.12766,0.027771,0.137757,0.001789,0.239254,0.725877,0.0
0.0,1.0,0.0,0.0,0.0,0.0,0.0,0.44268,0.191489,0.047316,0.145939,0.003108,0.166235,0.708772,0.0
0.0,1.0,0.0,0.0,0.0,0.0,0.0,0.460201,0.680851,0.034196,0.490033,0.002393,0.510616,0.27193,1.0
0.0,0.0,0.0,0.0,0.0,0.0,1.0,0.434317,0.702128,0.074847,0.314787,0.003467,0.422915,0.414912,1.0
0.0,0.0,0.0,1.0,0.0,0.0,0.0,0.464625,0.957447,0.042002,0.439155,0.002916,0.334801,0.335526,0.0
0.0,0.0,0.0,0.0,0.0,0.0,1.0,0.880979,0.574468,0.029002,0.337697,0.000671,0.268255,0.684649,1.0
0.0,0.0,0.0,0.0,0.0,0.0,1.0,0.026371,0.404255,0.075718,0.315829,0.003467,0.422915,0.414912,1.0
0.0,0.0,0.0,0.0,0.0,0.0,1.0,0.023008,0.0,0.049988,0.253347,0.003467,0.422915,0.414912,0.0
0.0,0.0,1.0,0.0,0.0,0.0,0.0,0.004646,0.06383,0.07854,0.432907,0.003467,0.422915,0.414912,0.0
0.0,0.0,1.0,0.0,0.0,0.0,0.0,0.451661,0.340426,0.040471,0.729396,0.002653,0.667012,0.535526,0.0
0.0,0.0,0.0,1.0,0.0,0.0,0.0,0.026547,0.808511,0.106221,0.485867,0.003467,0.422915,0.414912,1.0
0.0,0.0,0.0,0.0,0.0,0.0,1.0,0.473696,0.382979,0.050348,0.485123,0.003392,0.440963,0.618421,1.0
0.0,0.0,0.0,0.0,0.0,1.0,0.0,0.008805,0.446809,0.041762,0.513686,0.003467,0.422915,0.414912,0.0
1.0,0.0,0.0,0.0,0.0,0.0,0.0,0.443255,1.0,0.044344,0.386641,0.00302,0.352926,0.464035,0.0
0.0,0.0,0.0,0.0,1.0,0.0,0.0,0.43883,0.531915,0.053891,0.321333,0.003467,0.422915,0.414912,0.0
0.0,0.0,0.0,0.0,0.0,0.0,1.0,0.009469,0.595745,0.041642,0.341267,0.003467,0.422915,0.414912,0.0
0.0,0.0,0.0,0.0,0.0,1.0,0.0,0.434273,0.87234,0.045334,0.285778,0.003467,0.422915,0.414912,0.0
0.0,0.0,1.0,0.0,0.0,0.0,0.0,0.429406,0.978723,0.067041,0.421898,0.003467,0.422915,0.414912,0.0
0.0,0.0,0.0,0.0,0.0,1.0,0.0,0.889872,0.021277,0.096043,0.586135,0.006236,0.491196,0.674123,1.0
0.0,1.0,0.0,0.0,0.0,0.0,0.0,0.031415,0.617021,0.0662,0.502827,0.003467,0.422915,0.414912,0.0
0.0,0.0,0.0,0.0,0.0,0.0,1.0,0.867041,0.510638,0.037438,0.464743,0.002239,0.199896,0.771053,1.0
0.0,0.0,0.0,0.0,1.0,0.0,0.0,0.013053,0.531915,0.048247,0.516959,0.003467,0.422915,0.414912,0.0
1.0,0.0,0.0,0.0,0.0,0.0,0.0,0.456175,0.93617,0.030383,0.385153,0.001743,0.324702,0.762719,1.0
1.0,0.0,0.0,0.0,0.0,0.0,0.0,0.022742,0.510638,0.060526,0.453734,0.003467,0.422915,0.414912,0.0
0.0,0.0,0.0,0.0,0.0,1.0,0.0,0.425247,0.723404,0.074727,0.324159,0.003467,0.422915,0.414912,1.0
0.0,0.0,0.0,0.0,1.0,0.0,0.0,0.031238,0.319149,0.102018,0.439304,0.003467,0.422915,0.414912,1.0
0.0,0.0,0.0,0.0,0.0,1.0,0.0,0.889562,0.765957,0.029302,0.672568,0.002013,0.66986,0.220614,0.0
0.0,0.0,0.0,0.0,0.0,1.0,0.0,0.465643,0.957447,0.029392,0.436328,0.00199,0.249353,0.657456,0.0
0.0,1.0,0.0,0.0,0.0,0.0,0.0,0.912172,0.957447,0.067431,0.460726,0.004518,0.288969,0.540351,0.0
0.0,0.0,0.0,0.0,1.0,0.0,0.0,0.018583,0.170213,0.044494,0.151592,0.003467,0.422915,0.414912,0.0
0.0,0.0,0.0,0.0,1.0,0.0,0.0,0.46467,0.744681,0.048006,0.451056,0.003353,0.464008,0.173246,0.0
0.0,0.0,0.0,0.0,0.0,0.0,1.0,0.424981,0.787234,0.056923,0.256174,0.003467,0.422915,0.414912,0.0
0.0,0.0,0.0,0.0,0.0,1.0,0.0,0.866997,0.06383,0.024829,0.100714,0.001651,0.217245,0.754825,0.0
0.0,0.0,0.0,0.0,1.0,0.0,0.0,0.871864,0.276596,0.028822,0.488694,0.001894,0.58001,0.538596,0.0
0.0,0.0,0.0,0.0,0.0,1.0,0.0,0.434583,0.531915,0.045785,0.303035,0.003467,0.422915,0.414912,0.0
0.0,0.0,0.0,0.0,1.0,0.0,0.0,0.442503,0.148936,0.042452,0.155906,0.002806,0.24521,0.500526,0.0
0.0,0.0,0.0,1.0,0.0,0.0,0.0,0.434494,0.553191,0.059715,0.533621,0.003467,0.422915,0.414912,1.0
0.0,1.0,0.0,0.0,0.0,0.0,0.0,0.437768,0.851064,0.044134,0.391253,0.003467,0.422915,0.414912,0.0
0.0,0.0,0.0,0.0,1.0,0.0,0.0,0.889208,0.595745,0.027231,0.520827,0.001903,0.531072,0.37807,0.0
0.0,0.0,1.0,0.0,0.0,0.0,0.0,0.469493,0.489362,0.042272,0.49881,0.002825,0.47333,0.467982,1.0
0.0,0.0,0.0,0.0,0.0,1.0,0.0,0.005088,0.617021,0.056323,0.338441,0.003467,0.422915,0.414912,0.0
0.0,0.0,0.0,1.0,0.0,0.0,0.0,0.44737,0.191489,0.0133,0.246355,0.00086,0.257639,0.657895,0.0
0.0,0.0,0.0,0.0,0.0,1.0,0.0,0.013406,0.085106,0.071965,0.396162,0.003467,0.422915,0.414912,0.0
0.0,1.0,0.0,0.0,0.0,0.0,0.0,0.434096,0.106383,0.044884,0.150997,0.003467,0.422915,0.414912,0.0
0.0,0.0,0.0,1.0,0.0,0.0,0.0,0.022256,0.595745,0.059926,0.484826,0.003467,0.422915,0.414912,1.0
0.0,0.0,1.0,0.0,0.0,0.0,0.0,0.902969,0.808511,0.103519,0.632847,0.007125,0.71362,0.175,1.0
0.0,0.0,0.0,1.0,0.0,0.0,0.0,0.867528,0.787234,0.028522,0.450015,0.001666,0.484982,0.614035,0.0
0.0,0.0,1.0,0.0,0.0,0.0,0.0,0.885448,0.851064,0.029182,0.520827,0.001951,0.493009,0.567982,0.0
0.0,0.0,0.0,0.0,0.0,0.0,1.0,0.442326,0.659574,0.053321,0.286224,0.003467,0.422915,0.414912,1.0
0.0,0.0,1.0,0.0,0.0,0.0,0.0,0.443033,0.234043,0.041582,0.265695,0.002692,0.232263,0.74693,0.0
0.0,0.0,0.0,0.0,0.0,1.0,0.0,0.876023,0.617021,0.027171,0.546415,0.001703,0.472812,0.757895,0.0
0.0,0.0,0.0,0.0,1.0,0.0,0.0,0.889208,0.978723,0.029092,0.529902,0.001971,0.446142,0.501316,1.0
0.0,0.0,0.0,0.0,1.0,0.0,0.0,0.013053,0.574468,0.043323,0.486016,0.003467,0.422915,0.414912,0.0
0.0,0.0,0.0,0.0,1.0,0.0,0.0,0.491261,0.744681,0.0526,0.47471,0.003666,0.509839,0.158772,1.0
0.0,0.0,0.0,0.0,0.0,0.0,1.0,0.460732,0.829787,0.037348,0.436328,0.002607,0.341792,0.248246,0.0
1.0,0.0,0.0,0.0,0.0,0.0,0.0,0.018097,1.0,0.082022,0.447486,0.003467,0.422915,0.414912,1.0
0.0,0.0,0.0,0.0,0.0,1.0,0.0,0.433963,0.276596,0.047286,0.262868,0.003467,0.422915,0.414912,0.0
0.0,0.0,0.0,0.0,0.0,0.0,1.0,0.447812,0.574468,0.041822,0.433056,0.002808,0.398239,0.549123,1.0
0.0,1.0,0.0,0.0,0.0,0.0,0.0,0.898323,0.319149,0.079711,0.67346,0.005212,0.645262,0.628509,1.0
1.0,0.0,0.0,0.0,0.0,0.0,0.0,0.438343,0.06383,0.060136,0.206932,0.003467,0.422915,0.414912,1.0
0.0,1.0,0.0,0.0,0.0,0.0,0.0,0.911553,0.06383,0.043023,0.175394,0.002819,0.355256,0.661404,1.0
1.0,0.0,0.0,0.0,0.0,0.0,0.0,0.889341,0.148936,0.016092,0.118417,0.001049,0.275246,0.735526,0.0
0.0,0.0,0.0,0.0,0.0,0.0,1.0,0.890226,0.425532,0.641498,0.671229,0.001786,0.5,0.414912,1.0
1.0,0.0,0.0,0.0,0.0,0.0,0.0,0.031061,0.021277,0.050829,0.183576,0.003467,0.422915,0.414912,0.0
0.0,1.0,0.0,0.0,0.0,0.0,0.0,0.452237,0.510638,0.033656,0.567688,0.002281,0.553599,0.509211,0.0
0.0,0.0,0.0,0.0,0.0,0.0,1.0,0.86828,0.638298,0.029302,0.432163,0.001843,0.383221,0.848246,0.0
0.0,0.0,0.0,1.0,0.0,0.0,0.0,0.898412,0.531915,0.079981,0.526183,0.005266,0.675039,0.464474,1.0
0.0,0.0,0.0,0.0,0.0,0.0,1.0,0.867041,0.340426,0.031614,0.381732,0.001583,0.177887,0.749123,0.0
1.0,0.0,0.0,0.0,0.0,0.0,0.0,0.902571,0.255319,0.030023,0.122285,0.002011,0.169083,0.520175,0.0
0.0,0.0,1.0,0.0,0.0,0.0,0.0,0.889739,0.276596,0.079801,0.545671,0.005368,0.529001,0.455702,1.0
0.0,0.0,0.0,0.0,0.0,1.0,0.0,0.455776,0.489362,0.175573,0.576614,0.012758,0.586225,0.103947,1.0
0.0,0.0,1.0,0.0,0.0,0.0,0.0,0.014203,0.702128,0.040711,0.477685,0.003467,0.422915,0.414912,0.0
0.0,0.0,1.0,0.0,0.0,0.0,0.0,0.881111,0.191489,0.02645,0.153228,0.001695,0.233299,0.811842,0.0
0.0,0.0,0.0,0.0,1.0,0.0,0.0,0.456351,0.723404,0.035727,0.555787,0.002221,0.55334,0.534211,1.0
0.0,0.0,1.0,0.0,0.0,0.0,0.0,0.473209,0.085106,0.034526,0.185361,0.002349,0.272916,0.523246,0.0
0.0,0.0,0.0,0.0,1.0,0.0,0.0,0.000442,0.234043,0.121713,0.246504,0.003467,0.422915,0.414912,1.0
0.0,0.0,0.0,0.0,0.0,1.0,0.0,0.456705,0.787234,0.033535,0.596846,0.002279,0.532108,0.571053,1.0
0.0,0.0,0.0,0.0,0.0,0.0,1.0,0.912084,0.170213,0.035217,0.140137,0.002302,0.198084,0.696491,0.0
1.0,0.0,0.0,0.0,0.0,0.0,0.0,0.906907,0.574468,0.029753,0.26867,0.001978,0.190575,0.569298,0.0
0.0,0.0,0.0,0.0,0.0,1.0,0.0,0.460378,0.021277,0.03972,0.47471,0.002725,0.425427,0.380263,0.0
0.0,0.0,0.0,0.0,0.0,0.0,1.0,0.881288,0.297872,0.028131,0.183725,0.001828,0.172708,0.696053,0.0
0.0,0.0,0.0,1.0,0.0,0.0,0.0,0.456617,0.042553,0.041702,0.5241,0.002744,0.509322,0.586404,1.0
0.0,0.0,0.0,0.0,1.0,0.0,0.0,0.903057,0.914894,0.042632,0.451354,0.002904,0.449508,0.381579,0.0
1.0,0.0,0.0,0.0,0.0,0.0,0.0,0.452192,0.468085,0.033265,0.50238,0.002264,0.227602,0.612281,0.0
0.0,0.0,0.0,1.0,0.0,0.0,0.0,0.425468,0.170213,0.074817,0.177626,0.003467,0.422915,0.414912,0.0
0.0,0.0,0.0,0.0,1.0,0.0,0.0,0.875979,0.085106,0.034616,0.199643,0.000841,0.293889,0.710088,0.0
0.0,0.0,0.0,0.0,1.0,0.0,0.0,0.986594,0.148936,0.034556,0.245463,0.002221,0.339461,0.74386,0.0
0.0,0.0,0.0,1.0,0.0,0.0,0.0,0.880536,0.680851,0.03975,0.6205,0.002713,0.54376,0.389035,0.0
0.0,0.0,0.0,0.0,0.0,0.0,1.0,0.438919,0.212766,0.045605,0.054746,0.003467,0.422915,0.414912,0.0
0.0,0.0,1.0,0.0,0.0,0.0,0.0,0.894075,0.744681,0.207127,0.88917,0.014225,0.82289,0.326754,1.0
0.0,0.0,0.0,0.0,0.0,1.0,0.0,0.915756,0.638298,0.0792,0.565457,0.005293,0.508286,0.42193,1.0
0.0,0.0,0.0,1.0,0.0,0.0,0.0,0.013318,0.893617,0.088567,0.66751,0.003467,0.422915,0.414912,1.0
0.0,1.0,0.0,0.0,0.0,0.0,0.0,0.455599,0.808511,0.057944,0.793216,0.003901,0.660021,0.490789,1.0
1.0,0.0,0.0,0.0,0.0,0.0,0.0,0.446927,0.148936,0.000901,0.149658,0.000118,0.178405,0.461404,0.0
0.0,0.0,0.0,0.0,0.0,1.0,0.0,0.000796,0.808511,0.137174,0.494644,0.003467,0.422915,0.414912,1.0
0.0,0.0,0.0,0.0,1.0,0.0,0.0,0.880271,0.978723,0.048667,0.453585,0.003303,0.395909,0.387281,1.0
1.0,0.0,0.0,0.0,0.0,0.0,0.0,0.027344,0.042553,0.047526,0.157394,0.003467,0.422915,0.414912,0.0
1.0,0.0,0.0,0.0,0.0,0.0,0.0,0.014114,0.553191,0.046956,0.486611,0.003467,0.422915,0.414912,0.0
0.0,0.0,0.0,0.0,1.0,0.0,0.0,0.885226,0.446809,0.03996,0.545522,0.002792,0.535992,0.211842,1.0
0.0,0.0,0.0,0.0,0.0,0.0,1.0,0.880669,0.851064,0.035097,0.314043,0.002208,0.283273,0.792544,0.0
0.0,1.0,0.0,0.0,0.0,0.0,0.0,0.902925,0.765957,0.113907,0.644749,0.007634,0.663128,0.359649,1.0
0.0,1.0,0.0,0.0,0.0,0.0,0.0,0.027388,0.531915,0.117749,0.603689,0.003467,0.422915,0.414912,1.0
0.0,0.0,0.0,0.0,0.0,1.0,0.0,0.912039,0.680851,0.047406,0.447486,0.003172,0.534438,0.372368,0.0
1.0,0.0,0.0,0.0,0.0,0.0,0.0,0.872307,0.0,0.028522,0.222702,0.000692,0.272139,0.688158,0.0
0.0,0.0,0.0,0.0,1.0,0.0,0.0,0.456042,0.382979,0.050769,0.668551,0.003481,0.636199,0.323684,1.0
0.0,0.0,1.0,0.0,0.0,0.0,0.0,0.439051,0.851064,0.054792,0.453883,0.003467,0.422915,0.414912,0.0
0.0,0.0,0.0,0.0,1.0,0.0,0.0,0.915712,0.787234,0.055392,0.49881,0.003739,0.418695,0.416228,0.0
0.0,0.0,0.0,0.0,1.0,0.0,0.0,0.469891,0.680851,0.069353,0.753942,0.004807,0.5971,0.362281,0.0
0.0,0.0,0.0,0.0,0.0,0.0,1.0,0.880979,0.617021,0.028942,0.316572,0.000673,0.244951,0.706579,1.0
1.0,0.0,0.0,0.0,0.0,0.0,0.0,0.868015,0.382979,0.030863,0.360904,0.001413,0.221129,0.9,0.0
1.0,0.0,0.0,0.0,0.0,0.0,0.0,0.871377,0.382979,0.028852,0.391104,0.001768,0.256344,0.829825,0.0
0.0,0.0,1.0,0.0,0.0,0.0,0.0,0.461174,0.93617,0.028852,0.427254,0.001926,0.377007,0.464912,0.0
1.0,0.0,0.0,0.0,0.0,0.0,0.0,0.465112,0.361702,0.027591,0.293811,0.001859,0.16986,0.629386,0.0
0.0,0.0,0.0,0.0,0.0,1.0,0.0,0.88558,0.489362,0.040261,0.542101,0.002854,0.615225,0.191667,0.0
0.0,0.0,0.0,0.0,1.0,0.0,0.0,0.456042,0.617021,0.034766,0.489735,0.002395,0.571207,0.270175,0.0
0.0,0.0,0.0,0.0,1.0,0.0,0.0,0.001062,0.106383,0.077999,0.286819,0.003467,0.422915,0.414912,1.0
0.0,0.0,1.0,0.0,0.0,0.0,0.0,0.977744,0.0,0.082413,0.528712,0.005328,0.443294,0.609211,1.0
0.0,0.0,1.0,0.0,0.0,0.0,0.0,0.030839,0.382979,0.119491,0.571556,0.003467,0.422915,0.414912,1.0
0.0,0.0,0.0,0.0,0.0,0.0,1.0,0.907482,0.255319,0.055032,0.177328,0.003671,0.185396,0.570614,0.0
0.0,1.0,0.0,0.0,0.0,0.0,0.0,0.000929,0.787234,0.043983,0.672419,0.003467,0.422915,0.414912,0.0
0.0,0.0,0.0,0.0,1.0,0.0,0.0,0.014291,0.106383,0.040591,0.298572,0.003467,0.422915,0.414912,0.0
0.0,0.0,0.0,1.0,0.0,0.0,0.0,0.903633,0.255319,0.043173,0.299464,0.002808,0.213361,0.698246,0.0
0.0,0.0,1.0,0.0,0.0,0.0,0.0,0.430025,0.723404,0.080851,0.535704,0.003467,0.422915,0.414912,1.0
0.0,0.0,0.0,0.0,0.0,0.0,1.0,0.004203,0.787234,0.086676,0.550878,0.003467,0.422915,0.414912,1.0
0.0,0.0,1.0,0.0,0.0,0.0,0.0,0.027432,0.297872,0.05215,0.458941,0.003467,0.422915,0.414912,0.0
0.0,0.0,0.0,0.0,0.0,1.0,0.0,0.89912,0.680851,0.074246,0.470991,0.004944,0.486794,0.546053,0.0
0.0,0.0,0.0,0.0,0.0,1.0,0.0,0.447148,0.595745,0.069022,0.575275,0.004813,0.62869,0.353947,1.0
0.0,0.0,0.0,0.0,0.0,1.0,0.0,0.456705,0.957447,0.032875,0.529158,0.001936,0.363024,0.675877,1.0
0.0,0.0,0.0,1.0,0.0,0.0,0.0,0.885182,0.87234,0.031284,0.514133,0.002113,0.452097,0.405702,0.0
0.0,0.0,1.0,0.0,0.0,0.0,0.0,0.459935,0.531915,0.081122,0.565159,0.005555,0.513982,0.357895,1.0
0.0,0.0,0.0,1.0,0.0,0.0,0.0,0.464316,0.212766,0.024709,0.189081,0.001649,0.230451,0.66886,0.0
1.0,0.0,0.0,0.0,0.0,0.0,0.0,0.889341,0.489362,0.029602,0.406427,0.001824,0.314604,0.67807,1.0
0.0,0.0,1.0,0.0,0.0,0.0,0.0,0.469493,0.553191,0.047046,0.496281,0.003147,0.477473,0.473246,1.0
0.0,0.0,0.0,0.0,1.0,0.0,0.0,0.425202,1.0,0.062748,0.371467,0.003467,0.422915,0.414912,0.0
0.0,0.0,0.0,0.0,0.0,0.0,1.0,0.469979,0.574468,0.037468,0.432609,0.002563,0.288969,0.45614,1.0
0.0,0.0,0.0,0.0,0.0,0.0,1.0,0.031636,0.404255,0.077819,0.326242,0.003467,0.422915,0.414912,1.0
0.0,0.0,0.0,0.0,1.0,0.0,0.0,0.876156,0.787234,0.088988,0.563672,0.005989,0.654583,0.325877,1.0
0.0,1.0,0.0,0.0,0.0,0.0,0.0,0.013539,0.468085,0.119491,0.528563,0.003467,0.422915,0.414912,1.0
0.0,0.0,0.0,0.0,1.0,0.0,0.0,0.00907,0.021277,0.071694,0.555043,0.003467,0.422915,0.414912,1.0
0.0,0.0,0.0,0.0,1.0,0.0,0.0,0.890138,0.361702,0.094662,0.766439,0.006614,0.767996,0.267105,1.0
0.0,0.0,0.0,1.0,0.0,0.0,0.0,0.474492,0.212766,0.029783,0.163642,0.002042,0.122734,0.535088,0.0
0.0,0.0,0.0,0.0,0.0,0.0,1.0,0.897925,0.531915,0.073646,0.49643,0.004636,0.414552,0.770614,1.0
0.0,0.0,0.0,1.0,0.0,0.0,0.0,0.872439,0.297872,0.029933,0.456561,0.001951,0.591403,0.507018,0.0
0.0,0.0,1.0,0.0,0.0,0.0,0.0,0.469802,0.659574,0.444218,0.738024,0.029516,0.834024,0.100439,1.0
1.0,0.0,0.0,0.0,0.0,0.0,0.0,0.871377,0.212766,0.022307,0.128087,0.000837,0.155619,0.886404,0.0
0.0,0.0,0.0,0.0,0.0,1.0,0.0,0.89819,0.234043,0.044494,0.332193,0.002875,0.383221,0.764035,0.0
0.0,0.0,1.0,0.0,0.0,0.0,0.0,0.474448,0.87234,0.035847,0.320143,0.002507,0.213361,0.42193,0.0
0.0,0.0,0.0,0.0,1.0,0.0,0.0,0.912305,0.574468,0.102978,0.506546,0.007086,0.69653,0.245614,1.0
1.0,0.0,0.0,0.0,0.0,0.0,0.0,0.47405,0.425532,0.043323,0.475454,0.002881,0.312791,0.672807,1.0
1.0,0.0,0.0,0.0,0.0,0.0,0.0,0.867395,0.404255,0.033596,0.355251,0.001828,0.303729,0.887281,1.0
0.0,0.0,1.0,0.0,0.0,0.0,0.0,0.447325,0.787234,0.073316,0.872954,0.00512,0.666494,0.467105,1.0
0.0,0.0,0.0,0.0,1.0,0.0,0.0,0.027521,1.0,0.060976,0.366409,0.003467,0.422915,0.414912,0.0
1.0,0.0,0.0,0.0,0.0,0.0,0.0,0.875802,0.723404,0.028822,0.337548,0.001386,0.297255,0.841667,1.0
0.0,0.0,0.0,0.0,0.0,1.0,0.0,0.473652,0.829787,0.027561,0.457602,0.001805,0.416624,0.592105,0.0
0.0,0.0,1.0,0.0,0.0,0.0,0.0,0.026503,0.361702,0.098115,0.525439,0.003467,0.422915,0.414912,1.0
0.0,0.0,1.0,0.0,0.0,0.0,0.0,0.911597,0.765957,0.042632,0.450907,0.002796,0.441999,0.512719,0.0
1.0,0.0,0.0,0.0,0.0,0.0,0.0,0.995575,0.893617,0.078119,0.449866,0.005037,0.38115,0.724123,1.0
0.0,0.0,0.0,0.0,0.0,1.0,0.0,0.880625,0.191489,0.029422,0.08911,0.001824,0.176592,0.893421,0.0
0.0,0.0,0.0,0.0,1.0,0.0,0.0,0.452369,0.234043,0.034466,0.354359,0.002349,0.301916,0.688596,0.0
0.0,0.0,0.0,0.0,0.0,0.0,1.0,0.005133,0.425532,0.073406,0.455965,0.003467,0.422915,0.414912,1.0
0.0,1.0,0.0,0.0,0.0,0.0,0.0,0.872351,0.191489,0.028462,0.212139,0.000841,0.234076,0.885526,1.0
0.0,0.0,1.0,0.0,0.0,0.0,0.0,0.438742,0.085106,0.048037,0.261232,0.003467,0.422915,0.414912,0.0
0.0,0.0,0.0,1.0,0.0,0.0,0.0,0.009336,0.978723,0.119701,0.60607,0.003467,0.422915,0.414912,1.0
0.0,0.0,1.0,0.0,0.0,0.0,0.0,0.438742,0.06383,0.058394,0.319101,0.003467,0.422915,0.414912,1.0
0.0,1.0,0.0,0.0,0.0,0.0,0.0,0.017521,0.06383,0.067071,0.414162,0.003467,0.422915,0.414912,0.0
0.0,1.0,0.0,0.0,0.0,0.0,0.0,0.912482,0.595745,0.061066,0.507141,0.004225,0.551528,0.37807,1.0
0.0,1.0,0.0,0.0,0.0,0.0,0.0,0.439007,0.106383,0.048037,0.221958,0.003467,0.422915,0.414912,0.0
0.0,0.0,0.0,0.0,0.0,1.0,0.0,0.473342,0.914894,0.02678,0.414758,0.001818,0.267737,0.484211,0.0
1.0,0.0,0.0,0.0,0.0,0.0,0.0,0.911508,0.744681,0.043023,0.38798,0.002757,0.286121,0.783772,1.0
0.0,0.0,1.0,0.0,0.0,0.0,0.0,0.906995,0.021277,0.038519,0.308837,0.002628,0.342828,0.386842,0.0
0.0,0.0,1.0,0.0,0.0,0.0,0.0,0.894075,0.638298,0.070283,0.59402,0.00483,0.641895,0.439474,0.0
0.0,0.0,0.0,0.0,0.0,0.0,1.0,0.867041,0.87234,0.031374,0.286076,0.002129,0.188503,0.614474,1.0
0.0,0.0,0.0,0.0,1.0,0.0,0.0,0.031547,0.106383,0.05302,0.141922,0.003467,0.422915,0.414912,0.0
0.0,0.0,0.0,0.0,0.0,1.0,0.0,0.026636,0.617021,0.071815,0.301845,0.003467,0.422915,0.414912,1.0
0.0,0.0,0.0,0.0,0.0,1.0,0.0,0.469935,0.723404,0.029452,0.514728,0.0021,0.416624,0.244298,0.0
0.0,0.0,0.0,0.0,1.0,0.0,0.0,0.889208,0.340426,0.029002,0.603987,0.002027,0.615743,0.366667,0.0
0.0,0.0,0.0,0.0,1.0,0.0,0.0,0.429185,0.319149,0.09157,0.53853,0.003467,0.422915,0.414912,1.0
0.0,1.0,0.0,0.0,0.0,0.0,0.0,0.438388,0.808511,0.056113,0.498959,0.003467,0.422915,0.414912,0.0
0.0,0.0,1.0,0.0,0.0,0.0,0.0,0.018495,0.829787,0.045034,0.46504,0.003467,0.422915,0.414912,0.0
0.0,1.0,0.0,0.0,0.0,0.0,0.0,0.894031,0.191489,0.040351,0.249479,0.002304,0.358105,0.794298,0.0
0.0,1.0,0.0,0.0,0.0,0.0,0.0,0.434406,0.553191,0.051039,0.502827,0.003467,0.422915,0.414912,1.0
0.0,0.0,0.0,1.0,0.0,0.0,0.0,0.876864,0.489362,0.029242,0.54939,0.001998,0.510616,0.38114,0.0
0.0,0.0,0.0,0.0,1.0,0.0,0.0,0.903367,0.212766,0.027861,0.183576,0.001822,0.242879,0.627193,0.0
0.0,0.0,0.0,0.0,0.0,1.0,0.0,0.026946,0.425532,0.080972,0.403005,0.003467,0.422915,0.414912,0.0
0.0,0.0,0.0,1.0,0.0,0.0,0.0,0.465245,1.0,0.054431,0.453139,0.003789,0.425945,0.24693,1.0
0.0,0.0,1.0,0.0,0.0,0.0,0.0,0.872085,0.06383,0.030233,0.202916,0.000885,0.358105,0.754386,1.0
0.0,1.0,0.0,0.0,0.0,0.0,0.0,0.902615,0.595745,0.089138,0.464891,0.006086,0.57276,0.245614,1.0
0.0,1.0,0.0,0.0,0.0,0.0,0.0,0.460511,0.106383,0.022607,0.156501,0.001523,0.278094,0.660526,0.0
0.0,0.0,0.0,0.0,1.0,0.0,0.0,0.915712,0.680851,0.101988,0.585986,0.006919,0.588296,0.351316,1.0
0.0,0.0,1.0,0.0,0.0,0.0,0.0,0.911287,0.87234,0.035247,0.385748,0.002254,0.27421,0.664474,0.0
0.0,0.0,0.0,0.0,0.0,1.0,0.0,0.447458,0.574468,0.042993,0.547456,0.003016,0.564992,0.311842,0.0
0.0,0.0,0.0,1.0,0.0,0.0,0.0,0.027167,0.404255,0.080161,0.490479,0.003467,0.422915,0.414912,1.0
0.0,0.0,0.0,1.0,0.0,0.0,0.0,0.468917,0.978723,0.03882,0.434097,0.002621,0.32289,0.425877,1.0
0.0,0.0,1.0,0.0,0.0,0.0,0.0,0.000354,0.531915,0.089798,0.481702,0.003467,0.422915,0.414912,0.0
0.0,0.0,0.0,1.0,0.0,0.0,0.0,0.912261,0.957447,0.071755,0.430675,0.00484,0.312532,0.512281,0.0
0.0,0.0,0.0,0.0,0.0,1.0,0.0,0.465333,0.531915,0.068332,0.526927,0.00467,0.537804,0.299123,1.0
0.0,0.0,1.0,0.0,0.0,0.0,0.0,0.018185,0.0,0.056263,0.437221,0.003467,0.422915,0.414912,0.0
0.0,0.0,0.0,0.0,0.0,0.0,1.0,0.000841,0.957447,0.122703,0.370723,0.003467,0.422915,0.414912,1.0
0.0,0.0,0.0,1.0,0.0,0.0,0.0,0.903323,0.255319,0.058454,0.325052,0.00382,0.336095,0.75,0.0
0.0,0.0,0.0,0.0,0.0,0.0,1.0,0.009159,0.553191,0.067581,0.424725,0.003467,0.422915,0.414912,0.0
1.0,0.0,0.0,0.0,0.0,0.0,0.0,0.017477,0.702128,0.10535,0.525885,0.003467,0.422915,0.414912,1.0
1.0,0.0,0.0,0.0,0.0,0.0,0.0,0.47405,0.0,0.028041,0.246653,0.001859,0.276541,0.760965,0.0
0.0,0.0,0.0,1.0,0.0,0.0,0.0,0.023185,0.106383,0.046085,0.145344,0.003467,0.422915,0.414912,0.0
0.0,1.0,0.0,0.0,0.0,0.0,0.0,0.880757,0.085106,0.027531,0.109789,0.000841,0.228638,0.816228,0.0
0.0,0.0,0.0,0.0,0.0,1.0,0.0,0.912349,0.106383,0.043323,0.175245,0.002914,0.287934,0.512281,0.0
0.0,1.0,0.0,0.0,0.0,0.0,0.0,0.00031,0.702128,0.179596,0.540762,0.003467,0.422915,0.414912,1.0
0.0,0.0,0.0,1.0,0.0,0.0,0.0,0.021946,0.595745,0.057794,0.44942,0.003467,0.422915,0.414912,1.0
0.0,0.0,0.0,0.0,1.0,0.0,0.0,0.430114,0.978723,0.051849,0.384707,0.003467,0.422915,0.414912,0.0
1.0,0.0,0.0,0.0,0.0,0.0,0.0,0.023052,0.468085,0.09217,0.493454,0.003467,0.422915,0.414912,1.0
0.0,0.0,0.0,0.0,0.0,0.0,1.0,0.031636,0.148936,0.051909,0.036894,0.003467,0.422915,0.414912,0.0
0.0,0.0,0.0,0.0,1.0,0.0,0.0,0.867263,0.595745,0.036208,0.481404,0.002459,0.445624,0.47807,1.0
1.0,0.0,0.0,0.0,0.0,0.0,0.0,0.456175,0.617021,0.024589,0.267629,0.000976,0.243915,0.704386,0.0
0.0,0.0,0.0,0.0,0.0,1.0,0.0,0.473961,0.659574,0.028191,0.578697,0.001863,0.431642,0.595175,0.0
1.0,0.0,0.0,0.0,0.0,0.0,0.0,0.9035,0.851064,0.041311,0.359863,0.002684,0.305541,0.719298,1.0
0.0,0.0,1.0,0.0,0.0,0.0,0.0,0.026813,0.957447,0.09247,0.436626,0.003467,0.422915,0.414912,1.0
0.0,0.0,0.0,0.0,1.0,0.0,0.0,0.45206,0.340426,0.046475,0.703065,0.003216,0.683066,0.236842,0.0
1.0,0.0,0.0,0.0,0.0,0.0,0.0,0.425645,0.212766,0.073436,0.085391,0.003467,0.422915,0.414912,1.0
0.0,0.0,0.0,1.0,0.0,0.0,0.0,0.898721,0.978723,0.086496,0.562928,0.005226,0.539099,0.595614,1.0
0.0,0.0,0.0,0.0,0.0,0.0,1.0,0.906863,0.382979,0.060196,0.409402,0.004128,0.280684,0.630263,0.0
0.0,0.0,0.0,1.0,0.0,0.0,0.0,0.438786,0.085106,0.05248,0.246355,0.003467,0.422915,0.414912,0.0
0.0,0.0,0.0,1.0,0.0,0.0,0.0,0.031813,0.255319,0.055242,0.044035,0.003467,0.422915,0.414912,0.0
0.0,0.0,0.0,0.0,0.0,1.0,0.0,0.004159,0.574468,0.044134,0.322523,0.003467,0.422915,0.414912,0.0
1.0,0.0,0.0,0.0,0.0,0.0,0.0,0.465112,0.957447,0.029182,0.319994,0.001984,0.267996,0.507456,0.0
0.0,0.0,1.0,0.0,0.0,0.0,0.0,0.465201,0.978723,0.046355,0.461321,0.003232,0.432418,0.238158,0.0
1.0,0.0,0.0,0.0,0.0,0.0,0.0,0.434052,0.617021,0.057043,0.528414,0.003467,0.422915,0.414912,0.0
0.0,0.0,0.0,0.0,1.0,0.0,0.0,0.425822,0.425532,0.091389,0.56144,0.003467,0.422915,0.414912,1.0
0.0,0.0,1.0,0.0,0.0,0.0,0.0,0.867307,0.425532,0.066561,0.555638,0.004454,0.581823,0.498246,0.0
0.0,0.0,0.0,0.0,0.0,1.0,0.0,0.868236,0.297872,0.028161,0.518893,0.001824,0.507509,0.687281,1.0
0.0,0.0,0.0,1.0,0.0,0.0,0.0,0.443387,0.765957,0.098415,0.641922,0.006506,0.6261,0.475439,1.0
0.0,0.0,0.0,0.0,0.0,1.0,0.0,0.876333,0.510638,0.038309,0.68313,0.002545,0.686691,0.479386,1.0
0.0,0.0,0.0,1.0,0.0,0.0,0.0,0.424848,0.361702,0.060796,0.441833,0.003467,0.422915,0.414912,1.0
1.0,0.0,0.0,0.0,0.0,0.0,0.0,0.018097,0.234043,0.061817,0.216007,0.003467,0.422915,0.414912,0.0
0.0,0.0,0.0,0.0,0.0,0.0,1.0,0.009159,0.957447,0.087366,0.486314,0.003467,0.422915,0.414912,1.0
0.0,0.0,0.0,0.0,0.0,0.0,1.0,0.872572,0.319149,0.033205,0.397501,0.002056,0.315122,0.807456,1.0
0.0,0.0,0.0,1.0,0.0,0.0,0.0,0.438786,0.851064,0.057314,0.429932,0.003467,0.422915,0.414912,0.0
0.0,1.0,0.0,0.0,0.0,0.0,0.0,0.013539,0.978723,0.051699,0.510711,0.003467,0.422915,0.414912,0.0
0.0,0.0,1.0,0.0,0.0,0.0,0.0,0.017875,0.702128,0.076468,0.442428,0.003467,0.422915,0.414912,1.0
0.0,1.0,0.0,0.0,0.0,0.0,0.0,0.911243,0.93617,0.046175,0.46504,0.002946,0.236406,0.749561,1.0
0.0,0.0,0.0,0.0,0.0,1.0,0.0,0.004779,0.702128,0.106161,0.530943,0.003467,0.422915,0.414912,1.0
0.0,0.0,0.0,0.0,0.0,0.0,1.0,0.433388,0.042553,0.041431,0.139691,0.003467,0.422915,0.414912,0.0
0.0,0.0,0.0,1.0,0.0,0.0,0.0,0.890093,0.212766,0.080041,0.300952,0.003945,0.377266,0.703947,0.0
0.0,0.0,0.0,1.0,0.0,0.0,0.0,0.013008,0.595745,0.041281,0.50119,0.003467,0.422915,0.414912,0.0
0.0,0.0,0.0,0.0,0.0,0.0,1.0,0.000841,0.659574,0.087426,0.245611,0.003467,0.422915,0.414912,0.0
0.0,0.0,0.0,0.0,0.0,1.0,0.0,0.889562,0.404255,0.028942,0.610086,0.002044,0.626877,0.251316,0.0
0.0,0.0,0.0,0.0,0.0,0.0,1.0,0.429892,0.06383,0.06614,0.162154,0.003467,0.422915,0.414912,0.0
0.0,0.0,1.0,0.0,0.0,0.0,0.0,0.008672,0.553191,0.11829,0.545522,0.003467,0.422915,0.414912,1.0
0.0,0.0,0.0,0.0,1.0,0.0,0.0,0.468962,0.106383,0.02657,0.146385,0.001764,0.22087,0.550877,0.0
0.0,0.0,0.0,0.0,0.0,1.0,0.0,0.022964,0.489362,0.081812,0.360458,0.003467,0.422915,0.414912,1.0
0.0,1.0,0.0,0.0,0.0,0.0,0.0,0.018141,0.957447,0.061637,0.421452,0.003467,0.422915,0.414912,0.0
0.0,0.0,0.0,0.0,0.0,0.0,1.0,0.005133,0.808511,0.075267,0.590896,0.003467,0.422915,0.414912,1.0
0.0,0.0,0.0,0.0,0.0,1.0,0.0,0.881244,0.319149,0.029422,0.454775,0.001998,0.493527,0.358333,0.0
0.0,0.0,1.0,0.0,0.0,0.0,0.0,0.451352,0.723404,0.046836,0.681047,0.003062,0.6797,0.488158,1.0
0.0,0.0,0.0,0.0,0.0,1.0,0.0,0.884651,0.638298,0.027291,0.479619,0.001878,0.513206,0.442105,0.0
1.0,0.0,0.0,0.0,0.0,0.0,0.0,0.425025,0.851064,0.083343,0.347813,0.003467,0.422915,0.414912,1.0
0.0,0.0,0.0,0.0,0.0,0.0,1.0,0.469669,0.574468,0.045815,0.361648,0.003087,0.377784,0.492982,1.0
0.0,0.0,1.0,0.0,0.0,0.0,0.0,0.881421,0.617021,0.028942,0.468908,0.002027,0.572501,0.367544,0.0
0.0,0.0,1.0,0.0,0.0,0.0,0.0,0.461174,0.638298,0.029753,0.425617,0.002019,0.434231,0.381579,0.0
0.0,0.0,0.0,0.0,0.0,0.0,1.0,0.031945,0.851064,0.058394,0.246653,0.003467,0.422915,0.414912,0.0
0.0,1.0,0.0,0.0,0.0,0.0,0.0,0.013849,0.0,0.07839,0.579143,0.003467,0.422915,0.414912,0.0
0.0,0.0,0.0,0.0,0.0,1.0,0.0,0.880315,0.553191,0.051519,0.567837,0.003673,0.513982,0.170175,1.0
0.0,0.0,0.0,1.0,0.0,0.0,0.0,0.907969,0.382979,0.049658,0.548944,0.003415,0.629467,0.260526,0.0
0.0,0.0,0.0,0.0,0.0,0.0,1.0,0.023008,0.468085,0.091269,0.324606,0.003467,0.422915,0.414912,1.0
0.0,0.0,0.0,1.0,0.0,0.0,0.0,0.442193,0.255319,0.05215,0.326986,0.003467,0.422915,0.414912,0.0
1.0,0.0,0.0,0.0,0.0,0.0,0.0,0.000265,0.021277,0.047106,0.247694,0.003467,0.422915,0.414912,0.0
0.0,0.0,0.0,1.0,0.0,0.0,0.0,0.464625,0.702128,0.067761,0.43975,0.004684,0.479285,0.298684,1.0
0.0,0.0,1.0,0.0,0.0,0.0,0.0,0.46551,0.489362,0.05206,0.520827,0.003585,0.474883,0.340789,1.0
0.0,0.0,0.0,0.0,0.0,0.0,1.0,0.464758,0.595745,0.028732,0.337548,0.001919,0.252201,0.602632,1.0
0.0,1.0,0.0,0.0,0.0,0.0,0.0,0.871731,0.12766,0.019575,0.121541,0.000839,0.200932,0.877632,0.0
0.0,0.0,1.0,0.0,0.0,0.0,0.0,0.437812,0.191489,0.048427,0.135079,0.003467,0.422915,0.414912,1.0
0.0,0.0,1.0,0.0,0.0,0.0,0.0,0.452281,0.659574,0.033025,0.525885,0.002198,0.573019,0.588596,0.0
0.0,0.0,0.0,0.0,0.0,0.0,1.0,0.880359,0.361702,0.045394,0.419667,0.003024,0.288193,0.45,0.0
1.0,0.0,0.0,0.0,0.0,0.0,0.0,0.894606,0.553191,0.093341,0.556233,0.004948,0.400311,0.854386,1.0
0.0,0.0,0.0,0.0,0.0,0.0,1.0,0.903146,0.042553,0.074787,0.397352,0.004998,0.436561,0.435965,1.0
0.0,0.0,0.0,0.0,1.0,0.0,0.0,0.429494,0.638298,0.080551,0.548646,0.003467,0.422915,0.414912,1.0
0.0,1.0,0.0,0.0,0.0,0.0,0.0,0.442989,0.021277,0.046595,0.299464,0.003189,0.303211,0.509211,0.0
1.0,0.0,0.0,0.0,0.0,0.0,0.0,0.872307,0.06383,0.021706,0.1205,0.000839,0.286898,0.732018,0.0
0.0,0.0,1.0,0.0,0.0,0.0,0.0,0.912216,0.319149,0.054912,0.501041,0.003776,0.562144,0.275,0.0
0.0,0.0,0.0,0.0,1.0,0.0,0.0,0.452369,0.680851,0.037468,0.551175,0.002586,0.555412,0.265351,0.0
0.0,0.0,1.0,0.0,0.0,0.0,0.0,0.906995,0.212766,0.034316,0.152484,0.002289,0.176075,0.567982,0.0
0.0,0.0,0.0,0.0,0.0,1.0,0.0,0.872218,0.106383,0.028492,0.165576,0.000833,0.263853,0.854825,0.0
0.0,1.0,0.0,0.0,0.0,0.0,0.0,0.022477,0.723404,0.087937,0.478727,0.003467,0.422915,0.414912,1.0
0.0,1.0,0.0,0.0,0.0,0.0,0.0,0.894651,0.659574,0.119611,0.70961,0.007432,0.661574,0.653509,1.0
0.0,0.0,0.0,0.0,0.0,1.0,0.0,0.464714,0.234043,0.025189,0.196073,0.001691,0.20637,0.652193,0.0
0.0,0.0,0.0,0.0,0.0,1.0,0.0,0.8985,0.851064,0.083223,0.545076,0.005698,0.564992,0.308333,1.0
0.0,0.0,0.0,0.0,0.0,1.0,0.0,0.889872,0.659574,0.027501,0.549985,0.001967,0.64552,0.186842,0.0
0.0,0.0,1.0,0.0,0.0,0.0,0.0,0.021902,0.382979,0.074517,0.518001,0.003467,0.422915,0.414912,1.0
0.0,0.0,0.0,0.0,0.0,0.0,1.0,0.469979,0.489362,0.030143,0.439155,0.002065,0.304764,0.570175,0.0
0.0,0.0,0.0,0.0,0.0,0.0,1.0,0.893943,0.978723,0.068542,0.549539,0.003716,0.465821,0.661842,1.0
0.0,1.0,0.0,0.0,0.0,0.0,0.0,1.0,0.0,0.066831,0.359863,0.004375,0.387105,0.590351,1.0
0.0,1.0,0.0,0.0,0.0,0.0,0.0,0.906951,0.340426,0.049207,0.255132,0.003538,0.523822,0.219737,1.0
0.0,0.0,0.0,1.0,0.0,0.0,0.0,0.013008,0.382979,0.041732,0.655162,0.003467,0.422915,0.414912,0.0
0.0,0.0,0.0,1.0,0.0,0.0,0.0,0.889164,0.340426,0.030263,0.613954,0.002102,0.668566,0.271491,0.0
0.0,0.0,0.0,0.0,0.0,1.0,0.0,0.433344,0.12766,0.040351,0.089408,0.003467,0.422915,0.414912,0.0
0.0,0.0,0.0,1.0,0.0,0.0,0.0,0.424539,0.446809,0.058394,0.350937,0.003467,0.422915,0.414912,1.0
0.0,0.0,1.0,0.0,0.0,0.0,0.0,0.893766,0.276596,0.061547,0.49524,0.00409,0.468669,0.536842,1.0
0.0,0.0,1.0,0.0,0.0,0.0,0.0,0.898677,0.021277,0.083163,0.522464,0.00542,0.447178,0.62807,0.0
0.0,1.0,0.0,0.0,0.0,0.0,0.0,0.477988,0.468085,0.058845,0.486165,0.004096,0.447437,0.275877,1.0
0.0,0.0,1.0,0.0,0.0,0.0,0.0,0.443033,0.957447,0.048127,0.516513,0.003247,0.375971,0.565351,0.0
0.0,0.0,1.0,0.0,0.0,0.0,0.0,0.014203,0.659574,0.040711,0.450907,0.003467,0.422915,0.414912,0.0
0.0,0.0,0.0,0.0,0.0,1.0,0.0,0.455776,0.829787,0.097304,0.657096,0.006886,0.553858,0.133772,1.0
0.0,0.0,0.0,0.0,0.0,1.0,0.0,0.495686,0.0,0.047586,0.427551,0.003297,0.392284,0.306579,0.0
0.0,0.0,0.0,0.0,1.0,0.0,0.0,0.460334,0.808511,0.149003,0.603094,0.010282,0.598912,0.167105,1.0
0.0,0.0,0.0,0.0,0.0,0.0,1.0,0.907482,0.0,0.075838,0.422791,0.005214,0.423615,0.432456,1.0
0.0,0.0,0.0,0.0,0.0,0.0,1.0,0.451529,0.191489,0.038699,0.219578,0.001172,0.284309,0.838158,0.0
0.0,0.0,0.0,0.0,0.0,0.0,1.0,0.889916,0.489362,0.258136,0.560101,0.016639,0.480839,0.692544,1.0
0.0,0.0,0.0,0.0,0.0,1.0,0.0,0.451175,0.489362,0.044734,0.6205,0.002987,0.592698,0.406579,0.0
0.0,1.0,0.0,0.0,0.0,0.0,0.0,0.433786,0.978723,0.047886,0.405237,0.003467,0.422915,0.414912,0.0
0.0,0.0,0.0,0.0,0.0,1.0,0.0,0.91142,0.957447,0.046986,0.45299,0.003043,0.323149,0.693421,1.0
0.0,0.0,1.0,0.0,0.0,0.0,0.0,0.447325,0.148936,0.017173,0.275364,0.000976,0.282496,0.701316,0.0
0.0,0.0,1.0,0.0,0.0,0.0,0.0,0.473209,0.319149,0.042602,0.541654,0.003162,0.491973,0.313158,1.0
0.0,0.0,0.0,0.0,1.0,0.0,0.0,0.429494,0.382979,0.085925,0.579887,0.003467,0.422915,0.414912,1.0
1.0,0.0,0.0,0.0,0.0,0.0,0.0,0.867705,0.404255,0.032635,0.430824,0.002077,0.235888,0.922368,0.0
1.0,0.0,0.0,0.0,0.0,0.0,0.0,0.89027,0.851064,0.137565,0.654121,0.009142,0.46116,0.667982,1.0
0.0,0.0,0.0,0.0,0.0,1.0,0.0,0.907128,0.957447,0.075237,0.481702,0.005137,0.5,0.472368,0.0
1.0,0.0,0.0,0.0,0.0,0.0,0.0,0.452192,0.87234,0.033596,0.555043,0.002308,0.35914,0.491228,0.0
0.0,0.0,0.0,0.0,0.0,1.0,0.0,0.871908,0.808511,0.027021,0.478875,0.001751,0.36898,0.727632,0.0
0.0,0.0,0.0,1.0,0.0,0.0,0.0,0.027477,0.787234,0.05215,0.426361,0.003467,0.422915,0.414912,0.0
0.0,0.0,1.0,0.0,0.0,0.0,0.0,0.87651,0.361702,0.031044,0.589557,0.00198,0.550233,0.687719,1.0
0.0,1.0,0.0,0.0,0.0,0.0,0.0,0.000929,0.744681,0.044254,0.70485,0.003467,0.422915,0.414912,0.0
0.0,1.0,0.0,0.0,0.0,0.0,0.0,0.452237,0.787234,0.042903,0.776703,0.002829,0.634127,0.595614,1.0
0.0,0.0,0.0,1.0,0.0,0.0,0.0,0.027167,0.042553,0.051219,0.240107,0.003467,0.422915,0.414912,0.0
0.0,0.0,0.0,1.0,0.0,0.0,0.0,0.022565,0.06383,0.047076,0.289051,0.003467,0.422915,0.414912,0.0
0.0,1.0,0.0,0.0,0.0,0.0,0.0,0.000619,0.297872,0.044224,0.471586,0.003467,0.422915,0.414912,0.0
0.0,0.0,0.0,0.0,1.0,0.0,0.0,0.013672,0.06383,0.043503,0.404195,0.003467,0.422915,0.414912,0.0
0.0,0.0,1.0,0.0,0.0,0.0,0.0,0.009911,0.276596,0.048247,0.533175,0.003467,0.422915,0.414912,0.0
0.0,0.0,0.0,0.0,0.0,0.0,1.0,0.004823,0.765957,0.121202,0.696073,0.003467,0.422915,0.414912,1.0
0.0,0.0,0.0,1.0,0.0,0.0,0.0,0.44706,0.531915,0.049297,0.60964,0.003463,0.602796,0.30614,0.0
0.0,0.0,0.0,0.0,1.0,0.0,0.0,0.447414,0.978723,0.043053,0.605326,0.002904,0.541947,0.404825,0.0
1.0,0.0,0.0,0.0,0.0,0.0,0.0,0.469094,0.468085,0.029362,0.323416,0.001926,0.208959,0.675877,0.0
1.0,0.0,0.0,0.0,0.0,0.0,0.0,0.03137,0.106383,0.040351,0.101607,0.003467,0.422915,0.414912,0.0
0.0,0.0,0.0,1.0,0.0,0.0,0.0,0.00438,0.510638,0.045244,0.514579,0.003467,0.422915,0.414912,0.0
0.0,0.0,0.0,1.0,0.0,0.0,0.0,0.42945,0.489362,0.088237,0.590598,0.003467,0.422915,0.414912,1.0
0.0,0.0,0.0,0.0,0.0,0.0,1.0,0.473696,0.255319,0.028011,0.249182,0.001797,0.29363,0.841667,0.0
0.0,0.0,1.0,0.0,0.0,0.0,0.0,0.88912,0.531915,0.029092,0.543588,0.002036,0.568358,0.314035,1.0
0.0,0.0,0.0,0.0,0.0,1.0,0.0,0.437945,0.978723,0.046445,0.311068,0.003467,0.422915,0.414912,0.0
0.0,0.0,0.0,1.0,0.0,0.0,0.0,0.889784,0.93617,0.043023,0.647575,0.002973,0.510098,0.528509,0.0
0.0,0.0,0.0,0.0,0.0,1.0,0.0,0.013406,0.425532,0.074817,0.579738,0.003467,0.422915,0.414912,0.0
0.0,0.0,0.0,1.0,0.0,0.0,0.0,0.452325,0.702128,0.033145,0.586581,0.002223,0.622734,0.492982,0.0
0.0,0.0,0.0,0.0,0.0,1.0,0.0,0.009734,0.851064,0.041642,0.515472,0.003467,0.422915,0.414912,0.0
0.0,1.0,0.0,0.0,0.0,0.0,0.0,0.004602,0.361702,0.043833,0.642071,0.003467,0.422915,0.414912,0.0
0.0,0.0,0.0,1.0,0.0,0.0,0.0,0.022875,0.723404,0.056743,0.445701,0.003467,0.422915,0.414912,0.0
0.0,1.0,0.0,0.0,0.0,0.0,0.0,0.434096,0.212766,0.060796,0.295299,0.003467,0.422915,0.414912,1.0
0.0,0.0,0.0,0.0,0.0,0.0,1.0,0.474006,0.638298,0.032245,0.406427,0.002177,0.348006,0.637281,1.0
0.0,0.0,0.0,1.0,0.0,0.0,0.0,0.889253,0.574468,0.028702,0.497471,0.001957,0.523563,0.489912,0.0
1.0,0.0,0.0,0.0,0.0,0.0,0.0,0.875979,0.382979,0.029422,0.378905,0.001903,0.250129,0.612281,0.0
0.0,0.0,1.0,0.0,0.0,0.0,0.0,0.424494,0.595745,0.056923,0.150848,0.003467,0.422915,0.414912,0.0
0.0,0.0,1.0,0.0,0.0,0.0,0.0,0.898367,0.87234,0.060496,0.648468,0.004005,0.574055,0.464035,0.0
0.0,0.0,0.0,0.0,0.0,1.0,0.0,0.469316,0.765957,0.044614,0.470396,0.002954,0.388918,0.411842,0.0
0.0,1.0,0.0,0.0,0.0,0.0,0.0,0.903544,0.595745,0.083373,0.494049,0.005492,0.475919,0.461842,1.0
0.0,0.0,0.0,0.0,0.0,1.0,0.0,0.469625,0.319149,0.060796,0.488396,0.00413,0.483687,0.436842,1.0
1.0,0.0,0.0,0.0,0.0,0.0,0.0,0.473563,0.638298,0.027291,0.273133,0.00183,0.167012,0.62807,1.0
0.0,0.0,0.0,0.0,1.0,0.0,0.0,0.912305,0.191489,0.050138,0.241595,0.003349,0.265924,0.547368,0.0
0.0,0.0,1.0,0.0,0.0,0.0,0.0,0.911907,0.446809,0.06557,0.540167,0.004389,0.564474,0.407895,1.0
0.0,1.0,0.0,0.0,0.0,0.0,0.0,0.018141,0.489362,0.061637,0.520381,0.003467,0.422915,0.414912,0.0
0.0,0.0,0.0,0.0,1.0,0.0,0.0,0.013982,0.319149,0.089078,0.649658,0.003467,0.422915,0.414912,0.0
0.0,0.0,1.0,0.0,0.0,0.0,0.0,0.022831,0.212766,0.068422,0.16022,0.003467,0.422915,0.414912,0.0
0.0,0.0,1.0,0.0,0.0,0.0,0.0,0.473519,0.148936,0.021376,0.165576,0.001442,0.216727,0.623684,0.0
0.0,0.0,0.0,0.0,0.0,0.0,1.0,0.460422,0.404255,0.028552,0.485421,0.001899,0.33739,0.560088,0.0
0.0,1.0,0.0,0.0,0.0,0.0,0.0,0.437768,0.276596,0.03954,0.294258,0.003467,0.422915,0.414912,0.0
1.0,0.0,0.0,0.0,0.0,0.0,0.0,0.47343,0.765957,0.035067,0.367153,0.002358,0.256603,0.700877,1.0
1.0,0.0,0.0,0.0,0.0,0.0,0.0,0.447237,0.06383,0.035817,0.299762,0.002351,0.424392,0.697368,0.0
1.0,0.0,0.0,0.0,0.0,0.0,0.0,0.968895,0.06383,0.061337,0.26019,0.004057,0.387623,0.562281,1.0
0.0,0.0,1.0,0.0,0.0,0.0,0.0,0.907615,0.255319,0.044043,0.344094,0.002931,0.370533,0.571053,0.0
0.0,0.0,0.0,0.0,0.0,0.0,1.0,0.442591,0.340426,0.059986,0.469801,0.004046,0.317452,0.500526,0.0
0.0,0.0,0.0,0.0,0.0,0.0,1.0,0.000531,0.702128,0.071664,0.349301,0.003467,0.422915,0.414912,0.0
1.0,0.0,0.0,0.0,0.0,0.0,0.0,0.47436,0.297872,0.024889,0.15903,0.001624,0.069135,0.885965,0.0
1.0,0.0,0.0,0.0,0.0,0.0,0.0,0.031061,0.276596,0.103008,0.409699,0.003467,0.422915,0.414912,1.0
0.0,0.0,1.0,0.0,0.0,0.0,0.0,0.890359,0.404255,0.029182,0.745463,0.002011,0.719575,0.292982,0.0
0.0,0.0,0.0,0.0,1.0,0.0,0.0,0.867882,0.12766,0.023238,0.150402,0.000841,0.234852,0.814912,0.0
0.0,1.0,0.0,0.0,0.0,0.0,0.0,0.890005,0.680851,0.096583,0.684469,0.00673,0.667271,0.436842,1.0
0.0,0.0,0.0,0.0,0.0,1.0,0.0,0.465643,0.510638,0.095352,0.609045,0.006545,0.515018,0.512719,1.0
0.0,0.0,0.0,0.0,0.0,0.0,1.0,0.465378,0.085106,0.02621,0.222404,0.001759,0.291559,0.677193,0.0
0.0,0.0,0.0,0.0,1.0,0.0,0.0,0.872484,0.702128,0.667137,0.79277,0.043745,0.975919,0.255263,1.0
0.0,0.0,0.0,0.0,0.0,0.0,1.0,0.903146,0.382979,0.089288,0.453883,0.005634,0.375971,0.636404,1.0
0.0,0.0,0.0,0.0,1.0,0.0,0.0,0.902748,0.978723,0.095893,0.48557,0.006288,0.535733,0.530263,1.0
0.0,1.0,0.0,0.0,0.0,0.0,0.0,0.911553,0.531915,0.059175,0.506397,0.003891,0.559555,0.480263,1.0
0.0,0.0,1.0,0.0,0.0,0.0,0.0,0.424804,0.659574,0.058394,0.381434,0.003467,0.422915,0.414912,0.0
0.0,0.0,0.0,0.0,0.0,1.0,0.0,0.438565,0.021277,0.060736,0.395864,0.003467,0.422915,0.414912,1.0
0.0,0.0,0.0,0.0,0.0,0.0,1.0,0.005133,0.914894,0.056323,0.414758,0.003467,0.422915,0.414912,0.0
0.0,0.0,1.0,0.0,0.0,0.0,0.0,0.473829,0.340426,0.028852,0.562035,0.001917,0.516054,0.616667,0.0
0.0,1.0,0.0,0.0,0.0,0.0,0.0,0.46082,0.382979,0.078269,0.567242,0.005434,0.491973,0.17807,1.0
0.0,0.0,1.0,0.0,0.0,0.0,0.0,0.451042,0.12766,0.038759,0.311663,0.00253,0.353185,0.758333,1.0
0.0,0.0,0.0,0.0,1.0,0.0,0.0,0.889208,0.297872,0.032545,0.515472,0.002243,0.521491,0.375439,1.0
0.0,0.0,0.0,1.0,0.0,0.0,0.0,0.469227,0.510638,0.057884,0.563076,0.003789,0.460642,0.505702,1.0
1.0,0.0,0.0,0.0,0.0,0.0,0.0,0.434361,0.93617,0.059115,0.43127,0.003467,0.422915,0.414912,1.0
1.0,0.0,0.0,0.0,0.0,0.0,0.0,0.902571,0.787234,0.089138,0.498364,0.005935,0.444847,0.441667,1.0
0.0,0.0,0.0,0.0,0.0,0.0,1.0,0.880669,0.361702,0.038219,0.344392,0.002324,0.215691,0.92807,0.0
0.0,0.0,0.0,1.0,0.0,0.0,0.0,0.01761,0.297872,0.07872,0.494793,0.003467,0.422915,0.414912,1.0
0.0,0.0,0.0,0.0,0.0,0.0,1.0,0.890226,0.93617,0.431218,0.559952,0.002009,0.419213,0.671053,1.0
0.0,1.0,0.0,0.0,0.0,0.0,0.0,0.429362,0.06383,0.055242,0.195626,0.003467,0.422915,0.414912,0.0
1.0,0.0,0.0,0.0,0.0,0.0,0.0,0.013495,0.085106,0.041401,0.264653,0.003467,0.422915,0.414912,0.0
0.0,1.0,0.0,0.0,0.0,0.0,0.0,0.446662,0.382979,0.105981,0.700238,0.006963,0.660539,0.47193,1.0
0.0,1.0,0.0,0.0,0.0,0.0,0.0,0.451307,0.617021,0.040741,0.512794,0.002638,0.50492,0.594737,1.0
1.0,0.0,0.0,0.0,0.0,0.0,0.0,0.000575,0.510638,0.119731,0.505802,0.003467,0.422915,0.414912,1.0
0.0,0.0,0.0,0.0,0.0,0.0,1.0,0.438919,0.893617,0.051759,0.296787,0.003467,0.422915,0.414912,1.0
0.0,0.0,0.0,0.0,1.0,0.0,0.0,0.434538,0.042553,0.044314,0.20961,0.003467,0.422915,0.414912,0.0
0.0,0.0,1.0,0.0,0.0,0.0,0.0,0.004336,0.0,0.047076,0.480661,0.003467,0.422915,0.414912,0.0
0.0,0.0,0.0,0.0,0.0,0.0,1.0,0.465378,0.021277,0.031404,0.374293,0.002125,0.325738,0.654825,0.0
0.0,0.0,0.0,0.0,0.0,1.0,0.0,0.425247,0.765957,0.073256,0.308539,0.003467,0.422915,0.414912,0.0
1.0,0.0,0.0,0.0,0.0,0.0,0.0,0.425335,0.787234,0.093821,0.439453,0.003467,0.422915,0.414912,1.0
1.0,0.0,0.0,0.0,0.0,0.0,0.0,0.911508,0.595745,0.038429,0.307498,0.002455,0.237183,0.771491,0.0
0.0,0.0,0.0,0.0,1.0,0.0,0.0,0.460024,0.702128,0.030353,0.510562,0.00204,0.518902,0.257456,0.0
0.0,0.0,0.0,0.0,1.0,0.0,0.0,0.013362,0.765957,0.124745,0.771199,0.003467,0.422915,0.414912,1.0
0.0,0.0,0.0,0.0,1.0,0.0,0.0,0.45113,0.361702,0.040711,0.697114,0.002642,0.648887,0.474123,0.0
0.0,0.0,0.0,0.0,1.0,0.0,0.0,0.875979,0.234043,0.166386,0.425171,0.002285,0.418695,0.712281,1.0
0.0,0.0,0.0,1.0,0.0,0.0,0.0,0.009026,0.340426,0.090159,0.679708,0.003467,0.422915,0.414912,0.0
0.0,1.0,0.0,0.0,0.0,0.0,0.0,0.022787,0.893617,0.060316,0.393782,0.003467,0.422915,0.414912,0.0
0.0,0.0,0.0,0.0,0.0,1.0,0.0,0.014336,0.234043,0.05308,0.188337,0.003467,0.422915,0.414912,0.0
0.0,0.0,0.0,1.0,0.0,0.0,0.0,0.907349,0.595745,0.069773,0.468164,0.004639,0.537804,0.496053,0.0
0.0,0.0,0.0,0.0,0.0,0.0,1.0,0.031016,0.085106,0.044134,0.073639,0.003467,0.422915,0.414912,0.0
0.0,0.0,0.0,0.0,0.0,1.0,0.0,0.455776,0.638298,0.044674,0.506248,0.003085,0.571983,0.00614,0.0
0.0,0.0,0.0,1.0,0.0,0.0,0.0,0.434494,0.12766,0.045605,0.15427,0.003467,0.422915,0.414912,0.0
0.0,0.0,0.0,0.0,0.0,0.0,1.0,0.023008,0.021277,0.048547,0.217197,0.003467,0.422915,0.414912,0.0
1.0,0.0,0.0,0.0,0.0,0.0,0.0,0.875979,0.106383,0.028702,0.138947,0.00188,0.291818,0.625439,0.0
0.0,0.0,0.0,0.0,0.0,1.0,0.0,0.866997,0.12766,0.022097,0.068134,0.001471,0.116779,0.749123,0.0
0.0,0.0,1.0,0.0,0.0,0.0,0.0,0.43414,0.297872,0.061667,0.502231,0.003467,0.422915,0.414912,1.0
0.0,0.0,0.0,1.0,0.0,0.0,0.0,0.451086,0.446809,0.059565,0.648021,0.003953,0.685914,0.332895,1.0
0.0,0.0,0.0,0.0,0.0,0.0,1.0,0.86797,0.914894,0.031074,0.332639,0.001209,0.255049,0.880263,0.0
0.0,1.0,0.0,0.0,0.0,0.0,0.0,0.01323,0.723404,0.082773,0.577655,0.003467,0.422915,0.414912,1.0
0.0,0.0,0.0,1.0,0.0,0.0,0.0,0.894739,0.106383,0.14414,0.399732,0.009483,0.489384,0.644298,1.0
0.0,0.0,0.0,0.0,0.0,0.0,1.0,0.447193,0.0,0.035907,0.530348,0.002312,0.482651,0.59693,0.0
0.0,0.0,0.0,0.0,0.0,1.0,0.0,0.872528,0.297872,0.033385,0.569771,0.002162,0.573796,0.627193,0.0
0.0,0.0,1.0,0.0,0.0,0.0,0.0,0.894075,0.531915,0.072655,0.623773,0.004954,0.670378,0.39386,0.0
1.0,0.0,0.0,0.0,0.0,0.0,0.0,0.460157,0.404255,0.028582,0.475305,0.001857,0.237701,0.701316,1.0
0.0,0.0,0.0,0.0,1.0,0.0,0.0,0.907393,0.510638,0.085955,0.483636,0.005899,0.533143,0.287281,1.0
0.0,0.0,1.0,0.0,0.0,0.0,0.0,0.021902,0.468085,0.071995,0.488396,0.003467,0.422915,0.414912,1.0
0.0,0.0,0.0,1.0,0.0,0.0,0.0,0.881156,1.0,0.034676,0.459387,0.00204,0.430606,0.697807,1.0
1.0,0.0,0.0,0.0,0.0,0.0,0.0,0.008893,0.297872,0.041732,0.489735,0.003467,0.422915,0.414912,0.0
0.0,0.0,0.0,0.0,0.0,0.0,1.0,0.86797,0.510638,0.048337,0.454627,0.003135,0.329881,0.829825,1.0
0.0,0.0,0.0,0.0,0.0,0.0,1.0,0.02699,0.787234,0.095052,0.344838,0.003467,0.422915,0.414912,1.0
0.0,0.0,0.0,0.0,0.0,0.0,1.0,0.894562,0.957447,0.062958,0.511604,0.003469,0.394614,0.605702,0.0
0.0,0.0,0.0,1.0,0.0,0.0,0.0,0.8935,0.787234,0.172031,0.899137,0.011454,0.720611,0.490351,1.0
0.0,0.0,0.0,0.0,1.0,0.0,0.0,0.443122,0.404255,0.049898,0.570217,0.003444,0.570948,0.35,0.0
0.0,0.0,0.0,0.0,0.0,0.0,1.0,0.0273,0.957447,0.074817,0.283695,0.003467,0.422915,0.414912,1.0
0.0,0.0,0.0,0.0,1.0,0.0,0.0,0.8812,0.06383,0.030503,0.318655,0.001938,0.415847,0.72193,0.0
1.0,0.0,0.0,0.0,0.0,0.0,0.0,0.871377,0.638298,0.045004,0.445701,0.002842,0.439669,0.824123,1.0
0.0,0.0,0.0,0.0,1.0,0.0,0.0,0.898766,0.425532,0.055212,0.607855,0.003635,0.639047,0.433772,0.0
0.0,0.0,0.0,0.0,1.0,0.0,0.0,0.468962,0.361702,0.054161,0.530497,0.003693,0.522527,0.299561,1.0
0.0,1.0,0.0,0.0,0.0,0.0,0.0,0.018141,0.340426,0.056263,0.469652,0.003467,0.422915,0.414912,0.0
0.0,0.0,0.0,0.0,0.0,1.0,0.0,0.429539,0.361702,0.087096,0.450312,0.003467,0.422915,0.414912,1.0
0.0,0.0,0.0,1.0,0.0,0.0,0.0,0.872439,0.148936,0.023268,0.161559,0.001257,0.286639,0.841667,0.0
0.0,0.0,0.0,0.0,0.0,0.0,1.0,0.005133,0.93617,0.042572,0.429783,0.003467,0.422915,0.414912,0.0
0.0,0.0,1.0,0.0,0.0,0.0,0.0,0.451042,0.468085,0.043143,0.700833,0.002904,0.63102,0.40307,1.0
0.0,0.0,0.0,0.0,0.0,0.0,1.0,0.889607,1.0,0.034586,0.430378,0.002287,0.408597,0.594737,0.0
0.0,1.0,0.0,0.0,0.0,0.0,0.0,0.890005,0.340426,0.027381,0.632699,0.00193,0.686432,0.171491,0.0
0.0,0.0,0.0,1.0,0.0,0.0,0.0,0.455998,0.829787,0.050168,0.695924,0.003411,0.577162,0.434649,1.0
0.0,0.0,1.0,0.0,0.0,0.0,0.0,0.424804,0.93617,0.058394,0.362987,0.003467,0.422915,0.414912,0.0
0.0,0.0,0.0,0.0,1.0,0.0,0.0,0.455732,0.808511,0.037498,0.698602,0.002549,0.639047,0.467544,1.0
0.0,0.0,0.0,0.0,1.0,0.0,0.0,0.429185,0.170213,0.070914,0.190866,0.003467,0.422915,0.414912,0.0
0.0,0.0,0.0,1.0,0.0,0.0,0.0,0.469846,0.510638,0.943137,0.784588,0.063325,0.868203,0.110526,1.0
0.0,0.0,0.0,0.0,1.0,0.0,0.0,0.437901,0.0,0.044134,0.397798,0.003467,0.422915,0.414912,0.0
0.0,0.0,1.0,0.0,0.0,0.0,0.0,0.013274,0.829787,0.088567,0.65665,0.003467,0.422915,0.414912,1.0
0.0,0.0,0.0,1.0,0.0,0.0,0.0,0.867528,0.914894,0.030113,0.43499,0.001683,0.345158,0.830263,0.0
0.0,0.0,1.0,0.0,0.0,0.0,0.0,0.000354,0.021277,0.121713,0.459387,0.003467,0.422915,0.414912,0.0
0.0,1.0,0.0,0.0,0.0,0.0,0.0,0.442989,0.106383,0.043383,0.183279,0.002879,0.250129,0.655263,0.0
1.0,0.0,0.0,0.0,0.0,0.0,0.0,0.469404,0.340426,0.027861,0.325498,0.00182,0.179182,0.794737,0.0
0.0,0.0,0.0,0.0,1.0,0.0,0.0,0.026901,0.361702,0.122913,0.591937,0.003467,0.422915,0.414912,1.0
0.0,1.0,0.0,0.0,0.0,0.0,0.0,0.880448,0.06383,0.035427,0.198602,0.002327,0.289228,0.5,1.0
0.0,0.0,0.0,0.0,0.0,1.0,0.0,0.438565,0.510638,0.05305,0.376822,0.003467,0.422915,0.414912,0.0
0.0,0.0,0.0,1.0,0.0,0.0,0.0,0.00438,0.042553,0.045394,0.450907,0.003467,0.422915,0.414912,0.0
0.0,0.0,0.0,0.0,1.0,0.0,0.0,0.872484,0.234043,0.062057,0.405832,0.003963,0.45391,0.658333,1.0
1.0,0.0,0.0,0.0,0.0,0.0,0.0,0.871377,0.829787,0.034766,0.475751,0.00226,0.481357,0.717105,1.0
0.0,1.0,0.0,0.0,0.0,0.0,0.0,0.434096,0.319149,0.055242,0.508331,0.003467,0.422915,0.414912,1.0
0.0,1.0,0.0,0.0,0.0,0.0,0.0,0.880404,0.021277,0.029062,0.289497,0.00178,0.304764,0.74386,0.0
1.0,0.0,0.0,0.0,0.0,0.0,0.0,0.89027,0.06383,0.044164,0.342755,0.002241,0.480839,0.647807,0.0
0.0,1.0,0.0,0.0,0.0,0.0,0.0,0.460511,0.638298,0.02696,0.474115,0.001807,0.518384,0.485088,1.0
1.0,0.0,0.0,0.0,0.0,0.0,0.0,0.017477,0.489362,0.087907,0.517852,0.003467,0.422915,0.414912,1.0
0.0,0.0,0.0,0.0,0.0,1.0,0.0,0.902792,0.234043,0.040321,0.258405,0.002624,0.305023,0.680263,0.0
0.0,0.0,0.0,0.0,0.0,1.0,0.0,0.880625,0.382979,0.035427,0.303035,0.002065,0.178664,0.884211,0.0
0.0,0.0,0.0,0.0,1.0,0.0,0.0,0.456351,0.191489,0.024379,0.222255,0.001631,0.29622,0.728947,0.0
0.0,0.0,1.0,0.0,0.0,0.0,0.0,0.442414,0.234043,0.045725,0.218685,0.003105,0.207147,0.500526,0.0
0.0,0.0,0.0,0.0,0.0,0.0,1.0,0.995443,0.297872,0.038489,0.346772,0.002002,0.254013,0.878947,1.0
0.0,0.0,0.0,0.0,0.0,0.0,1.0,0.446883,0.553191,0.042602,0.376079,0.002858,0.373123,0.63114,1.0
0.0,0.0,0.0,1.0,0.0,0.0,0.0,0.433875,0.893617,0.044884,0.372359,0.003467,0.422915,0.414912,0.0
0.0,0.0,0.0,1.0,0.0,0.0,0.0,0.031813,0.765957,0.056923,0.206784,0.003467,0.422915,0.414912,0.0
0.0,1.0,0.0,0.0,0.0,0.0,0.0,0.022167,0.744681,0.056263,0.434395,0.003467,0.422915,0.414912,0.0
0.0,1.0,0.0,0.0,0.0,0.0,0.0,0.443299,0.787234,0.055902,0.65546,0.003756,0.599689,0.435965,0.0
0.0,0.0,1.0,0.0,0.0,0.0,0.0,0.868103,0.617021,0.030503,0.60235,0.00199,0.591662,0.466228,0.0
0.0,0.0,0.0,1.0,0.0,0.0,0.0,0.875935,0.085106,0.029813,0.185361,0.000995,0.31305,0.769298,0.0
0.0,0.0,0.0,0.0,0.0,0.0,1.0,0.004823,0.893617,0.062598,0.49762,0.003467,0.422915,0.414912,0.0
0.0,0.0,0.0,0.0,0.0,0.0,1.0,0.907482,0.106383,0.048037,0.2108,0.003261,0.294666,0.46886,0.0
0.0,0.0,0.0,0.0,1.0,0.0,0.0,0.425202,0.361702,0.076618,0.50357,0.003467,0.422915,0.414912,1.0
0.0,0.0,0.0,0.0,0.0,1.0,0.0,0.000796,1.0,0.102978,0.371169,0.003467,0.422915,0.414912,0.0
0.0,0.0,1.0,0.0,0.0,0.0,0.0,0.008672,0.765957,0.11823,0.804969,0.003467,0.422915,0.414912,1.0
0.0,0.0,0.0,1.0,0.0,0.0,0.0,0.451706,0.255319,0.036838,0.467272,0.002501,0.42465,0.669737,0.0
0.0,0.0,0.0,0.0,1.0,0.0,0.0,0.871554,0.06383,0.024709,0.226421,0.000868,0.367685,0.772368,0.0
1.0,0.0,0.0,0.0,0.0,0.0,0.0,0.871997,0.148936,0.021016,0.110086,0.000823,0.172708,0.798246,0.0
0.0,0.0,0.0,1.0,0.0,0.0,0.0,0.425158,0.340426,0.062838,0.526183,0.003467,0.422915,0.414912,0.0
0.0,0.0,0.0,1.0,0.0,0.0,0.0,0.872439,0.787234,0.044824,0.598631,0.002991,0.626618,0.415789,0.0
1.0,0.0,0.0,0.0,0.0,0.0,0.0,0.433432,0.446809,0.09151,0.595656,0.003467,0.422915,0.414912,1.0
1.0,0.0,0.0,0.0,0.0,0.0,0.0,0.460157,0.446809,0.027531,0.458494,0.001797,0.248317,0.688158,1.0
0.0,0.0,1.0,0.0,0.0,0.0,0.0,0.017875,0.085106,0.072715,0.332639,0.003467,0.422915,0.414912,0.0
0.0,0.0,0.0,0.0,0.0,1.0,0.0,0.894828,0.382979,0.099886,0.808688,0.006674,0.762817,0.411404,1.0
0.0,0.0,1.0,0.0,0.0,0.0,0.0,0.460245,0.510638,0.041041,0.505951,0.002823,0.530036,0.269737,0.0
1.0,0.0,0.0,0.0,0.0,0.0,0.0,0.47405,0.638298,0.046625,0.512645,0.003083,0.38115,0.670175,1.0
0.0,0.0,1.0,0.0,0.0,0.0,0.0,0.425424,0.12766,0.073136,0.144302,0.003467,0.422915,0.414912,0.0
1.0,0.0,0.0,0.0,0.0,0.0,0.0,0.017477,0.021277,0.040801,0.321333,0.003467,0.422915,0.414912,0.0
0.0,0.0,0.0,0.0,1.0,0.0,0.0,0.474227,0.319149,0.02642,0.2108,0.001749,0.067064,0.879825,0.0
0.0,0.0,0.0,0.0,0.0,0.0,1.0,0.0273,0.787234,0.059265,0.290092,0.003467,0.422915,0.414912,0.0
0.0,0.0,1.0,0.0,0.0,0.0,0.0,0.005265,0.893617,0.083794,0.590003,0.003467,0.422915,0.414912,0.0
0.0,0.0,0.0,0.0,1.0,0.0,0.0,0.468962,0.553191,0.056113,0.508926,0.00382,0.596841,0.177632,1.0
0.0,0.0,0.0,0.0,0.0,0.0,1.0,0.004203,1.0,0.043983,0.352127,0.003467,0.422915,0.414912,0.0
0.0,0.0,0.0,0.0,0.0,0.0,1.0,0.899164,0.638298,0.049988,0.301398,0.003234,0.281719,0.711842,0.0
1.0,0.0,0.0,0.0,0.0,0.0,0.0,0.008584,0.191489,0.056173,0.166617,0.003467,0.422915,0.414912,0.0
0.0,0.0,1.0,0.0,0.0,0.0,0.0,0.911287,0.404255,0.043233,0.519488,0.002775,0.279389,0.697807,0.0
0.0,0.0,0.0,1.0,0.0,0.0,0.0,0.00469,0.659574,0.120151,0.556828,0.003467,0.422915,0.414912,0.0
0.0,1.0,0.0,0.0,0.0,0.0,0.0,0.911862,0.851064,0.043203,0.413419,0.002877,0.431642,0.428947,0.0
0.0,1.0,0.0,0.0,0.0,0.0,0.0,0.876466,0.510638,0.031884,0.59402,0.002017,0.530813,0.716228,1.0
0.0,0.0,0.0,1.0,0.0,0.0,0.0,0.42945,0.531915,0.088237,0.590152,0.003467,0.422915,0.414912,1.0
0.0,1.0,0.0,0.0,0.0,0.0,0.0,0.465466,0.978723,0.030053,0.406427,0.002054,0.352926,0.45307,0.0
0.0,0.0,0.0,0.0,1.0,0.0,0.0,0.424893,0.021277,0.058394,0.25305,0.003467,0.422915,0.414912,0.0
0.0,0.0,0.0,1.0,0.0,0.0,0.0,0.442458,0.06383,0.054011,0.309878,0.003745,0.372605,0.500526,0.0
0.0,0.0,0.0,0.0,0.0,0.0,1.0,0.474006,0.744681,0.029362,0.408509,0.001982,0.335318,0.707018,1.0
0.0,0.0,0.0,0.0,0.0,0.0,1.0,0.46936,0.361702,0.05299,0.433799,0.003494,0.337649,0.582895,1.0
0.0,0.0,0.0,0.0,0.0,1.0,0.0,0.469006,0.914894,0.037919,0.401517,0.002526,0.241585,0.573684,0.0
0.0,0.0,1.0,0.0,0.0,0.0,0.0,0.004646,0.425532,0.152756,0.65903,0.003467,0.422915,0.414912,1.0
0.0,1.0,0.0,0.0,0.0,0.0,0.0,0.008628,0.808511,0.074817,0.714817,0.003467,0.422915,0.414912,1.0
0.0,0.0,0.0,0.0,1.0,0.0,0.0,0.433919,0.425532,0.067071,0.541506,0.003467,0.422915,0.414912,1.0
0.0,0.0,0.0,1.0,0.0,0.0,0.0,0.907969,0.744681,0.040771,0.447188,0.002765,0.468151,0.37807,0.0
0.0,0.0,0.0,0.0,1.0,0.0,0.0,0.45175,0.510638,0.034016,0.603987,0.00227,0.629726,0.452193,0.0
0.0,0.0,0.0,0.0,0.0,0.0,1.0,0.01407,0.914894,0.041431,0.39512,0.003467,0.422915,0.414912,0.0
1.0,0.0,0.0,0.0,0.0,0.0,0.0,0.456794,0.468085,0.027621,0.378756,0.001103,0.233817,0.750877,1.0
0.0,0.0,1.0,0.0,0.0,0.0,0.0,0.890359,0.957447,0.034376,0.658733,0.002324,0.471517,0.514474,0.0
0.0,0.0,0.0,0.0,0.0,1.0,0.0,0.022034,0.574468,0.064279,0.286373,0.003467,0.422915,0.414912,1.0
0.0,0.0,0.0,0.0,0.0,1.0,0.0,0.013406,0.06383,0.076258,0.461767,0.003467,0.422915,0.414912,0.0
0.0,0.0,0.0,0.0,0.0,0.0,1.0,0.889297,0.06383,0.029933,0.375781,0.001843,0.38348,0.537719,1.0
0.0,1.0,0.0,0.0,0.0,0.0,0.0,0.438697,0.148936,0.045485,0.1626,0.003467,0.422915,0.414912,0.0
0.0,0.0,0.0,0.0,0.0,0.0,1.0,0.013451,0.234043,0.06623,0.156352,0.003467,0.422915,0.414912,0.0
0.0,0.0,1.0,0.0,0.0,0.0,0.0,0.443343,0.638298,0.040981,0.477685,0.002773,0.507509,0.489474,0.0
0.0,0.0,0.0,0.0,1.0,0.0,0.0,0.465599,0.765957,0.031584,0.470991,0.0022,0.431901,0.367105,0.0
0.0,0.0,0.0,0.0,1.0,0.0,0.0,0.429185,0.425532,0.09157,0.608152,0.003467,0.422915,0.414912,1.0
0.0,0.0,1.0,0.0,0.0,0.0,0.0,0.898058,0.617021,0.072775,0.567539,0.004726,0.596841,0.592982,0.0
0.0,0.0,0.0,0.0,0.0,1.0,0.0,0.446839,0.787234,0.043653,0.598036,0.003043,0.556965,0.425,1.0
0.0,0.0,0.0,0.0,1.0,0.0,0.0,0.871864,0.212766,0.067852,0.317316,0.003992,0.366132,0.725439,1.0
0.0,0.0,0.0,1.0,0.0,0.0,0.0,0.005,0.978723,0.042572,0.535852,0.003467,0.422915,0.414912,0.0
0.0,1.0,0.0,0.0,0.0,0.0,0.0,0.881067,0.744681,0.061697,0.603392,0.004292,0.542206,0.374123,1.0
0.0,0.0,0.0,0.0,0.0,0.0,1.0,0.464448,0.382979,0.028972,0.413567,0.001928,0.330658,0.528509,0.0
0.0,0.0,0.0,0.0,1.0,0.0,0.0,0.017964,0.808511,0.080911,0.578548,0.003467,0.422915,0.414912,1.0
1.0,0.0,0.0,0.0,0.0,0.0,0.0,0.469094,0.787234,0.029152,0.348706,0.001919,0.236924,0.648246,0.0
1.0,0.0,0.0,0.0,0.0,0.0,0.0,0.03137,0.085106,0.040351,0.114252,0.003467,0.422915,0.414912,0.0
0.0,0.0,0.0,0.0,0.0,0.0,1.0,0.894562,0.829787,0.069203,0.605623,0.004483,0.508545,0.699561,1.0
0.0,1.0,0.0,0.0,0.0,0.0,0.0,0.017831,0.404255,0.093911,0.555936,0.003467,0.422915,0.414912,1.0
0.0,0.0,0.0,0.0,0.0,1.0,0.0,0.473961,0.276596,0.043653,0.472925,0.003047,0.495339,0.377193,1.0
0.0,0.0,0.0,0.0,0.0,0.0,1.0,0.009159,0.319149,0.082263,0.326391,0.003467,0.422915,0.414912,1.0
0.0,0.0,1.0,0.0,0.0,0.0,0.0,0.017566,0.042553,0.080581,0.489735,0.003467,0.422915,0.414912,0.0
0.0,0.0,0.0,0.0,1.0,0.0,0.0,0.443122,0.361702,0.06518,0.541208,0.004593,0.571207,0.380263,1.0
0.0,0.0,0.0,0.0,0.0,0.0,1.0,0.009159,0.106383,0.061517,0.233413,0.003467,0.422915,0.414912,0.0
0.0,0.0,0.0,0.0,1.0,0.0,0.0,0.885536,1.0,0.242344,0.528712,0.015901,0.490678,0.715789,1.0
0.0,1.0,0.0,0.0,0.0,0.0,0.0,0.443299,0.382979,0.074186,0.623029,0.005025,0.598654,0.359211,1.0
0.0,0.0,0.0,0.0,1.0,0.0,0.0,0.460643,0.489362,0.042332,0.517554,0.002848,0.511393,0.45,1.0
0.0,0.0,0.0,0.0,0.0,1.0,0.0,0.000177,0.382979,0.080581,0.423535,0.003467,0.422915,0.414912,0.0
0.0,0.0,1.0,0.0,0.0,0.0,0.0,0.022211,0.468085,0.074427,0.47114,0.003467,0.422915,0.414912,1.0
1.0,0.0,0.0,0.0,0.0,0.0,0.0,0.469404,0.212766,0.023868,0.081821,0.001585,0.103314,0.661404,0.0
0.0,0.0,1.0,0.0,0.0,0.0,0.0,4.4e-05,0.276596,0.051489,0.393038,0.003467,0.422915,0.414912,1.0
0.0,0.0,0.0,0.0,0.0,1.0,0.0,0.000487,0.170213,0.044104,0.132996,0.003467,0.422915,0.414912,0.0
0.0,1.0,0.0,0.0,0.0,0.0,0.0,0.464537,0.042553,0.028492,0.192502,0.001928,0.357587,0.44693,1.0
0.0,0.0,1.0,0.0,0.0,0.0,0.0,0.893766,0.234043,0.042692,0.311514,0.002189,0.344381,0.694737,1.0
0.0,0.0,0.0,0.0,0.0,1.0,0.0,0.026636,0.234043,0.072115,0.171973,0.003467,0.422915,0.414912,0.0
0.0,0.0,0.0,0.0,0.0,1.0,0.0,0.872528,0.723404,0.02633,0.568878,0.001215,0.463749,0.823684,0.0
0.0,0.0,0.0,1.0,0.0,0.0,0.0,0.903013,0.765957,0.09163,0.639839,0.006169,0.682548,0.35614,1.0
0.0,0.0,1.0,0.0,0.0,0.0,0.0,0.425733,0.680851,0.085835,0.507289,0.003467,0.422915,0.414912,1.0
1.0,0.0,0.0,0.0,0.0,0.0,0.0,0.018406,0.06383,0.046385,0.234157,0.003467,0.422915,0.414912,0.0
0.0,0.0,0.0,0.0,0.0,1.0,0.0,0.868236,0.787234,0.028852,0.510265,0.001872,0.375194,0.709211,0.0
0.0,1.0,0.0,0.0,0.0,0.0,0.0,0.44268,0.404255,0.081722,0.599226,0.00553,0.565769,0.386842,1.0
0.0,0.0,0.0,0.0,0.0,1.0,0.0,0.907438,0.510638,0.091059,0.506099,0.00618,0.517349,0.407456,1.0
0.0,0.0,0.0,0.0,1.0,0.0,0.0,0.424893,0.787234,0.07872,0.318804,0.003467,0.422915,0.414912,1.0
1.0,0.0,0.0,0.0,0.0,0.0,0.0,0.451263,0.702128,0.03927,0.476198,0.001897,0.270326,0.871053,0.0
0.0,0.0,0.0,0.0,0.0,0.0,1.0,0.474315,0.276596,0.025519,0.17227,0.001643,0.109529,0.77193,0.0
1.0,0.0,0.0,0.0,0.0,0.0,0.0,0.907526,0.659574,0.045905,0.390211,0.002927,0.231745,0.817105,0.0
0.0,0.0,0.0,1.0,0.0,0.0,0.0,0.42945,0.042553,0.049838,0.246802,0.003467,0.422915,0.414912,0.0
0.0,1.0,0.0,0.0,0.0,0.0,0.0,0.018141,0.93617,0.059505,0.397501,0.003467,0.422915,0.414912,0.0
0.0,0.0,0.0,0.0,0.0,1.0,0.0,0.903102,0.893617,0.036928,0.40717,0.002528,0.405748,0.361404,0.0
0.0,0.0,0.0,0.0,0.0,0.0,1.0,0.894562,0.042553,0.069833,0.513686,0.004595,0.545831,0.554825,0.0
0.0,0.0,1.0,0.0,0.0,0.0,0.0,0.872395,0.93617,0.035217,0.441386,0.001838,0.348783,0.753947,1.0
0.0,1.0,0.0,0.0,0.0,0.0,0.0,0.026459,0.957447,0.057043,0.432758,0.003467,0.422915,0.414912,0.0
0.0,0.0,0.0,0.0,0.0,0.0,1.0,0.907482,0.276596,0.061967,0.22047,0.004146,0.216727,0.560088,0.0
0.0,0.0,1.0,0.0,0.0,0.0,0.0,0.469183,0.276596,0.055572,0.444808,0.003683,0.548162,0.317982,1.0
0.0,1.0,0.0,0.0,0.0,0.0,0.0,0.474404,0.191489,0.024919,0.094912,0.001674,0.084153,0.683772,0.0
0.0,1.0,0.0,0.0,0.0,0.0,0.0,0.473784,0.06383,0.02648,0.153675,0.001753,0.307095,0.698246,0.0
0.0,0.0,0.0,0.0,0.0,0.0,1.0,0.884695,0.93617,0.031494,0.373103,0.002052,0.322631,0.633772,0.0
0.0,1.0,0.0,0.0,0.0,0.0,0.0,0.433476,0.978723,0.051849,0.411038,0.003467,0.422915,0.414912,0.0
0.0,1.0,0.0,0.0,0.0,0.0,0.0,0.429981,0.255319,0.081752,0.447932,0.003467,0.422915,0.414912,0.0
0.0,0.0,0.0,0.0,0.0,0.0,1.0,0.897925,0.446809,0.087486,0.634335,0.00527,0.452874,0.835526,1.0
0.0,0.0,1.0,0.0,0.0,0.0,0.0,0.000664,0.425532,0.143539,0.602648,0.003467,0.422915,0.414912,1.0
0.0,1.0,0.0,0.0,0.0,0.0,0.0,0.912482,0.617021,0.07944,0.511009,0.005395,0.545572,0.387719,1.0
0.0,0.0,0.0,0.0,1.0,0.0,0.0,0.02261,0.617021,0.082323,0.464743,0.003467,0.422915,0.414912,1.0
0.0,0.0,0.0,0.0,1.0,0.0,0.0,0.491261,0.659574,0.064909,0.468759,0.004489,0.478767,0.228947,1.0
0.0,0.0,0.0,1.0,0.0,0.0,0.0,0.89412,0.212766,0.05266,0.306903,0.003392,0.420249,0.754825,0.0
0.0,0.0,0.0,1.0,0.0,0.0,0.0,0.424848,0.340426,0.058394,0.421749,0.003467,0.422915,0.414912,1.0
0.0,0.0,0.0,0.0,0.0,1.0,0.0,0.460378,0.191489,0.028402,0.188039,0.001934,0.240031,0.529386,0.0
1.0,0.0,0.0,0.0,0.0,0.0,0.0,0.447237,0.893617,0.03978,0.598334,0.002634,0.387882,0.708772,0.0
1.0,0.0,0.0,0.0,0.0,0.0,0.0,0.017477,0.510638,0.088657,0.508331,0.003467,0.422915,0.414912,1.0
0.0,0.0,0.0,0.0,1.0,0.0,0.0,0.46436,0.191489,0.020626,0.126153,0.001371,0.176075,0.732895,0.0
0.0,0.0,0.0,1.0,0.0,0.0,0.0,0.885182,0.659574,0.029092,0.492115,0.002,0.504661,0.313158,0.0
0.0,0.0,0.0,1.0,0.0,0.0,0.0,0.452325,0.212766,0.032305,0.30006,0.002162,0.32289,0.798684,0.0
0.0,0.0,0.0,0.0,1.0,0.0,0.0,0.868192,0.085106,0.027951,0.185064,0.000974,0.287416,0.682895,0.0
0.0,0.0,1.0,0.0,0.0,0.0,0.0,0.424494,0.319149,0.056923,0.107409,0.003467,0.422915,0.414912,0.0
0.0,1.0,0.0,0.0,0.0,0.0,0.0,0.903234,0.829787,0.048517,0.525736,0.003342,0.532885,0.309211,0.0
0.0,0.0,1.0,0.0,0.0,0.0,0.0,0.911287,0.595745,0.03891,0.421749,0.002497,0.260228,0.689912,0.0
0.0,0.0,1.0,0.0,0.0,0.0,0.0,0.43414,0.659574,0.111685,0.631806,0.003467,0.422915,0.414912,1.0
0.0,1.0,0.0,0.0,0.0,0.0,0.0,0.031415,0.595745,0.074817,0.501636,0.003467,0.422915,0.414912,0.0
0.0,0.0,0.0,1.0,0.0,0.0,0.0,0.018229,0.744681,0.046866,0.513686,0.003467,0.422915,0.414912,1.0
0.0,0.0,0.0,1.0,0.0,0.0,0.0,0.890093,0.021277,0.063138,0.585838,0.00414,0.481616,0.632895,0.0
0.0,0.0,0.0,0.0,0.0,0.0,1.0,0.464758,0.404255,0.029122,0.429932,0.001982,0.300621,0.521053,0.0
0.0,0.0,1.0,0.0,0.0,0.0,0.0,0.446706,0.425532,0.084184,0.687891,0.005702,0.644485,0.426754,1.0
0.0,0.0,1.0,0.0,0.0,0.0,0.0,0.468873,0.06383,0.028041,0.217941,0.001886,0.27188,0.429825,0.0
0.0,0.0,1.0,0.0,0.0,0.0,0.0,0.868103,0.914894,0.028191,0.433204,0.001849,0.329104,0.797807,0.0
0.0,0.0,1.0,0.0,0.0,0.0,0.0,0.46551,0.87234,0.02687,0.353615,0.001826,0.338167,0.565351,0.0
0.0,0.0,0.0,0.0,1.0,0.0,0.0,0.491261,0.255319,0.028972,0.314043,0.001984,0.263594,0.512719,0.0
0.0,0.0,1.0,0.0,0.0,0.0,0.0,0.456573,0.276596,0.033926,0.588664,0.002268,0.499482,0.607895,0.0
0.0,0.0,0.0,0.0,1.0,0.0,0.0,0.893545,0.702128,0.073015,0.662005,0.004946,0.646038,0.46886,0.0
0.0,0.0,1.0,0.0,0.0,0.0,0.0,0.425424,0.085106,0.068842,0.174502,0.003467,0.422915,0.414912,0.0
0.0,0.0,0.0,0.0,1.0,0.0,0.0,0.456042,0.893617,0.044794,0.610384,0.003085,0.490937,0.449123,1.0
0.0,0.0,0.0,0.0,0.0,0.0,1.0,0.031636,0.489362,0.079861,0.315829,0.003467,0.422915,0.414912,1.0
0.0,0.0,0.0,0.0,0.0,0.0,1.0,0.894562,0.914894,0.068812,0.501488,0.004159,0.425168,0.675877,1.0
0.0,1.0,0.0,0.0,0.0,0.0,0.0,0.018141,0.914894,0.046265,0.344987,0.003467,0.422915,0.414912,0.0
0.0,0.0,0.0,1.0,0.0,0.0,0.0,0.01792,0.93617,0.081002,0.46385,0.003467,0.422915,0.414912,1.0
0.0,0.0,1.0,0.0,0.0,0.0,0.0,0.907615,0.638298,0.057464,0.461619,0.003903,0.586743,0.394298,0.0
0.0,1.0,0.0,0.0,0.0,0.0,0.0,0.868059,0.574468,0.029212,0.30363,0.00178,0.210254,0.836404,1.0
0.0,0.0,0.0,0.0,0.0,0.0,1.0,0.017743,0.744681,0.070914,0.372806,0.003467,0.422915,0.414912,1.0
0.0,1.0,0.0,0.0,0.0,0.0,0.0,0.876156,0.425532,0.024559,0.505504,0.000715,0.241844,0.857018,0.0
0.0,0.0,0.0,0.0,1.0,0.0,0.0,0.456661,0.340426,0.038219,0.665129,0.002572,0.614448,0.52807,1.0
0.0,0.0,0.0,0.0,0.0,0.0,1.0,0.899164,0.680851,0.050799,0.312556,0.003284,0.279648,0.75307,0.0
1.0,0.0,0.0,0.0,0.0,0.0,0.0,0.022742,0.553191,0.102738,0.448378,0.003467,0.422915,0.414912,1.0
1.0,0.0,0.0,0.0,0.0,0.0,0.0,0.03199,0.425532,0.063408,0.340672,0.003467,0.422915,0.414912,1.0
0.0,0.0,0.0,1.0,0.0,0.0,0.0,0.014247,0.659574,0.040591,0.473966,0.003467,0.422915,0.414912,0.0
0.0,1.0,0.0,0.0,0.0,0.0,0.0,0.031724,0.914894,0.06611,0.372806,0.003467,0.422915,0.414912,1.0
0.0,0.0,0.0,1.0,0.0,0.0,0.0,0.465245,0.021277,0.045034,0.435287,0.002987,0.355256,0.370614,0.0
0.0,1.0,0.0,0.0,0.0,0.0,0.0,0.880757,0.531915,0.031434,0.320738,0.000841,0.233817,0.838158,1.0
0.0,0.0,0.0,0.0,0.0,0.0,1.0,0.004203,0.87234,0.044134,0.447932,0.003467,0.422915,0.414912,0.0
0.0,0.0,0.0,1.0,0.0,0.0,0.0,0.903323,0.914894,0.02672,0.375781,0.001793,0.432418,0.388596,0.0
1.0,0.0,0.0,0.0,0.0,0.0,0.0,0.026724,0.0,0.048487,0.24814,0.003467,0.422915,0.414912,0.0
0.0,0.0,0.0,0.0,0.0,1.0,0.0,0.009734,1.0,0.041642,0.430378,0.003467,0.422915,0.414912,0.0
0.0,0.0,0.0,0.0,0.0,0.0,1.0,0.425291,0.617021,0.082323,0.290687,0.003467,0.422915,0.414912,1.0
0.0,0.0,1.0,0.0,0.0,0.0,0.0,0.459935,0.851064,0.044824,0.552663,0.003112,0.49275,0.268421,0.0
0.0,0.0,0.0,1.0,0.0,0.0,0.0,0.875935,0.489362,0.035127,0.694287,0.002275,0.624029,0.435088,0.0
0.0,0.0,0.0,0.0,0.0,0.0,1.0,0.018362,0.680851,0.068422,0.235347,0.003467,0.422915,0.414912,0.0
0.0,0.0,1.0,0.0,0.0,0.0,0.0,0.87651,0.893617,0.02672,0.407468,0.000837,0.346453,0.686842,0.0
1.0,0.0,0.0,0.0,0.0,0.0,0.0,0.968895,0.0,0.085475,0.381583,0.005014,0.371569,0.615789,1.0
0.0,0.0,0.0,1.0,0.0,0.0,0.0,0.014247,0.12766,0.040711,0.234603,0.003467,0.422915,0.414912,0.0
0.0,0.0,0.0,1.0,0.0,0.0,0.0,0.00438,0.234043,0.077789,0.256918,0.003467,0.422915,0.414912,1.0
0.0,0.0,0.0,0.0,0.0,1.0,0.0,0.871599,0.382979,0.037769,0.689973,0.002486,0.58493,0.534649,0.0
0.0,0.0,0.0,0.0,0.0,0.0,1.0,0.903456,0.382979,0.085535,0.476644,0.005008,0.301398,0.785526,1.0
0.0,0.0,0.0,1.0,0.0,0.0,0.0,0.026547,0.212766,0.095923,0.284737,0.003467,0.422915,0.414912,1.0
1.0,0.0,0.0,0.0,0.0,0.0,0.0,0.898279,0.808511,0.078119,0.671526,0.004896,0.514759,0.688158,1.0
0.0,0.0,0.0,0.0,0.0,0.0,1.0,0.005442,0.914894,0.059865,0.427105,0.003467,0.422915,0.414912,0.0
1.0,0.0,0.0,0.0,0.0,0.0,0.0,0.434052,0.170213,0.044134,0.148616,0.003467,0.422915,0.414912,0.0
0.0,0.0,0.0,1.0,0.0,0.0,0.0,0.982169,0.574468,0.048907,0.521868,0.003344,0.591662,0.307018,0.0
0.0,0.0,0.0,0.0,1.0,0.0,0.0,0.894783,0.06383,0.093731,0.523207,0.006223,0.560073,0.581579,0.0
0.0,0.0,0.0,1.0,0.0,0.0,0.0,0.465245,0.893617,0.030143,0.396459,0.00211,0.401088,0.226754,0.0
1.0,0.0,0.0,0.0,0.0,0.0,0.0,0.880713,0.297872,0.029422,0.138352,0.000837,0.102538,0.838158,0.0
0.0,0.0,0.0,1.0,0.0,0.0,0.0,0.469846,0.212766,0.05269,0.324159,0.003596,0.340756,0.600439,0.0
0.0,0.0,1.0,0.0,0.0,0.0,0.0,0.023141,0.617021,0.089468,0.449569,0.003467,0.422915,0.414912,0.0
0.0,0.0,1.0,0.0,0.0,0.0,0.0,0.902969,0.191489,0.045094,0.183576,0.002923,0.285603,0.732895,0.0
0.0,0.0,0.0,0.0,1.0,0.0,0.0,0.017654,0.382979,0.084965,0.56263,0.003467,0.422915,0.414912,1.0
0.0,1.0,0.0,0.0,0.0,0.0,0.0,0.867749,0.723404,0.028041,0.531687,0.001782,0.484982,0.786404,0.0
0.0,0.0,0.0,0.0,1.0,0.0,0.0,0.876156,0.510638,0.101387,0.474859,0.006923,0.56318,0.419737,1.0
0.0,0.0,0.0,0.0,0.0,1.0,0.0,0.442281,0.531915,0.057704,0.38679,0.003467,0.422915,0.414912,1.0
0.0,0.0,0.0,1.0,0.0,0.0,0.0,0.8935,0.659574,0.095322,0.660071,0.006311,0.681512,0.544298,1.0
0.0,0.0,0.0,0.0,0.0,0.0,1.0,0.438919,0.170213,0.045304,0.054597,0.003467,0.422915,0.414912,0.0
0.0,1.0,0.0,0.0,0.0,0.0,0.0,0.902925,0.276596,0.076798,0.445254,0.005112,0.423615,0.581579,1.0
0.0,1.0,0.0,0.0,0.0,0.0,0.0,0.90788,0.021277,0.036898,0.202321,0.002497,0.281719,0.433333,0.0
0.0,0.0,0.0,0.0,1.0,0.0,0.0,0.45175,0.191489,0.033025,0.271348,0.002177,0.309166,0.794298,0.0
0.0,0.0,0.0,0.0,1.0,0.0,0.0,0.889828,0.404255,0.117599,0.728801,0.008172,0.782237,0.214035,1.0
0.0,0.0,0.0,0.0,1.0,0.0,0.0,0.899075,0.893617,0.054221,0.611128,0.003635,0.552046,0.409211,0.0
0.0,0.0,0.0,0.0,0.0,1.0,0.0,0.872218,0.617021,0.035337,0.679708,0.000995,0.498446,0.790351,0.0
0.0,0.0,0.0,1.0,0.0,0.0,0.0,0.907659,0.680851,0.044674,0.454775,0.003039,0.538581,0.394298,0.0
0.0,0.0,0.0,0.0,0.0,1.0,0.0,0.022034,0.978723,0.056263,0.29634,0.003467,0.422915,0.414912,0.0
0.0,0.0,0.0,1.0,0.0,0.0,0.0,0.026857,0.553191,0.130569,0.604731,0.003467,0.422915,0.414912,1.0
0.0,0.0,1.0,0.0,0.0,0.0,0.0,0.868103,0.957447,0.029242,0.437965,0.001909,0.311756,0.771053,0.0
0.0,0.0,0.0,1.0,0.0,0.0,0.0,0.013937,0.829787,0.088177,0.732371,0.003467,0.422915,0.414912,0.0
0.0,0.0,0.0,0.0,1.0,0.0,0.0,0.429185,0.510638,0.09157,0.621541,0.003467,0.422915,0.414912,1.0
0.0,0.0,1.0,0.0,0.0,0.0,0.0,0.425114,0.404255,0.062838,0.499702,0.003467,0.422915,0.414912,0.0
0.0,0.0,0.0,0.0,0.0,0.0,1.0,0.473386,0.510638,0.050829,0.468462,0.003413,0.316934,0.563158,1.0
0.0,0.0,0.0,0.0,1.0,0.0,0.0,0.017654,0.021277,0.084694,0.487057,0.003467,0.422915,0.414912,1.0
1.0,0.0,0.0,0.0,0.0,0.0,0.0,0.872307,0.382979,0.028822,0.349152,0.000835,0.224236,0.841667,1.0
0.0,0.0,0.0,0.0,0.0,0.0,1.0,0.031945,0.659574,0.058394,0.205296,0.003467,0.422915,0.414912,0.0
0.0,0.0,1.0,0.0,0.0,0.0,0.0,0.017566,0.212766,0.064849,0.239512,0.003467,0.422915,0.414912,0.0
0.0,0.0,0.0,1.0,0.0,0.0,0.0,0.021946,0.829787,0.047346,0.461619,0.003467,0.422915,0.414912,0.0
0.0,0.0,0.0,0.0,1.0,0.0,0.0,0.915712,0.404255,0.081152,0.555341,0.005565,0.585707,0.285088,1.0
0.0,0.0,1.0,0.0,0.0,0.0,0.0,0.021902,0.638298,0.048487,0.435138,0.003467,0.422915,0.414912,0.0
0.0,0.0,0.0,1.0,0.0,0.0,0.0,0.898721,0.255319,0.089258,0.414014,0.005866,0.443035,0.580702,1.0
1.0,0.0,0.0,0.0,0.0,0.0,0.0,0.894606,0.148936,0.032455,0.171378,0.002092,0.295702,0.75614,0.0
0.0,0.0,0.0,0.0,1.0,0.0,0.0,0.425202,0.553191,0.060376,0.463255,0.003467,0.422915,0.414912,0.0
0.0,0.0,1.0,0.0,0.0,0.0,0.0,0.88943,0.978723,0.051159,0.554894,0.003463,0.484464,0.521053,1.0
0.0,0.0,0.0,0.0,1.0,0.0,0.0,0.473298,0.957447,0.038729,0.454329,0.002646,0.257639,0.418421,1.0
0.0,0.0,0.0,0.0,1.0,0.0,0.0,0.885536,0.12766,0.035907,0.244719,0.002318,0.360435,0.748684,0.0
0.0,0.0,0.0,0.0,1.0,0.0,0.0,0.460953,0.510638,0.062327,0.536745,0.004281,0.451579,0.430702,0.0
0.0,1.0,0.0,0.0,0.0,0.0,0.0,0.885403,0.638298,0.029302,0.532728,0.001992,0.498446,0.46886,0.0
0.0,0.0,1.0,0.0,0.0,0.0,0.0,0.474138,0.446809,0.029422,0.521125,0.001961,0.397721,0.640351,0.0
0.0,0.0,0.0,0.0,1.0,0.0,0.0,0.429185,0.234043,0.080101,0.387236,0.003467,0.422915,0.414912,1.0
0.0,0.0,0.0,0.0,1.0,0.0,0.0,0.876156,0.744681,0.086916,0.532877,0.005931,0.636458,0.319737,1.0
0.0,0.0,0.0,0.0,0.0,1.0,0.0,0.434583,1.0,0.047526,0.232966,0.003467,0.422915,0.414912,1.0
0.0,0.0,0.0,1.0,0.0,0.0,0.0,0.000398,0.531915,0.074817,0.514579,0.003467,0.422915,0.414912,0.0
0.0,0.0,1.0,0.0,0.0,0.0,0.0,0.022211,0.87234,0.046445,0.37831,0.003467,0.422915,0.414912,0.0
0.0,0.0,1.0,0.0,0.0,0.0,0.0,0.460865,0.212766,0.029873,0.210503,0.002027,0.212843,0.455263,0.0
0.0,0.0,0.0,0.0,0.0,1.0,0.0,0.018627,0.276596,0.060136,0.208123,0.003467,0.422915,0.414912,1.0
0.0,0.0,0.0,0.0,0.0,0.0,1.0,0.000531,0.255319,0.067311,0.112318,0.003467,0.422915,0.414912,0.0
0.0,0.0,0.0,1.0,0.0,0.0,0.0,0.027167,0.489362,0.080161,0.463255,0.003467,0.422915,0.414912,1.0
0.0,0.0,0.0,0.0,0.0,0.0,1.0,0.44352,0.404255,0.082413,0.609342,0.005507,0.433713,0.577632,1.0
0.0,1.0,0.0,0.0,0.0,0.0,0.0,0.889076,0.234043,0.027621,0.245611,0.001791,0.277059,0.764912,0.0
1.0,0.0,0.0,0.0,0.0,0.0,0.0,0.893987,0.106383,0.045485,0.257959,0.002343,0.399534,0.750439,0.0
0.0,0.0,0.0,0.0,1.0,0.0,0.0,0.02261,0.148936,0.06641,0.14936,0.003467,0.422915,0.414912,0.0
1.0,0.0,0.0,0.0,0.0,0.0,0.0,0.90319,0.787234,0.089138,0.47828,0.005777,0.404713,0.575439,1.0
0.0,0.0,0.0,0.0,0.0,0.0,1.0,0.460112,0.361702,0.030533,0.493008,0.002032,0.348265,0.525,1.0
1.0,0.0,0.0,0.0,0.0,0.0,0.0,0.893987,0.12766,0.043323,0.231776,0.001957,0.376748,0.750439,0.0
0.0,0.0,0.0,0.0,0.0,0.0,1.0,0.434317,0.595745,0.06542,0.29396,0.003467,0.422915,0.414912,1.0
0.0,0.0,0.0,0.0,0.0,1.0,0.0,0.893899,0.914894,0.042752,0.631657,0.002871,0.524858,0.614912,0.0
1.0,0.0,0.0,0.0,0.0,0.0,0.0,0.452192,0.425532,0.03897,0.539423,0.002611,0.229415,0.628509,1.0
0.0,0.0,0.0,1.0,0.0,0.0,0.0,0.030884,0.553191,0.114957,0.554597,0.003467,0.422915,0.414912,1.0
0.0,0.0,0.0,0.0,1.0,0.0,0.0,0.425822,0.914894,0.081782,0.420411,0.003467,0.422915,0.414912,1.0
0.0,0.0,0.0,0.0,0.0,1.0,0.0,0.018627,0.191489,0.059625,0.120351,0.003467,0.422915,0.414912,1.0
0.0,0.0,0.0,0.0,0.0,1.0,0.0,0.017698,0.06383,0.06644,0.384409,0.003467,0.422915,0.414912,0.0
0.0,0.0,0.0,0.0,0.0,0.0,1.0,0.465378,0.510638,0.030143,0.401517,0.00204,0.347747,0.567544,0.0
0.0,0.0,0.0,0.0,0.0,0.0,1.0,0.898235,0.893617,0.088237,0.534514,0.002902,0.403677,0.634211,1.0
0.0,0.0,0.0,0.0,1.0,0.0,0.0,0.429494,0.425532,0.084214,0.588515,0.003467,0.422915,0.414912,1.0
0.0,0.0,0.0,1.0,0.0,0.0,0.0,0.872439,0.638298,0.149664,0.748587,0.009771,0.874158,0.033772,1.0
0.0,0.0,0.0,1.0,0.0,0.0,0.0,0.438476,0.510638,0.06584,0.523059,0.003467,0.422915,0.414912,1.0
0.0,1.0,0.0,0.0,0.0,0.0,0.0,0.429671,0.531915,0.115768,0.669444,0.003467,0.422915,0.414912,1.0
0.0,0.0,0.0,0.0,0.0,0.0,1.0,0.442591,0.957447,0.069293,0.439304,0.004668,0.320041,0.500526,0.0
0.0,0.0,1.0,0.0,0.0,0.0,0.0,0.023141,0.553191,0.107662,0.469057,0.003467,0.422915,0.414912,1.0
0.0,1.0,0.0,0.0,0.0,0.0,0.0,0.876466,0.978723,0.028161,0.4277,0.000858,0.352926,0.664912,0.0
0.0,0.0,1.0,0.0,0.0,0.0,0.0,0.907924,0.659574,0.047796,0.480065,0.003324,0.593475,0.173684,0.0
0.0,1.0,0.0,0.0,0.0,0.0,0.0,0.906951,0.893617,0.041041,0.313895,0.00284,0.453651,0.309649,0.0
0.0,0.0,0.0,0.0,1.0,0.0,0.0,0.866953,0.702128,0.035937,0.345879,0.002416,0.359399,0.549561,1.0
0.0,0.0,1.0,0.0,0.0,0.0,0.0,0.902659,0.255319,0.087426,0.387087,0.005775,0.37623,0.546491,1.0
1.0,0.0,0.0,0.0,0.0,0.0,0.0,0.875979,0.851064,0.032425,0.439601,0.002086,0.399275,0.653509,1.0
0.0,0.0,1.0,0.0,0.0,0.0,0.0,0.867307,0.851064,0.057494,0.526927,0.003878,0.524858,0.489474,0.0
0.0,1.0,0.0,0.0,0.0,0.0,0.0,0.01323,0.702128,0.049538,0.519637,0.003467,0.422915,0.414912,0.0
0.0,0.0,0.0,1.0,0.0,0.0,0.0,0.889474,0.829787,0.033265,0.677031,0.002304,0.624288,0.333333,0.0
0.0,0.0,1.0,0.0,0.0,0.0,0.0,0.005265,0.957447,0.086075,0.551175,0.003467,0.422915,0.414912,0.0
0.0,0.0,1.0,0.0,0.0,0.0,0.0,0.903279,0.659574,0.087426,0.495983,0.005847,0.523563,0.467105,1.0
0.0,0.0,0.0,0.0,0.0,0.0,1.0,0.45644,0.574468,0.032635,0.344689,0.002196,0.387882,0.465789,1.0
0.0,0.0,0.0,0.0,0.0,1.0,0.0,0.868236,0.553191,0.029032,0.672716,0.001845,0.55334,0.629386,1.0
0.0,0.0,0.0,1.0,0.0,0.0,0.0,0.008716,0.893617,0.10475,0.598483,0.003467,0.422915,0.414912,1.0
0.0,0.0,1.0,0.0,0.0,0.0,0.0,0.473519,0.170213,0.024859,0.1928,0.001676,0.227602,0.61886,0.0
0.0,0.0,0.0,1.0,0.0,0.0,0.0,0.434184,0.87234,0.05254,0.40598,0.003467,0.422915,0.414912,0.0
0.0,0.0,0.0,0.0,0.0,1.0,0.0,0.893589,0.255319,0.072175,0.487504,0.004649,0.437856,0.664474,0.0
0.0,0.0,0.0,0.0,0.0,0.0,1.0,0.898544,0.93617,0.090038,0.504612,0.005629,0.375194,0.698684,1.0
0.0,0.0,0.0,0.0,0.0,1.0,0.0,0.013097,0.680851,0.041401,0.327135,0.003467,0.422915,0.414912,0.0
0.0,0.0,0.0,0.0,1.0,0.0,0.0,0.430114,0.276596,0.07941,0.456858,0.003467,0.422915,0.414912,1.0
0.0,0.0,0.0,0.0,1.0,0.0,0.0,0.894783,1.0,0.080251,0.648914,0.005436,0.552305,0.537719,0.0
0.0,1.0,0.0,0.0,0.0,0.0,0.0,0.868059,0.93617,0.03948,0.365516,0.002432,0.179441,0.796053,1.0
1.0,0.0,0.0,0.0,0.0,0.0,0.0,0.894297,0.404255,0.075507,0.56025,0.002009,0.352926,0.634211,1.0
0.0,0.0,1.0,0.0,0.0,0.0,0.0,0.868103,0.234043,0.034676,0.315085,0.002264,0.315381,0.725,1.0
0.0,0.0,0.0,0.0,1.0,0.0,0.0,0.469581,0.319149,0.045605,0.484528,0.00306,0.481616,0.396491,1.0
0.0,0.0,0.0,0.0,0.0,1.0,0.0,0.031592,0.404255,0.065059,0.371169,0.003467,0.422915,0.414912,1.0
0.0,1.0,0.0,0.0,0.0,0.0,0.0,0.464537,0.680851,0.072955,0.316572,0.004886,0.441481,0.504386,1.0
1.0,0.0,0.0,0.0,0.0,0.0,0.0,0.022433,0.042553,0.047526,0.232966,0.003467,0.422915,0.414912,0.0
0.0,0.0,1.0,0.0,0.0,0.0,0.0,0.004956,0.510638,0.042422,0.538084,0.003467,0.422915,0.414912,0.0
0.0,0.0,0.0,0.0,0.0,0.0,1.0,0.428963,0.829787,0.058034,0.346177,0.003467,0.422915,0.414912,0.0
0.0,0.0,0.0,0.0,0.0,0.0,1.0,0.451529,0.744681,0.044013,0.742934,0.002867,0.544019,0.630702,1.0
0.0,0.0,0.0,0.0,1.0,0.0,0.0,0.898456,0.12766,0.058815,0.279976,0.003864,0.364578,0.642982,0.0
0.0,0.0,1.0,0.0,0.0,0.0,0.0,0.469802,0.978723,0.049988,0.456412,0.003344,0.436302,0.537281,0.0
0.0,0.0,1.0,0.0,0.0,0.0,0.0,0.884828,0.765957,0.037799,0.696073,0.002584,0.685396,0.36886,1.0
1.0,0.0,0.0,0.0,0.0,0.0,0.0,0.469714,0.531915,0.042242,0.374442,0.002833,0.28638,0.653947,1.0
0.0,0.0,0.0,1.0,0.0,0.0,0.0,0.903633,0.404255,0.087426,0.592978,0.005733,0.445883,0.614474,1.0
0.0,0.0,0.0,0.0,1.0,0.0,0.0,0.898456,0.319149,0.080551,0.62526,0.005403,0.627395,0.416667,1.0
0.0,0.0,0.0,0.0,0.0,0.0,1.0,0.438919,0.851064,0.051759,0.342904,0.003467,0.422915,0.414912,1.0
0.0,0.0,0.0,0.0,0.0,1.0,0.0,0.446839,0.553191,0.043653,0.534662,0.003006,0.508286,0.45614,1.0
0.0,0.0,0.0,0.0,1.0,0.0,0.0,0.915712,0.531915,0.102078,0.56992,0.006955,0.62144,0.307018,1.0
0.0,1.0,0.0,0.0,0.0,0.0,0.0,0.868059,0.085106,0.02594,0.082862,0.000837,0.204298,0.770614,0.0
0.0,0.0,0.0,0.0,0.0,0.0,1.0,0.452148,0.425532,0.053531,0.583011,0.003652,0.365355,0.385526,1.0
0.0,0.0,1.0,0.0,0.0,0.0,0.0,0.473519,0.234043,0.042452,0.396013,0.002875,0.385552,0.482456,1.0
0.0,0.0,0.0,0.0,0.0,0.0,1.0,0.871643,0.893617,0.035397,0.435882,0.002094,0.27913,0.883772,1.0
1.0,0.0,0.0,0.0,0.0,0.0,0.0,0.912438,0.148936,0.02651,0.080333,0.001352,0.17711,0.707018,0.0
0.0,0.0,1.0,0.0,0.0,0.0,0.0,0.030839,0.744681,0.074817,0.463553,0.003467,0.422915,0.414912,0.0
0.0,0.0,0.0,1.0,0.0,0.0,0.0,0.460909,0.297872,0.034977,0.506099,0.002387,0.391766,0.421053,0.0
0.0,0.0,1.0,0.0,0.0,0.0,0.0,0.907615,0.595745,0.074697,0.475305,0.00506,0.601761,0.399123,1.0
1.0,0.0,0.0,0.0,0.0,0.0,0.0,0.442326,0.276596,0.03915,0.116632,0.0,0.03884,0.500526,0.0
0.0,0.0,0.0,0.0,0.0,0.0,1.0,0.022698,0.340426,0.07833,0.231776,0.003467,0.422915,0.414912,0.0
1.0,0.0,0.0,0.0,0.0,0.0,0.0,0.90319,0.659574,0.05323,0.307349,0.002919,0.196271,0.805702,0.0
0.0,0.0,1.0,0.0,0.0,0.0,0.0,0.894385,0.702128,0.074667,0.657989,0.005102,0.66028,0.466228,1.0
0.0,0.0,0.0,0.0,0.0,0.0,1.0,0.894562,0.425532,0.086496,0.631955,0.005492,0.53392,0.800439,1.0
0.0,0.0,0.0,1.0,0.0,0.0,0.0,0.026857,0.787234,0.110724,0.50848,0.003467,0.422915,0.414912,1.0
0.0,1.0,0.0,0.0,0.0,0.0,0.0,0.871731,0.659574,0.028372,0.535704,0.00182,0.558778,0.690351,1.0
0.0,1.0,0.0,0.0,0.0,0.0,0.0,0.443299,0.595745,0.044434,0.498661,0.003051,0.563439,0.376316,0.0
0.0,1.0,0.0,0.0,0.0,0.0,0.0,0.465466,0.468085,0.069173,0.585986,0.004711,0.496634,0.473684,1.0
0.0,0.0,0.0,1.0,0.0,0.0,0.0,0.42976,0.723404,0.072715,0.603838,0.003467,0.422915,0.414912,1.0
0.0,1.0,0.0,0.0,0.0,0.0,0.0,0.881377,0.085106,0.029242,0.182237,0.001863,0.300104,0.67807,0.0
0.0,0.0,0.0,0.0,1.0,0.0,0.0,0.443122,0.148936,0.040531,0.188783,0.002655,0.227343,0.692544,0.0
0.0,0.0,0.0,0.0,0.0,1.0,0.0,0.438255,0.297872,0.053441,0.25424,0.003467,0.422915,0.414912,0.0
0.0,0.0,0.0,0.0,1.0,0.0,0.0,0.443122,1.0,0.055362,0.500744,0.003882,0.459606,0.519298,1.0
0.0,0.0,0.0,1.0,0.0,0.0,0.0,0.452015,0.531915,0.035157,0.613805,0.002414,0.604091,0.316228,0.0
0.0,0.0,1.0,0.0,0.0,0.0,0.0,0.424804,0.085106,0.058394,0.112913,0.003467,0.422915,0.414912,0.0
0.0,0.0,0.0,0.0,0.0,1.0,0.0,0.907747,0.12766,0.043263,0.195775,0.002844,0.307872,0.597368,0.0
0.0,0.0,0.0,0.0,1.0,0.0,0.0,0.885536,0.808511,0.038009,0.641178,0.002599,0.654065,0.397368,0.0
0.0,0.0,0.0,0.0,0.0,1.0,0.0,0.91173,0.212766,0.064939,0.311366,0.004304,0.362765,0.669737,0.0
0.0,0.0,0.0,0.0,0.0,0.0,1.0,0.45613,0.191489,0.022457,0.196668,0.0014,0.224754,0.853509,0.0
0.0,0.0,0.0,0.0,1.0,0.0,0.0,0.491261,0.361702,0.044524,0.463106,0.003103,0.485241,0.240351,0.0
0.0,0.0,0.0,0.0,1.0,0.0,0.0,0.013982,0.87234,0.061066,0.589408,0.003467,0.422915,0.414912,0.0
0.0,0.0,0.0,0.0,0.0,0.0,1.0,0.429583,0.531915,0.080611,0.355995,0.003467,0.422915,0.414912,1.0
0.0,0.0,0.0,0.0,1.0,0.0,0.0,0.880271,0.531915,0.038309,0.548795,0.002705,0.487053,0.217105,0.0
0.0,0.0,0.0,0.0,1.0,0.0,0.0,0.022919,0.659574,0.088958,0.470693,0.003467,0.422915,0.414912,1.0
0.0,0.0,0.0,1.0,0.0,0.0,0.0,0.876244,0.191489,0.028312,0.223594,0.000839,0.282237,0.839474,1.0
0.0,0.0,0.0,1.0,0.0,0.0,0.0,0.452325,0.957447,0.042302,0.623326,0.002842,0.428793,0.657456,1.0
1.0,0.0,0.0,0.0,0.0,0.0,0.0,0.907216,0.468085,0.067011,0.357929,0.00383,0.303988,0.788158,0.0
0.0,1.0,0.0,0.0,0.0,0.0,0.0,0.867439,0.617021,0.035487,0.629723,0.00237,0.802693,0.139912,1.0
1.0,0.0,0.0,0.0,0.0,0.0,0.0,0.429627,0.12766,0.055242,0.128831,0.003467,0.422915,0.414912,0.0
1.0,0.0,0.0,0.0,0.0,0.0,0.0,0.004867,0.510638,0.074997,0.575722,0.003467,0.422915,0.414912,0.0
0.0,0.0,0.0,1.0,0.0,0.0,0.0,0.469846,0.085106,0.036448,0.193395,0.002472,0.312015,0.51886,0.0
0.0,0.0,1.0,0.0,0.0,0.0,0.0,0.890359,0.12766,0.098415,0.340524,0.005544,0.408856,0.568421,1.0
0.0,0.0,1.0,0.0,0.0,0.0,0.0,0.031149,0.255319,0.114177,0.376822,0.003467,0.422915,0.414912,1.0
0.0,0.0,1.0,0.0,0.0,0.0,0.0,0.880802,0.0,0.028732,0.289795,0.001789,0.286898,0.838158,0.0
1.0,0.0,0.0,0.0,0.0,0.0,0.0,0.460466,0.234043,0.018764,0.106367,0.001061,0.117038,0.897368,0.0
0.0,0.0,0.0,0.0,0.0,0.0,1.0,0.893633,0.765957,0.089648,0.746653,0.005985,0.572242,0.589035,1.0
0.0,0.0,0.0,1.0,0.0,0.0,0.0,0.464625,0.595745,0.067731,0.448081,0.004678,0.477473,0.264912,0.0
0.0,0.0,0.0,0.0,0.0,0.0,1.0,0.880669,0.085106,0.034706,0.160369,0.002169,0.255567,0.765789,0.0
0.0,0.0,1.0,0.0,0.0,0.0,0.0,0.439051,0.382979,0.061727,0.512943,0.003467,0.422915,0.414912,1.0
1.0,0.0,0.0,0.0,0.0,0.0,0.0,0.912438,0.12766,0.028972,0.088515,0.001525,0.205593,0.689474,0.0
0.0,0.0,0.0,0.0,1.0,0.0,0.0,0.014291,0.042553,0.040591,0.473966,0.003467,0.422915,0.414912,0.0
0.0,0.0,0.0,0.0,0.0,0.0,1.0,0.872572,0.234043,0.029633,0.221065,0.000841,0.244433,0.841667,0.0
0.0,1.0,0.0,0.0,0.0,0.0,0.0,1.0,0.510638,0.075027,0.508331,0.005002,0.535474,0.484649,1.0
0.0,0.0,0.0,0.0,0.0,0.0,1.0,0.451529,0.021277,0.043113,0.553853,0.00291,0.494045,0.628509,1.0
0.0,0.0,0.0,1.0,0.0,0.0,0.0,0.889253,0.234043,0.030473,0.242041,0.001944,0.307095,0.780702,0.0
0.0,0.0,1.0,0.0,0.0,0.0,0.0,0.004336,0.659574,0.045244,0.470396,0.003467,0.422915,0.414912,0.0
0.0,1.0,0.0,0.0,0.0,0.0,0.0,0.447901,0.87234,0.042963,0.676584,0.002898,0.504402,0.608333,1.0
0.0,0.0,0.0,1.0,0.0,0.0,0.0,0.451396,0.829787,0.048187,0.749331,0.003174,0.637494,0.587281,1.0
0.0,0.0,0.0,0.0,1.0,0.0,0.0,0.018583,0.489362,0.053981,0.492264,0.003467,0.422915,0.414912,0.0
0.0,0.0,1.0,0.0,0.0,0.0,0.0,0.898058,0.340426,0.089708,0.704701,0.005933,0.661574,0.510526,1.0
0.0,0.0,1.0,0.0,0.0,0.0,0.0,0.455953,0.212766,0.030743,0.250669,0.002083,0.278353,0.757018,0.0
0.0,0.0,1.0,0.0,0.0,0.0,0.0,0.425733,0.297872,0.088027,0.453734,0.003467,0.422915,0.414912,1.0
0.0,0.0,0.0,0.0,0.0,0.0,1.0,0.871953,0.851064,0.102798,0.469057,0.006726,0.326774,0.732456,1.0
0.0,0.0,1.0,0.0,0.0,0.0,0.0,0.903588,0.042553,0.064909,0.384409,0.004283,0.331952,0.570614,1.0
0.0,0.0,0.0,0.0,1.0,0.0,0.0,0.465599,0.042553,0.027201,0.263166,0.001845,0.311238,0.516228,0.0
0.0,0.0,0.0,0.0,1.0,0.0,0.0,0.02261,0.425532,0.097934,0.529307,0.003467,0.422915,0.414912,1.0
0.0,0.0,0.0,0.0,0.0,0.0,1.0,0.464758,0.319149,0.027351,0.288605,0.001824,0.212325,0.660965,0.0
0.0,0.0,1.0,0.0,0.0,0.0,0.0,0.430025,0.276596,0.083253,0.491669,0.003467,0.422915,0.414912,1.0
0.0,0.0,1.0,0.0,0.0,0.0,0.0,0.881421,0.765957,0.029723,0.600119,0.002009,0.669342,0.112281,0.0
0.0,0.0,0.0,1.0,0.0,0.0,0.0,0.894739,0.914894,0.081752,0.701874,0.00532,0.58001,0.547807,0.0
1.0,0.0,0.0,0.0,0.0,0.0,0.0,0.429317,0.87234,0.058424,0.381732,0.003467,0.422915,0.414912,0.0
0.0,0.0,0.0,0.0,0.0,0.0,1.0,0.876377,0.361702,0.032725,0.488248,0.001959,0.363542,0.898684,1.0
0.0,0.0,0.0,0.0,1.0,0.0,0.0,0.890138,0.170213,0.036538,0.29039,0.002341,0.409114,0.721053,0.0
0.0,0.0,1.0,0.0,0.0,0.0,0.0,0.872395,0.468085,0.028822,0.577655,0.00182,0.594511,0.587281,1.0
0.0,0.0,1.0,0.0,0.0,0.0,0.0,0.008672,0.148936,0.057734,0.250521,0.003467,0.422915,0.414912,0.0
0.0,0.0,0.0,1.0,0.0,0.0,0.0,0.469227,0.914894,0.030203,0.412229,0.002,0.263076,0.666667,0.0
0.0,1.0,0.0,0.0,0.0,0.0,0.0,0.877085,0.361702,0.038609,0.549539,0.0027,0.482134,0.209211,1.0
1.0,0.0,0.0,0.0,0.0,0.0,0.0,0.004867,0.148936,0.061637,0.162898,0.003467,0.422915,0.414912,0.0
0.0,0.0,0.0,0.0,1.0,0.0,0.0,0.00938,0.914894,0.041492,0.485867,0.003467,0.422915,0.414912,0.0
0.0,0.0,0.0,0.0,0.0,1.0,0.0,0.434583,0.808511,0.045785,0.324011,0.003467,0.422915,0.414912,0.0
0.0,0.0,0.0,0.0,1.0,0.0,0.0,0.433919,0.87234,0.045334,0.344243,0.003467,0.422915,0.414912,0.0
0.0,0.0,1.0,0.0,0.0,0.0,0.0,0.871466,0.276596,0.027621,0.535406,0.001776,0.57768,0.659211,0.0
0.0,0.0,0.0,1.0,0.0,0.0,0.0,0.464316,1.0,0.028822,0.425617,0.001969,0.41274,0.506579,1.0
1.0,0.0,0.0,0.0,0.0,0.0,0.0,0.897969,0.893617,0.089078,0.616781,0.0056,0.448731,0.792544,1.0
0.0,0.0,0.0,0.0,0.0,1.0,0.0,0.004469,0.617021,0.043683,0.308688,0.003467,0.422915,0.414912,0.0
0.0,0.0,1.0,0.0,0.0,0.0,0.0,0.88912,0.851064,0.029272,0.583606,0.002009,0.583376,0.358333,0.0
0.0,1.0,0.0,0.0,0.0,0.0,0.0,0.455909,0.957447,0.033596,0.567986,0.00232,0.410927,0.620175,0.0
0.0,0.0,0.0,0.0,1.0,0.0,0.0,0.031238,0.106383,0.074787,0.148319,0.003467,0.422915,0.414912,0.0
0.0,1.0,0.0,0.0,0.0,0.0,0.0,0.433786,0.042553,0.040861,0.222107,0.003467,0.422915,0.414912,0.0
0.0,0.0,0.0,1.0,0.0,0.0,0.0,0.425158,0.425532,0.062838,0.548795,0.003467,0.422915,0.414912,0.0
0.0,0.0,1.0,0.0,0.0,0.0,0.0,0.912216,0.787234,0.044644,0.441386,0.00301,0.403677,0.366228,0.0
0.0,0.0,1.0,0.0,0.0,0.0,0.0,0.894385,0.06383,0.064879,0.455222,0.00436,0.523304,0.525877,0.0
0.0,0.0,0.0,0.0,0.0,1.0,0.0,0.876023,0.085106,0.020355,0.175245,0.000841,0.299845,0.791228,0.0
0.0,0.0,0.0,0.0,0.0,0.0,1.0,0.880979,0.510638,0.029572,0.382475,0.000841,0.301398,0.706579,1.0
0.0,0.0,1.0,0.0,0.0,0.0,0.0,0.009601,0.595745,0.041642,0.498661,0.003467,0.422915,0.414912,0.0
0.0,0.0,0.0,0.0,0.0,1.0,0.0,0.893899,0.148936,0.038429,0.312853,0.002424,0.443035,0.704825,0.0
0.0,0.0,0.0,0.0,1.0,0.0,0.0,0.867572,0.148936,0.021827,0.16632,0.000837,0.2232,0.902632,0.0
0.0,0.0,0.0,0.0,0.0,1.0,0.0,0.880625,0.829787,0.05323,0.329813,0.003058,0.28146,0.838158,1.0
1.0,0.0,0.0,0.0,0.0,0.0,0.0,0.876731,0.06383,0.025459,0.155311,0.001651,0.270326,0.757895,0.0
0.0,0.0,0.0,0.0,0.0,1.0,0.0,0.447458,0.319149,0.072205,0.688634,0.005014,0.638011,0.304386,1.0
0.0,0.0,1.0,0.0,0.0,0.0,0.0,0.460245,0.404255,0.113726,0.56382,0.00775,0.567323,0.303947,1.0
0.0,1.0,0.0,0.0,0.0,0.0,0.0,0.434096,0.148936,0.044884,0.152782,0.003467,0.422915,0.414912,0.0
0.0,1.0,0.0,0.0,0.0,0.0,0.0,0.875846,0.914894,0.028792,0.423237,0.001371,0.339202,0.813158,0.0
0.0,0.0,1.0,0.0,0.0,0.0,0.0,0.027432,0.808511,0.05215,0.457751,0.003467,0.422915,0.414912,0.0
0.0,0.0,0.0,0.0,0.0,1.0,0.0,0.442281,0.234043,0.046986,0.141029,0.003467,0.422915,0.414912,0.0
0.0,0.0,0.0,0.0,1.0,0.0,0.0,0.017964,0.042553,0.081002,0.452098,0.003467,0.422915,0.414912,1.0
0.0,0.0,0.0,0.0,1.0,0.0,0.0,0.434538,0.702128,0.041792,0.304671,0.003467,0.422915,0.414912,0.0
1.0,0.0,0.0,0.0,0.0,0.0,0.0,0.460157,0.851064,0.037889,0.461321,0.002516,0.353185,0.529386,1.0
0.0,0.0,0.0,0.0,0.0,1.0,0.0,0.009115,0.297872,0.080431,0.347962,0.003467,0.422915,0.414912,1.0
0.0,0.0,0.0,0.0,1.0,0.0,0.0,0.424893,0.617021,0.090939,0.423386,0.003467,0.422915,0.414912,1.0
0.0,1.0,0.0,0.0,0.0,0.0,0.0,0.876466,0.468085,0.030924,0.576763,0.001944,0.450026,0.737719,1.0
0.0,0.0,0.0,0.0,1.0,0.0,0.0,0.013672,0.93617,0.051549,0.465338,0.003467,0.422915,0.414912,1.0
0.0,0.0,0.0,0.0,1.0,0.0,0.0,0.906774,0.851064,0.049988,0.519042,0.003363,0.446142,0.467982,0.0
0.0,0.0,0.0,0.0,0.0,0.0,1.0,0.903456,0.680851,0.040831,0.288456,0.002651,0.176334,0.73114,0.0
0.0,0.0,0.0,0.0,0.0,0.0,1.0,0.451529,0.680851,0.038699,0.464296,0.001369,0.342828,0.726316,0.0
0.0,0.0,0.0,1.0,0.0,0.0,0.0,0.889253,0.553191,0.028942,0.504463,0.001973,0.52434,0.473246,0.0
0.0,0.0,0.0,0.0,0.0,0.0,1.0,0.464758,0.12766,0.02621,0.151294,0.001749,0.204557,0.670175,0.0
0.0,0.0,0.0,0.0,0.0,0.0,1.0,0.018052,0.595745,0.064339,0.243826,0.003467,0.422915,0.414912,0.0
0.0,0.0,1.0,0.0,0.0,0.0,0.0,0.455953,0.787234,0.054672,0.758405,0.003698,0.671673,0.408772,1.0
0.0,0.0,0.0,0.0,1.0,0.0,0.0,0.903367,0.893617,0.041792,0.456114,0.002792,0.498446,0.442105,0.0
0.0,0.0,0.0,0.0,0.0,1.0,0.0,0.89819,0.744681,0.112345,0.880244,0.007239,0.685396,0.598246,1.0
0.0,0.0,0.0,0.0,0.0,0.0,1.0,0.474315,0.382979,0.027261,0.311366,0.001626,0.16986,0.79386,0.0
0.0,0.0,0.0,0.0,0.0,0.0,1.0,0.995443,0.106383,0.031044,0.29396,0.001894,0.337649,0.831579,0.0
0.0,1.0,0.0,0.0,0.0,0.0,0.0,0.468829,0.765957,0.028041,0.428741,0.001897,0.257121,0.515789,0.0
0.0,1.0,0.0,0.0,0.0,0.0,0.0,0.894341,0.085106,0.048817,0.28072,0.003143,0.437338,0.635088,0.0
0.0,0.0,0.0,0.0,0.0,1.0,0.0,0.009115,0.553191,0.067611,0.470247,0.003467,0.422915,0.414912,1.0
0.0,0.0,1.0,0.0,0.0,0.0,0.0,0.027123,0.170213,0.073616,0.167658,0.003467,0.422915,0.414912,0.0
1.0,0.0,0.0,0.0,0.0,0.0,0.0,0.017787,0.723404,0.084814,0.515025,0.003467,0.422915,0.414912,1.0
0.0,0.0,0.0,1.0,0.0,0.0,0.0,0.898412,0.638298,0.078089,0.484975,0.005139,0.658467,0.466228,1.0
0.0,0.0,0.0,1.0,0.0,0.0,0.0,0.013937,0.170213,0.059865,0.249926,0.003467,0.422915,0.414912,0.0
0.0,0.0,0.0,0.0,0.0,1.0,0.0,0.026946,0.744681,0.061096,0.328474,0.003467,0.422915,0.414912,0.0
0.0,0.0,0.0,0.0,0.0,0.0,1.0,0.469669,0.680851,0.044914,0.339334,0.003033,0.417918,0.473246,1.0
0.0,0.0,0.0,1.0,0.0,0.0,0.0,0.433875,0.297872,0.047136,0.483636,0.003467,0.422915,0.414912,0.0
1.0,0.0,0.0,0.0,0.0,0.0,0.0,0.000885,0.404255,0.243215,0.615442,0.003467,0.422915,0.414912,1.0
0.0,0.0,0.0,0.0,1.0,0.0,0.0,0.434229,0.595745,0.120932,0.482892,0.003467,0.422915,0.414912,1.0
1.0,0.0,0.0,0.0,0.0,0.0,0.0,0.880404,0.0,0.038159,0.294406,0.002503,0.285603,0.577632,0.0
1.0,0.0,0.0,0.0,0.0,0.0,0.0,0.442945,0.276596,0.042963,0.141922,0.002698,0.103573,0.765789,0.0
0.0,0.0,1.0,0.0,0.0,0.0,0.0,0.031149,0.744681,0.057914,0.414014,0.003467,0.422915,0.414912,0.0
0.0,0.0,0.0,1.0,0.0,0.0,0.0,0.898721,0.425532,0.096223,0.622285,0.006396,0.674521,0.323246,1.0
0.0,1.0,0.0,0.0,0.0,0.0,0.0,0.867749,0.531915,0.02696,0.585242,0.001718,0.588814,0.724561,0.0
1.0,0.0,0.0,0.0,0.0,0.0,0.0,0.442945,0.340426,0.044344,0.290092,0.002833,0.140083,0.746491,0.0
0.0,1.0,0.0,0.0,0.0,0.0,0.0,0.455599,0.638298,0.037318,0.570217,0.002563,0.566287,0.465789,0.0
0.0,1.0,0.0,0.0,0.0,0.0,0.0,0.875846,0.659574,0.047736,0.632104,0.003263,0.654065,0.432456,1.0
0.0,0.0,0.0,0.0,0.0,1.0,0.0,0.465643,0.0,0.035247,0.371913,0.002424,0.33014,0.430263,0.0
0.0,0.0,1.0,0.0,0.0,0.0,0.0,0.424804,0.319149,0.058394,0.351979,0.003467,0.422915,0.414912,0.0
0.0,0.0,1.0,0.0,0.0,0.0,0.0,0.442414,0.723404,0.108292,0.544927,0.007426,0.624288,0.500526,1.0
0.0,0.0,0.0,0.0,0.0,1.0,0.0,0.009115,0.787234,0.10475,0.739363,0.003467,0.422915,0.414912,1.0
0.0,0.0,0.0,0.0,0.0,0.0,1.0,0.018672,0.382979,0.071995,0.358375,0.003467,0.422915,0.414912,1.0
0.0,0.0,0.0,0.0,0.0,1.0,0.0,0.451794,0.361702,0.038459,0.74219,0.002536,0.677887,0.451316,0.0
0.0,0.0,0.0,0.0,0.0,1.0,0.0,0.903411,0.425532,0.087426,0.601904,0.0057,0.549456,0.569298,1.0
0.0,0.0,0.0,0.0,0.0,0.0,1.0,0.889916,0.957447,0.058875,0.500744,0.003791,0.370016,0.669298,0.0
1.0,0.0,0.0,0.0,0.0,0.0,0.0,0.456794,0.106383,0.02588,0.167956,0.001375,0.274728,0.690351,0.0
0.0,0.0,0.0,1.0,0.0,0.0,0.0,0.885492,0.553191,0.032665,0.517852,0.002264,0.632056,0.315351,1.0
0.0,0.0,0.0,0.0,1.0,0.0,0.0,0.031238,0.702128,0.074817,0.412377,0.003467,0.422915,0.414912,0.0
0.0,0.0,0.0,0.0,0.0,0.0,1.0,0.433698,0.468085,0.048037,0.333978,0.003467,0.422915,0.414912,0.0
0.0,0.0,0.0,0.0,1.0,0.0,0.0,0.8812,0.595745,0.035427,0.521571,0.00241,0.51217,0.513596,1.0
0.0,1.0,0.0,0.0,0.0,0.0,0.0,0.872041,0.0,0.045394,0.256025,0.000831,0.279389,0.710526,1.0
0.0,0.0,0.0,1.0,0.0,0.0,0.0,0.911951,0.638298,0.046956,0.499405,0.003193,0.546349,0.316667,0.0
0.0,0.0,1.0,0.0,0.0,0.0,0.0,0.026813,0.255319,0.091209,0.378459,0.003467,0.422915,0.414912,1.0
0.0,0.0,0.0,0.0,0.0,0.0,1.0,0.899164,0.148936,0.050318,0.207528,0.003349,0.310202,0.571491,0.0
0.0,0.0,0.0,0.0,0.0,0.0,1.0,0.906863,0.021277,0.050588,0.382624,0.00333,0.296996,0.497368,0.0
0.0,1.0,0.0,0.0,0.0,0.0,0.0,0.018451,0.574468,0.057644,0.49152,0.003467,0.422915,0.414912,0.0
0.0,1.0,0.0,0.0,0.0,0.0,0.0,0.438078,0.106383,0.066561,0.220619,0.003467,0.422915,0.414912,0.0
0.0,0.0,0.0,0.0,0.0,0.0,1.0,0.022388,0.851064,0.072475,0.338143,0.003467,0.422915,0.414912,1.0
0.0,1.0,0.0,0.0,0.0,0.0,0.0,0.876156,0.042553,0.023418,0.161857,0.0013,0.282496,0.834649,0.0
0.0,0.0,0.0,0.0,0.0,0.0,1.0,0.876997,0.042553,0.037709,0.251116,0.002547,0.318488,0.351316,1.0
0.0,0.0,1.0,0.0,0.0,0.0,0.0,0.000973,0.468085,0.043983,0.524844,0.003467,0.422915,0.414912,0.0
0.0,0.0,0.0,0.0,0.0,0.0,1.0,0.031636,0.042553,0.051909,0.118863,0.003467,0.422915,0.414912,0.0
1.0,0.0,0.0,0.0,0.0,0.0,0.0,0.451263,0.042553,0.040741,0.361797,0.002742,0.469187,0.473246,0.0
0.0,1.0,0.0,0.0,0.0,0.0,0.0,0.459891,0.893617,0.038279,0.493454,0.002621,0.395391,0.489474,0.0
0.0,0.0,0.0,0.0,0.0,0.0,1.0,0.45613,0.808511,0.027351,0.526778,0.001782,0.40782,0.737719,0.0
0.0,0.0,0.0,0.0,0.0,1.0,0.0,0.438874,0.765957,0.053321,0.453585,0.003467,0.422915,0.414912,1.0
1.0,0.0,0.0,0.0,0.0,0.0,0.0,0.008893,0.276596,0.041732,0.467718,0.003467,0.422915,0.414912,0.0
0.0,0.0,0.0,1.0,0.0,0.0,0.0,0.876864,0.212766,0.032245,0.324011,0.002059,0.338167,0.628947,1.0
0.0,0.0,0.0,1.0,0.0,0.0,0.0,0.425158,0.829787,0.058394,0.388872,0.003467,0.422915,0.414912,0.0
0.0,0.0,0.0,1.0,0.0,0.0,0.0,0.868147,0.319149,0.028522,0.529009,0.001845,0.49508,0.60614,0.0
0.0,0.0,0.0,0.0,0.0,0.0,1.0,0.902836,0.978723,0.074457,0.372657,0.004956,0.411704,0.544298,1.0
0.0,0.0,1.0,0.0,0.0,0.0,0.0,0.456573,0.042553,0.034046,0.52529,0.002231,0.510616,0.571053,0.0
0.0,0.0,0.0,1.0,0.0,0.0,0.0,0.008716,0.638298,0.075417,0.491669,0.003467,0.422915,0.414912,0.0
0.0,0.0,1.0,0.0,0.0,0.0,0.0,0.433521,0.06383,0.043053,0.198007,0.003467,0.422915,0.414912,0.0
0.0,0.0,0.0,0.0,0.0,1.0,0.0,0.908057,0.255319,0.093191,0.430824,0.006261,0.553599,0.375877,1.0
1.0,0.0,0.0,0.0,0.0,0.0,0.0,0.000885,0.021277,0.087426,0.304374,0.003467,0.422915,0.414912,0.0
0.0,0.0,1.0,0.0,0.0,0.0,0.0,0.018185,0.978723,0.056263,0.432014,0.003467,0.422915,0.414912,1.0
0.0,0.0,0.0,1.0,0.0,0.0,0.0,0.00469,0.319149,0.120001,0.635079,0.003467,0.422915,0.414912,0.0
0.0,0.0,0.0,0.0,0.0,1.0,0.0,0.907128,0.914894,0.053951,0.407766,0.003702,0.554635,0.414474,0.0
0.0,0.0,0.0,0.0,0.0,1.0,0.0,0.460378,0.255319,0.031614,0.363136,0.002148,0.341274,0.470614,0.0
0.0,1.0,0.0,0.0,0.0,0.0,0.0,0.01323,0.531915,0.075718,0.525439,0.003467,0.422915,0.414912,1.0
0.0,0.0,0.0,0.0,0.0,0.0,1.0,0.031326,0.93617,0.078179,0.298572,0.003467,0.422915,0.414912,1.0
0.0,0.0,0.0,1.0,0.0,0.0,0.0,0.982169,0.510638,0.049207,0.547307,0.00334,0.584153,0.345175,0.0
0.0,0.0,0.0,0.0,1.0,0.0,0.0,0.867263,0.12766,0.024739,0.107557,0.001629,0.162092,0.727193,0.0
0.0,1.0,0.0,0.0,0.0,0.0,0.0,0.902925,0.851064,0.07929,0.526034,0.005471,0.568099,0.408772,1.0
1.0,0.0,0.0,0.0,0.0,0.0,0.0,0.898589,0.489362,0.090068,0.570217,0.005503,0.290523,0.825439,1.0
0.0,0.0,0.0,1.0,0.0,0.0,0.0,0.880846,0.382979,0.029422,0.499702,0.001919,0.511393,0.627632,1.0
0.0,0.0,1.0,0.0,0.0,0.0,0.0,0.898677,0.744681,0.09208,0.719726,0.006093,0.655878,0.434211,1.0
0.0,0.0,0.0,0.0,1.0,0.0,0.0,0.889518,0.829787,0.035637,0.651889,0.002482,0.613154,0.287719,0.0
0.0,0.0,1.0,0.0,0.0,0.0,0.0,0.469802,0.0,0.038639,0.354954,0.002644,0.331434,0.31886,0.0
0.0,0.0,1.0,0.0,0.0,0.0,0.0,0.894385,0.0,0.073286,0.562333,0.00494,0.498705,0.610965,0.0
0.0,0.0,0.0,0.0,0.0,0.0,1.0,0.455511,0.829787,0.041041,0.650253,0.002804,0.457535,0.599561,0.0
0.0,0.0,1.0,0.0,0.0,0.0,0.0,0.461174,0.234043,0.027771,0.258703,0.001818,0.269808,0.587281,0.0
0.0,1.0,0.0,0.0,0.0,0.0,0.0,0.447281,0.957447,0.038219,0.6144,0.002441,0.424133,0.689474,0.0
0.0,0.0,1.0,0.0,0.0,0.0,0.0,0.43445,0.06383,0.044134,0.214817,0.003467,0.422915,0.414912,0.0
0.0,0.0,0.0,0.0,0.0,1.0,0.0,0.438874,0.425532,0.049898,0.380244,0.003467,0.422915,0.414912,0.0
0.0,1.0,0.0,0.0,0.0,0.0,0.0,0.455599,0.468085,0.089048,0.649658,0.006128,0.679959,0.359649,1.0
0.0,0.0,0.0,0.0,1.0,0.0,0.0,0.8812,0.808511,0.029482,0.562928,0.002025,0.56059,0.444298,0.0
0.0,0.0,0.0,1.0,0.0,0.0,0.0,0.469227,0.723404,0.046025,0.482148,0.003054,0.410927,0.491228,0.0
0.0,1.0,0.0,0.0,0.0,0.0,0.0,0.906951,0.531915,0.043953,0.322821,0.003039,0.451579,0.314474,1.0
0.0,0.0,0.0,0.0,1.0,0.0,0.0,0.903367,0.148936,0.023148,0.169741,0.001516,0.268255,0.651754,0.0
0.0,0.0,0.0,0.0,0.0,0.0,1.0,0.017433,0.617021,0.077039,0.324308,0.003467,0.422915,0.414912,0.0
0.0,0.0,0.0,0.0,0.0,0.0,1.0,0.009159,0.12766,0.061517,0.202618,0.003467,0.422915,0.414912,0.0
0.0,0.0,0.0,1.0,0.0,0.0,0.0,0.00469,0.510638,0.119731,0.592681,0.003467,0.422915,0.414912,0.0
0.0,0.0,0.0,0.0,1.0,0.0,0.0,0.43852,0.404255,0.089498,0.536001,0.003467,0.422915,0.414912,1.0
1.0,0.0,0.0,0.0,0.0,0.0,0.0,0.438034,0.723404,0.095653,0.486462,0.003467,0.422915,0.414912,1.0
0.0,1.0,0.0,0.0,0.0,0.0,0.0,0.456219,0.191489,0.024859,0.171526,0.000976,0.261264,0.875439,0.0
0.0,0.0,0.0,1.0,0.0,0.0,0.0,0.022875,0.851064,0.060196,0.445403,0.003467,0.422915,0.414912,0.0
0.0,0.0,1.0,0.0,0.0,0.0,0.0,0.868103,0.93617,0.029753,0.443618,0.001942,0.320041,0.788158,0.0
1.0,0.0,0.0,0.0,0.0,0.0,0.0,0.90319,0.021277,0.088807,0.272687,0.006034,0.353185,0.411842,1.0
0.0,0.0,0.0,1.0,0.0,0.0,0.0,0.434184,0.489362,0.113726,0.581226,0.003467,0.422915,0.414912,1.0
1.0,0.0,0.0,0.0,0.0,0.0,0.0,0.907836,0.446809,0.045184,0.359119,0.002923,0.270067,0.716228,1.0
0.0,1.0,0.0,0.0,0.0,0.0,0.0,0.009867,0.042553,0.088777,0.496281,0.003467,0.422915,0.414912,1.0
0.0,0.0,0.0,0.0,0.0,1.0,0.0,0.893589,0.489362,0.088597,0.676733,0.005856,0.644744,0.503509,0.0
0.0,0.0,1.0,0.0,0.0,0.0,0.0,0.867484,1.0,0.035937,0.393187,0.002329,0.412481,0.733333,1.0
0.0,0.0,0.0,0.0,1.0,0.0,0.0,0.031857,0.574468,0.055242,0.243975,0.003467,0.422915,0.414912,0.0
0.0,0.0,0.0,0.0,0.0,0.0,1.0,0.911464,0.148936,0.023058,0.121541,0.001491,0.206629,0.744737,0.0
1.0,0.0,0.0,0.0,0.0,0.0,0.0,0.447547,0.957447,0.03891,0.470544,0.002553,0.319006,0.683772,1.0
0.0,0.0,0.0,0.0,1.0,0.0,0.0,0.871554,0.808511,0.028522,0.599078,0.00183,0.4855,0.619298,0.0
0.0,0.0,0.0,0.0,0.0,0.0,1.0,0.908101,0.659574,0.054672,0.353169,0.003604,0.302693,0.597368,0.0
0.0,1.0,0.0,0.0,0.0,0.0,0.0,0.446971,0.170213,0.002912,0.147575,5.8e-05,0.157431,0.62807,0.0
0.0,0.0,0.0,0.0,0.0,1.0,0.0,0.425556,0.808511,0.082323,0.29753,0.003467,0.422915,0.414912,1.0
0.0,0.0,0.0,1.0,0.0,0.0,0.0,0.451396,0.510638,0.03933,0.589854,0.002626,0.673744,0.484211,1.0
0.0,0.0,1.0,0.0,0.0,0.0,0.0,0.008672,0.510638,0.080911,0.571407,0.003467,0.422915,0.414912,1.0
0.0,0.0,0.0,0.0,0.0,0.0,1.0,0.008849,0.787234,0.041882,0.627194,0.003467,0.422915,0.414912,0.0
0.0,0.0,0.0,0.0,0.0,0.0,1.0,0.01407,0.957447,0.051849,0.402708,0.003467,0.422915,0.414912,1.0
0.0,0.0,0.0,0.0,0.0,0.0,1.0,0.893943,0.893617,0.088597,0.588367,0.003635,0.439151,0.691228,1.0
0.0,1.0,0.0,0.0,0.0,0.0,0.0,0.868059,0.255319,0.023568,0.123475,0.000837,0.15044,0.902193,0.0
0.0,0.0,1.0,0.0,0.0,0.0,0.0,0.894075,0.06383,0.084754,0.491669,0.005656,0.530295,0.545175,1.0
0.0,0.0,0.0,0.0,0.0,0.0,1.0,0.473696,0.638298,0.044494,0.467272,0.002927,0.368721,0.846053,1.0
0.0,0.0,1.0,0.0,0.0,0.0,0.0,0.46551,0.425532,0.058154,0.524695,0.003982,0.490161,0.348246,1.0
0.0,0.0,0.0,0.0,0.0,1.0,0.0,0.880581,0.255319,0.06596,0.330408,0.004402,0.377784,0.482895,0.0
0.0,0.0,0.0,0.0,0.0,0.0,1.0,0.455821,0.659574,0.032785,0.365963,0.002187,0.324702,0.751316,0.0
0.0,1.0,0.0,0.0,0.0,0.0,0.0,0.465466,0.914894,0.027291,0.39036,0.001853,0.265148,0.591228,0.0
0.0,0.0,0.0,0.0,0.0,0.0,1.0,0.031636,0.085106,0.051909,0.063969,0.003467,0.422915,0.414912,0.0
1.0,0.0,0.0,0.0,0.0,0.0,0.0,0.876112,0.553191,0.023958,0.274621,0.000821,0.200932,0.856579,0.0
0.0,1.0,0.0,0.0,0.0,0.0,0.0,0.446971,0.93617,0.043263,0.51324,0.002869,0.290782,0.748246,0.0
0.0,0.0,1.0,0.0,0.0,0.0,0.0,0.030839,0.93617,0.114957,0.436477,0.003467,0.422915,0.414912,1.0
0.0,0.0,0.0,0.0,0.0,0.0,1.0,0.009159,0.021277,0.061577,0.387682,0.003467,0.422915,0.414912,0.0
0.0,0.0,0.0,0.0,1.0,0.0,0.0,0.876156,0.595745,0.075597,0.459387,0.005147,0.590886,0.350877,1.0
0.0,0.0,0.0,0.0,1.0,0.0,0.0,0.437901,0.042553,0.045935,0.333978,0.003467,0.422915,0.414912,0.0
0.0,0.0,0.0,0.0,1.0,0.0,0.0,0.88089,0.553191,0.028942,0.476198,0.001926,0.495339,0.632456,0.0
0.0,0.0,0.0,0.0,1.0,0.0,0.0,0.911376,0.851064,0.042903,0.426064,0.002815,0.436044,0.560965,0.0
0.0,0.0,0.0,0.0,0.0,0.0,1.0,0.031016,0.659574,0.059265,0.22047,0.003467,0.422915,0.414912,0.0
0.0,0.0,0.0,0.0,1.0,0.0,0.0,0.430114,0.829787,0.053621,0.385897,0.003467,0.422915,0.414912,0.0
0.0,0.0,0.0,0.0,1.0,0.0,0.0,0.460643,0.212766,0.029392,0.208718,0.00194,0.259969,0.752193,0.0
0.0,0.0,0.0,1.0,0.0,0.0,0.0,0.876554,0.574468,0.034616,0.598334,0.002223,0.569653,0.675,1.0
0.0,0.0,1.0,0.0,0.0,0.0,0.0,0.884828,0.702128,0.036628,0.625409,0.002507,0.57276,0.426316,1.0
0.0,0.0,0.0,0.0,0.0,1.0,0.0,0.425556,0.085106,0.058394,0.148468,0.003467,0.422915,0.414912,0.0
0.0,0.0,0.0,0.0,1.0,0.0,0.0,0.442812,0.680851,0.051699,0.470098,0.003579,0.464267,0.360526,0.0
0.0,0.0,0.0,0.0,0.0,0.0,1.0,0.876377,0.021277,0.028642,0.310771,0.000833,0.307095,0.762719,0.0
0.0,0.0,0.0,0.0,0.0,1.0,0.0,0.451175,0.978723,0.058484,0.639542,0.003847,0.516831,0.439035,1.0
0.0,0.0,0.0,0.0,0.0,1.0,0.0,0.889872,0.723404,0.106311,0.753645,0.007879,0.737701,0.292982,0.0
0.0,0.0,1.0,0.0,0.0,0.0,0.0,0.438742,0.276596,0.051759,0.39274,0.003467,0.422915,0.414912,0.0
1.0,0.0,0.0,0.0,0.0,0.0,0.0,0.018097,0.659574,0.089708,0.478727,0.003467,0.422915,0.414912,1.0
0.0,0.0,0.0,0.0,0.0,1.0,0.0,0.867616,0.93617,0.036808,0.432163,0.00237,0.372864,0.803509,1.0
0.0,0.0,0.0,0.0,0.0,1.0,0.0,0.464404,0.87234,0.028101,0.360309,0.001913,0.43216,0.35,0.0
0.0,0.0,0.0,0.0,0.0,0.0,1.0,0.451838,0.170213,0.033626,0.24457,0.002262,0.26463,0.69693,0.0
0.0,0.0,0.0,0.0,1.0,0.0,0.0,0.908013,0.808511,0.044013,0.495091,0.002997,0.472294,0.288158,0.0
0.0,0.0,0.0,0.0,1.0,0.0,0.0,0.026901,0.404255,0.130569,0.58911,0.003467,0.422915,0.414912,1.0
0.0,0.0,0.0,0.0,0.0,1.0,0.0,0.866997,0.851064,0.031224,0.427849,0.0021,0.229156,0.752632,0.0
0.0,0.0,0.0,0.0,0.0,1.0,0.0,0.009424,0.574468,0.064789,0.397798,0.003467,0.422915,0.414912,1.0
0.0,0.0,1.0,0.0,0.0,0.0,0.0,0.911907,0.148936,0.03918,0.17227,0.002524,0.251683,0.764035,0.0
0.0,0.0,1.0,0.0,0.0,0.0,0.0,0.907924,0.787234,0.043353,0.501636,0.002946,0.513723,0.302193,0.0
0.0,0.0,0.0,1.0,0.0,0.0,0.0,0.881156,0.212766,0.027561,0.185064,0.001784,0.253755,0.752632,0.0
0.0,0.0,0.0,0.0,1.0,0.0,0.0,0.02261,0.93617,0.089438,0.368789,0.003467,0.422915,0.414912,1.0
0.0,1.0,0.0,0.0,0.0,0.0,0.0,0.452237,0.361702,0.036898,0.668849,0.002603,0.58493,0.332456,1.0
0.0,0.0,0.0,0.0,0.0,0.0,1.0,0.000221,0.829787,0.047256,0.346772,0.003467,0.422915,0.414912,0.0
0.0,1.0,0.0,0.0,0.0,0.0,0.0,0.437768,0.978723,0.043383,0.397798,0.003467,0.422915,0.414912,0.0
0.0,0.0,0.0,0.0,1.0,0.0,0.0,0.872484,0.319149,0.032004,0.570663,0.002083,0.63827,0.444737,0.0
1.0,0.0,0.0,0.0,0.0,0.0,0.0,0.03199,0.085106,0.018344,0.050729,0.003467,0.422915,0.414912,0.0
0.0,0.0,1.0,0.0,0.0,0.0,0.0,0.894385,0.12766,0.056143,0.301101,0.003355,0.418954,0.61886,0.0
1.0,0.0,0.0,0.0,0.0,0.0,0.0,0.014114,0.680851,0.062477,0.462511,0.003467,0.422915,0.414912,1.0
1.0,0.0,0.0,0.0,0.0,0.0,0.0,0.000885,0.234043,0.122703,0.244421,0.003467,0.422915,0.414912,1.0
0.0,0.0,0.0,0.0,1.0,0.0,0.0,0.446794,0.276596,0.041011,0.530051,0.002133,0.409632,0.765789,0.0
0.0,0.0,0.0,1.0,0.0,0.0,0.0,0.875935,0.446809,0.035067,0.671973,0.002277,0.634127,0.385965,0.0
1.0,0.0,0.0,0.0,0.0,0.0,0.0,0.434671,0.06383,0.044314,0.113508,0.003467,0.422915,0.414912,0.0
0.0,0.0,0.0,0.0,1.0,0.0,0.0,0.013362,0.93617,0.116909,0.584499,0.003467,0.422915,0.414912,1.0
0.0,0.0,0.0,1.0,0.0,0.0,0.0,0.894429,0.468085,0.064549,0.616483,0.004391,0.673226,0.382018,0.0
0.0,0.0,0.0,0.0,1.0,0.0,0.0,0.013672,0.978723,0.051549,0.508331,0.003467,0.422915,0.414912,1.0
1.0,0.0,0.0,0.0,0.0,0.0,0.0,0.995575,0.276596,0.031374,0.195031,0.002009,0.185914,0.814035,0.0
0.0,1.0,0.0,0.0,0.0,0.0,0.0,0.0,0.021277,0.051699,0.415055,0.003467,0.422915,0.414912,1.0
0.0,0.0,0.0,0.0,0.0,1.0,0.0,0.005398,0.297872,0.082683,0.318655,0.003467,0.422915,0.414912,1.0
0.0,0.0,0.0,0.0,1.0,0.0,0.0,0.0223,0.851064,0.071094,0.452693,0.003467,0.422915,0.414912,1.0
0.0,0.0,0.0,0.0,1.0,0.0,0.0,0.424583,0.148936,0.055242,0.071407,0.003467,0.422915,0.414912,0.0
0.0,0.0,0.0,0.0,0.0,1.0,0.0,0.495686,0.744681,0.05245,0.437816,0.003691,0.46841,0.151754,1.0
0.0,0.0,0.0,0.0,1.0,0.0,0.0,0.013053,0.87234,0.041582,0.546266,0.003467,0.422915,0.414912,0.0
0.0,0.0,0.0,0.0,0.0,0.0,1.0,0.018052,0.106383,0.060586,0.149955,0.003467,0.422915,0.414912,0.0
0.0,0.0,0.0,0.0,0.0,1.0,0.0,0.868236,0.574468,0.028732,0.68432,0.001826,0.551269,0.631579,1.0
0.0,0.0,0.0,0.0,0.0,1.0,0.0,0.026636,0.06383,0.049478,0.201279,0.003467,0.422915,0.414912,0.0
0.0,0.0,0.0,0.0,0.0,1.0,0.0,0.893899,0.680851,0.072805,0.676436,0.004751,0.644226,0.636842,0.0
0.0,0.0,0.0,1.0,0.0,0.0,0.0,0.903013,0.234043,0.058394,0.279976,0.003845,0.35681,0.602193,0.0
0.0,1.0,0.0,0.0,0.0,0.0,0.0,0.889695,0.106383,0.029903,0.232371,0.001932,0.334283,0.634211,0.0
0.0,1.0,0.0,0.0,0.0,0.0,0.0,0.014159,0.212766,0.061727,0.228801,0.003467,0.422915,0.414912,1.0
1.0,0.0,0.0,0.0,0.0,0.0,0.0,0.876112,0.723404,0.024919,0.292026,0.000821,0.25479,0.856579,0.0
1.0,0.0,0.0,0.0,0.0,0.0,0.0,0.469094,0.106383,0.025639,0.068283,0.001695,0.186432,0.567544,0.0
0.0,0.0,0.0,0.0,1.0,0.0,0.0,0.894164,0.276596,0.060436,0.552663,0.003978,0.587002,0.535526,0.0
1.0,0.0,0.0,0.0,0.0,0.0,0.0,0.018406,0.659574,0.073226,0.427105,0.003467,0.422915,0.414912,1.0
0.0,0.0,0.0,0.0,1.0,0.0,0.0,0.894474,0.0,0.062928,0.579887,0.004136,0.505955,0.567982,0.0
0.0,0.0,0.0,0.0,0.0,0.0,1.0,0.424981,0.638298,0.058394,0.221363,0.003467,0.422915,0.414912,0.0
0.0,0.0,0.0,0.0,0.0,0.0,1.0,0.009778,0.914894,0.041642,0.447486,0.003467,0.422915,0.414912,0.0
0.0,0.0,0.0,0.0,0.0,1.0,0.0,0.455467,0.489362,0.038129,0.606813,0.002601,0.586743,0.428947,0.0
0.0,0.0,0.0,0.0,1.0,0.0,0.0,0.45144,0.361702,0.03945,0.703957,0.002599,0.712325,0.475439,0.0
0.0,0.0,0.0,0.0,1.0,0.0,0.0,0.880271,0.234043,0.03897,0.251116,0.00254,0.248835,0.564912,1.0
1.0,0.0,0.0,0.0,0.0,0.0,0.0,0.017477,0.595745,0.087907,0.480214,0.003467,0.422915,0.414912,1.0
0.0,0.0,0.0,0.0,0.0,1.0,0.0,0.425556,1.0,0.058394,0.229247,0.003467,0.422915,0.414912,0.0
0.0,1.0,0.0,0.0,0.0,0.0,0.0,0.469448,0.87234,0.028011,0.338738,0.001876,0.354997,0.536842,0.0
0.0,0.0,0.0,1.0,0.0,0.0,0.0,0.903323,1.0,0.088297,0.450759,0.005833,0.506473,0.536842,1.0
1.0,0.0,0.0,0.0,0.0,0.0,0.0,0.425645,0.361702,0.085895,0.349301,0.003467,0.422915,0.414912,1.0
0.0,0.0,0.0,0.0,1.0,0.0,0.0,0.906774,0.914894,0.03993,0.393187,0.002698,0.323925,0.48114,0.0
1.0,0.0,0.0,0.0,0.0,0.0,0.0,0.911818,0.212766,0.027501,0.097888,0.001795,0.140083,0.669298,0.0
1.0,0.0,0.0,0.0,0.0,0.0,0.0,0.425025,0.702128,0.058394,0.431419,0.003467,0.422915,0.414912,0.0
0.0,0.0,0.0,0.0,0.0,0.0,1.0,0.881288,0.574468,0.029422,0.310622,0.001903,0.293371,0.657895,0.0
0.0,0.0,1.0,0.0,0.0,0.0,0.0,0.430025,0.468085,0.089498,0.594466,0.003467,0.422915,0.414912,1.0
0.0,0.0,0.0,0.0,0.0,1.0,0.0,0.898102,0.787234,0.036568,0.616037,0.002468,0.642672,0.417105,0.0
0.0,0.0,0.0,0.0,1.0,0.0,0.0,0.45144,0.957447,0.03885,0.676584,0.002574,0.479544,0.712719,0.0
0.0,0.0,0.0,0.0,0.0,0.0,1.0,0.01376,0.531915,0.041221,0.353317,0.003467,0.422915,0.414912,0.0
0.0,0.0,0.0,0.0,1.0,0.0,0.0,0.868192,0.531915,0.027201,0.636269,0.001678,0.540911,0.726754,0.0
0.0,1.0,0.0,0.0,0.0,0.0,0.0,0.902615,0.702128,0.087216,0.481404,0.005877,0.581305,0.335965,1.0
1.0,0.0,0.0,0.0,0.0,0.0,0.0,0.893677,0.93617,0.058064,0.493454,0.00275,0.340238,0.615789,1.0
0.0,1.0,0.0,0.0,0.0,0.0,0.0,0.009867,0.510638,0.07887,0.560845,0.003467,0.422915,0.414912,1.0
1.0,0.0,0.0,0.0,0.0,0.0,0.0,0.871997,0.191489,0.024919,0.124963,0.000841,0.158467,0.798246,0.0
0.0,0.0,0.0,1.0,0.0,0.0,0.0,0.027167,0.723404,0.05215,0.447932,0.003467,0.422915,0.414912,0.0
0.0,0.0,0.0,0.0,0.0,0.0,1.0,0.473386,0.893617,0.028642,0.385897,0.001946,0.239254,0.636404,0.0
0.0,0.0,0.0,0.0,0.0,0.0,1.0,0.867661,0.12766,0.025009,0.119756,0.001616,0.231486,0.897807,0.0
0.0,0.0,0.0,0.0,1.0,0.0,0.0,0.429494,0.276596,0.077999,0.490181,0.003467,0.422915,0.414912,1.0
0.0,0.0,0.0,0.0,0.0,0.0,1.0,0.907172,0.553191,0.091269,0.376525,0.005939,0.389694,0.669737,1.0
0.0,0.0,0.0,0.0,0.0,0.0,1.0,0.898544,0.021277,0.090038,0.481404,0.005874,0.468669,0.517105,1.0
0.0,0.0,1.0,0.0,0.0,0.0,0.0,0.000973,0.340426,0.044134,0.608152,0.003467,0.422915,0.414912,0.0
1.0,0.0,0.0,0.0,0.0,0.0,0.0,0.47374,0.893617,0.036958,0.368045,0.001685,0.254272,0.799123,1.0
0.0,0.0,0.0,0.0,1.0,0.0,0.0,0.443432,0.06383,0.042632,0.369979,0.002829,0.413516,0.613158,0.0
0.0,0.0,0.0,0.0,0.0,0.0,1.0,0.889916,0.276596,0.140026,0.323267,0.002009,0.315122,0.55614,1.0
1.0,0.0,0.0,0.0,0.0,0.0,0.0,0.911818,0.744681,0.043683,0.339482,0.002852,0.27421,0.728947,1.0
0.0,0.0,0.0,1.0,0.0,0.0,0.0,0.424848,0.489362,0.060796,0.428741,0.003467,0.422915,0.414912,1.0
1.0,0.0,0.0,0.0,0.0,0.0,0.0,0.995575,0.446809,0.081902,0.412229,0.002948,0.255308,0.765789,1.0
0.0,0.0,0.0,0.0,1.0,0.0,0.0,0.030928,0.617021,0.113726,0.586581,0.003467,0.422915,0.414912,1.0
0.0,0.0,0.0,0.0,0.0,1.0,0.0,0.495686,0.680851,0.030563,0.434097,0.002137,0.42724,0.25,0.0
0.0,0.0,0.0,0.0,1.0,0.0,0.0,0.424583,0.829787,0.056923,0.311514,0.003467,0.422915,0.414912,0.0
0.0,0.0,0.0,0.0,0.0,0.0,1.0,0.893633,0.957447,0.063588,0.543886,0.003816,0.382962,0.681579,0.0
0.0,0.0,1.0,0.0,0.0,0.0,0.0,0.87589,0.361702,0.034046,0.627641,0.002204,0.588296,0.51886,0.0
0.0,1.0,0.0,0.0,0.0,0.0,0.0,0.429052,0.553191,0.096073,0.512943,0.003467,0.422915,0.414912,1.0
0.0,0.0,0.0,0.0,0.0,0.0,1.0,0.455511,0.191489,0.029933,0.221214,0.002017,0.243138,0.771491,0.0
0.0,0.0,0.0,0.0,0.0,0.0,1.0,0.465378,0.382979,0.029182,0.42889,0.001973,0.328068,0.599561,0.0
0.0,0.0,0.0,1.0,0.0,0.0,0.0,0.90704,0.787234,0.124475,0.602202,0.008594,0.91507,0.104386,1.0
0.0,1.0,0.0,0.0,0.0,0.0,0.0,0.868059,1.0,0.034917,0.312556,0.002229,0.279389,0.774123,1.0
1.0,0.0,0.0,0.0,0.0,0.0,0.0,0.968895,0.021277,0.035967,0.331895,0.002056,0.359399,0.59386,0.0
1.0,0.0,0.0,0.0,0.0,0.0,0.0,0.434671,0.638298,0.045785,0.247545,0.003467,0.422915,0.414912,0.0
0.0,0.0,1.0,0.0,0.0,0.0,0.0,0.43383,0.404255,0.047436,0.530051,0.003467,0.422915,0.414912,0.0
0.0,0.0,0.0,0.0,0.0,1.0,0.0,0.424627,0.021277,0.056923,0.234008,0.003467,0.422915,0.414912,0.0
0.0,1.0,0.0,0.0,0.0,0.0,0.0,0.898943,0.723404,0.064819,0.587028,0.004368,0.582859,0.433772,0.0
0.0,0.0,0.0,0.0,0.0,0.0,1.0,0.872262,0.340426,0.040741,0.429485,0.002075,0.333506,0.873246,1.0
0.0,0.0,0.0,0.0,0.0,1.0,0.0,0.460378,0.212766,0.028612,0.217346,0.001951,0.242103,0.527193,0.0
0.0,0.0,1.0,0.0,0.0,0.0,0.0,0.898987,0.723404,0.076979,0.623326,0.005164,0.671673,0.456579,0.0
0.0,0.0,0.0,1.0,0.0,0.0,0.0,0.894739,0.404255,0.153176,0.78429,0.010066,0.763594,0.438158,1.0
0.0,0.0,0.0,0.0,1.0,0.0,0.0,0.437901,0.276596,0.054732,0.339185,0.003467,0.422915,0.414912,1.0
1.0,0.0,0.0,0.0,0.0,0.0,0.0,0.867705,0.191489,0.022037,0.111276,0.000841,0.157172,0.902632,0.0
0.0,0.0,0.0,0.0,0.0,0.0,1.0,0.434317,0.93617,0.046625,0.310176,0.003467,0.422915,0.414912,0.0
0.0,0.0,0.0,1.0,0.0,0.0,0.0,0.473563,0.702128,0.02672,0.482297,0.001776,0.559814,0.388158,0.0
0.0,0.0,1.0,0.0,0.0,0.0,0.0,0.022211,0.829787,0.046445,0.422791,0.003467,0.422915,0.414912,0.0
0.0,0.0,0.0,0.0,1.0,0.0,0.0,0.876289,1.0,0.031554,0.40241,0.002032,0.451579,0.749123,0.0
0.0,0.0,0.0,0.0,0.0,1.0,0.0,0.469625,0.404255,0.072115,0.533918,0.004832,0.525634,0.415789,1.0
0.0,0.0,0.0,0.0,1.0,0.0,0.0,0.000442,0.382979,0.178095,0.576317,0.003467,0.422915,0.414912,1.0
0.0,0.0,0.0,0.0,0.0,1.0,0.0,0.004469,1.0,0.043833,0.416989,0.003467,0.422915,0.414912,0.0
0.0,1.0,0.0,0.0,0.0,0.0,0.0,0.018141,0.723404,0.07932,0.502827,0.003467,0.422915,0.414912,1.0
0.0,0.0,0.0,1.0,0.0,0.0,0.0,0.447679,0.851064,0.088327,0.754537,0.00602,0.595805,0.500439,1.0
1.0,0.0,0.0,0.0,0.0,0.0,0.0,0.424716,0.638298,0.125465,0.559952,0.003467,0.422915,0.414912,1.0
0.0,1.0,0.0,0.0,0.0,0.0,0.0,0.894341,0.87234,0.068662,0.709759,0.004622,0.619627,0.471053,0.0
0.0,0.0,0.0,1.0,0.0,0.0,0.0,0.425468,0.489362,0.164615,0.604284,0.003467,0.422915,0.414912,1.0
0.0,0.0,0.0,0.0,1.0,0.0,0.0,0.430114,0.638298,0.072895,0.523207,0.003467,0.422915,0.414912,1.0
0.0,0.0,0.0,1.0,0.0,0.0,0.0,0.013937,0.191489,0.059865,0.247545,0.003467,0.422915,0.414912,0.0
0.0,0.0,0.0,1.0,0.0,0.0,0.0,0.876554,0.234043,0.031374,0.414758,0.001776,0.424392,0.704386,1.0
0.0,1.0,0.0,0.0,0.0,0.0,0.0,0.464537,0.957447,0.047886,0.355995,0.003203,0.353962,0.588596,0.0
0.0,1.0,0.0,0.0,0.0,0.0,0.0,0.465156,0.531915,0.05278,0.469949,0.003691,0.505438,0.118421,1.0
1.0,0.0,0.0,0.0,0.0,0.0,0.0,0.447237,0.382979,0.042422,0.570068,0.002613,0.278353,0.765789,1.0
0.0,1.0,0.0,0.0,0.0,0.0,0.0,0.880757,0.489362,0.031734,0.333829,0.000893,0.236147,0.838158,1.0
0.0,0.0,1.0,0.0,0.0,0.0,0.0,0.451042,0.06383,0.040801,0.476198,0.002744,0.479803,0.57193,1.0
0.0,0.0,0.0,0.0,0.0,0.0,1.0,0.017743,0.489362,0.047706,0.321779,0.003467,0.422915,0.414912,0.0
0.0,1.0,0.0,0.0,0.0,0.0,0.0,0.42476,0.978723,0.058394,0.362243,0.003467,0.422915,0.414912,0.0
0.0,0.0,0.0,1.0,0.0,0.0,0.0,0.456307,0.340426,0.040501,0.653377,0.002717,0.643449,0.528947,1.0
0.0,0.0,0.0,0.0,0.0,1.0,0.0,0.451175,0.06383,0.041371,0.473817,0.002769,0.483169,0.488596,0.0
1.0,0.0,0.0,0.0,0.0,0.0,0.0,0.897969,0.170213,0.055752,0.201428,0.002773,0.290005,0.794298,0.0
0.0,0.0,1.0,0.0,0.0,0.0,0.0,0.438432,0.212766,0.055212,0.188932,0.003467,0.422915,0.414912,0.0
1.0,0.0,0.0,0.0,0.0,0.0,0.0,0.433432,0.361702,0.10508,0.58316,0.003467,0.422915,0.414912,1.0
1.0,0.0,0.0,0.0,0.0,0.0,0.0,0.451573,0.723404,0.041401,0.722702,0.001259,0.361989,0.736842,1.0
0.0,0.0,0.0,0.0,1.0,0.0,0.0,0.906774,0.87234,0.047556,0.48557,0.003205,0.410409,0.465351,0.0
0.0,1.0,0.0,0.0,0.0,0.0,0.0,0.451927,0.553191,0.033626,0.579441,0.002196,0.62377,0.572368,0.0
0.0,0.0,0.0,0.0,1.0,0.0,0.0,0.437901,0.531915,0.081062,0.509075,0.003467,0.422915,0.414912,1.0
0.0,0.0,0.0,0.0,0.0,0.0,1.0,0.898544,0.106383,0.061277,0.277596,0.004055,0.413257,0.530263,0.0
0.0,0.0,0.0,0.0,0.0,0.0,1.0,0.894252,0.425532,0.087066,0.650104,0.005002,0.477214,0.72193,1.0
1.0,0.0,0.0,0.0,0.0,0.0,0.0,0.451263,0.851064,0.044104,0.60726,0.002867,0.424392,0.738158,1.0
1.0,0.0,0.0,0.0,0.0,0.0,0.0,0.451883,0.255319,0.032665,0.216453,0.001824,0.172967,0.831579,0.0
1.0,0.0,0.0,0.0,0.0,0.0,0.0,0.451573,0.085106,0.044404,0.274174,0.002445,0.402123,0.662719,1.0
0.0,0.0,1.0,0.0,0.0,0.0,0.0,0.880802,0.574468,0.027441,0.416989,0.001824,0.455463,0.607018,0.0
1.0,0.0,0.0,0.0,0.0,0.0,0.0,0.460776,0.510638,0.030954,0.384558,0.002119,0.183584,0.442105,0.0
0.0,1.0,0.0,0.0,0.0,0.0,0.0,0.031105,0.148936,0.074787,0.138352,0.003467,0.422915,0.414912,1.0
0.0,1.0,0.0,0.0,0.0,0.0,0.0,0.017521,0.957447,0.104179,0.528265,0.003467,0.422915,0.414912,1.0
0.0,0.0,0.0,0.0,0.0,0.0,1.0,0.890226,0.276596,0.073646,0.347962,0.001836,0.358622,0.59693,1.0
0.0,0.0,0.0,0.0,0.0,0.0,1.0,0.442901,0.0,0.071364,0.498959,0.004828,0.408338,0.496491,1.0
0.0,0.0,1.0,0.0,0.0,0.0,0.0,0.018495,0.893617,0.045034,0.389021,0.003467,0.422915,0.414912,0.0
0.0,0.0,0.0,0.0,1.0,0.0,0.0,0.908013,0.553191,0.123244,0.46147,0.008359,0.550751,0.452193,1.0
0.0,1.0,0.0,0.0,0.0,0.0,0.0,0.451307,0.87234,0.042572,0.638649,0.002775,0.48783,0.794298,1.0
0.0,0.0,1.0,0.0,0.0,0.0,0.0,0.031459,0.574468,0.060406,0.481256,0.003467,0.422915,0.414912,0.0
0.0,0.0,1.0,0.0,0.0,0.0,0.0,0.482412,0.595745,0.040411,0.464296,0.002813,0.495857,0.197368,0.0
0.0,0.0,0.0,0.0,0.0,0.0,1.0,0.018362,0.510638,0.069713,0.299464,0.003467,0.422915,0.414912,1.0
0.0,0.0,0.0,0.0,1.0,0.0,0.0,0.893677,0.06383,0.042332,0.367004,0.00264,0.415329,0.675,1.0
1.0,0.0,0.0,0.0,0.0,0.0,0.0,0.433742,0.595745,0.075027,0.516364,0.003467,0.422915,0.414912,1.0
0.0,0.0,1.0,0.0,0.0,0.0,0.0,0.898987,0.12766,0.054792,0.299762,0.003544,0.400052,0.620614,0.0
0.0,0.0,0.0,0.0,0.0,0.0,1.0,0.425601,0.617021,0.066741,0.267331,0.003467,0.422915,0.414912,0.0
0.0,0.0,0.0,1.0,0.0,0.0,0.0,0.911641,0.06383,0.042933,0.237876,0.002852,0.379078,0.587719,0.0
0.0,0.0,0.0,0.0,0.0,0.0,1.0,0.425601,0.361702,0.076258,0.319994,0.003467,0.422915,0.414912,1.0
0.0,0.0,0.0,1.0,0.0,0.0,0.0,0.00438,0.361702,0.043893,0.580928,0.003467,0.422915,0.414912,0.0
0.0,0.0,0.0,0.0,1.0,0.0,0.0,0.013982,0.361702,0.072625,0.652187,0.003467,0.422915,0.414912,0.0
0.0,1.0,0.0,0.0,0.0,0.0,0.0,0.030795,0.978723,0.098024,0.408063,0.003467,0.422915,0.414912,1.0
0.0,1.0,0.0,0.0,0.0,0.0,0.0,0.871422,0.255319,0.025219,0.427403,0.001371,0.546867,0.629386,0.0
0.0,1.0,0.0,0.0,0.0,0.0,0.0,0.460511,0.042553,0.023838,0.249926,0.001591,0.3884,0.623246,0.0
0.0,0.0,0.0,0.0,0.0,1.0,0.0,0.469316,0.276596,0.054702,0.462809,0.003602,0.550492,0.326754,1.0
1.0,0.0,0.0,0.0,0.0,0.0,0.0,0.433742,0.808511,0.072775,0.422642,0.003467,0.422915,0.414912,1.0
0.0,0.0,0.0,1.0,0.0,0.0,0.0,0.00469,0.425532,0.119731,0.647724,0.003467,0.422915,0.414912,0.0
1.0,0.0,0.0,0.0,0.0,0.0,0.0,0.876731,0.361702,0.028191,0.373103,0.001109,0.272916,0.752193,0.0
0.0,0.0,0.0,0.0,1.0,0.0,0.0,0.424893,0.553191,0.101267,0.435882,0.003467,0.422915,0.414912,1.0
1.0,0.0,0.0,0.0,0.0,0.0,0.0,0.018097,0.957447,0.074517,0.415055,0.003467,0.422915,0.414912,0.0
1.0,0.0,0.0,0.0,0.0,0.0,0.0,0.008893,0.893617,0.090579,0.633442,0.003467,0.422915,0.414912,1.0
1.0,0.0,0.0,0.0,0.0,0.0,0.0,0.461086,0.531915,0.030023,0.303481,0.002044,0.18203,0.499561,1.0
0.0,0.0,0.0,0.0,0.0,0.0,1.0,0.02668,0.93617,0.059865,0.318209,0.003467,0.422915,0.414912,1.0
0.0,0.0,0.0,0.0,0.0,0.0,1.0,0.031326,0.0,0.054642,0.22166,0.003467,0.422915,0.414912,0.0
1.0,0.0,0.0,0.0,0.0,0.0,0.0,0.90288,0.595745,0.053471,0.261529,0.003432,0.303729,0.776316,1.0
0.0,1.0,0.0,0.0,0.0,0.0,0.0,0.438697,0.531915,0.058394,0.508628,0.003467,0.422915,0.414912,1.0
0.0,0.0,0.0,0.0,0.0,1.0,0.0,0.425556,0.106383,0.066951,0.13017,0.003467,0.422915,0.414912,0.0
0.0,0.0,1.0,0.0,0.0,0.0,0.0,0.465201,0.531915,0.066771,0.475007,0.004564,0.498964,0.176754,1.0
0.0,0.0,0.0,0.0,0.0,1.0,0.0,0.030972,0.361702,0.089828,0.437072,0.003467,0.422915,0.414912,1.0
0.0,0.0,0.0,0.0,0.0,0.0,1.0,0.899164,0.212766,0.046806,0.183428,0.003045,0.269549,0.705702,0.0
1.0,0.0,0.0,0.0,0.0,0.0,0.0,0.451883,0.042553,0.056593,0.383666,0.003847,0.432677,0.45,1.0
0.0,0.0,0.0,0.0,0.0,0.0,1.0,0.455821,0.489362,0.034706,0.490479,0.002339,0.371051,0.639912,0.0
0.0,0.0,1.0,0.0,0.0,0.0,0.0,0.867307,0.531915,0.071544,0.495686,0.004765,0.545572,0.490351,1.0
1.0,0.0,0.0,0.0,0.0,0.0,0.0,0.880713,0.893617,0.031434,0.260785,0.00085,0.254013,0.774561,1.0
1.0,0.0,0.0,0.0,0.0,0.0,0.0,0.456175,0.723404,0.02609,0.334127,0.001749,0.334801,0.661404,0.0
1.0,0.0,0.0,0.0,0.0,0.0,0.0,0.008584,0.106383,0.042422,0.212288,0.003467,0.422915,0.414912,0.0
0.0,0.0,0.0,0.0,0.0,1.0,0.0,0.455776,0.148936,0.033505,0.253496,0.002285,0.315381,0.596053,0.0
1.0,0.0,0.0,0.0,0.0,0.0,0.0,0.912128,0.106383,0.028191,0.100714,0.001851,0.254272,0.625877,0.0
0.0,0.0,0.0,0.0,0.0,0.0,1.0,0.898235,0.829787,0.086826,0.619458,0.005403,0.484723,0.772368,1.0
1.0,0.0,0.0,0.0,0.0,0.0,0.0,0.90288,0.404255,0.050468,0.398542,0.002919,0.257121,0.804825,0.0
0.0,0.0,0.0,0.0,1.0,0.0,0.0,0.000133,0.893617,0.072835,0.352127,0.003467,0.422915,0.414912,0.0
0.0,1.0,0.0,0.0,0.0,0.0,0.0,0.871731,0.531915,0.028822,0.541952,0.001874,0.563956,0.653509,1.0
0.0,0.0,1.0,0.0,0.0,0.0,0.0,0.451042,0.085106,0.040831,0.417584,0.002719,0.443035,0.641228,1.0
0.0,0.0,0.0,0.0,1.0,0.0,0.0,0.005044,0.12766,0.042122,0.255281,0.003467,0.422915,0.414912,0.0
0.0,0.0,1.0,0.0,0.0,0.0,0.0,0.433521,0.93617,0.051849,0.417435,0.003467,0.422915,0.414912,0.0
0.0,0.0,0.0,0.0,1.0,0.0,0.0,0.000133,0.489362,0.146902,0.495537,0.003467,0.422915,0.414912,1.0
0.0,0.0,1.0,0.0,0.0,0.0,0.0,0.911597,0.957447,0.046235,0.451205,0.002975,0.303988,0.690789,0.0
0.0,0.0,0.0,1.0,0.0,0.0,0.0,0.026547,0.553191,0.087336,0.476346,0.003467,0.422915,0.414912,1.0
0.0,0.0,1.0,0.0,0.0,0.0,0.0,0.912216,0.404255,0.085415,0.547307,0.005816,0.569653,0.338158,1.0
0.0,0.0,1.0,0.0,0.0,0.0,0.0,0.464581,0.319149,0.055272,0.43737,0.003799,0.487312,0.375439,0.0
1.0,0.0,0.0,0.0,0.0,0.0,0.0,0.425645,0.340426,0.078119,0.314341,0.003467,0.422915,0.414912,1.0
0.0,0.0,0.0,0.0,0.0,1.0,0.0,0.912039,0.212766,0.064429,0.332639,0.004321,0.334801,0.561404,1.0
0.0,0.0,0.0,0.0,0.0,0.0,1.0,0.876997,0.148936,0.028612,0.123773,0.001901,0.187468,0.560526,0.0
0.0,0.0,0.0,1.0,0.0,0.0,0.0,0.460909,0.021277,0.047496,0.492859,0.003253,0.359917,0.365351,0.0
0.0,0.0,0.0,0.0,0.0,1.0,0.0,0.013716,0.765957,0.045755,0.571705,0.003467,0.422915,0.414912,0.0
0.0,1.0,0.0,0.0,0.0,0.0,0.0,0.009247,0.361702,0.1312,0.753347,0.003467,0.422915,0.414912,1.0
0.0,0.0,0.0,0.0,0.0,1.0,0.0,0.902792,0.702128,0.088567,0.544035,0.005798,0.520456,0.544298,1.0
0.0,0.0,0.0,0.0,0.0,0.0,1.0,0.000221,0.851064,0.047256,0.328771,0.003467,0.422915,0.414912,0.0
0.0,0.0,1.0,0.0,0.0,0.0,0.0,0.023141,0.531915,0.101747,0.477536,0.003467,0.422915,0.414912,1.0
0.0,0.0,1.0,0.0,0.0,0.0,0.0,0.438122,0.510638,0.062748,0.45909,0.003467,0.422915,0.414912,0.0
0.0,0.0,0.0,0.0,0.0,1.0,0.0,0.429848,0.021277,0.049838,0.277298,0.003467,0.422915,0.414912,0.0
0.0,0.0,0.0,0.0,1.0,0.0,0.0,0.893545,0.425532,0.07875,0.71928,0.005247,0.689798,0.41886,0.0
1.0,0.0,0.0,0.0,0.0,0.0,0.0,0.451573,0.787234,0.041972,0.78072,0.002518,0.497411,0.762281,1.0
1.0,0.0,0.0,0.0,0.0,0.0,0.0,0.907526,0.021277,0.042632,0.263761,0.002865,0.307354,0.492982,0.0
0.0,0.0,0.0,1.0,0.0,0.0,0.0,0.880227,0.595745,0.034826,0.528414,0.002426,0.520456,0.248246,0.0
0.0,0.0,1.0,0.0,0.0,0.0,0.0,0.915623,0.808511,0.047046,0.441833,0.003172,0.416624,0.480263,0.0
0.0,0.0,0.0,1.0,0.0,0.0,0.0,0.885182,0.93617,0.029753,0.475602,0.001988,0.380114,0.504386,0.0
0.0,1.0,0.0,0.0,0.0,0.0,0.0,0.871731,0.468085,0.028822,0.547456,0.001874,0.539617,0.69386,1.0
0.0,0.0,0.0,0.0,0.0,0.0,1.0,0.876377,0.489362,0.032605,0.482743,0.001959,0.364837,0.898684,1.0
0.0,1.0,0.0,0.0,0.0,0.0,0.0,0.889076,0.787234,0.029542,0.637905,0.001988,0.652253,0.237281,0.0
0.0,1.0,0.0,0.0,0.0,0.0,0.0,0.009557,0.574468,0.041492,0.528563,0.003467,0.422915,0.414912,0.0
0.0,0.0,0.0,0.0,0.0,0.0,1.0,0.898544,0.978723,0.094332,0.491818,0.006032,0.451579,0.557895,1.0
0.0,1.0,0.0,0.0,0.0,0.0,0.0,0.464537,0.191489,0.018224,0.053853,0.001213,0.187468,0.682895,0.0
1.0,0.0,0.0,0.0,0.0,0.0,0.0,0.429627,0.659574,0.092771,0.641327,0.003467,0.422915,0.414912,1.0
0.0,0.0,0.0,0.0,1.0,0.0,0.0,0.911995,0.042553,0.073166,0.311812,0.004967,0.44407,0.426316,1.0
0.0,0.0,0.0,0.0,1.0,0.0,0.0,0.88151,0.425532,0.027741,0.509372,0.001886,0.566287,0.322807,0.0
0.0,0.0,0.0,0.0,1.0,0.0,0.0,0.017654,0.489362,0.057314,0.50476,0.003467,0.422915,0.414912,0.0
0.0,1.0,0.0,0.0,0.0,0.0,0.0,0.425379,0.574468,0.11829,0.645195,0.003467,0.422915,0.414912,1.0
0.0,0.0,0.0,0.0,0.0,1.0,0.0,0.884651,0.744681,0.03942,0.606218,0.002798,0.602279,0.19386,1.0
1.0,0.0,0.0,0.0,0.0,0.0,0.0,0.911199,0.638298,0.042452,0.272538,0.002798,0.205075,0.668421,0.0
0.0,1.0,0.0,0.0,0.0,0.0,0.0,0.898013,0.914894,0.055422,0.594168,0.003695,0.503884,0.567105,0.0
0.0,0.0,0.0,0.0,0.0,1.0,0.0,0.889253,0.276596,0.034947,0.479024,0.002349,0.445624,0.478509,1.0
0.0,0.0,0.0,1.0,0.0,0.0,0.0,0.027477,0.851064,0.053861,0.39512,0.003467,0.422915,0.414912,0.0
0.0,0.0,0.0,0.0,0.0,0.0,1.0,0.45613,0.744681,0.023388,0.503124,0.001521,0.371051,0.739912,0.0
0.0,0.0,0.0,0.0,0.0,0.0,1.0,0.022388,0.297872,0.063468,0.127194,0.003467,0.422915,0.414912,0.0
0.0,0.0,0.0,0.0,1.0,0.0,0.0,0.911685,0.765957,0.045094,0.470396,0.00307,0.525893,0.329386,0.0
0.0,0.0,0.0,0.0,1.0,0.0,0.0,0.986594,0.255319,0.078269,0.410443,0.005125,0.406525,0.658772,0.0
0.0,0.0,0.0,0.0,0.0,0.0,1.0,0.022388,0.978723,0.069143,0.307349,0.003467,0.422915,0.414912,1.0
0.0,0.0,1.0,0.0,0.0,0.0,0.0,0.451661,0.255319,0.034526,0.454329,0.002302,0.398498,0.774123,0.0
0.0,1.0,0.0,0.0,0.0,0.0,0.0,0.911553,0.702128,0.047556,0.504909,0.003149,0.543501,0.474123,0.0
0.0,0.0,0.0,1.0,0.0,0.0,0.0,0.469846,0.531915,0.966074,0.787861,0.064389,0.88581,0.084649,1.0
1.0,0.0,0.0,0.0,0.0,0.0,0.0,0.017477,0.404255,0.113516,0.593425,0.003467,0.422915,0.414912,1.0
0.0,0.0,0.0,0.0,1.0,0.0,0.0,0.903367,0.914894,0.036268,0.420559,0.002422,0.466598,0.429825,0.0
1.0,0.0,0.0,0.0,0.0,0.0,0.0,0.995575,1.0,0.069863,0.378756,0.00456,0.406007,0.624561,1.0
1.0,0.0,0.0,0.0,0.0,0.0,0.0,0.470023,0.574468,0.028041,0.301547,0.001901,0.191869,0.607456,1.0
0.0,0.0,0.0,0.0,1.0,0.0,0.0,0.008761,0.276596,0.106131,0.486611,0.003467,0.422915,0.414912,1.0
0.0,0.0,0.0,0.0,0.0,0.0,1.0,0.911774,0.382979,0.055963,0.465338,0.003662,0.392543,0.675,1.0
0.0,0.0,1.0,0.0,0.0,0.0,0.0,0.902659,0.297872,0.087997,0.503273,0.005889,0.525634,0.34693,1.0
0.0,0.0,0.0,0.0,0.0,1.0,0.0,0.009424,0.553191,0.041732,0.417733,0.003467,0.422915,0.414912,0.0
0.0,0.0,0.0,0.0,1.0,0.0,0.0,0.898456,0.382979,0.126306,0.657542,0.008546,0.670637,0.410088,1.0
0.0,0.0,0.0,0.0,0.0,0.0,1.0,0.429892,0.893617,0.075087,0.383814,0.003467,0.422915,0.414912,1.0
0.0,0.0,1.0,0.0,0.0,0.0,0.0,0.871466,0.234043,0.05245,0.426064,0.002314,0.41274,0.770175,1.0
1.0,0.0,0.0,0.0,0.0,0.0,0.0,0.456175,0.170213,0.02693,0.126599,0.000862,0.175039,0.74386,0.0
0.0,1.0,0.0,0.0,0.0,0.0,0.0,0.000619,0.212766,0.087366,0.19637,0.003467,0.422915,0.414912,0.0
0.0,0.0,0.0,0.0,0.0,1.0,0.0,0.429539,0.574468,0.082593,0.401964,0.003467,0.422915,0.414912,1.0
0.0,0.0,0.0,0.0,0.0,0.0,1.0,0.907172,0.446809,0.103669,0.466974,0.006755,0.452615,0.622368,1.0
0.0,1.0,0.0,0.0,0.0,0.0,0.0,0.437768,0.957447,0.043383,0.383071,0.003467,0.422915,0.414912,0.0
0.0,0.0,0.0,0.0,0.0,1.0,0.0,0.017698,0.659574,0.047346,0.275364,0.003467,0.422915,0.414912,0.0
0.0,1.0,0.0,0.0,0.0,0.0,0.0,0.455909,0.489362,0.066501,0.610384,0.004657,0.671414,0.260526,1.0
0.0,0.0,1.0,0.0,0.0,0.0,0.0,0.889739,0.87234,0.078179,0.730586,0.005393,0.599171,0.476754,1.0
0.0,0.0,0.0,0.0,0.0,0.0,1.0,0.911464,0.680851,0.044674,0.351235,0.002869,0.383739,0.708772,0.0
1.0,0.0,0.0,0.0,0.0,0.0,0.0,0.424716,0.787234,0.085235,0.411633,0.003467,0.422915,0.414912,0.0
1.0,0.0,0.0,0.0,0.0,0.0,0.0,0.013805,0.191489,0.045034,0.157691,0.003467,0.422915,0.414912,0.0
1.0,0.0,0.0,0.0,0.0,0.0,0.0,0.89027,0.0,0.041131,0.475305,0.002476,0.465562,0.654825,0.0
0.0,0.0,1.0,0.0,0.0,0.0,0.0,0.026503,0.0,0.059986,0.400179,0.003467,0.422915,0.414912,0.0
0.0,0.0,0.0,0.0,1.0,0.0,0.0,0.871864,0.234043,0.058635,0.396311,0.001703,0.425168,0.674561,1.0
0.0,0.0,0.0,0.0,0.0,1.0,0.0,0.022344,0.617021,0.070824,0.287117,0.003467,0.422915,0.414912,1.0
0.0,0.0,0.0,0.0,1.0,0.0,0.0,0.903057,0.021277,0.087426,0.492413,0.005758,0.459606,0.548684,1.0
0.0,0.0,0.0,0.0,0.0,0.0,1.0,0.995443,0.319149,0.048397,0.446147,0.002505,0.292336,0.878947,1.0
0.0,0.0,0.0,1.0,0.0,0.0,0.0,0.013628,0.234043,0.042602,0.261083,0.003467,0.422915,0.414912,0.0
0.0,0.0,0.0,0.0,0.0,0.0,1.0,0.907792,0.617021,0.042813,0.32773,0.002854,0.323666,0.506579,0.0
0.0,0.0,1.0,0.0,0.0,0.0,0.0,0.473209,0.148936,0.028011,0.165278,0.001903,0.199637,0.589912,0.0
0.0,0.0,0.0,1.0,0.0,0.0,0.0,0.907659,0.319149,0.050468,0.46742,0.003419,0.558001,0.42807,0.0
0.0,0.0,0.0,0.0,0.0,1.0,0.0,0.473342,1.0,0.050739,0.402112,0.003508,0.353185,0.282018,1.0
0.0,0.0,1.0,0.0,0.0,0.0,0.0,0.8762,0.702128,0.030533,0.53853,0.001969,0.631538,0.514474,1.0
1.0,0.0,0.0,0.0,0.0,0.0,0.0,0.876112,0.021277,0.024469,0.18432,0.000877,0.244433,0.812719,0.0
0.0,0.0,0.0,1.0,0.0,0.0,0.0,0.890093,0.531915,0.071004,0.694139,0.004971,0.711807,0.305702,0.0
0.0,1.0,0.0,0.0,0.0,0.0,0.0,0.429052,0.297872,0.075387,0.441089,0.003467,0.422915,0.414912,0.0
0.0,0.0,1.0,0.0,0.0,0.0,0.0,0.026813,0.829787,0.09247,0.468611,0.003467,0.422915,0.414912,1.0
0.0,0.0,0.0,0.0,1.0,0.0,0.0,0.911995,0.808511,0.044584,0.502529,0.002981,0.421284,0.419737,0.0
1.0,0.0,0.0,0.0,0.0,0.0,0.0,0.456175,0.829787,0.032485,0.451205,0.002158,0.420508,0.696491,1.0
0.0,1.0,0.0,0.0,0.0,0.0,0.0,0.451617,0.787234,0.043743,0.840077,0.002887,0.694718,0.547807,1.0
0.0,1.0,0.0,0.0,0.0,0.0,0.0,0.027388,0.489362,0.106341,0.583904,0.003467,0.422915,0.414912,1.0
1.0,0.0,0.0,0.0,0.0,0.0,0.0,0.893677,0.12766,0.032935,0.221363,0.001909,0.336613,0.763158,0.0
0.0,0.0,0.0,1.0,0.0,0.0,0.0,0.424848,0.595745,0.066531,0.437221,0.003467,0.422915,0.414912,1.0
1.0,0.0,0.0,0.0,0.0,0.0,0.0,0.018716,0.531915,0.048487,0.477536,0.003467,0.422915,0.414912,0.0
1.0,0.0,0.0,0.0,0.0,0.0,0.0,0.446617,0.085106,0.029122,0.232223,0.001849,0.361212,0.730702,0.0
0.0,0.0,0.0,1.0,0.0,0.0,0.0,0.894739,0.93617,0.082112,0.701428,0.005382,0.548679,0.655263,0.0
1.0,0.0,0.0,0.0,0.0,0.0,0.0,0.868015,0.170213,0.024919,0.09521,0.000831,0.126359,0.836404,0.0
0.0,0.0,0.0,1.0,0.0,0.0,0.0,0.022875,0.702128,0.084814,0.454924,0.003467,0.422915,0.414912,1.0
0.0,0.0,0.0,1.0,0.0,0.0,0.0,8.8e-05,0.255319,0.049868,0.307349,0.003467,0.422915,0.414912,1.0
0.0,0.0,0.0,0.0,0.0,0.0,1.0,0.437989,0.191489,0.021016,0.057275,0.003467,0.422915,0.414912,0.0
0.0,0.0,0.0,0.0,0.0,0.0,1.0,0.889297,0.276596,0.028372,0.247694,0.000885,0.217245,0.72193,1.0
0.0,0.0,0.0,1.0,0.0,0.0,0.0,0.425158,0.787234,0.058394,0.397203,0.003467,0.422915,0.414912,0.0
1.0,0.0,0.0,0.0,0.0,0.0,0.0,0.022742,0.446809,0.102738,0.482148,0.003467,0.422915,0.414912,1.0
0.0,1.0,0.0,0.0,0.0,0.0,0.0,0.008628,0.085106,0.057734,0.367896,0.003467,0.422915,0.414912,0.0
1.0,0.0,0.0,0.0,0.0,0.0,0.0,0.018716,0.425532,0.054281,0.536447,0.003467,0.422915,0.414912,1.0
0.0,1.0,0.0,0.0,0.0,0.0,0.0,0.473165,0.531915,0.048307,0.603541,0.003209,0.541429,0.439912,1.0
0.0,0.0,0.0,0.0,0.0,1.0,0.0,0.026636,0.680851,0.059865,0.298126,0.003467,0.422915,0.414912,0.0
0.0,0.0,0.0,0.0,1.0,0.0,0.0,0.00938,0.531915,0.041642,0.568878,0.003467,0.422915,0.414912,0.0
0.0,0.0,1.0,0.0,0.0,0.0,0.0,0.008982,0.808511,0.125796,0.778935,0.003467,0.422915,0.414912,1.0
1.0,0.0,0.0,0.0,0.0,0.0,0.0,0.023052,0.106383,0.046866,0.098334,0.003467,0.422915,0.414912,0.0
0.0,0.0,0.0,0.0,0.0,1.0,0.0,0.885271,0.255319,0.027771,0.344838,0.001843,0.320041,0.590351,0.0
0.0,0.0,0.0,0.0,0.0,1.0,0.0,0.031592,0.531915,0.056833,0.322374,0.003467,0.422915,0.414912,0.0
0.0,0.0,0.0,0.0,0.0,0.0,1.0,0.902836,0.425532,0.087366,0.483338,0.005474,0.374676,0.764912,1.0
0.0,1.0,0.0,0.0,0.0,0.0,0.0,0.429052,1.0,0.067551,0.371467,0.003467,0.422915,0.414912,0.0
0.0,0.0,0.0,0.0,0.0,1.0,0.0,0.871599,0.191489,0.0266,0.271199,0.0014,0.30347,0.927632,0.0
1.0,0.0,0.0,0.0,0.0,0.0,0.0,0.902571,0.510638,0.075117,0.335614,0.004971,0.282755,0.620175,1.0
0.0,0.0,0.0,1.0,0.0,0.0,0.0,0.902703,0.510638,0.036268,0.503868,0.002412,0.546608,0.472368,0.0
0.0,0.0,0.0,0.0,0.0,0.0,1.0,0.461042,0.148936,0.027591,0.162005,0.001861,0.165976,0.529825,0.0
0.0,0.0,1.0,0.0,0.0,0.0,0.0,0.902969,0.276596,0.070434,0.460875,0.005004,0.487312,0.451316,0.0
1.0,0.0,0.0,0.0,0.0,0.0,0.0,0.438343,0.276596,0.061187,0.396311,0.003467,0.422915,0.414912,1.0
0.0,0.0,0.0,0.0,0.0,0.0,1.0,0.885005,0.744681,0.087096,0.489884,0.005812,0.38348,0.448684,1.0
0.0,0.0,0.0,0.0,1.0,0.0,0.0,0.88089,0.787234,0.029332,0.537935,0.001919,0.560073,0.55614,0.0
0.0,0.0,1.0,0.0,0.0,0.0,0.0,0.004336,0.085106,0.046806,0.308985,0.003467,0.422915,0.414912,0.0
0.0,0.0,0.0,0.0,0.0,0.0,1.0,0.881288,0.93617,0.029873,0.316424,0.001834,0.308907,0.65614,0.0
0.0,0.0,0.0,0.0,0.0,0.0,1.0,0.460732,0.255319,0.029693,0.189229,0.002034,0.168566,0.382018,0.0
0.0,1.0,0.0,0.0,0.0,0.0,0.0,0.46113,0.234043,0.02669,0.211098,0.001786,0.237701,0.63114,0.0
0.0,0.0,0.0,1.0,0.0,0.0,0.0,0.903013,0.446809,0.089618,0.548944,0.005989,0.63594,0.314474,0.0
0.0,0.0,0.0,1.0,0.0,0.0,0.0,0.009026,0.446809,0.090159,0.668849,0.003467,0.422915,0.414912,0.0
0.0,0.0,1.0,0.0,0.0,0.0,0.0,0.902969,0.297872,0.047376,0.465784,0.003083,0.533143,0.304825,0.0
0.0,0.0,1.0,0.0,0.0,0.0,0.0,0.902969,0.170213,0.045034,0.178072,0.003002,0.309684,0.711842,0.0
1.0,0.0,0.0,0.0,0.0,0.0,0.0,0.461086,0.87234,0.033836,0.402559,0.002358,0.337131,0.313596,1.0
0.0,0.0,1.0,0.0,0.0,0.0,0.0,0.868103,0.021277,0.028612,0.241892,0.001273,0.242879,0.761842,0.0
0.0,0.0,0.0,0.0,0.0,0.0,1.0,0.447193,0.829787,0.043083,0.605177,0.002987,0.437338,0.565351,1.0
0.0,0.0,1.0,0.0,0.0,0.0,0.0,0.911907,1.0,0.057704,0.42889,0.003932,0.423356,0.472807,1.0
0.0,0.0,1.0,0.0,0.0,0.0,0.0,0.898677,0.957447,0.088297,0.584052,0.005667,0.436044,0.570175,1.0
0.0,0.0,0.0,0.0,0.0,1.0,0.0,0.451484,0.744681,0.044794,0.82654,0.002958,0.714656,0.467544,0.0
0.0,0.0,0.0,0.0,0.0,0.0,1.0,0.022079,0.531915,0.073256,0.282952,0.003467,0.422915,0.414912,1.0
0.0,0.0,0.0,0.0,0.0,0.0,1.0,0.013141,0.361702,0.041401,0.355103,0.003467,0.422915,0.414912,0.0
1.0,0.0,0.0,0.0,0.0,0.0,0.0,0.452192,0.851064,0.033656,0.571854,0.002318,0.374417,0.450877,0.0
0.0,0.0,0.0,1.0,0.0,0.0,0.0,0.443387,0.914894,0.042843,0.420559,0.002833,0.406266,0.640789,0.0
0.0,0.0,0.0,1.0,0.0,0.0,0.0,0.889164,0.06383,0.029572,0.390955,0.001982,0.464785,0.492544,0.0
0.0,0.0,0.0,1.0,0.0,0.0,0.0,0.473253,0.297872,0.0393,0.520381,0.002657,0.443035,0.367105,0.0
0.0,0.0,1.0,0.0,0.0,0.0,0.0,0.867793,0.765957,0.028251,0.509223,0.00183,0.44666,0.815351,0.0
0.0,1.0,0.0,0.0,0.0,0.0,0.0,0.023096,0.957447,0.101567,0.408956,0.003467,0.422915,0.414912,1.0
0.0,0.0,0.0,0.0,0.0,1.0,0.0,0.903102,0.489362,0.085175,0.512645,0.00585,0.546608,0.461842,1.0
1.0,0.0,0.0,0.0,0.0,0.0,0.0,0.47405,0.510638,0.044734,0.516959,0.002987,0.347488,0.715351,1.0
0.0,0.0,0.0,0.0,0.0,1.0,0.0,0.451484,0.851064,0.047796,0.697263,0.003184,0.57535,0.656579,1.0
0.0,1.0,0.0,0.0,0.0,0.0,0.0,0.911862,0.531915,0.048367,0.520976,0.003251,0.549974,0.419298,1.0
0.0,0.0,0.0,0.0,1.0,0.0,0.0,0.871864,0.446809,0.03984,0.655757,0.002597,0.698602,0.374561,1.0
0.0,0.0,0.0,0.0,0.0,1.0,0.0,0.452104,0.595745,0.033265,0.50119,0.002273,0.511393,0.326316,0.0
0.0,0.0,0.0,0.0,1.0,0.0,0.0,0.460334,0.531915,0.036388,0.484528,0.002543,0.546608,0.140789,0.0
0.0,0.0,1.0,0.0,0.0,0.0,0.0,0.867484,0.787234,0.027981,0.478132,0.001791,0.536251,0.683772,0.0
0.0,0.0,0.0,1.0,0.0,0.0,0.0,0.464625,0.787234,0.068962,0.535109,0.004796,0.515536,0.248246,1.0
0.0,1.0,0.0,0.0,0.0,0.0,0.0,0.022167,0.510638,0.056263,0.456114,0.003467,0.422915,0.414912,0.0
0.0,0.0,0.0,1.0,0.0,0.0,0.0,0.473873,0.553191,0.063648,0.675543,0.004281,0.569135,0.564035,1.0
0.0,0.0,0.0,1.0,0.0,0.0,0.0,0.890093,0.234043,0.032365,0.356293,0.002102,0.398757,0.658772,0.0
0.0,0.0,0.0,1.0,0.0,0.0,0.0,0.87151,0.191489,0.032875,0.267331,0.001014,0.299068,0.901754,0.0
0.0,0.0,0.0,0.0,0.0,1.0,0.0,0.912349,0.361702,0.083584,0.564564,0.005698,0.608234,0.340789,1.0
0.0,0.0,0.0,0.0,1.0,0.0,0.0,0.890138,0.404255,0.062628,0.75543,0.004373,0.788711,0.236842,0.0
0.0,0.0,0.0,0.0,0.0,0.0,1.0,0.899164,0.276596,0.082052,0.281464,0.005301,0.32522,0.707456,1.0
1.0,0.0,0.0,0.0,0.0,0.0,0.0,0.005177,0.404255,0.074817,0.61083,0.003467,0.422915,0.414912,1.0
1.0,0.0,0.0,0.0,0.0,0.0,0.0,0.008584,0.468085,0.11886,0.600565,0.003467,0.422915,0.414912,1.0
0.0,0.0,0.0,0.0,1.0,0.0,0.0,0.45175,0.489362,0.035697,0.61931,0.002387,0.651217,0.397807,0.0
1.0,0.0,0.0,0.0,0.0,0.0,0.0,0.47343,0.021277,0.02609,0.211395,0.001776,0.23304,0.543421,0.0
0.0,0.0,0.0,1.0,0.0,0.0,0.0,0.871731,0.404255,0.074667,0.556084,0.004967,0.598912,0.456579,1.0
0.0,0.0,0.0,1.0,0.0,0.0,0.0,0.871731,0.148936,0.048337,0.208569,0.003118,0.292336,0.702193,0.0
0.0,0.0,0.0,1.0,0.0,0.0,0.0,0.885182,0.06383,0.03894,0.385153,0.002545,0.408079,0.603947,0.0
0.0,0.0,0.0,1.0,0.0,0.0,0.0,0.898721,0.06383,0.085925,0.434097,0.005634,0.491455,0.52193,1.0
0.0,0.0,0.0,1.0,0.0,0.0,0.0,0.018229,0.234043,0.043713,0.20723,0.003467,0.422915,0.414912,0.0
0.0,0.0,0.0,0.0,0.0,1.0,0.0,0.434583,0.382979,0.049297,0.373996,0.003467,0.422915,0.414912,1.0
0.0,0.0,0.0,0.0,0.0,1.0,0.0,0.005088,0.106383,0.075958,0.284588,0.003467,0.422915,0.414912,1.0
0.0,0.0,0.0,0.0,1.0,0.0,0.0,0.446794,0.744681,0.120842,0.713924,0.008037,0.632574,0.600439,1.0
0.0,0.0,0.0,0.0,1.0,0.0,0.0,0.017964,0.531915,0.076318,0.48676,0.003467,0.422915,0.414912,0.0
0.0,0.0,0.0,1.0,0.0,0.0,0.0,0.872439,0.680851,0.149664,0.741446,0.009877,0.86406,0.092982,1.0
1.0,0.0,0.0,0.0,0.0,0.0,0.0,0.438343,0.0,0.060136,0.293365,0.003467,0.422915,0.414912,1.0
0.0,0.0,0.0,0.0,0.0,0.0,1.0,0.86828,0.702128,0.032064,0.439601,0.002034,0.398757,0.791228,1.0
0.0,0.0,0.0,0.0,0.0,0.0,1.0,0.451219,0.361702,0.040771,0.587623,0.002609,0.403677,0.634211,0.0
0.0,0.0,1.0,0.0,0.0,0.0,0.0,0.469183,0.765957,0.049598,0.517554,0.003243,0.410409,0.604386,0.0
1.0,0.0,0.0,0.0,0.0,0.0,0.0,0.429937,0.276596,0.087787,0.501041,0.003467,0.422915,0.414912,1.0
1.0,0.0,0.0,0.0,0.0,0.0,0.0,0.90319,0.893617,0.061907,0.365665,0.004206,0.348006,0.679386,0.0
1.0,0.0,0.0,0.0,0.0,0.0,0.0,0.026724,0.510638,0.05221,0.46028,0.003467,0.422915,0.414912,0.0
0.0,1.0,0.0,0.0,0.0,0.0,0.0,0.881067,0.191489,0.020506,0.121244,0.000912,0.221906,0.849123,0.0
0.0,0.0,0.0,0.0,0.0,0.0,1.0,0.425291,0.723404,0.080611,0.321184,0.003467,0.422915,0.414912,1.0
0.0,0.0,0.0,0.0,1.0,0.0,0.0,0.893854,0.723404,0.115258,0.798274,0.007725,0.783532,0.507895,1.0
0.0,0.0,0.0,0.0,0.0,1.0,0.0,0.460068,0.574468,0.030353,0.468611,0.002034,0.492232,0.35614,0.0
0.0,0.0,0.0,0.0,1.0,0.0,0.0,0.907393,0.680851,0.076618,0.46266,0.005206,0.512429,0.316228,1.0
0.0,1.0,0.0,0.0,0.0,0.0,0.0,0.456219,0.787234,0.063288,0.698602,0.004329,0.659503,0.448246,1.0
0.0,0.0,0.0,0.0,1.0,0.0,0.0,0.013362,0.723404,0.104179,0.626004,0.003467,0.422915,0.414912,1.0
1.0,0.0,0.0,0.0,0.0,0.0,0.0,0.03168,0.042553,0.051909,0.132401,0.003467,0.422915,0.414912,0.0
1.0,0.0,0.0,0.0,0.0,0.0,0.0,0.008893,0.553191,0.090579,0.589557,0.003467,0.422915,0.414912,1.0
0.0,0.0,0.0,0.0,1.0,0.0,0.0,0.911376,0.702128,0.048607,0.515918,0.003197,0.532626,0.537281,0.0
0.0,0.0,1.0,0.0,0.0,0.0,0.0,0.880802,0.914894,0.024318,0.31568,0.00161,0.368203,0.692982,0.0
0.0,0.0,0.0,0.0,0.0,1.0,0.0,0.890182,0.829787,0.029182,0.757215,0.001998,0.641636,0.347368,0.0
0.0,0.0,0.0,1.0,0.0,0.0,0.0,0.87213,0.893617,0.029362,0.395418,0.000841,0.36639,0.732456,1.0
0.0,0.0,1.0,0.0,0.0,0.0,0.0,0.881421,0.276596,0.036808,0.419667,0.00243,0.427758,0.49386,1.0
0.0,0.0,0.0,0.0,1.0,0.0,0.0,0.018274,0.510638,0.093821,0.493454,0.003467,0.422915,0.414912,1.0
0.0,1.0,0.0,0.0,0.0,0.0,0.0,0.013849,0.106383,0.045755,0.359119,0.003467,0.422915,0.414912,0.0
0.0,1.0,0.0,0.0,0.0,0.0,0.0,0.889385,0.893617,0.050438,0.502678,0.002345,0.396686,0.72807,1.0
0.0,0.0,0.0,0.0,0.0,1.0,0.0,0.876643,0.255319,0.028372,0.424725,0.001843,0.529259,0.378509,1.0
0.0,0.0,1.0,0.0,0.0,0.0,0.0,0.438122,0.957447,0.057614,0.426659,0.003467,0.422915,0.414912,0.0
0.0,1.0,0.0,0.0,0.0,0.0,0.0,0.42476,0.170213,0.080611,0.135376,0.003467,0.422915,0.414912,0.0
0.0,1.0,0.0,0.0,0.0,0.0,0.0,0.465156,0.744681,0.056413,0.521868,0.00393,0.55593,0.082018,1.0
0.0,0.0,0.0,1.0,0.0,0.0,0.0,0.473253,0.170213,0.038009,0.206784,0.002576,0.182289,0.59386,0.0
1.0,0.0,0.0,0.0,0.0,0.0,0.0,0.464493,0.106383,0.027471,0.124368,0.001849,0.258415,0.564035,0.0
0.0,0.0,1.0,0.0,0.0,0.0,0.0,0.88912,0.957447,0.028672,0.504017,0.001955,0.412222,0.502193,0.0
1.0,0.0,0.0,0.0,0.0,0.0,0.0,0.455865,0.021277,0.036808,0.409253,0.002509,0.39565,0.629825,0.0
1.0,0.0,0.0,0.0,0.0,0.0,0.0,0.473563,0.276596,0.020776,0.112169,0.001415,0.067582,0.760526,0.0
0.0,0.0,0.0,0.0,0.0,1.0,0.0,0.429848,0.574468,0.09151,0.489735,0.003467,0.422915,0.414912,1.0
0.0,0.0,1.0,0.0,0.0,0.0,0.0,0.456573,0.021277,0.034856,0.55058,0.002287,0.472812,0.712281,0.0
0.0,0.0,0.0,0.0,1.0,0.0,0.0,0.893545,0.06383,0.117569,0.517703,0.007684,0.509839,0.731579,1.0
0.0,0.0,0.0,0.0,0.0,1.0,0.0,0.434583,0.468085,0.047526,0.329664,0.003467,0.422915,0.414912,1.0
0.0,1.0,0.0,0.0,0.0,0.0,0.0,0.434406,0.93617,0.048247,0.437816,0.003467,0.422915,0.414912,0.0
1.0,0.0,0.0,0.0,0.0,0.0,0.0,0.004248,0.574468,0.048517,0.485421,0.003467,0.422915,0.414912,0.0
0.0,0.0,1.0,0.0,0.0,0.0,0.0,0.902969,0.212766,0.046235,0.205594,0.003008,0.30088,0.723246,0.0
0.0,1.0,0.0,0.0,0.0,0.0,0.0,0.443299,0.340426,0.090279,0.595359,0.006105,0.572501,0.413596,1.0
0.0,1.0,0.0,0.0,0.0,0.0,0.0,0.447591,0.06383,0.034346,0.304374,0.002258,0.384775,0.582895,0.0
1.0,0.0,0.0,0.0,0.0,0.0,0.0,0.008893,0.531915,0.10565,0.600565,0.003467,0.422915,0.414912,1.0
0.0,0.0,0.0,0.0,1.0,0.0,0.0,0.013672,0.042553,0.043503,0.454924,0.003467,0.422915,0.414912,0.0
1.0,0.0,0.0,0.0,0.0,0.0,0.0,0.889341,0.744681,0.056383,0.605921,0.003808,0.490937,0.562281,1.0
0.0,0.0,0.0,0.0,1.0,0.0,0.0,0.876598,0.744681,0.027621,0.509819,0.001795,0.509063,0.678509,0.0
0.0,0.0,0.0,0.0,0.0,0.0,1.0,0.46936,0.680851,0.027981,0.322969,0.001863,0.255567,0.601316,0.0
0.0,0.0,0.0,0.0,0.0,1.0,0.0,0.876643,0.680851,0.035817,0.642517,0.002428,0.663387,0.398684,1.0
1.0,0.0,0.0,0.0,0.0,0.0,0.0,0.447856,0.106383,0.011889,0.227313,0.000756,0.277059,0.691667,0.0
1.0,0.0,0.0,0.0,0.0,0.0,0.0,0.433742,0.297872,0.075027,0.466974,0.003467,0.422915,0.414912,1.0
0.0,0.0,0.0,0.0,1.0,0.0,0.0,0.889518,0.12766,0.048937,0.274472,0.002009,0.375453,0.541228,1.0
0.0,0.0,0.0,0.0,0.0,0.0,1.0,0.000531,0.680851,0.080731,0.292621,0.003467,0.422915,0.414912,1.0
0.0,0.0,0.0,0.0,0.0,1.0,0.0,0.026326,0.765957,0.083283,0.305713,0.003467,0.422915,0.414912,1.0
0.0,0.0,1.0,0.0,0.0,0.0,0.0,0.868103,0.361702,0.029482,0.572002,0.001909,0.490937,0.577193,0.0
0.0,0.0,0.0,0.0,1.0,0.0,0.0,0.903367,0.468085,0.087426,0.517554,0.005796,0.551269,0.466667,1.0
0.0,0.0,0.0,0.0,1.0,0.0,0.0,0.473607,0.638298,0.073976,0.551919,0.005071,0.740549,0.155263,1.0
0.0,0.0,0.0,0.0,0.0,0.0,1.0,0.424671,0.212766,0.070764,0.046117,0.003467,0.422915,0.414912,0.0
0.0,0.0,0.0,0.0,0.0,1.0,0.0,0.465333,0.255319,0.027801,0.30363,0.00178,0.284309,0.587281,0.0
0.0,0.0,0.0,0.0,0.0,0.0,1.0,0.473386,0.276596,0.041702,0.321482,0.002848,0.298809,0.435526,1.0
1.0,0.0,0.0,0.0,0.0,0.0,0.0,0.880713,0.510638,0.031434,0.293216,0.001396,0.24754,0.838158,0.0
0.0,0.0,0.0,0.0,0.0,1.0,0.0,0.429229,0.680851,0.090969,0.444064,0.003467,0.422915,0.414912,1.0
1.0,0.0,0.0,0.0,0.0,0.0,0.0,0.911818,0.0,0.043473,0.241148,0.002871,0.329622,0.595614,0.0
0.0,0.0,1.0,0.0,0.0,0.0,0.0,0.461174,0.021277,0.031134,0.460726,0.002077,0.382444,0.489035,1.0
0.0,0.0,0.0,0.0,0.0,1.0,0.0,0.451484,1.0,0.046025,0.606665,0.003139,0.54117,0.559211,1.0
0.0,1.0,0.0,0.0,0.0,0.0,0.0,0.44268,0.06383,0.050258,0.242041,0.003361,0.33972,0.614912,0.0
0.0,0.0,0.0,0.0,0.0,0.0,1.0,0.451838,0.297872,0.033566,0.387682,0.001142,0.251424,0.657018,0.0
0.0,1.0,0.0,0.0,0.0,0.0,0.0,0.031105,0.808511,0.056863,0.399137,0.003467,0.422915,0.414912,0.0
0.0,0.0,0.0,0.0,0.0,0.0,1.0,0.876067,0.425532,0.032335,0.397203,0.00161,0.339979,0.812719,1.0
0.0,0.0,0.0,0.0,0.0,1.0,0.0,0.876023,0.787234,0.027831,0.426956,0.001674,0.369757,0.72193,0.0
0.0,0.0,0.0,1.0,0.0,0.0,0.0,0.451396,0.914894,0.03933,0.602648,0.002175,0.497929,0.671053,0.0
0.0,0.0,0.0,0.0,0.0,1.0,0.0,0.866997,0.276596,0.027891,0.250223,0.001867,0.246763,0.687719,0.0
0.0,0.0,1.0,0.0,0.0,0.0,0.0,0.8762,0.574468,0.029332,0.552365,0.001888,0.628431,0.469737,1.0
0.0,1.0,0.0,0.0,0.0,0.0,0.0,0.031415,0.276596,0.114177,0.460875,0.003467,0.422915,0.414912,1.0
0.0,0.0,0.0,0.0,0.0,1.0,0.0,0.89912,0.87234,0.084724,0.558167,0.005771,0.502848,0.39386,1.0
0.0,0.0,0.0,0.0,1.0,0.0,0.0,0.906774,0.106383,0.031224,0.21199,0.002088,0.210513,0.604825,0.0
0.0,0.0,0.0,0.0,0.0,1.0,0.0,0.893899,0.234043,0.042272,0.367748,0.002723,0.425945,0.739474,0.0
0.0,0.0,0.0,1.0,0.0,0.0,0.0,0.000398,0.914894,0.107752,0.430527,0.003467,0.422915,0.414912,0.0
0.0,0.0,0.0,1.0,0.0,0.0,0.0,0.000708,0.489362,0.044224,0.500893,0.003467,0.422915,0.414912,0.0
0.0,0.0,1.0,0.0,0.0,0.0,0.0,0.447325,0.0,0.041852,0.557721,0.002709,0.471517,0.657895,0.0
0.0,0.0,0.0,1.0,0.0,0.0,0.0,0.903633,0.042553,0.046806,0.365516,0.003126,0.329363,0.553509,0.0
0.0,0.0,0.0,0.0,1.0,0.0,0.0,0.915712,0.595745,0.1055,0.573788,0.0071,0.61652,0.313158,1.0
0.0,0.0,0.0,0.0,0.0,1.0,0.0,0.031282,0.851064,0.056833,0.293663,0.003467,0.422915,0.414912,0.0
1.0,0.0,0.0,0.0,0.0,0.0,0.0,0.438653,0.893617,0.053381,0.384856,0.003467,0.422915,0.414912,0.0
0.0,0.0,0.0,1.0,0.0,0.0,0.0,0.00438,0.574468,0.043893,0.480958,0.003467,0.422915,0.414912,0.0
0.0,1.0,0.0,0.0,0.0,0.0,0.0,0.447591,0.531915,0.044104,0.567242,0.003137,0.520456,0.409649,0.0
0.0,1.0,0.0,0.0,0.0,0.0,0.0,0.473165,0.638298,0.047196,0.633145,0.003105,0.552563,0.262281,1.0
0.0,0.0,0.0,0.0,1.0,0.0,0.0,0.902748,0.851064,0.075537,0.530646,0.005,0.571207,0.526316,1.0
0.0,0.0,0.0,1.0,0.0,0.0,0.0,0.460289,0.297872,0.038699,0.472776,0.002648,0.466857,0.249123,0.0
0.0,0.0,0.0,0.0,0.0,1.0,0.0,0.881244,0.042553,0.051039,0.391848,0.00338,0.415329,0.620614,1.0
1.0,0.0,0.0,0.0,0.0,0.0,0.0,0.429937,0.553191,0.113276,0.668105,0.003467,0.422915,0.414912,1.0
0.0,0.0,0.0,0.0,1.0,0.0,0.0,0.018274,0.170213,0.062027,0.135971,0.003467,0.422915,0.414912,1.0
1.0,0.0,0.0,0.0,0.0,0.0,0.0,0.455865,0.617021,0.032575,0.297828,0.001124,0.224236,0.738596,0.0
0.0,1.0,0.0,0.0,0.0,0.0,0.0,0.473475,0.914894,0.02678,0.427105,0.001793,0.293371,0.70307,0.0
0.0,0.0,0.0,0.0,1.0,0.0,0.0,0.866953,0.212766,0.024228,0.066944,0.001523,0.064992,0.90307,0.0
0.0,0.0,0.0,0.0,0.0,0.0,1.0,0.005442,0.191489,0.05305,0.105177,0.003467,0.422915,0.414912,0.0
1.0,0.0,0.0,0.0,0.0,0.0,0.0,0.473563,0.957447,0.029122,0.294258,0.001984,0.244692,0.451754,1.0
0.0,0.0,0.0,0.0,0.0,0.0,1.0,0.009159,0.829787,0.10475,0.677626,0.003467,0.422915,0.414912,1.0
0.0,0.0,0.0,0.0,0.0,1.0,0.0,0.876333,0.638298,0.041161,0.745314,0.002696,0.636199,0.565351,1.0
0.0,0.0,0.0,1.0,0.0,0.0,0.0,0.907659,1.0,0.063408,0.464891,0.004308,0.513982,0.457018,1.0
0.0,0.0,0.0,0.0,1.0,0.0,0.0,0.027211,0.212766,0.093371,0.283398,0.003467,0.422915,0.414912,1.0
0.0,1.0,0.0,0.0,0.0,0.0,0.0,0.867749,0.255319,0.029542,0.371169,0.001951,0.408597,0.653509,0.0
0.0,0.0,0.0,0.0,0.0,0.0,1.0,0.447502,0.765957,0.072145,0.709759,0.005164,0.513465,0.272807,1.0
0.0,0.0,0.0,0.0,0.0,0.0,1.0,0.451838,0.574468,0.033626,0.411336,0.002246,0.379855,0.574561,0.0
0.0,0.0,0.0,0.0,1.0,0.0,0.0,0.45144,0.489362,0.042002,0.635228,0.002856,0.675039,0.422807,1.0
0.0,0.0,0.0,0.0,0.0,0.0,1.0,0.009469,0.021277,0.041642,0.373698,0.003467,0.422915,0.414912,0.0
0.0,0.0,0.0,1.0,0.0,0.0,0.0,0.469227,0.404255,0.056773,0.562779,0.003658,0.472812,0.544737,0.0
0.0,0.0,1.0,0.0,0.0,0.0,0.0,0.911287,0.234043,0.068602,0.434841,0.002889,0.241585,0.844298,1.0
1.0,0.0,0.0,0.0,0.0,0.0,0.0,0.911818,0.382979,0.048607,0.373103,0.003126,0.269291,0.762281,1.0
0.0,0.0,0.0,0.0,1.0,0.0,0.0,0.00969,0.744681,0.092861,0.76019,0.003467,0.422915,0.414912,1.0
0.0,0.0,0.0,0.0,0.0,1.0,0.0,0.473342,0.829787,0.027291,0.416394,0.001865,0.375971,0.3,0.0
0.0,0.0,0.0,0.0,0.0,1.0,0.0,0.876952,0.787234,0.029783,0.462214,0.002029,0.434749,0.426316,0.0
0.0,0.0,0.0,0.0,0.0,0.0,1.0,0.995443,0.531915,0.032635,0.401517,0.002048,0.324443,0.823246,0.0
0.0,1.0,0.0,0.0,0.0,0.0,0.0,0.022167,0.297872,0.064879,0.337102,0.003467,0.422915,0.414912,0.0
1.0,0.0,0.0,0.0,0.0,0.0,0.0,0.013185,0.553191,0.041281,0.491223,0.003467,0.422915,0.414912,0.0
1.0,0.0,0.0,0.0,0.0,0.0,0.0,0.912438,0.595745,0.044464,0.272092,0.002919,0.246763,0.659649,1.0
0.0,0.0,0.0,0.0,1.0,0.0,0.0,0.468962,0.765957,0.029092,0.427551,0.00199,0.401346,0.360965,0.0
0.0,0.0,0.0,0.0,1.0,0.0,0.0,0.026592,0.510638,0.089498,0.484528,0.003467,0.422915,0.414912,0.0
0.0,0.0,0.0,0.0,1.0,0.0,0.0,0.903057,0.361702,0.089138,0.55058,0.005982,0.625583,0.329825,1.0
0.0,0.0,0.0,0.0,1.0,0.0,0.0,0.447414,0.595745,0.059205,0.570515,0.004445,0.600207,0.210965,1.0
0.0,1.0,0.0,0.0,0.0,0.0,0.0,0.867749,0.425532,0.028642,0.581821,0.001836,0.546349,0.68114,0.0
0.0,0.0,1.0,0.0,0.0,0.0,0.0,0.442414,0.87234,0.068212,0.413419,0.004647,0.432418,0.500526,0.0
0.0,0.0,0.0,0.0,1.0,0.0,0.0,0.894783,0.425532,0.088357,0.762124,0.005931,0.726567,0.370175,0.0
0.0,0.0,0.0,0.0,1.0,0.0,0.0,0.442237,0.0,0.059325,0.446742,0.003467,0.422915,0.414912,0.0
1.0,0.0,0.0,0.0,0.0,0.0,0.0,0.907526,0.574468,0.051249,0.39393,0.003207,0.247022,0.81886,1.0
0.0,0.0,0.0,0.0,1.0,0.0,0.0,0.000752,0.723404,0.124204,0.566201,0.003467,0.422915,0.414912,1.0
0.0,1.0,0.0,0.0,0.0,0.0,0.0,0.455599,0.021277,0.035847,0.382624,0.001643,0.413516,0.702632,1.0
0.0,1.0,0.0,0.0,0.0,0.0,0.0,0.880757,0.510638,0.031434,0.329961,0.00085,0.23537,0.838158,1.0
0.0,0.0,0.0,0.0,0.0,0.0,1.0,0.031636,0.787234,0.056833,0.307944,0.003467,0.422915,0.414912,0.0
0.0,0.0,0.0,0.0,1.0,0.0,0.0,0.026282,0.531915,0.081092,0.460131,0.003467,0.422915,0.414912,1.0
0.0,0.0,0.0,0.0,0.0,0.0,1.0,0.438919,0.808511,0.051759,0.383071,0.003467,0.422915,0.414912,1.0
0.0,0.0,0.0,0.0,0.0,0.0,1.0,0.005442,0.702128,0.059865,0.403154,0.003467,0.422915,0.414912,0.0
0.0,0.0,1.0,0.0,0.0,0.0,0.0,0.867484,0.255319,0.031374,0.360904,0.002075,0.474107,0.610088,1.0
0.0,0.0,0.0,0.0,0.0,0.0,1.0,0.023008,0.382979,0.091269,0.332044,0.003467,0.422915,0.414912,1.0
0.0,0.0,0.0,0.0,1.0,0.0,0.0,0.45113,0.787234,0.041401,0.815234,0.002742,0.66028,0.49693,0.0
0.0,0.0,0.0,0.0,1.0,0.0,0.0,0.438211,0.553191,0.076468,0.493752,0.003467,0.422915,0.414912,1.0
1.0,0.0,0.0,0.0,0.0,0.0,0.0,0.912438,0.765957,0.043683,0.329069,0.002875,0.288193,0.702193,1.0
0.0,0.0,0.0,0.0,0.0,0.0,1.0,0.903146,0.191489,0.027831,0.123029,0.00182,0.176851,0.707456,0.0
0.0,0.0,1.0,0.0,0.0,0.0,0.0,0.438742,0.574468,0.058544,0.519935,0.003467,0.422915,0.414912,1.0
0.0,0.0,0.0,0.0,0.0,0.0,1.0,0.45675,0.361702,0.030083,0.503719,0.001874,0.352667,0.707018,0.0
0.0,0.0,0.0,1.0,0.0,0.0,0.0,0.443078,0.212766,0.037228,0.126599,0.002397,0.216209,0.702632,0.0
0.0,0.0,1.0,0.0,0.0,0.0,0.0,0.894695,0.723404,0.129518,0.784142,0.008614,0.738477,0.438596,1.0
0.0,0.0,0.0,0.0,0.0,0.0,1.0,0.030707,0.489362,0.083794,0.299018,0.003467,0.422915,0.414912,1.0
0.0,0.0,0.0,0.0,0.0,1.0,0.0,0.884651,0.957447,0.028011,0.457602,0.001882,0.391766,0.600439,0.0
0.0,0.0,0.0,0.0,0.0,1.0,0.0,0.885271,0.446809,0.034616,0.557423,0.002408,0.556965,0.294298,0.0
0.0,0.0,0.0,0.0,0.0,0.0,1.0,0.009469,0.085106,0.041341,0.243826,0.003467,0.422915,0.414912,0.0
0.0,0.0,0.0,1.0,0.0,0.0,0.0,0.456307,0.87234,0.037829,0.640732,0.002516,0.527965,0.657018,1.0
0.0,0.0,0.0,0.0,1.0,0.0,0.0,0.425822,0.234043,0.067491,0.326837,0.003467,0.422915,0.414912,0.0
0.0,0.0,1.0,0.0,0.0,0.0,0.0,0.911287,0.0,0.048727,0.43618,0.003203,0.361989,0.62193,1.0
0.0,0.0,0.0,0.0,1.0,0.0,0.0,0.031857,0.680851,0.056923,0.259149,0.003467,0.422915,0.414912,1.0
0.0,0.0,0.0,1.0,0.0,0.0,0.0,0.442768,0.765957,0.097514,0.682684,0.006504,0.635681,0.457018,1.0
0.0,0.0,0.0,0.0,0.0,1.0,0.0,0.009734,0.361702,0.041732,0.534811,0.003467,0.422915,0.414912,0.0
0.0,0.0,0.0,0.0,0.0,0.0,1.0,0.46936,1.0,0.028492,0.241297,0.001897,0.28405,0.549561,0.0
0.0,0.0,0.0,1.0,0.0,0.0,0.0,0.018539,0.106383,0.045034,0.24814,0.003467,0.422915,0.414912,0.0
0.0,0.0,1.0,0.0,0.0,0.0,0.0,0.017566,0.510638,0.068842,0.497917,0.003467,0.422915,0.414912,0.0
0.0,1.0,0.0,0.0,0.0,0.0,0.0,0.881377,0.702128,0.029392,0.488991,0.00205,0.557742,0.305702,0.0
0.0,0.0,0.0,0.0,0.0,0.0,1.0,0.013141,0.510638,0.041401,0.350342,0.003467,0.422915,0.414912,0.0
1.0,0.0,0.0,0.0,0.0,0.0,0.0,0.022433,0.808511,0.076468,0.484082,0.003467,0.422915,0.414912,1.0
0.0,0.0,0.0,0.0,1.0,0.0,0.0,0.893854,0.361702,0.104569,0.686998,0.007081,0.73537,0.334649,1.0
0.0,0.0,0.0,0.0,0.0,0.0,1.0,0.908101,0.617021,0.051129,0.328027,0.003359,0.280943,0.627193,0.0
0.0,0.0,1.0,0.0,0.0,0.0,0.0,0.867174,0.170213,0.028101,0.129872,0.001882,0.132056,0.600877,0.0
0.0,0.0,0.0,0.0,1.0,0.0,0.0,0.45144,0.0,0.041762,0.57349,0.002777,0.53392,0.632018,1.0
0.0,0.0,0.0,0.0,0.0,1.0,0.0,0.880625,0.042553,0.100847,0.313895,0.006377,0.352408,0.791228,1.0
0.0,0.0,0.0,0.0,1.0,0.0,0.0,0.433919,0.914894,0.045334,0.39274,0.003467,0.422915,0.414912,0.0
0.0,0.0,0.0,1.0,0.0,0.0,0.0,0.009646,0.553191,0.041281,0.486165,0.003467,0.422915,0.414912,0.0
0.0,0.0,1.0,0.0,0.0,0.0,0.0,0.880492,0.0,0.038639,0.419964,0.002518,0.360176,0.620175,0.0
0.0,1.0,0.0,0.0,0.0,0.0,0.0,0.005221,0.106383,0.056173,0.305118,0.003467,0.422915,0.414912,0.0
0.0,0.0,0.0,0.0,0.0,1.0,0.0,0.428919,0.702128,0.090879,0.419072,0.003467,0.422915,0.414912,1.0
0.0,1.0,0.0,0.0,0.0,0.0,0.0,0.425379,0.170213,0.068842,0.170039,0.003467,0.422915,0.414912,0.0
0.0,0.0,1.0,0.0,0.0,0.0,0.0,0.004336,0.12766,0.043533,0.221065,0.003467,0.422915,0.414912,0.0
0.0,1.0,0.0,0.0,0.0,0.0,0.0,0.907261,0.787234,0.18413,0.57111,0.011961,0.745728,0.482018,1.0
1.0,0.0,0.0,0.0,0.0,0.0,0.0,0.465112,0.276596,0.02621,0.118715,0.001759,0.113413,0.700439,0.0
0.0,0.0,0.0,0.0,0.0,0.0,1.0,0.898235,0.404255,0.096223,0.650997,0.005771,0.453133,0.772368,1.0
0.0,0.0,0.0,0.0,1.0,0.0,0.0,0.442503,0.978723,0.066561,0.499851,0.004612,0.480839,0.500526,0.0
0.0,0.0,0.0,0.0,0.0,1.0,0.0,0.424937,0.574468,0.074517,0.286224,0.003467,0.422915,0.414912,0.0
0.0,0.0,0.0,0.0,1.0,0.0,0.0,0.430114,0.489362,0.075087,0.530943,0.003467,0.422915,0.414912,1.0
0.0,0.0,1.0,0.0,0.0,0.0,0.0,0.889739,0.042553,0.058244,0.505356,0.003893,0.504402,0.524561,1.0
0.0,0.0,0.0,0.0,0.0,0.0,1.0,0.911774,1.0,0.043923,0.273282,0.00291,0.359658,0.558772,0.0
0.0,0.0,0.0,0.0,0.0,0.0,1.0,0.889916,0.446809,0.396541,0.623624,0.02588,0.483169,0.668421,1.0
0.0,0.0,0.0,1.0,0.0,0.0,0.0,0.460909,0.06383,0.054341,0.408063,0.003716,0.39565,0.351316,0.0
0.0,0.0,0.0,0.0,0.0,0.0,1.0,0.447812,0.510638,0.041672,0.499702,0.002819,0.396427,0.556579,1.0
0.0,0.0,0.0,1.0,0.0,0.0,0.0,0.890093,0.93617,0.063829,0.685957,0.004317,0.520715,0.610088,0.0
0.0,0.0,1.0,0.0,0.0,0.0,0.0,0.433521,0.361702,0.072475,0.551026,0.003467,0.422915,0.414912,1.0
0.0,0.0,0.0,0.0,1.0,0.0,0.0,0.88089,0.914894,0.0266,0.352871,0.001764,0.386328,0.594298,0.0
0.0,0.0,1.0,0.0,0.0,0.0,0.0,0.469802,0.829787,0.109103,0.579589,0.007555,0.617038,0.258772,0.0
0.0,0.0,1.0,0.0,0.0,0.0,0.0,0.004956,0.638298,0.042422,0.481404,0.003467,0.422915,0.414912,0.0
0.0,0.0,0.0,0.0,0.0,1.0,0.0,0.912039,0.276596,0.100606,0.507438,0.006882,0.607198,0.374123,1.0
1.0,0.0,0.0,0.0,0.0,0.0,0.0,0.447237,0.425532,0.042752,0.60607,0.002858,0.316416,0.764474,1.0
0.0,0.0,0.0,1.0,0.0,0.0,0.0,0.911951,0.148936,0.042392,0.148765,0.0028,0.260228,0.624123,0.0
0.0,0.0,0.0,1.0,0.0,0.0,0.0,0.000398,0.808511,0.149664,0.608599,0.003467,0.422915,0.414912,1.0
0.0,1.0,0.0,0.0,0.0,0.0,0.0,0.898013,1.0,0.069743,0.580631,0.004142,0.501554,0.59693,1.0
0.0,0.0,0.0,1.0,0.0,0.0,0.0,0.867218,0.510638,0.036778,0.475751,0.002503,0.430865,0.361842,1.0
0.0,0.0,0.0,0.0,1.0,0.0,0.0,0.424893,0.0,0.078029,0.316721,0.003467,0.422915,0.414912,1.0
0.0,1.0,0.0,0.0,0.0,0.0,0.0,0.871731,0.148936,0.023208,0.132847,0.000835,0.192646,0.86886,0.0
0.0,0.0,0.0,0.0,1.0,0.0,0.0,0.88151,0.957447,0.027231,0.454478,0.001768,0.400052,0.606579,0.0
0.0,1.0,0.0,0.0,0.0,0.0,0.0,0.889385,0.021277,0.02678,0.324308,0.001766,0.337131,0.616667,0.0
0.0,0.0,1.0,0.0,0.0,0.0,0.0,0.898058,0.680851,0.072775,0.599821,0.004742,0.569394,0.563596,0.0
1.0,0.0,0.0,0.0,0.0,0.0,0.0,0.456175,0.234043,0.014741,0.132699,0.000976,0.133868,0.815351,0.0
0.0,0.0,0.0,0.0,0.0,0.0,1.0,0.018052,0.553191,0.069653,0.276406,0.003467,0.422915,0.414912,1.0
0.0,1.0,0.0,0.0,0.0,0.0,0.0,0.442989,0.531915,0.057193,0.575722,0.003833,0.469705,0.573246,1.0
0.0,0.0,0.0,0.0,0.0,0.0,1.0,0.912393,0.957447,0.044404,0.329069,0.002906,0.274469,0.625439,0.0
0.0,0.0,0.0,1.0,0.0,0.0,0.0,0.889784,0.234043,0.049057,0.352574,0.003178,0.392284,0.70614,1.0
0.0,0.0,0.0,0.0,1.0,0.0,0.0,0.893677,0.787234,0.031764,0.601607,0.002206,0.683584,0.257895,1.0
0.0,0.0,1.0,0.0,0.0,0.0,0.0,0.881421,0.297872,0.030473,0.438411,0.002052,0.468928,0.452193,0.0
0.0,1.0,0.0,0.0,0.0,0.0,0.0,0.455599,0.425532,0.05209,0.699048,0.003548,0.713879,0.335526,1.0
1.0,0.0,0.0,0.0,0.0,0.0,0.0,0.885359,0.319149,0.024529,0.218536,0.001479,0.148628,0.782895,0.0
0.0,0.0,0.0,0.0,0.0,1.0,0.0,0.013097,0.276596,0.049538,0.251562,0.003467,0.422915,0.414912,1.0
0.0,0.0,0.0,0.0,0.0,1.0,0.0,0.428919,0.191489,0.070734,0.125855,0.003467,0.422915,0.414912,0.0
0.0,0.0,0.0,1.0,0.0,0.0,0.0,0.438476,0.723404,0.06584,0.505653,0.003467,0.422915,0.414912,1.0
0.0,0.0,0.0,0.0,1.0,0.0,0.0,0.868192,0.361702,0.025639,0.611128,0.001595,0.515277,0.817105,0.0
0.0,0.0,1.0,0.0,0.0,0.0,0.0,0.009911,0.319149,0.041732,0.638054,0.003467,0.422915,0.414912,0.0
1.0,0.0,0.0,0.0,0.0,0.0,0.0,0.424716,0.680851,0.133812,0.552217,0.003467,0.422915,0.414912,1.0
0.0,1.0,0.0,0.0,0.0,0.0,0.0,0.464537,0.297872,0.027261,0.147873,0.001845,0.397204,0.428947,0.0
0.0,1.0,0.0,0.0,0.0,0.0,0.0,0.008938,0.085106,0.077609,0.387385,0.003467,0.422915,0.414912,0.0
0.0,0.0,1.0,0.0,0.0,0.0,0.0,0.455953,0.276596,0.043983,0.527968,0.003033,0.481357,0.503509,0.0
0.0,0.0,0.0,0.0,1.0,0.0,0.0,0.46436,0.0,0.028372,0.415501,0.001934,0.375712,0.55614,0.0
1.0,0.0,0.0,0.0,0.0,0.0,0.0,0.885359,0.87234,0.161583,0.423832,0.004086,0.371569,0.775,1.0
1.0,0.0,0.0,0.0,0.0,0.0,0.0,0.90319,0.085106,0.059055,0.166171,0.003949,0.327033,0.530702,0.0
1.0,0.0,0.0,0.0,0.0,0.0,0.0,0.889961,0.659574,0.030773,0.426807,0.001971,0.389694,0.629386,0.0
0.0,0.0,0.0,1.0,0.0,0.0,0.0,0.433565,0.446809,0.068242,0.53258,0.003467,0.422915,0.414912,1.0
0.0,0.0,0.0,0.0,0.0,0.0,1.0,0.009469,0.914894,0.041642,0.485123,0.003467,0.422915,0.414912,0.0
0.0,0.0,1.0,0.0,0.0,0.0,0.0,0.013893,0.574468,0.041431,0.528117,0.003467,0.422915,0.414912,0.0
0.0,0.0,0.0,0.0,0.0,0.0,1.0,0.9158,0.191489,0.042903,0.154418,0.002898,0.18928,0.525,0.0
0.0,0.0,0.0,0.0,0.0,0.0,1.0,0.899164,1.0,0.082953,0.412824,0.00543,0.426463,0.560526,1.0
0.0,0.0,0.0,0.0,1.0,0.0,0.0,0.473607,0.297872,0.030323,0.47114,0.002098,0.532626,0.308772,1.0
1.0,0.0,0.0,0.0,0.0,0.0,0.0,0.90319,0.06383,0.07905,0.20366,0.005347,0.38115,0.474123,1.0
1.0,0.0,0.0,0.0,0.0,0.0,0.0,0.9035,0.021277,0.043653,0.288158,0.002908,0.267219,0.591667,0.0
0.0,1.0,0.0,0.0,0.0,0.0,0.0,0.44268,0.787234,0.156239,0.687295,0.010476,0.603314,0.38114,1.0
1.0,0.0,0.0,0.0,0.0,0.0,0.0,0.898898,0.255319,0.035847,0.154567,0.002339,0.208182,0.691667,0.0
0.0,0.0,0.0,0.0,0.0,0.0,1.0,0.01376,0.680851,0.072175,0.332193,0.003467,0.422915,0.414912,1.0
0.0,0.0,0.0,0.0,0.0,0.0,1.0,0.438299,0.191489,0.056803,0.078697,0.003467,0.422915,0.414912,1.0
0.0,0.0,0.0,0.0,0.0,1.0,0.0,0.009115,0.680851,0.087036,0.541654,0.003467,0.422915,0.414912,1.0
0.0,0.0,1.0,0.0,0.0,0.0,0.0,0.43445,0.595745,0.064399,0.519637,0.003467,0.422915,0.414912,1.0
0.0,0.0,1.0,0.0,0.0,0.0,0.0,0.907615,0.446809,0.085865,0.518149,0.005742,0.595546,0.412719,1.0
1.0,0.0,0.0,0.0,0.0,0.0,0.0,0.868015,0.085106,0.028762,0.111871,0.000835,0.218281,0.726754,0.0
1.0,0.0,0.0,0.0,0.0,0.0,0.0,0.876731,0.595745,0.037408,0.483487,0.002391,0.487571,0.646491,1.0
0.0,0.0,0.0,1.0,0.0,0.0,0.0,0.885182,0.148936,0.038369,0.206784,0.002457,0.297514,0.720175,0.0
0.0,0.0,0.0,0.0,0.0,0.0,1.0,0.889916,0.680851,0.23652,0.518149,0.015222,0.412222,0.75307,1.0
0.0,0.0,0.0,0.0,0.0,1.0,0.0,0.452104,0.106383,0.036748,0.345433,0.00248,0.31564,0.717105,0.0
0.0,0.0,0.0,0.0,0.0,0.0,1.0,0.461042,0.255319,0.027381,0.177626,0.001843,0.143708,0.577193,0.0
1.0,0.0,0.0,0.0,0.0,0.0,0.0,0.018097,0.617021,0.097274,0.481107,0.003467,0.422915,0.414912,1.0
0.0,0.0,0.0,0.0,0.0,0.0,1.0,0.871643,0.723404,0.035337,0.506992,0.002094,0.406525,0.861842,1.0
0.0,0.0,0.0,0.0,0.0,1.0,0.0,0.460068,0.489362,0.030353,0.511009,0.002025,0.50492,0.389474,0.0
0.0,0.0,0.0,0.0,0.0,0.0,1.0,0.897925,0.234043,0.02681,0.268075,0.001747,0.274987,0.69693,0.0
0.0,0.0,1.0,0.0,0.0,0.0,0.0,0.460245,0.212766,0.028191,0.22166,0.001917,0.23537,0.566228,0.0
0.0,1.0,0.0,0.0,0.0,0.0,0.0,0.451617,0.765957,0.049628,0.865963,0.003313,0.739513,0.477632,1.0
0.0,1.0,0.0,0.0,0.0,0.0,0.0,0.473165,0.510638,0.057674,0.598036,0.003841,0.538322,0.442982,1.0
0.0,1.0,0.0,0.0,0.0,0.0,0.0,0.474404,0.702128,0.050168,0.441833,0.003434,0.38581,0.378947,1.0
0.0,0.0,1.0,0.0,0.0,0.0,0.0,0.447016,0.425532,0.061277,0.677328,0.004256,0.600466,0.329825,1.0
0.0,0.0,0.0,1.0,0.0,0.0,0.0,0.469846,0.765957,0.096734,0.615442,0.006635,0.564474,0.314912,0.0
0.0,1.0,0.0,0.0,0.0,0.0,0.0,0.876466,0.617021,0.030233,0.576168,0.001882,0.508545,0.648684,1.0
0.0,0.0,0.0,0.0,0.0,1.0,0.0,0.443166,0.276596,0.043773,0.456561,0.002889,0.390989,0.62807,0.0
0.0,0.0,1.0,0.0,0.0,0.0,0.0,0.439051,0.12766,0.047766,0.185213,0.003467,0.422915,0.414912,0.0
0.0,0.0,0.0,0.0,0.0,1.0,0.0,0.455776,0.808511,0.084724,0.687295,0.005993,0.591662,0.067544,1.0
0.0,0.0,0.0,0.0,0.0,0.0,1.0,0.907792,0.361702,0.057584,0.396906,0.003828,0.332729,0.613158,0.0
1.0,0.0,0.0,0.0,0.0,0.0,0.0,0.455865,0.829787,0.038549,0.655013,0.002565,0.427758,0.754386,1.0
0.0,0.0,0.0,0.0,0.0,0.0,1.0,0.442591,0.170213,0.048157,0.155906,0.003139,0.22087,0.500526,0.0
0.0,0.0,0.0,1.0,0.0,0.0,0.0,0.890093,0.06383,0.047256,0.493603,0.003124,0.526152,0.488158,0.0
0.0,1.0,0.0,0.0,0.0,0.0,0.0,0.903234,0.489362,0.087426,0.51205,0.005852,0.541688,0.45614,1.0
0.0,0.0,0.0,0.0,0.0,1.0,0.0,0.026326,0.085106,0.047526,0.154567,0.003467,0.422915,0.414912,0.0
0.0,0.0,0.0,0.0,0.0,1.0,0.0,0.009115,0.085106,0.044554,0.389021,0.003467,0.422915,0.414912,0.0
0.0,0.0,0.0,0.0,1.0,0.0,0.0,0.465289,0.382979,0.068662,0.512943,0.004738,0.502071,0.30307,1.0
0.0,0.0,0.0,0.0,1.0,0.0,0.0,0.434229,0.297872,0.090159,0.485421,0.003467,0.422915,0.414912,1.0
0.0,0.0,0.0,0.0,1.0,0.0,0.0,0.429804,0.382979,0.093191,0.631657,0.003467,0.422915,0.414912,1.0
0.0,0.0,0.0,0.0,0.0,0.0,1.0,0.898544,0.595745,0.090038,0.442874,0.005353,0.352149,0.832456,1.0
0.0,1.0,0.0,0.0,0.0,0.0,0.0,0.880448,0.382979,0.03939,0.568581,0.002717,0.509839,0.301754,1.0
1.0,0.0,0.0,0.0,0.0,0.0,0.0,0.889961,0.765957,0.037559,0.647426,0.002489,0.548938,0.52807,0.0
1.0,0.0,0.0,0.0,0.0,0.0,0.0,0.911199,0.893617,0.044254,0.374145,0.002879,0.300363,0.704825,1.0
0.0,0.0,0.0,0.0,1.0,0.0,0.0,0.906774,0.723404,0.137024,0.596549,0.009289,0.560849,0.485088,1.0
0.0,0.0,0.0,1.0,0.0,0.0,0.0,0.889784,0.042553,0.090309,0.541654,0.006051,0.52175,0.533772,1.0
0.0,0.0,0.0,0.0,1.0,0.0,0.0,0.911376,0.276596,0.116759,0.483338,0.007759,0.62144,0.470175,1.0
0.0,0.0,0.0,0.0,0.0,1.0,0.0,0.446839,0.106383,0.020235,0.312853,0.000976,0.294148,0.762281,0.0
0.0,0.0,0.0,0.0,1.0,0.0,0.0,0.986594,0.106383,0.043113,0.327432,0.002761,0.383221,0.798684,0.0
0.0,0.0,0.0,0.0,1.0,0.0,0.0,0.447724,0.361702,0.055242,0.746653,0.003882,0.671673,0.298246,0.0
1.0,0.0,0.0,0.0,0.0,0.0,0.0,0.013185,0.574468,0.041582,0.482148,0.003467,0.422915,0.414912,1.0
0.0,0.0,0.0,0.0,1.0,0.0,0.0,0.46467,0.340426,0.061277,0.451056,0.004283,0.482134,0.240789,1.0
1.0,0.0,0.0,0.0,0.0,0.0,0.0,0.89027,0.404255,0.055933,0.571705,0.002892,0.332988,0.69386,0.0
0.0,1.0,0.0,0.0,0.0,0.0,0.0,0.000929,0.0,0.122703,0.487355,0.003467,0.422915,0.414912,0.0
0.0,0.0,0.0,1.0,0.0,0.0,0.0,0.009646,0.93617,0.045605,0.566944,0.003467,0.422915,0.414912,0.0
0.0,0.0,0.0,1.0,0.0,0.0,0.0,0.889253,0.276596,0.044734,0.435287,0.002933,0.44666,0.571491,1.0
0.0,1.0,0.0,0.0,0.0,0.0,0.0,1.0,0.319149,0.081632,0.543737,0.005565,0.595805,0.366667,1.0
0.0,0.0,0.0,0.0,0.0,1.0,0.0,0.473342,0.808511,0.027591,0.418625,0.001884,0.361212,0.327193,0.0
0.0,0.0,0.0,0.0,0.0,1.0,0.0,0.424627,0.957447,0.073286,0.273431,0.003467,0.422915,0.414912,0.0
0.0,0.0,1.0,0.0,0.0,0.0,0.0,0.911597,0.021277,0.044614,0.345879,0.002935,0.360176,0.607456,0.0
1.0,0.0,0.0,0.0,0.0,0.0,0.0,0.867395,0.765957,0.031914,0.336953,0.002098,0.406007,0.725,1.0
0.0,0.0,0.0,1.0,0.0,0.0,0.0,0.911641,0.468085,0.1312,0.513835,0.008864,0.5826,0.380702,1.0
0.0,1.0,0.0,0.0,0.0,0.0,0.0,0.455599,0.851064,0.093491,0.72776,0.006365,0.598654,0.567982,1.0
0.0,0.0,1.0,0.0,0.0,0.0,0.0,0.452281,0.319149,0.033806,0.695329,0.002235,0.590886,0.587281,0.0
0.0,0.0,0.0,1.0,0.0,0.0,0.0,0.005,0.085106,0.042422,0.356739,0.003467,0.422915,0.414912,0.0
1.0,0.0,0.0,0.0,0.0,0.0,0.0,0.911508,0.170213,0.0266,0.091193,0.001656,0.141378,0.831579,0.0
0.0,0.0,0.0,0.0,0.0,0.0,1.0,0.902836,0.744681,0.072895,0.433353,0.004447,0.363024,0.699561,1.0
0.0,0.0,0.0,0.0,1.0,0.0,0.0,0.889518,0.574468,0.030113,0.529753,0.002131,0.611859,0.211842,0.0
0.0,0.0,0.0,0.0,0.0,0.0,1.0,0.0273,0.276596,0.077639,0.177477,0.003467,0.422915,0.414912,0.0
0.0,0.0,0.0,0.0,1.0,0.0,0.0,0.868192,0.191489,0.027711,0.228652,0.001795,0.269032,0.819298,0.0
0.0,1.0,0.0,0.0,0.0,0.0,0.0,0.903544,0.893617,0.038639,0.399881,0.002621,0.332988,0.430702,0.0
0.0,0.0,0.0,0.0,0.0,1.0,0.0,0.004779,0.489362,0.076828,0.475454,0.003467,0.422915,0.414912,0.0
0.0,0.0,0.0,0.0,0.0,1.0,0.0,0.456396,0.510638,0.033025,0.525588,0.002219,0.522786,0.5,0.0
0.0,0.0,0.0,0.0,0.0,0.0,1.0,0.473696,0.851064,0.042542,0.391848,0.002827,0.335836,0.768421,1.0
0.0,0.0,0.0,0.0,0.0,1.0,0.0,0.473652,0.106383,0.020926,0.161857,0.000976,0.27188,0.715789,0.0
0.0,1.0,0.0,0.0,0.0,0.0,0.0,0.026459,0.06383,0.047526,0.218685,0.003467,0.422915,0.414912,0.0
1.0,0.0,0.0,0.0,0.0,0.0,0.0,0.433432,0.574468,0.090369,0.59997,0.003467,0.422915,0.414912,1.0
0.0,1.0,0.0,0.0,0.0,0.0,0.0,0.469139,0.340426,0.059175,0.523059,0.003897,0.50233,0.501316,1.0
0.0,0.0,0.0,0.0,0.0,0.0,1.0,0.013141,0.276596,0.041281,0.150699,0.003467,0.422915,0.414912,0.0
0.0,0.0,1.0,0.0,0.0,0.0,0.0,0.022521,0.744681,0.086976,0.491223,0.003467,0.422915,0.414912,1.0
0.0,0.0,1.0,0.0,0.0,0.0,0.0,0.885448,0.723404,0.046986,0.63374,0.003172,0.629726,0.486842,1.0
0.0,0.0,0.0,0.0,0.0,0.0,1.0,0.903456,0.851064,0.03981,0.390211,0.002615,0.319006,0.608333,0.0
0.0,0.0,0.0,0.0,0.0,0.0,1.0,0.460112,0.93617,0.032905,0.466528,0.0022,0.307872,0.597368,1.0
0.0,0.0,0.0,0.0,0.0,1.0,0.0,0.893589,0.340426,0.140387,0.800803,0.00913,0.647592,0.615789,1.0
1.0,0.0,0.0,0.0,0.0,0.0,0.0,0.443255,0.617021,0.042302,0.278786,0.002744,0.174003,0.745614,0.0
0.0,0.0,0.0,0.0,0.0,0.0,1.0,0.004513,0.829787,0.046415,0.53972,0.003467,0.422915,0.414912,0.0
1.0,0.0,0.0,0.0,0.0,0.0,0.0,0.880404,0.404255,0.034496,0.360756,0.001741,0.220093,0.734649,0.0
0.0,1.0,0.0,0.0,0.0,0.0,0.0,0.898323,0.297872,0.060466,0.595656,0.003941,0.564992,0.561404,0.0
0.0,0.0,0.0,0.0,0.0,1.0,0.0,0.871599,0.680851,0.031254,0.675989,0.002075,0.63827,0.530702,0.0
0.0,0.0,0.0,1.0,0.0,0.0,0.0,0.460909,0.659574,0.072715,0.625409,0.004923,0.431642,0.608333,0.0
0.0,0.0,0.0,1.0,0.0,0.0,0.0,0.451396,0.808511,0.041011,0.772538,0.002709,0.672191,0.59386,1.0
0.0,1.0,0.0,0.0,0.0,0.0,0.0,0.90757,0.085106,0.043443,0.191015,0.002877,0.312015,0.573246,0.0
0.0,1.0,0.0,0.0,0.0,0.0,0.0,0.90757,0.340426,0.085745,0.50848,0.005708,0.527965,0.491667,1.0
0.0,0.0,0.0,0.0,0.0,0.0,1.0,0.465378,0.553191,0.029753,0.382029,0.002007,0.333765,0.587719,0.0
0.0,1.0,0.0,0.0,0.0,0.0,0.0,0.903234,0.148936,0.034316,0.12526,0.002148,0.239254,0.605263,0.0
0.0,0.0,1.0,0.0,0.0,0.0,0.0,0.911287,0.680851,0.042632,0.43618,0.002759,0.299068,0.642982,0.0
0.0,0.0,0.0,0.0,1.0,0.0,0.0,0.45113,0.765957,0.059475,0.837846,0.003978,0.697566,0.386842,1.0
0.0,0.0,0.0,0.0,1.0,0.0,0.0,0.008761,0.957447,0.041762,0.532431,0.003467,0.422915,0.414912,0.0
0.0,1.0,0.0,0.0,0.0,0.0,0.0,1.0,0.361702,0.055152,0.549985,0.003756,0.627395,0.342982,0.0
1.0,0.0,0.0,0.0,0.0,0.0,0.0,0.456484,0.680851,0.032425,0.374293,0.002158,0.322372,0.584211,1.0
0.0,0.0,1.0,0.0,0.0,0.0,0.0,0.898677,0.702128,0.083463,0.578548,0.005498,0.571983,0.468421,1.0
0.0,1.0,0.0,0.0,0.0,0.0,0.0,0.876466,0.170213,0.025369,0.172716,0.000841,0.227602,0.857018,0.0
1.0,0.0,0.0,0.0,0.0,0.0,0.0,0.013185,0.93617,0.041732,0.519042,0.003467,0.422915,0.414912,0.0
0.0,0.0,1.0,0.0,0.0,0.0,0.0,0.017875,0.297872,0.092951,0.475007,0.003467,0.422915,0.414912,1.0
0.0,0.0,0.0,0.0,0.0,0.0,1.0,0.893633,0.06383,0.095082,0.487801,0.006369,0.50492,0.599123,1.0
1.0,0.0,0.0,0.0,0.0,0.0,0.0,0.867395,0.914894,0.034736,0.333829,0.001512,0.30088,0.82807,1.0
0.0,0.0,0.0,0.0,0.0,1.0,0.0,0.013716,0.489362,0.045755,0.416245,0.003467,0.422915,0.414912,0.0
0.0,0.0,0.0,1.0,0.0,0.0,0.0,0.876244,0.638298,0.044584,0.632104,0.00301,0.823925,0.289474,1.0
0.0,0.0,0.0,0.0,0.0,1.0,0.0,0.868236,0.489362,0.029002,0.680452,0.001845,0.555412,0.644737,1.0
0.0,0.0,1.0,0.0,0.0,0.0,0.0,0.022211,0.234043,0.046445,0.193395,0.003467,0.422915,0.414912,0.0
0.0,0.0,0.0,1.0,0.0,0.0,0.0,0.433875,0.0,0.044884,0.359119,0.003467,0.422915,0.414912,0.0
0.0,0.0,1.0,0.0,0.0,0.0,0.0,0.911287,0.659574,0.042632,0.445403,0.002754,0.281719,0.64693,0.0
1.0,0.0,0.0,0.0,0.0,0.0,0.0,0.876731,0.085106,0.024919,0.124368,0.000858,0.237183,0.723684,0.0
0.0,0.0,1.0,0.0,0.0,0.0,0.0,0.459935,0.765957,0.150444,0.663939,0.010343,0.603573,0.184211,1.0
0.0,1.0,0.0,0.0,0.0,0.0,0.0,0.009557,0.170213,0.041341,0.245314,0.003467,0.422915,0.414912,0.0
0.0,0.0,0.0,0.0,1.0,0.0,0.0,0.425512,0.680851,0.062387,0.468015,0.003467,0.422915,0.414912,0.0
0.0,0.0,0.0,0.0,1.0,0.0,0.0,0.903057,0.148936,0.051939,0.2349,0.00333,0.322372,0.757895,0.0
0.0,0.0,0.0,1.0,0.0,0.0,0.0,0.89412,0.680851,0.056863,0.587176,0.003814,0.67478,0.444737,0.0
0.0,1.0,0.0,0.0,0.0,0.0,0.0,0.023096,0.042553,0.056293,0.258256,0.003467,0.422915,0.414912,0.0
0.0,0.0,0.0,0.0,1.0,0.0,0.0,0.000442,0.404255,0.168338,0.582565,0.003467,0.422915,0.414912,1.0
0.0,0.0,0.0,0.0,1.0,0.0,0.0,0.447724,0.085106,0.029182,0.416245,0.001797,0.451062,0.765789,0.0
0.0,0.0,0.0,0.0,0.0,0.0,1.0,0.005133,0.06383,0.042272,0.247397,0.003467,0.422915,0.414912,0.0
0.0,0.0,0.0,0.0,1.0,0.0,0.0,0.889518,0.06383,0.061817,0.438857,0.003108,0.496116,0.492982,1.0
0.0,0.0,0.0,1.0,0.0,0.0,0.0,0.875935,0.404255,0.034676,0.645641,0.002285,0.62869,0.481579,0.0
1.0,0.0,0.0,0.0,0.0,0.0,0.0,0.875979,0.148936,0.027141,0.09759,0.001778,0.242879,0.678947,0.0
1.0,0.0,0.0,0.0,0.0,0.0,0.0,0.880404,0.12766,0.029182,0.103541,0.00189,0.202745,0.735526,0.0
0.0,0.0,1.0,0.0,0.0,0.0,0.0,0.013583,0.765957,0.074216,0.609045,0.003467,0.422915,0.414912,1.0
0.0,1.0,0.0,0.0,0.0,0.0,0.0,0.876466,0.276596,0.030863,0.468164,0.001953,0.556447,0.555263,1.0
0.0,0.0,0.0,1.0,0.0,0.0,0.0,0.898721,0.489362,0.09145,0.584499,0.006047,0.641895,0.355702,1.0
0.0,0.0,0.0,0.0,0.0,1.0,0.0,0.456396,0.234043,0.029963,0.324606,0.002009,0.328327,0.671053,0.0
1.0,0.0,0.0,0.0,0.0,0.0,0.0,0.871377,0.0,0.027141,0.245314,0.000858,0.298032,0.798684,0.0
0.0,0.0,0.0,0.0,1.0,0.0,0.0,0.018583,0.085106,0.045965,0.269265,0.003467,0.422915,0.414912,0.0
0.0,1.0,0.0,0.0,0.0,0.0,0.0,0.473784,0.340426,0.028011,0.572597,0.001899,0.516572,0.445175,0.0
0.0,0.0,0.0,1.0,0.0,0.0,0.0,0.005309,0.106383,0.077789,0.322374,0.003467,0.422915,0.414912,0.0
0.0,0.0,0.0,1.0,0.0,0.0,0.0,0.907349,0.191489,0.050408,0.162005,0.003322,0.268514,0.688158,0.0
0.0,0.0,0.0,0.0,0.0,1.0,0.0,0.893899,0.0,0.0786,0.625855,0.004906,0.544795,0.695614,0.0
1.0,0.0,0.0,0.0,0.0,0.0,0.0,0.995575,0.468085,0.079621,0.391848,0.003141,0.267478,0.74386,1.0
0.0,1.0,0.0,0.0,0.0,0.0,0.0,0.027078,0.255319,0.119491,0.396162,0.003467,0.422915,0.414912,1.0
0.0,0.0,0.0,0.0,0.0,1.0,0.0,0.473961,0.765957,0.024859,0.428295,0.001618,0.322372,0.794298,0.0
0.0,1.0,0.0,0.0,0.0,0.0,0.0,0.881067,0.468085,0.029422,0.512794,0.001959,0.550751,0.55,1.0
0.0,0.0,0.0,0.0,1.0,0.0,0.0,0.906774,0.0,0.043623,0.420113,0.002933,0.329622,0.540789,0.0
0.0,0.0,0.0,1.0,0.0,0.0,0.0,0.474183,0.489362,0.035937,0.526927,0.00243,0.310979,0.625877,1.0
0.0,0.0,0.0,0.0,0.0,0.0,1.0,0.885625,0.659574,0.030413,0.351532,0.002002,0.349301,0.620614,0.0
0.0,0.0,1.0,0.0,0.0,0.0,0.0,0.460865,0.744681,0.114177,0.668551,0.007844,0.453651,0.42807,1.0
0.0,0.0,1.0,0.0,0.0,0.0,0.0,0.027432,0.0,0.051219,0.360756,0.003467,0.422915,0.414912,0.0
0.0,0.0,0.0,0.0,1.0,0.0,0.0,0.424893,0.93617,0.082293,0.384409,0.003467,0.422915,0.414912,1.0
0.0,0.0,1.0,0.0,0.0,0.0,0.0,0.433521,1.0,0.051849,0.378161,0.003467,0.422915,0.414912,0.0
0.0,0.0,0.0,1.0,0.0,0.0,0.0,0.876864,0.765957,0.028822,0.494793,0.001915,0.394096,0.50307,0.0
1.0,0.0,0.0,0.0,0.0,0.0,0.0,0.912438,0.446809,0.044764,0.353317,0.002925,0.267737,0.702632,1.0
0.0,0.0,0.0,0.0,0.0,0.0,1.0,0.437989,0.021277,0.045304,0.219131,0.003467,0.422915,0.414912,0.0
0.0,0.0,1.0,0.0,0.0,0.0,0.0,0.884828,0.297872,0.034676,0.470842,0.002308,0.485241,0.484649,1.0
0.0,0.0,0.0,0.0,0.0,0.0,1.0,0.009159,0.723404,0.162514,0.597739,0.003467,0.422915,0.414912,1.0
1.0,0.0,0.0,0.0,0.0,0.0,0.0,0.470023,0.702128,0.028161,0.325201,0.001917,0.223718,0.560526,1.0
0.0,0.0,0.0,1.0,0.0,0.0,0.0,0.911331,0.851064,0.042632,0.40717,0.002811,0.449508,0.486404,0.0
0.0,0.0,0.0,0.0,1.0,0.0,0.0,0.907084,0.297872,0.059025,0.418179,0.004073,0.629467,0.286842,0.0
0.0,0.0,1.0,0.0,0.0,0.0,0.0,0.451352,0.106383,0.03885,0.348408,0.002374,0.382444,0.794298,0.0
0.0,0.0,0.0,0.0,0.0,1.0,0.0,0.469006,0.851064,0.038759,0.380988,0.002609,0.335318,0.389035,0.0
0.0,0.0,0.0,0.0,1.0,0.0,0.0,0.434538,0.808511,0.044314,0.320887,0.003467,0.422915,0.414912,0.0
0.0,0.0,1.0,0.0,0.0,0.0,0.0,0.021902,0.510638,0.071995,0.477239,0.003467,0.422915,0.414912,1.0
1.0,0.0,0.0,0.0,0.0,0.0,0.0,0.893677,0.361702,0.050258,0.50848,0.00275,0.260228,0.797807,0.0
0.0,1.0,0.0,0.0,0.0,0.0,0.0,0.894341,0.468085,0.095623,0.742339,0.006448,0.734335,0.430702,1.0
0.0,1.0,0.0,0.0,0.0,0.0,0.0,0.01323,0.680851,0.075718,0.493306,0.003467,0.422915,0.414912,1.0
0.0,0.0,0.0,0.0,1.0,0.0,0.0,0.880271,0.510638,0.0393,0.55296,0.002759,0.4855,0.242105,1.0
0.0,0.0,0.0,0.0,0.0,0.0,1.0,0.013451,0.106383,0.059625,0.228057,0.003467,0.422915,0.414912,0.0
1.0,0.0,0.0,0.0,0.0,0.0,0.0,0.429937,0.404255,0.111084,0.640881,0.003467,0.422915,0.414912,1.0
0.0,0.0,0.0,0.0,0.0,0.0,1.0,0.911774,0.340426,0.063648,0.457602,0.004161,0.394096,0.695614,1.0
0.0,1.0,0.0,0.0,0.0,0.0,0.0,0.443299,0.914894,0.042662,0.428295,0.002835,0.4174,0.630702,0.0
0.0,0.0,0.0,1.0,0.0,0.0,0.0,0.881156,0.021277,0.035427,0.399881,0.002283,0.351631,0.682456,1.0
0.0,0.0,0.0,0.0,1.0,0.0,0.0,0.00969,0.0,0.076648,0.561738,0.003467,0.422915,0.414912,1.0
0.0,0.0,0.0,0.0,0.0,1.0,0.0,0.456705,1.0,0.033505,0.527224,0.002275,0.45883,0.626316,1.0
0.0,0.0,1.0,0.0,0.0,0.0,0.0,0.885138,0.851064,0.029002,0.557572,0.001975,0.542206,0.242105,0.0
0.0,0.0,0.0,0.0,1.0,0.0,0.0,0.000442,0.0,0.13093,0.485421,0.003467,0.422915,0.414912,1.0
0.0,0.0,0.0,0.0,1.0,0.0,0.0,0.898456,0.808511,0.088868,0.675097,0.005924,0.645779,0.269298,1.0
0.0,0.0,1.0,0.0,0.0,0.0,0.0,0.022831,0.468085,0.05257,0.477536,0.003467,0.422915,0.414912,0.0
0.0,0.0,0.0,0.0,1.0,0.0,0.0,0.903367,0.319149,0.075417,0.477239,0.005054,0.502848,0.454825,1.0
0.0,1.0,0.0,0.0,0.0,0.0,0.0,0.889076,0.0,0.028852,0.347962,0.001809,0.342569,0.72193,0.0
0.0,1.0,0.0,0.0,0.0,0.0,0.0,0.911553,0.638298,0.05284,0.499405,0.003492,0.550492,0.501316,1.0
0.0,0.0,0.0,1.0,0.0,0.0,0.0,0.443387,0.297872,0.042122,0.463404,0.0028,0.473848,0.590351,0.0
0.0,0.0,1.0,0.0,0.0,0.0,0.0,0.911287,0.06383,0.044914,0.277298,0.002943,0.346712,0.663158,0.0
0.0,0.0,0.0,1.0,0.0,0.0,0.0,0.912261,0.12766,0.042662,0.169741,0.002862,0.260487,0.50614,0.0
0.0,0.0,0.0,0.0,1.0,0.0,0.0,0.005354,0.404255,0.085565,0.673907,0.003467,0.422915,0.414912,1.0
0.0,0.0,0.0,0.0,0.0,1.0,0.0,0.018318,0.191489,0.043263,0.126004,0.003467,0.422915,0.414912,0.0
0.0,0.0,0.0,0.0,1.0,0.0,0.0,0.017964,0.085106,0.076468,0.326688,0.003467,0.422915,0.414912,1.0
0.0,0.0,0.0,1.0,0.0,0.0,0.0,0.44737,0.489362,0.045515,0.640434,0.003197,0.597359,0.360526,0.0
0.0,0.0,0.0,1.0,0.0,0.0,0.0,0.907659,0.744681,0.05248,0.506248,0.003556,0.58001,0.432895,0.0
0.0,0.0,0.0,0.0,0.0,1.0,0.0,0.991018,0.0,0.064249,0.532728,0.004279,0.41015,0.621491,0.0
0.0,0.0,0.0,1.0,0.0,0.0,0.0,0.881465,0.93617,0.028101,0.433651,0.001805,0.420766,0.572807,0.0
0.0,0.0,0.0,0.0,0.0,1.0,0.0,0.907747,0.297872,0.053381,0.407022,0.003544,0.467115,0.478947,1.0
0.0,0.0,0.0,0.0,1.0,0.0,0.0,0.872174,0.212766,0.031254,0.284737,0.000966,0.350854,0.835088,1.0
1.0,0.0,0.0,0.0,0.0,0.0,0.0,0.90319,0.12766,0.041161,0.105177,0.002721,0.241844,0.592982,0.0
0.0,0.0,1.0,0.0,0.0,0.0,0.0,0.473519,0.787234,0.023178,0.428295,0.00151,0.361212,0.665789,0.0
0.0,0.0,1.0,0.0,0.0,0.0,0.0,0.871776,0.106383,0.017173,0.139096,0.000841,0.266183,0.842544,0.0
1.0,0.0,0.0,0.0,0.0,0.0,0.0,0.446617,0.893617,0.053651,0.536745,0.003461,0.384257,0.542105,1.0
0.0,0.0,0.0,0.0,1.0,0.0,0.0,0.889518,0.234043,0.033776,0.295745,0.002206,0.355256,0.627632,0.0
0.0,1.0,0.0,0.0,0.0,0.0,0.0,0.456219,0.957447,0.033205,0.554299,0.002229,0.416106,0.690789,0.0
1.0,0.0,0.0,0.0,0.0,0.0,0.0,0.894297,0.425532,0.075297,0.564862,0.002619,0.356033,0.67807,1.0
0.0,0.0,0.0,1.0,0.0,0.0,0.0,0.486837,0.06383,0.062508,0.324159,0.004321,0.398498,0.244737,1.0
1.0,0.0,0.0,0.0,0.0,0.0,0.0,0.008893,0.085106,0.041492,0.255727,0.003467,0.422915,0.414912,0.0
0.0,1.0,0.0,0.0,0.0,0.0,0.0,0.894651,0.425532,0.084905,0.710949,0.005661,0.684619,0.508333,1.0
0.0,0.0,0.0,0.0,0.0,0.0,1.0,0.872572,0.531915,0.030924,0.388426,0.001653,0.314604,0.826316,0.0
1.0,0.0,0.0,0.0,0.0,0.0,0.0,0.877041,0.617021,0.029062,0.324903,0.001911,0.187727,0.555702,0.0
0.0,0.0,0.0,0.0,0.0,1.0,0.0,0.464404,0.978723,0.032275,0.43008,0.002204,0.455463,0.29693,0.0
1.0,0.0,0.0,0.0,0.0,0.0,0.0,0.894297,0.893617,0.06581,0.552217,0.003932,0.457794,0.672368,1.0
0.0,0.0,1.0,0.0,0.0,0.0,0.0,0.026813,0.06383,0.049478,0.214668,0.003467,0.422915,0.414912,0.0
0.0,1.0,0.0,0.0,0.0,0.0,0.0,0.000929,0.319149,0.043983,0.591788,0.003467,0.422915,0.414912,0.0
0.0,0.0,1.0,0.0,0.0,0.0,0.0,0.438742,0.468085,0.055512,0.520976,0.003467,0.422915,0.414912,0.0
0.0,0.0,0.0,0.0,0.0,1.0,0.0,0.442547,0.829787,0.090609,0.58435,0.005941,0.526929,0.500526,1.0
0.0,1.0,0.0,0.0,0.0,0.0,0.0,0.867749,0.914894,0.027471,0.433056,0.00134,0.303729,0.771053,1.0
0.0,1.0,0.0,0.0,0.0,0.0,0.0,0.031105,0.489362,0.09151,0.52767,0.003467,0.422915,0.414912,1.0
0.0,0.0,0.0,1.0,0.0,0.0,0.0,0.911641,0.744681,0.044073,0.452841,0.003029,0.537286,0.26886,0.0
0.0,0.0,0.0,0.0,0.0,0.0,1.0,0.473696,0.553191,0.058695,0.482743,0.003862,0.40057,0.826754,1.0
0.0,0.0,0.0,0.0,1.0,0.0,0.0,0.000442,0.914894,0.076498,0.378608,0.003467,0.422915,0.414912,0.0
0.0,0.0,0.0,0.0,0.0,0.0,1.0,0.438919,0.234043,0.045605,0.06382,0.003467,0.422915,0.414912,0.0
0.0,0.0,0.0,0.0,0.0,1.0,0.0,0.460997,0.276596,0.032965,0.482892,0.002219,0.344381,0.50307,0.0
0.0,0.0,0.0,1.0,0.0,0.0,0.0,0.473873,0.425532,0.029422,0.610384,0.001948,0.533402,0.567105,0.0
1.0,0.0,0.0,0.0,0.0,0.0,0.0,0.460466,0.595745,0.023958,0.253942,0.00161,0.276282,0.719737,0.0
1.0,0.0,0.0,0.0,0.0,0.0,0.0,0.889961,0.085106,0.033205,0.260934,0.001624,0.369498,0.558772,0.0
0.0,0.0,1.0,0.0,0.0,0.0,0.0,0.46551,0.255319,0.051759,0.366558,0.00354,0.456499,0.362281,1.0
0.0,0.0,0.0,0.0,1.0,0.0,0.0,0.893854,0.170213,0.042602,0.25781,0.002754,0.365355,0.708772,0.0
1.0,0.0,0.0,0.0,0.0,0.0,0.0,0.026415,0.808511,0.055482,0.440048,0.003467,0.422915,0.414912,0.0
0.0,1.0,0.0,0.0,0.0,0.0,0.0,0.433476,0.234043,0.076828,0.383517,0.003467,0.422915,0.414912,1.0
0.0,0.0,0.0,0.0,0.0,1.0,0.0,0.460688,0.510638,0.134532,0.56873,0.009115,0.533143,0.278947,1.0
0.0,1.0,0.0,0.0,0.0,0.0,0.0,0.433786,0.212766,0.047886,0.261678,0.003467,0.422915,0.414912,0.0
0.0,0.0,1.0,0.0,0.0,0.0,0.0,0.018495,0.744681,0.046565,0.47709,0.003467,0.422915,0.414912,0.0
0.0,0.0,1.0,0.0,0.0,0.0,0.0,0.030839,0.531915,0.119491,0.576465,0.003467,0.422915,0.414912,1.0
0.0,0.0,0.0,1.0,0.0,0.0,0.0,0.013008,0.680851,0.082773,0.508628,0.003467,0.422915,0.414912,1.0
0.0,0.0,1.0,0.0,0.0,0.0,0.0,0.473209,0.276596,0.043053,0.470098,0.004192,0.518384,0.270175,1.0
0.0,0.0,0.0,0.0,1.0,0.0,0.0,0.000442,0.680851,0.168338,0.472776,0.003467,0.422915,0.414912,1.0
0.0,0.0,0.0,0.0,0.0,0.0,1.0,0.898235,0.468085,0.09244,0.610533,0.005559,0.428534,0.784649,1.0
0.0,0.0,0.0,0.0,1.0,0.0,0.0,0.889828,0.702128,0.035787,0.657691,0.002553,0.648628,0.273246,0.0
1.0,0.0,0.0,0.0,0.0,0.0,0.0,0.424716,0.425532,0.103008,0.501041,0.003467,0.422915,0.414912,1.0
0.0,0.0,1.0,0.0,0.0,0.0,0.0,0.425424,0.595745,0.150054,0.656204,0.003467,0.422915,0.414912,1.0
0.0,0.0,0.0,1.0,0.0,0.0,0.0,0.464625,0.021277,0.075868,0.433651,0.005214,0.341792,0.439912,1.0
1.0,0.0,0.0,0.0,0.0,0.0,0.0,0.898898,0.87234,0.083253,0.543439,0.00526,0.450544,0.736842,1.0
1.0,0.0,0.0,0.0,0.0,0.0,0.0,0.004557,0.170213,0.063648,0.114252,0.003467,0.422915,0.414912,0.0
1.0,0.0,0.0,0.0,0.0,0.0,0.0,0.460466,0.297872,0.021106,0.179411,0.000976,0.118074,0.897368,0.0
1.0,0.0,0.0,0.0,0.0,0.0,0.0,0.47405,0.595745,0.045725,0.514281,0.003029,0.36173,0.689035,1.0
0.0,1.0,0.0,0.0,0.0,0.0,0.0,0.885094,0.829787,0.040891,0.627641,0.002865,0.582859,0.253947,0.0
0.0,0.0,0.0,0.0,1.0,0.0,0.0,0.013053,0.042553,0.041732,0.492711,0.003467,0.422915,0.414912,0.0
0.0,0.0,0.0,0.0,1.0,0.0,0.0,0.433609,0.297872,0.079831,0.485719,0.003467,0.422915,0.414912,1.0
0.0,0.0,0.0,0.0,1.0,0.0,0.0,0.871864,0.382979,0.031164,0.631955,0.002023,0.649404,0.469737,0.0
0.0,0.0,0.0,0.0,1.0,0.0,0.0,0.429494,0.042553,0.049838,0.256174,0.003467,0.422915,0.414912,0.0
0.0,1.0,0.0,0.0,0.0,0.0,0.0,0.442989,1.0,0.051579,0.50357,0.003513,0.424909,0.494298,0.0
0.0,0.0,0.0,0.0,0.0,0.0,1.0,0.906863,0.085106,0.03915,0.229694,0.002715,0.247022,0.565789,0.0
0.0,0.0,0.0,0.0,0.0,1.0,0.0,0.000487,0.468085,0.084544,0.420857,0.003467,0.422915,0.414912,0.0
0.0,0.0,0.0,0.0,0.0,0.0,1.0,0.911774,0.574468,0.043953,0.346325,0.002856,0.32289,0.729825,0.0
0.0,0.0,1.0,0.0,0.0,0.0,0.0,0.022831,0.87234,0.057464,0.415353,0.003467,0.422915,0.414912,0.0
0.0,0.0,1.0,0.0,0.0,0.0,0.0,0.446706,0.148936,0.018494,0.250669,0.001178,0.309425,0.67193,0.0
0.0,1.0,0.0,0.0,0.0,0.0,0.0,0.429981,0.191489,0.074577,0.245463,0.003467,0.422915,0.414912,0.0
0.0,0.0,0.0,0.0,0.0,1.0,0.0,0.425556,0.744681,0.074427,0.312853,0.003467,0.422915,0.414912,1.0
0.0,0.0,0.0,0.0,1.0,0.0,0.0,0.906774,0.446809,0.090549,0.593276,0.006032,0.5145,0.375,1.0
0.0,0.0,1.0,0.0,0.0,0.0,0.0,0.451042,0.489362,0.043413,0.688188,0.002916,0.617815,0.414474,1.0
0.0,0.0,0.0,0.0,0.0,1.0,0.0,0.464404,0.531915,0.072295,0.498215,0.0049,0.491714,0.432456,1.0
0.0,0.0,1.0,0.0,0.0,0.0,0.0,0.031459,0.06383,0.05293,0.203511,0.003467,0.422915,0.414912,0.0
0.0,0.0,0.0,1.0,0.0,0.0,0.0,0.89412,0.404255,0.099466,0.777001,0.006824,0.792077,0.291667,1.0
0.0,0.0,0.0,0.0,0.0,1.0,0.0,0.903102,0.617021,0.053501,0.460428,0.003575,0.499223,0.460526,0.0
0.0,0.0,0.0,0.0,1.0,0.0,0.0,0.868192,0.851064,0.028281,0.481702,0.000841,0.403936,0.737719,0.0
0.0,0.0,1.0,0.0,0.0,0.0,0.0,0.442724,0.787234,0.132701,0.677031,0.008677,0.601502,0.526316,1.0
0.0,0.0,0.0,0.0,0.0,1.0,0.0,0.460997,0.93617,0.029843,0.430675,0.002046,0.306836,0.416667,0.0
0.0,0.0,0.0,0.0,0.0,0.0,1.0,0.474315,0.404255,0.027681,0.30839,0.001624,0.172191,0.79386,0.0
0.0,0.0,0.0,0.0,0.0,0.0,1.0,0.022079,0.212766,0.062057,0.050283,0.003467,0.422915,0.414912,1.0
0.0,1.0,0.0,0.0,0.0,0.0,0.0,0.46113,0.87234,0.031194,0.494942,0.002098,0.450285,0.323246,0.0
0.0,0.0,0.0,0.0,0.0,1.0,0.0,0.455776,0.191489,0.029633,0.234603,0.001996,0.287416,0.742105,0.0
0.0,0.0,0.0,0.0,0.0,0.0,1.0,0.01376,0.106383,0.045755,0.185808,0.003467,0.422915,0.414912,0.0
0.0,0.0,0.0,1.0,0.0,0.0,0.0,0.031193,0.170213,0.074787,0.171378,0.003467,0.422915,0.414912,1.0
0.0,0.0,1.0,0.0,0.0,0.0,0.0,0.442724,0.085106,0.048937,0.334871,0.003305,0.36898,0.570614,0.0
0.0,0.0,0.0,0.0,0.0,0.0,1.0,0.429583,0.978723,0.056593,0.302142,0.003467,0.422915,0.414912,0.0
1.0,0.0,0.0,0.0,0.0,0.0,0.0,0.438343,0.808511,0.082142,0.502529,0.003467,0.422915,0.414912,1.0
0.0,1.0,0.0,0.0,0.0,0.0,0.0,0.022787,0.553191,0.096944,0.464594,0.003467,0.422915,0.414912,1.0
0.0,0.0,1.0,0.0,0.0,0.0,0.0,0.898058,0.170213,0.027921,0.256471,0.001801,0.310461,0.702193,0.0
0.0,0.0,0.0,0.0,0.0,0.0,1.0,0.872262,0.042553,0.033085,0.221214,0.000841,0.343086,0.775877,1.0
1.0,0.0,0.0,0.0,0.0,0.0,0.0,0.880713,0.148936,0.027711,0.063523,0.001778,0.167012,0.790789,0.0
0.0,0.0,0.0,0.0,0.0,0.0,1.0,0.898235,0.382979,0.096223,0.63136,0.005715,0.457535,0.757456,1.0
0.0,0.0,0.0,0.0,0.0,1.0,0.0,0.433653,0.702128,0.069263,0.369682,0.003467,0.422915,0.414912,1.0
0.0,0.0,0.0,0.0,1.0,0.0,0.0,0.893545,0.212766,0.060046,0.318804,0.003222,0.358622,0.797368,0.0
0.0,1.0,0.0,0.0,0.0,0.0,0.0,0.893722,0.0,0.043923,0.40003,0.002673,0.365873,0.669298,0.0
1.0,0.0,0.0,0.0,0.0,0.0,0.0,0.030751,0.702128,0.111865,0.557423,0.003467,0.422915,0.414912,1.0
0.0,0.0,0.0,0.0,1.0,0.0,0.0,0.017964,0.957447,0.076318,0.502975,0.003467,0.422915,0.414912,0.0
0.0,0.0,0.0,1.0,0.0,0.0,0.0,0.45998,0.914894,0.028221,0.416691,0.002042,0.365096,0.417544,0.0
0.0,0.0,0.0,0.0,1.0,0.0,0.0,0.00938,0.425532,0.041732,0.676436,0.003467,0.422915,0.414912,0.0
0.0,0.0,0.0,0.0,0.0,1.0,0.0,0.880315,0.340426,0.038759,0.507587,0.002692,0.507768,0.241667,0.0
0.0,0.0,0.0,0.0,0.0,0.0,1.0,0.438299,0.744681,0.063498,0.384558,0.003467,0.422915,0.414912,1.0
0.0,1.0,0.0,0.0,0.0,0.0,0.0,0.907261,0.93617,0.093431,0.423683,0.006192,0.493009,0.555702,0.0
1.0,0.0,0.0,0.0,0.0,0.0,0.0,0.452192,0.829787,0.034346,0.582416,0.002374,0.389436,0.435088,1.0
0.0,0.0,0.0,1.0,0.0,0.0,0.0,0.982169,0.659574,0.048607,0.514579,0.003342,0.55334,0.344298,0.0
0.0,0.0,0.0,0.0,0.0,1.0,0.0,0.425247,0.404255,0.080611,0.389021,0.003467,0.422915,0.414912,1.0
0.0,0.0,0.0,0.0,0.0,0.0,1.0,0.022079,0.659574,0.073256,0.256174,0.003467,0.422915,0.414912,1.0
1.0,0.0,0.0,0.0,0.0,0.0,0.0,0.030751,0.957447,0.076888,0.422493,0.003467,0.422915,0.414912,0.0
0.0,0.0,0.0,0.0,1.0,0.0,0.0,0.018583,0.851064,0.049297,0.425915,0.003467,0.422915,0.414912,0.0
0.0,0.0,0.0,1.0,0.0,0.0,0.0,0.872439,0.553191,0.106251,0.703511,0.007025,0.843086,0.176316,1.0
0.0,0.0,0.0,0.0,0.0,1.0,0.0,0.893589,0.93617,0.058695,0.633442,0.003951,0.449767,0.603509,0.0
0.0,0.0,1.0,0.0,0.0,0.0,0.0,0.890359,0.085106,0.071034,0.444659,0.003425,0.486535,0.574561,1.0
0.0,0.0,0.0,1.0,0.0,0.0,0.0,0.885182,0.723404,0.075988,0.616037,0.00512,0.549715,0.454386,1.0
1.0,0.0,0.0,0.0,0.0,0.0,0.0,0.460466,0.361702,0.02588,0.3374,0.001732,0.211807,0.823684,1.0
0.0,0.0,0.0,0.0,1.0,0.0,0.0,0.889518,0.106383,0.074817,0.32535,0.002009,0.416882,0.52193,1.0
0.0,1.0,0.0,0.0,0.0,0.0,0.0,0.872041,0.255319,0.02576,0.441238,0.001647,0.470999,0.660526,0.0
0.0,1.0,0.0,0.0,0.0,0.0,0.0,0.009557,0.489362,0.041642,0.583904,0.003467,0.422915,0.414912,0.0
1.0,0.0,0.0,0.0,0.0,0.0,0.0,0.018097,0.404255,0.093821,0.539274,0.003467,0.422915,0.414912,1.0
0.0,0.0,1.0,0.0,0.0,0.0,0.0,0.456263,0.531915,0.035187,0.529456,0.002378,0.56318,0.464474,0.0
0.0,0.0,0.0,1.0,0.0,0.0,0.0,0.899031,0.468085,0.088417,0.58435,0.005866,0.617815,0.383772,1.0
1.0,0.0,0.0,0.0,0.0,0.0,0.0,0.470023,0.148936,0.022757,0.097292,0.001548,0.122216,0.561842,0.0
1.0,0.0,0.0,0.0,0.0,0.0,0.0,0.907836,0.382979,0.044704,0.358524,0.002904,0.233558,0.701754,1.0
0.0,0.0,0.0,0.0,0.0,1.0,0.0,0.438255,0.765957,0.060166,0.460131,0.003467,0.422915,0.414912,1.0
0.0,0.0,1.0,0.0,0.0,0.0,0.0,0.474138,0.914894,0.028251,0.410741,0.001178,0.22579,0.79386,0.0
0.0,0.0,0.0,0.0,0.0,1.0,0.0,0.8985,0.382979,0.093491,0.629277,0.006203,0.638788,0.389474,1.0
0.0,0.0,0.0,1.0,0.0,0.0,0.0,0.031813,0.87234,0.056923,0.19756,0.003467,0.422915,0.414912,0.0
0.0,0.0,0.0,0.0,1.0,0.0,0.0,0.46467,0.382979,0.095683,0.507141,0.006591,0.476955,0.33114,1.0
0.0,0.0,0.0,0.0,0.0,1.0,0.0,0.889562,0.0,0.052,0.526034,0.003498,0.408856,0.545614,1.0
0.0,0.0,1.0,0.0,0.0,0.0,0.0,0.894075,0.297872,0.051039,0.584647,0.003604,0.633351,0.482018,0.0
0.0,0.0,0.0,0.0,1.0,0.0,0.0,0.013053,0.085106,0.048787,0.360458,0.003467,0.422915,0.414912,0.0
0.0,1.0,0.0,0.0,0.0,0.0,0.0,0.446662,0.957447,0.038549,0.568283,0.001784,0.42232,0.765789,0.0
0.0,0.0,0.0,0.0,0.0,0.0,1.0,0.46936,0.659574,0.029122,0.341714,0.001934,0.245728,0.642544,0.0
0.0,0.0,0.0,0.0,0.0,0.0,1.0,0.005133,0.595745,0.071815,0.342309,0.003467,0.422915,0.414912,1.0
1.0,0.0,0.0,0.0,0.0,0.0,0.0,0.456175,0.765957,0.032755,0.511009,0.002148,0.453133,0.67193,1.0
0.0,0.0,0.0,0.0,0.0,0.0,1.0,0.889297,0.510638,0.029152,0.401517,0.001872,0.391766,0.651754,0.0
0.0,0.0,1.0,0.0,0.0,0.0,0.0,0.867484,0.978723,0.037619,0.429932,0.00226,0.426981,0.650877,1.0
0.0,0.0,0.0,1.0,0.0,0.0,0.0,0.911331,0.87234,0.041672,0.377566,0.002719,0.422579,0.535088,0.0
1.0,0.0,0.0,0.0,0.0,0.0,0.0,0.451883,0.085106,0.03969,0.298869,0.00269,0.364578,0.562719,0.0
0.0,0.0,1.0,0.0,0.0,0.0,0.0,0.468873,0.021277,0.02642,0.318358,0.001778,0.24029,0.513596,0.0
0.0,0.0,0.0,1.0,0.0,0.0,0.0,0.009336,1.0,0.109493,0.599078,0.003467,0.422915,0.414912,1.0
1.0,0.0,0.0,0.0,0.0,0.0,0.0,0.469094,0.276596,0.02633,0.167956,0.001722,0.139306,0.694298,0.0
1.0,0.0,0.0,0.0,0.0,0.0,0.0,0.867705,0.170213,0.021526,0.106962,0.000841,0.164423,0.902632,0.0
1.0,0.0,0.0,0.0,0.0,0.0,0.0,0.429937,0.446809,0.117089,0.660964,0.003467,0.422915,0.414912,1.0
0.0,0.0,1.0,0.0,0.0,0.0,0.0,0.460245,0.234043,0.030863,0.273133,0.002106,0.270067,0.508333,0.0
0.0,0.0,0.0,1.0,0.0,0.0,0.0,0.867838,0.297872,0.027981,0.474412,0.00085,0.488348,0.684649,0.0
0.0,1.0,0.0,0.0,0.0,0.0,0.0,0.473475,0.978723,0.028762,0.423683,0.00194,0.364578,0.533772,1.0
0.0,0.0,0.0,0.0,0.0,0.0,1.0,0.424671,0.06383,0.055242,0.081523,0.003467,0.422915,0.414912,0.0
0.0,1.0,0.0,0.0,0.0,0.0,0.0,0.44237,0.851064,0.077459,0.445403,0.005378,0.444847,0.500526,1.0
0.0,0.0,0.0,1.0,0.0,0.0,0.0,0.889253,0.042553,0.0523,0.411485,0.003405,0.427499,0.641667,1.0
0.0,0.0,0.0,0.0,0.0,1.0,0.0,0.884651,0.148936,0.027231,0.184766,0.001741,0.317193,0.659649,0.0
0.0,0.0,1.0,0.0,0.0,0.0,0.0,0.452281,0.276596,0.032124,0.579589,0.002156,0.475401,0.651316,0.0
0.0,0.0,0.0,0.0,0.0,1.0,0.0,0.447768,0.361702,0.049388,0.683725,0.003616,0.61885,0.232895,1.0
0.0,0.0,0.0,0.0,0.0,0.0,1.0,0.898854,0.170213,0.024108,0.151889,0.001606,0.214656,0.520175,0.0
0.0,0.0,1.0,0.0,0.0,0.0,0.0,0.438122,0.191489,0.062748,0.155013,0.003467,0.422915,0.414912,1.0
0.0,1.0,0.0,0.0,0.0,0.0,0.0,0.438697,0.765957,0.111174,0.586433,0.003467,0.422915,0.414912,1.0
0.0,0.0,1.0,0.0,0.0,0.0,0.0,0.43445,0.531915,0.050288,0.517852,0.003467,0.422915,0.414912,0.0
0.0,1.0,0.0,0.0,0.0,0.0,0.0,0.868059,0.382979,0.030503,0.338738,0.000841,0.215432,0.814474,1.0
0.0,0.0,0.0,0.0,1.0,0.0,0.0,0.460953,0.361702,0.049388,0.56025,0.003398,0.510098,0.334649,0.0
0.0,0.0,0.0,0.0,0.0,0.0,1.0,0.464758,0.212766,0.020596,0.101309,0.001365,0.13594,0.758772,0.0
0.0,0.0,0.0,0.0,0.0,0.0,1.0,0.009159,0.489362,0.082263,0.489438,0.003467,0.422915,0.414912,1.0
0.0,0.0,0.0,1.0,0.0,0.0,0.0,0.000398,0.787234,0.149664,0.646534,0.003467,0.422915,0.414912,1.0
0.0,0.0,0.0,0.0,0.0,1.0,0.0,0.438255,0.489362,0.060166,0.401071,0.003467,0.422915,0.414912,0.0
0.0,0.0,1.0,0.0,0.0,0.0,0.0,0.429715,0.234043,0.073526,0.390211,0.003467,0.422915,0.414912,0.0
0.0,0.0,1.0,0.0,0.0,0.0,0.0,0.894385,0.638298,0.071424,0.569176,0.004865,0.653806,0.38114,0.0
0.0,0.0,0.0,1.0,0.0,0.0,0.0,0.013008,0.659574,0.078059,0.493306,0.003467,0.422915,0.414912,1.0
0.0,0.0,0.0,0.0,0.0,1.0,0.0,0.004159,0.851064,0.044134,0.405088,0.003467,0.422915,0.414912,0.0
0.0,0.0,0.0,1.0,0.0,0.0,0.0,0.867838,0.93617,0.028251,0.440048,0.001809,0.33972,0.704386,0.0
0.0,1.0,0.0,0.0,0.0,0.0,0.0,0.442989,0.617021,0.054642,0.539572,0.003681,0.476437,0.521491,1.0
0.0,0.0,0.0,1.0,0.0,0.0,0.0,0.456307,1.0,0.035457,0.556531,0.002358,0.509581,0.667105,1.0
0.0,0.0,0.0,0.0,0.0,1.0,0.0,0.447458,0.659574,0.042452,0.522017,0.002927,0.501036,0.459649,0.0
0.0,0.0,1.0,0.0,0.0,0.0,0.0,0.911597,0.191489,0.042783,0.2349,0.002771,0.295961,0.688596,0.0
0.0,0.0,0.0,0.0,0.0,1.0,0.0,0.027565,0.446809,0.074817,0.375632,0.003467,0.422915,0.414912,1.0
0.0,0.0,0.0,1.0,0.0,0.0,0.0,0.876554,0.042553,0.028191,0.259893,0.001764,0.373382,0.736404,0.0
1.0,0.0,0.0,0.0,0.0,0.0,0.0,0.455865,0.191489,0.027831,0.160071,0.000976,0.18928,0.809649,0.0
0.0,0.0,0.0,0.0,1.0,0.0,0.0,0.022919,0.851064,0.056293,0.390955,0.003467,0.422915,0.414912,0.0
0.0,0.0,0.0,0.0,1.0,0.0,0.0,0.013362,0.170213,0.060496,0.258108,0.003467,0.422915,0.414912,0.0
0.0,0.0,0.0,0.0,0.0,1.0,0.0,0.451484,0.106383,0.038699,0.385153,0.002158,0.435008,0.662719,0.0
0.0,0.0,0.0,1.0,0.0,0.0,0.0,0.911331,0.12766,0.034766,0.176436,0.002235,0.222165,0.774123,0.0
1.0,0.0,0.0,0.0,0.0,0.0,0.0,0.031061,0.212766,0.083794,0.253942,0.003467,0.422915,0.414912,1.0
0.0,1.0,0.0,0.0,0.0,0.0,0.0,0.465466,0.106383,0.023388,0.100119,0.00157,0.205852,0.645175,0.0
0.0,0.0,0.0,0.0,1.0,0.0,0.0,0.890138,0.468085,0.056053,0.712288,0.003941,0.754013,0.263596,0.0
0.0,0.0,0.0,1.0,0.0,0.0,0.0,0.486837,0.765957,0.066621,0.502231,0.004603,0.512429,0.21886,1.0
0.0,1.0,0.0,0.0,0.0,0.0,0.0,0.022167,0.829787,0.046445,0.454478,0.003467,0.422915,0.414912,0.0
0.0,0.0,0.0,0.0,1.0,0.0,0.0,0.460953,0.893617,0.034466,0.529307,0.002368,0.399793,0.507895,0.0
0.0,0.0,0.0,0.0,0.0,0.0,1.0,0.872262,0.106383,0.030083,0.13136,0.000839,0.222683,0.797807,0.0
0.0,0.0,0.0,0.0,0.0,0.0,1.0,0.464448,0.234043,0.023538,0.122434,0.001572,0.187985,0.636404,0.0
0.0,0.0,0.0,1.0,0.0,0.0,0.0,0.009646,0.0,0.046385,0.535257,0.003467,0.422915,0.414912,1.0
0.0,1.0,0.0,0.0,0.0,0.0,0.0,0.872351,0.170213,0.031494,0.172419,0.000839,0.208441,0.885526,1.0
0.0,0.0,0.0,1.0,0.0,0.0,0.0,0.44675,0.106383,0.036147,0.335317,0.002339,0.360953,0.654386,0.0
0.0,0.0,1.0,0.0,0.0,0.0,0.0,0.443343,0.276596,0.041011,0.452098,0.002719,0.434749,0.569737,0.0
1.0,0.0,0.0,0.0,0.0,0.0,0.0,0.469094,0.87234,0.033415,0.286522,0.002187,0.250647,0.666667,1.0
0.0,0.0,0.0,1.0,0.0,0.0,0.0,0.433565,0.659574,0.055482,0.512348,0.003467,0.422915,0.414912,0.0
0.0,0.0,0.0,0.0,0.0,1.0,0.0,0.013716,0.148936,0.051549,0.193841,0.003467,0.422915,0.414912,1.0
0.0,1.0,0.0,0.0,0.0,0.0,0.0,0.026459,0.191489,0.048487,0.20604,0.003467,0.422915,0.414912,0.0
0.0,0.0,1.0,0.0,0.0,0.0,0.0,0.009911,0.042553,0.071454,0.511306,0.003467,0.422915,0.414912,1.0
0.0,0.0,0.0,0.0,0.0,0.0,1.0,0.902526,0.574468,0.032245,0.358227,0.002131,0.35448,0.519298,0.0
1.0,0.0,0.0,0.0,0.0,0.0,0.0,0.912438,0.276596,0.042362,0.205594,0.002561,0.209477,0.689474,0.0
0.0,0.0,0.0,0.0,0.0,1.0,0.0,0.474271,0.680851,0.030563,0.355846,0.00204,0.122216,0.837281,1.0
0.0,0.0,1.0,0.0,0.0,0.0,0.0,0.425424,0.702128,0.194548,0.615739,0.003467,0.422915,0.414912,1.0
0.0,0.0,0.0,0.0,0.0,0.0,1.0,0.460422,0.12766,0.028342,0.217941,0.001928,0.272657,0.561404,0.0
0.0,0.0,0.0,0.0,0.0,0.0,1.0,0.907172,0.595745,0.077039,0.351235,0.00499,0.352926,0.714035,0.0
0.0,1.0,0.0,0.0,0.0,0.0,0.0,0.474404,0.255319,0.02642,0.199048,0.001786,0.183843,0.648684,1.0
0.0,0.0,0.0,0.0,0.0,0.0,1.0,0.907172,0.978723,0.100757,0.386046,0.006701,0.485241,0.471491,1.0
0.0,0.0,0.0,0.0,0.0,0.0,1.0,0.885315,0.553191,0.156539,0.41208,0.003691,0.369757,0.738596,1.0
0.0,0.0,0.0,0.0,0.0,1.0,0.0,0.031592,0.0,0.057314,0.331598,0.003467,0.422915,0.414912,0.0
0.0,0.0,0.0,0.0,0.0,0.0,1.0,0.44352,0.106383,0.021706,0.284439,0.0014,0.338944,0.581579,0.0
0.0,1.0,0.0,0.0,0.0,0.0,0.0,0.872351,0.744681,0.027171,0.450164,0.001045,0.441222,0.798246,0.0
0.0,0.0,0.0,0.0,0.0,0.0,1.0,0.446883,0.893617,0.043743,0.457899,0.002939,0.349819,0.621053,1.0
0.0,0.0,0.0,0.0,1.0,0.0,0.0,0.899075,0.12766,0.049778,0.285629,0.003261,0.379337,0.589474,0.0
1.0,0.0,0.0,0.0,0.0,0.0,0.0,0.885049,0.893617,0.073015,0.473371,0.00483,0.349042,0.575877,1.0
0.0,0.0,1.0,0.0,0.0,0.0,0.0,0.446706,0.234043,0.022367,0.305415,0.000976,0.308907,0.765789,0.0
0.0,0.0,0.0,0.0,1.0,0.0,0.0,0.437901,0.893617,0.05326,0.320143,0.003467,0.422915,0.414912,0.0
0.0,0.0,0.0,0.0,1.0,0.0,0.0,0.46467,0.06383,0.05209,0.341714,0.003579,0.378819,0.35307,0.0
0.0,0.0,0.0,0.0,0.0,0.0,1.0,0.026371,0.680851,0.074727,0.250967,0.003467,0.422915,0.414912,1.0
0.0,0.0,0.0,0.0,0.0,0.0,1.0,0.46874,0.446809,0.029572,0.394228,0.001932,0.305541,0.690351,0.0
0.0,1.0,0.0,0.0,0.0,0.0,0.0,0.872351,0.382979,0.028552,0.585242,0.001747,0.520456,0.783772,0.0
1.0,0.0,0.0,0.0,0.0,0.0,0.0,0.47343,0.191489,0.021917,0.116186,0.001491,0.106163,0.55,0.0
0.0,1.0,0.0,0.0,0.0,0.0,0.0,0.894651,0.510638,0.083193,0.672716,0.005442,0.651994,0.591228,1.0
0.0,0.0,0.0,0.0,0.0,0.0,1.0,0.433698,0.510638,0.046535,0.317316,0.003467,0.422915,0.414912,0.0
0.0,0.0,1.0,0.0,0.0,0.0,0.0,0.451971,0.382979,0.048277,0.791729,0.003205,0.67245,0.458772,0.0
0.0,0.0,0.0,1.0,0.0,0.0,0.0,0.473873,0.531915,0.051819,0.662898,0.00349,0.557483,0.540351,1.0
0.0,0.0,0.0,0.0,0.0,0.0,1.0,0.442326,0.021277,0.045485,0.253794,0.003467,0.422915,0.414912,0.0
0.0,1.0,0.0,0.0,0.0,0.0,0.0,0.902925,0.893617,0.043683,0.459238,0.002931,0.501813,0.345614,0.0
0.0,0.0,0.0,0.0,0.0,0.0,1.0,0.867041,0.765957,0.029422,0.344838,0.001965,0.191869,0.764474,0.0
0.0,0.0,0.0,1.0,0.0,0.0,0.0,0.00438,0.914894,0.043893,0.475305,0.003467,0.422915,0.414912,0.0
1.0,0.0,0.0,0.0,0.0,0.0,0.0,0.005177,1.0,0.042572,0.51562,0.003467,0.422915,0.414912,0.0
0.0,0.0,0.0,1.0,0.0,0.0,0.0,0.871731,0.893617,0.042062,0.435138,0.00285,0.48783,0.4,0.0
0.0,0.0,0.0,1.0,0.0,0.0,0.0,0.437857,0.87234,0.048817,0.402856,0.003467,0.422915,0.414912,0.0
0.0,0.0,1.0,0.0,0.0,0.0,0.0,0.013893,0.702128,0.043203,0.550283,0.003467,0.422915,0.414912,0.0
0.0,0.0,0.0,1.0,0.0,0.0,0.0,0.469846,0.744681,0.123424,0.646534,0.008423,0.62869,0.307895,0.0
1.0,0.0,0.0,0.0,0.0,0.0,0.0,0.009823,0.957447,0.088777,0.546564,0.003467,0.422915,0.414912,1.0
1.0,0.0,0.0,0.0,0.0,0.0,0.0,0.912128,1.0,0.043473,0.268819,0.002912,0.353703,0.514912,1.0
0.0,0.0,1.0,0.0,0.0,0.0,0.0,0.880492,0.234043,0.031854,0.242636,0.002054,0.252978,0.616228,0.0
0.0,0.0,0.0,0.0,0.0,1.0,0.0,0.894208,0.829787,0.060406,0.717644,0.004119,0.644744,0.380702,0.0
1.0,0.0,0.0,0.0,0.0,0.0,0.0,0.889961,0.808511,0.030563,0.597888,0.002009,0.499741,0.464035,0.0
1.0,0.0,0.0,0.0,0.0,0.0,0.0,0.461086,0.042553,0.030083,0.243529,0.002059,0.323666,0.347368,1.0
1.0,0.0,0.0,0.0,0.0,0.0,0.0,0.442635,0.553191,0.055092,0.384707,0.003344,0.211289,0.613596,0.0
0.0,0.0,1.0,0.0,0.0,0.0,0.0,0.442724,0.829787,0.111655,0.60726,0.007428,0.526411,0.482895,1.0
0.0,0.0,1.0,0.0,0.0,0.0,0.0,0.026813,0.553191,0.114927,0.554151,0.003467,0.422915,0.414912,1.0
0.0,0.0,0.0,1.0,0.0,0.0,0.0,0.87182,0.574468,0.034286,0.607855,0.002258,0.790782,0.266228,1.0
0.0,0.0,0.0,0.0,0.0,0.0,1.0,0.474006,0.085106,0.025009,0.130021,0.001653,0.254272,0.754386,0.0
0.0,0.0,0.0,0.0,1.0,0.0,0.0,0.027211,0.340426,0.080491,0.541208,0.003467,0.422915,0.414912,1.0
0.0,0.0,0.0,0.0,0.0,1.0,0.0,0.452104,0.829787,0.033265,0.611128,0.002264,0.521491,0.299123,0.0
0.0,0.0,0.0,0.0,0.0,1.0,0.0,0.455467,0.425532,0.073466,0.688634,0.004996,0.622216,0.371491,1.0
0.0,0.0,0.0,0.0,0.0,0.0,1.0,0.434627,0.489362,0.045785,0.281761,0.003467,0.422915,0.414912,0.0
0.0,0.0,0.0,0.0,0.0,0.0,1.0,0.885315,0.829787,0.087727,0.439453,0.005829,0.407561,0.592105,1.0
0.0,0.0,1.0,0.0,0.0,0.0,0.0,0.438122,0.0,0.05281,0.441833,0.003467,0.422915,0.414912,0.0
0.0,0.0,0.0,0.0,0.0,1.0,0.0,0.880581,0.914894,0.042272,0.372359,0.002935,0.395132,0.263158,0.0
0.0,0.0,0.0,1.0,0.0,0.0,0.0,0.009646,0.87234,0.084935,0.649509,0.003467,0.422915,0.414912,1.0
0.0,0.0,1.0,0.0,0.0,0.0,0.0,0.898677,0.340426,0.096013,0.614252,0.006444,0.66261,0.392105,1.0
0.0,0.0,0.0,0.0,0.0,1.0,0.0,0.88558,0.212766,0.05239,0.231181,0.003357,0.34231,0.649561,0.0
0.0,0.0,0.0,0.0,1.0,0.0,0.0,0.429494,0.765957,0.054251,0.414758,0.003467,0.422915,0.414912,0.0
0.0,0.0,0.0,0.0,0.0,0.0,1.0,0.876997,0.276596,0.038489,0.300357,0.002553,0.272139,0.498684,1.0
0.0,0.0,0.0,1.0,0.0,0.0,0.0,0.425778,0.553191,0.088327,0.533621,0.003467,0.422915,0.414912,1.0
0.0,0.0,0.0,1.0,0.0,0.0,0.0,0.01761,0.319149,0.07872,0.536745,0.003467,0.422915,0.414912,1.0
0.0,0.0,1.0,0.0,0.0,0.0,0.0,0.464581,0.531915,0.101957,0.570663,0.006888,0.472035,0.523246,1.0
0.0,0.0,0.0,1.0,0.0,0.0,0.0,0.425778,0.595745,0.084965,0.515769,0.003467,0.422915,0.414912,1.0
0.0,1.0,0.0,0.0,0.0,0.0,0.0,0.031415,0.829787,0.054642,0.380542,0.003467,0.422915,0.414912,0.0
0.0,0.0,0.0,1.0,0.0,0.0,0.0,0.885492,0.808511,0.048127,0.599524,0.003297,0.639306,0.35307,1.0
1.0,0.0,0.0,0.0,0.0,0.0,0.0,0.022433,0.574468,0.059926,0.473966,0.003467,0.422915,0.414912,0.0
1.0,0.0,0.0,0.0,0.0,0.0,0.0,0.47343,1.0,0.028432,0.258554,0.001913,0.295961,0.609649,0.0
0.0,0.0,0.0,0.0,1.0,0.0,0.0,0.469581,0.617021,0.054912,0.537935,0.003652,0.489384,0.383333,1.0
1.0,0.0,0.0,0.0,0.0,0.0,0.0,0.026415,0.702128,0.093431,0.503719,0.003467,0.422915,0.414912,1.0
0.0,1.0,0.0,0.0,0.0,0.0,0.0,0.447901,0.404255,0.043803,0.70366,0.003002,0.605645,0.400439,1.0
0.0,0.0,0.0,0.0,0.0,1.0,0.0,0.880625,0.87234,0.040591,0.294258,0.002524,0.248317,0.882018,0.0
0.0,1.0,0.0,0.0,0.0,0.0,0.0,0.005221,0.468085,0.082473,0.591788,0.003467,0.422915,0.414912,1.0
0.0,0.0,1.0,0.0,0.0,0.0,0.0,0.890359,0.06383,0.074787,0.501934,0.002719,0.51709,0.580702,1.0
0.0,0.0,0.0,1.0,0.0,0.0,0.0,0.030884,0.723404,0.056833,0.485719,0.003467,0.422915,0.414912,0.0
0.0,1.0,0.0,0.0,0.0,0.0,0.0,0.90757,0.510638,0.085805,0.552663,0.005596,0.480321,0.570175,1.0
0.0,1.0,0.0,0.0,0.0,0.0,0.0,0.911553,0.914894,0.042152,0.407468,0.002715,0.317452,0.689474,0.0
0.0,0.0,0.0,0.0,1.0,0.0,0.0,0.429494,0.851064,0.062838,0.40122,0.003467,0.422915,0.414912,0.0
1.0,0.0,0.0,0.0,0.0,0.0,0.0,0.867086,0.93617,0.031014,0.300803,0.002094,0.139565,0.679386,1.0
0.0,1.0,0.0,0.0,0.0,0.0,0.0,0.876156,1.0,0.028822,0.37355,0.000823,0.288711,0.760526,1.0
0.0,0.0,1.0,0.0,0.0,0.0,0.0,0.473209,0.829787,0.043053,0.574085,0.002906,0.360694,0.391667,0.0
0.0,0.0,0.0,1.0,0.0,0.0,0.0,0.881156,0.893617,0.027321,0.403898,0.001805,0.463749,0.595175,0.0
0.0,0.0,0.0,0.0,0.0,1.0,0.0,0.429539,0.680851,0.081092,0.395716,0.003467,0.422915,0.414912,1.0
0.0,0.0,0.0,0.0,0.0,0.0,1.0,0.876377,0.468085,0.032935,0.490181,0.001959,0.370533,0.898684,1.0
0.0,0.0,0.0,0.0,0.0,0.0,1.0,0.469669,0.893617,0.044914,0.333383,0.003006,0.319524,0.625439,1.0
0.0,0.0,1.0,0.0,0.0,0.0,0.0,0.013583,0.255319,0.074216,0.396459,0.003467,0.422915,0.414912,1.0
0.0,0.0,0.0,1.0,0.0,0.0,0.0,0.425468,0.404255,0.134682,0.600714,0.003467,0.422915,0.414912,1.0
0.0,1.0,0.0,0.0,0.0,0.0,0.0,0.474094,0.680851,0.059145,0.67465,0.004009,0.429311,0.570614,1.0
0.0,0.0,0.0,1.0,0.0,0.0,0.0,0.87151,0.446809,0.028011,0.704255,0.001741,0.603832,0.787281,0.0
0.0,1.0,0.0,0.0,0.0,0.0,0.0,0.429052,0.829787,0.058034,0.414311,0.003467,0.422915,0.414912,0.0
0.0,1.0,0.0,0.0,0.0,0.0,0.0,0.42476,1.0,0.080611,0.335317,0.003467,0.422915,0.414912,0.0
1.0,0.0,0.0,0.0,0.0,0.0,0.0,0.47343,0.680851,0.027051,0.330556,0.001822,0.273175,0.69693,0.0
0.0,0.0,0.0,0.0,1.0,0.0,0.0,0.018583,0.382979,0.088237,0.524844,0.003467,0.422915,0.414912,1.0
0.0,0.0,0.0,0.0,1.0,0.0,0.0,0.429185,0.106383,0.067191,0.168849,0.003467,0.422915,0.414912,0.0
0.0,1.0,0.0,0.0,0.0,0.0,0.0,0.902615,0.212766,0.056653,0.193841,0.003712,0.244692,0.704825,0.0
0.0,0.0,0.0,0.0,1.0,0.0,0.0,0.017654,0.340426,0.071334,0.530646,0.003467,0.422915,0.414912,0.0
0.0,0.0,0.0,0.0,0.0,1.0,0.0,0.000177,0.723404,0.072745,0.363136,0.003467,0.422915,0.414912,1.0
0.0,0.0,0.0,1.0,0.0,0.0,0.0,0.438476,0.744681,0.088147,0.556531,0.003467,0.422915,0.414912,1.0
1.0,0.0,0.0,0.0,0.0,0.0,0.0,0.447547,0.340426,0.045995,0.406724,0.001616,0.175298,0.662719,1.0
0.0,0.0,0.0,0.0,0.0,1.0,0.0,0.451794,0.93617,0.040891,0.654865,0.002705,0.433713,0.671053,0.0
0.0,0.0,0.0,0.0,0.0,1.0,0.0,0.434273,0.06383,0.043383,0.182981,0.003467,0.422915,0.414912,0.0
1.0,0.0,0.0,0.0,0.0,0.0,0.0,0.451883,0.87234,0.123364,0.676584,0.008739,0.399016,0.671053,1.0
0.0,0.0,1.0,0.0,0.0,0.0,0.0,0.013893,0.851064,0.096373,0.729694,0.003467,0.422915,0.414912,1.0
0.0,0.0,0.0,1.0,0.0,0.0,0.0,0.005,0.702128,0.050408,0.534216,0.003467,0.422915,0.414912,1.0
1.0,0.0,0.0,0.0,0.0,0.0,0.0,0.023052,0.340426,0.086286,0.486909,0.003467,0.422915,0.414912,1.0
0.0,0.0,0.0,0.0,0.0,0.0,1.0,0.438609,0.510638,0.050198,0.324606,0.003467,0.422915,0.414912,0.0
0.0,0.0,0.0,0.0,1.0,0.0,0.0,0.443122,0.93617,0.044134,0.483933,0.002968,0.388918,0.586842,0.0
0.0,0.0,0.0,0.0,0.0,1.0,0.0,0.451484,0.638298,0.042092,0.627343,0.00286,0.605127,0.519298,0.0
0.0,0.0,0.0,0.0,1.0,0.0,0.0,0.907084,0.106383,0.044734,0.259893,0.003004,0.389436,0.521491,0.0
0.0,0.0,0.0,0.0,0.0,1.0,0.0,0.429848,0.361702,0.072685,0.449271,0.003467,0.422915,0.414912,1.0
0.0,0.0,0.0,0.0,0.0,1.0,0.0,0.026946,0.787234,0.061096,0.331598,0.003467,0.422915,0.414912,0.0
0.0,0.0,0.0,0.0,0.0,0.0,1.0,0.008849,0.446809,0.041642,0.454032,0.003467,0.422915,0.414912,0.0
0.0,0.0,0.0,0.0,1.0,0.0,0.0,0.001062,0.468085,0.043983,0.536001,0.003467,0.422915,0.414912,0.0
0.0,0.0,0.0,0.0,0.0,0.0,1.0,0.907482,0.702128,0.083493,0.336805,0.005517,0.33972,0.609211,1.0
0.0,0.0,0.0,0.0,1.0,0.0,0.0,0.43852,0.723404,0.05305,0.468015,0.003467,0.422915,0.414912,0.0
0.0,0.0,1.0,0.0,0.0,0.0,0.0,0.021902,0.595745,0.048487,0.448527,0.003467,0.422915,0.414912,0.0
1.0,0.0,0.0,0.0,0.0,0.0,0.0,0.464493,0.978723,0.047196,0.308242,0.003201,0.345417,0.435526,1.0
0.0,0.0,1.0,0.0,0.0,0.0,0.0,0.871776,0.085106,0.019305,0.158137,0.000989,0.29622,0.820614,0.0
0.0,1.0,0.0,0.0,0.0,0.0,0.0,0.903234,0.87234,0.042482,0.477239,0.00291,0.477732,0.370614,0.0
0.0,0.0,0.0,0.0,1.0,0.0,0.0,0.022919,0.468085,0.09217,0.501041,0.003467,0.422915,0.414912,1.0
0.0,0.0,0.0,1.0,0.0,0.0,0.0,0.898412,0.212766,0.043053,0.252008,0.002781,0.3058,0.726754,0.0
0.0,1.0,0.0,0.0,0.0,0.0,0.0,0.872041,0.617021,0.027771,0.642815,0.001751,0.504661,0.735526,0.0
0.0,0.0,0.0,0.0,0.0,1.0,0.0,0.008805,0.234043,0.041582,0.167361,0.003467,0.422915,0.414912,0.0
0.0,0.0,1.0,0.0,0.0,0.0,0.0,0.425733,0.276596,0.084634,0.415501,0.003467,0.422915,0.414912,1.0
0.0,0.0,1.0,0.0,0.0,0.0,0.0,0.460865,0.93617,0.061006,0.539572,0.004184,0.356551,0.347368,0.0
0.0,0.0,0.0,0.0,0.0,0.0,1.0,0.907172,0.744681,0.06644,0.414758,0.004383,0.398239,0.607018,0.0
0.0,0.0,0.0,1.0,0.0,0.0,0.0,0.438476,0.212766,0.053951,0.192056,0.003467,0.422915,0.414912,0.0
0.0,1.0,0.0,0.0,0.0,0.0,0.0,0.881067,0.212766,0.024709,0.155013,0.000949,0.224495,0.853509,0.0
0.0,0.0,0.0,0.0,0.0,0.0,1.0,0.447502,0.893617,0.045394,0.522464,0.003093,0.340238,0.500439,1.0
0.0,0.0,0.0,0.0,0.0,0.0,1.0,0.907482,0.723404,0.076408,0.325796,0.005054,0.369757,0.570614,1.0
0.0,0.0,0.0,0.0,1.0,0.0,0.0,0.424893,0.234043,0.06584,0.25186,0.003467,0.422915,0.414912,1.0
1.0,0.0,0.0,0.0,0.0,0.0,0.0,0.000885,0.531915,0.209109,0.510711,0.003467,0.422915,0.414912,1.0
0.0,0.0,0.0,0.0,0.0,1.0,0.0,0.447148,0.574468,0.064849,0.578251,0.004526,0.621699,0.315789,1.0
1.0,0.0,0.0,0.0,0.0,0.0,0.0,0.438653,0.978723,0.051099,0.43975,0.003467,0.422915,0.414912,0.0
0.0,0.0,0.0,0.0,0.0,0.0,1.0,0.880669,0.617021,0.033566,0.274472,0.002079,0.185914,0.838158,0.0
0.0,0.0,0.0,1.0,0.0,0.0,0.0,0.868147,0.276596,0.028522,0.46266,0.001897,0.528483,0.484649,0.0
0.0,1.0,0.0,0.0,0.0,0.0,0.0,0.889695,0.191489,0.028522,0.192353,0.001849,0.274728,0.746053,0.0
0.0,1.0,0.0,0.0,0.0,0.0,0.0,0.429671,0.808511,0.077759,0.54463,0.003467,0.422915,0.414912,0.0
0.0,0.0,0.0,1.0,0.0,0.0,0.0,0.44675,0.170213,0.022217,0.22404,0.001429,0.251942,0.736842,0.0
0.0,1.0,0.0,0.0,0.0,0.0,0.0,0.456219,0.723404,0.033626,0.561291,0.002316,0.615743,0.403509,1.0
0.0,0.0,0.0,0.0,0.0,1.0,0.0,0.438874,0.93617,0.051759,0.300357,0.003467,0.422915,0.414912,1.0
0.0,0.0,1.0,0.0,0.0,0.0,0.0,0.460555,0.276596,0.030593,0.430378,0.002013,0.428276,0.610526,1.0
0.0,1.0,0.0,0.0,0.0,0.0,0.0,0.477988,0.829787,0.036448,0.476495,0.002549,0.435785,0.192544,0.0
0.0,0.0,0.0,0.0,1.0,0.0,0.0,0.903367,0.595745,0.056263,0.479917,0.003752,0.531072,0.54693,0.0
0.0,0.0,0.0,0.0,0.0,0.0,1.0,0.000841,0.595745,0.083884,0.240405,0.003467,0.422915,0.414912,0.0
0.0,0.0,1.0,0.0,0.0,0.0,0.0,0.013583,0.425532,0.088327,0.576168,0.003467,0.422915,0.414912,1.0
0.0,0.0,0.0,0.0,0.0,1.0,0.0,0.451484,0.510638,0.044374,0.685957,0.003012,0.622734,0.525439,0.0
0.0,0.0,1.0,0.0,0.0,0.0,0.0,0.465201,0.893617,0.047646,0.430378,0.003324,0.414552,0.187719,0.0
0.0,0.0,0.0,0.0,1.0,0.0,0.0,0.018274,0.489362,0.093821,0.508331,0.003467,0.422915,0.414912,1.0
0.0,0.0,1.0,0.0,0.0,0.0,0.0,0.443343,0.191489,0.029663,0.170187,0.001759,0.225272,0.765789,0.0
0.0,0.0,0.0,0.0,1.0,0.0,0.0,0.425202,0.787234,0.076618,0.363434,0.003467,0.422915,0.414912,1.0
0.0,0.0,0.0,0.0,0.0,1.0,0.0,0.031901,0.021277,0.056923,0.19994,0.003467,0.422915,0.414912,0.0
0.0,0.0,0.0,0.0,1.0,0.0,0.0,0.8812,0.425532,0.029422,0.567688,0.001969,0.553858,0.529386,0.0
0.0,0.0,0.0,0.0,0.0,1.0,0.0,0.867616,0.340426,0.029512,0.554002,0.001905,0.492232,0.687281,0.0
0.0,0.0,0.0,0.0,1.0,0.0,0.0,0.907393,0.531915,0.10472,0.478875,0.007162,0.543242,0.307456,1.0
0.0,0.0,0.0,0.0,0.0,0.0,1.0,0.429273,0.404255,0.086436,0.422047,0.003467,0.422915,0.414912,1.0
0.0,0.0,0.0,0.0,0.0,0.0,1.0,0.000531,0.042553,0.044104,0.264207,0.003467,0.422915,0.414912,0.0
0.0,0.0,0.0,0.0,0.0,1.0,0.0,0.018627,0.765957,0.108863,0.524249,0.003467,0.422915,0.414912,1.0
0.0,0.0,0.0,0.0,1.0,0.0,0.0,0.014291,0.617021,0.105981,0.593722,0.003467,0.422915,0.414912,1.0
0.0,0.0,1.0,0.0,0.0,0.0,0.0,0.455644,0.361702,0.047586,0.684915,0.003255,0.708182,0.342982,0.0
0.0,1.0,0.0,0.0,0.0,0.0,0.0,0.885403,0.191489,0.025189,0.151145,0.001101,0.22579,0.840351,0.0
0.0,1.0,0.0,0.0,0.0,0.0,0.0,0.451927,0.06383,0.042332,0.351086,0.001676,0.398757,0.612281,0.0
1.0,0.0,0.0,0.0,0.0,0.0,0.0,0.885359,0.489362,0.520776,0.414014,0.002009,0.245469,0.64693,1.0
0.0,0.0,0.0,1.0,0.0,0.0,0.0,0.437857,0.468085,0.054041,0.500595,0.003467,0.422915,0.414912,1.0
0.0,0.0,0.0,0.0,0.0,1.0,0.0,0.469625,0.0,0.046986,0.367301,0.003155,0.320818,0.449123,1.0
0.0,0.0,0.0,0.0,0.0,1.0,0.0,0.456705,0.404255,0.037378,0.626004,0.002543,0.560331,0.542105,1.0
0.0,0.0,0.0,0.0,0.0,0.0,1.0,0.907172,0.893617,0.100216,0.391699,0.006664,0.467633,0.541667,1.0
1.0,0.0,0.0,0.0,0.0,0.0,0.0,0.876421,0.021277,0.028221,0.212288,0.000835,0.242103,0.753947,0.0
0.0,0.0,0.0,0.0,0.0,0.0,1.0,0.009778,0.191489,0.041281,0.108747,0.003467,0.422915,0.414912,0.0
0.0,0.0,1.0,0.0,0.0,0.0,0.0,0.031769,0.574468,0.086015,0.234305,0.003467,0.422915,0.414912,1.0
0.0,0.0,0.0,0.0,0.0,1.0,0.0,0.424627,0.191489,0.070854,0.072002,0.003467,0.422915,0.414912,0.0
0.0,0.0,0.0,0.0,0.0,0.0,1.0,0.009159,0.361702,0.087366,0.485421,0.003467,0.422915,0.414912,1.0
0.0,0.0,0.0,0.0,0.0,0.0,1.0,0.004513,0.319149,0.075417,0.285927,0.003467,0.422915,0.414912,1.0
0.0,0.0,1.0,0.0,0.0,0.0,0.0,0.88912,0.93617,0.028702,0.497322,0.00198,0.446401,0.519737,0.0
0.0,0.0,0.0,0.0,0.0,1.0,0.0,0.469316,0.12766,0.027381,0.136864,0.001816,0.220611,0.584211,0.0
0.0,0.0,1.0,0.0,0.0,0.0,0.0,0.890359,0.808511,0.059325,0.878161,0.003976,0.681253,0.508772,1.0
0.0,0.0,0.0,0.0,0.0,1.0,0.0,0.022034,0.468085,0.057644,0.347664,0.003467,0.422915,0.414912,1.0
0.0,0.0,0.0,1.0,0.0,0.0,0.0,0.031503,0.106383,0.073136,0.156055,0.003467,0.422915,0.414912,1.0
0.0,0.0,1.0,0.0,0.0,0.0,0.0,0.894695,0.893617,0.086346,0.737876,0.005717,0.615225,0.479386,1.0
0.0,0.0,1.0,0.0,0.0,0.0,0.0,0.877129,0.851064,0.034826,0.492859,0.002395,0.473071,0.338596,0.0
0.0,0.0,0.0,1.0,0.0,0.0,0.0,0.868147,0.680851,0.045244,0.714966,0.002902,0.51709,0.635088,1.0
0.0,0.0,0.0,0.0,0.0,1.0,0.0,0.428919,0.723404,0.089078,0.419667,0.003467,0.422915,0.414912,1.0
0.0,0.0,0.0,0.0,1.0,0.0,0.0,0.456042,0.659574,0.032695,0.486016,0.002262,0.545313,0.329825,0.0
1.0,0.0,0.0,0.0,0.0,0.0,0.0,0.429317,0.723404,0.077219,0.543291,0.003467,0.422915,0.414912,0.0
1.0,0.0,0.0,0.0,0.0,0.0,0.0,0.017787,0.765957,0.107632,0.620054,0.003467,0.422915,0.414912,1.0
1.0,0.0,0.0,0.0,0.0,0.0,0.0,0.898898,0.425532,0.055482,0.45418,0.003388,0.31564,0.760088,0.0
1.0,0.0,0.0,0.0,0.0,0.0,0.0,0.911508,0.851064,0.042783,0.362392,0.002765,0.353185,0.691667,1.0
0.0,1.0,0.0,0.0,0.0,0.0,0.0,0.009557,0.765957,0.041732,0.77715,0.003467,0.422915,0.414912,0.0
0.0,0.0,1.0,0.0,0.0,0.0,0.0,0.868103,0.042553,0.030023,0.19637,0.001784,0.296737,0.698246,1.0
0.0,0.0,0.0,0.0,0.0,0.0,1.0,0.437989,0.085106,0.044434,0.124517,0.003467,0.422915,0.414912,0.0
0.0,0.0,1.0,0.0,0.0,0.0,0.0,0.881421,0.553191,0.029422,0.492859,0.002046,0.579492,0.296053,0.0
0.0,0.0,0.0,1.0,0.0,0.0,0.0,0.434494,0.021277,0.042032,0.310324,0.003467,0.422915,0.414912,0.0
0.0,0.0,1.0,0.0,0.0,0.0,0.0,0.026813,1.0,0.090098,0.401964,0.003467,0.422915,0.414912,1.0
0.0,0.0,0.0,0.0,1.0,0.0,0.0,0.460024,0.93617,0.030743,0.47114,0.002044,0.400052,0.409211,0.0
0.0,0.0,0.0,1.0,0.0,0.0,0.0,0.434494,0.808511,0.059715,0.466974,0.003467,0.422915,0.414912,1.0
0.0,0.0,0.0,0.0,0.0,1.0,0.0,0.872528,0.425532,0.034046,0.743826,0.002171,0.587778,0.685088,0.0
0.0,0.0,0.0,0.0,1.0,0.0,0.0,0.429185,0.12766,0.067191,0.169444,0.003467,0.422915,0.414912,0.0
0.0,0.0,0.0,0.0,1.0,0.0,0.0,0.022919,0.361702,0.05257,0.464445,0.003467,0.422915,0.414912,0.0
1.0,0.0,0.0,0.0,0.0,0.0,0.0,0.470023,0.06383,0.027081,0.14698,0.001828,0.251683,0.534649,0.0
0.0,0.0,1.0,0.0,0.0,0.0,0.0,4.4e-05,0.574468,0.042482,0.47114,0.003467,0.422915,0.414912,0.0
0.0,0.0,0.0,1.0,0.0,0.0,0.0,0.876864,0.787234,0.028822,0.487504,0.001936,0.43682,0.399123,0.0
0.0,1.0,0.0,0.0,0.0,0.0,0.0,0.434096,0.787234,0.071965,0.490925,0.003467,0.422915,0.414912,1.0
0.0,0.0,0.0,1.0,0.0,0.0,0.0,0.911951,0.808511,0.043953,0.492264,0.002931,0.444588,0.454386,0.0
0.0,0.0,0.0,0.0,1.0,0.0,0.0,0.88089,0.12766,0.029122,0.176584,0.001828,0.286898,0.809649,0.0
0.0,0.0,0.0,0.0,0.0,1.0,0.0,0.868236,0.170213,0.02594,0.196965,0.000841,0.258674,0.864474,0.0
0.0,0.0,0.0,0.0,1.0,0.0,0.0,0.45144,0.212766,0.038699,0.287861,0.000976,0.327033,0.662719,0.0
0.0,0.0,0.0,0.0,1.0,0.0,0.0,0.465289,0.851064,0.044614,0.456263,0.003108,0.438633,0.257456,0.0
0.0,0.0,1.0,0.0,0.0,0.0,0.0,0.867307,0.595745,0.074997,0.478727,0.004973,0.551787,0.500877,1.0
0.0,0.0,0.0,0.0,1.0,0.0,0.0,0.031857,0.06383,0.055242,0.056382,0.003467,0.422915,0.414912,0.0
1.0,0.0,0.0,0.0,0.0,0.0,0.0,0.438343,0.148936,0.060136,0.125409,0.003467,0.422915,0.414912,1.0
0.0,0.0,0.0,1.0,0.0,0.0,0.0,0.438786,0.382979,0.070854,0.522315,0.003467,0.422915,0.414912,1.0
0.0,0.0,1.0,0.0,0.0,0.0,0.0,0.43414,0.191489,0.056533,0.222404,0.003467,0.422915,0.414912,0.0
0.0,0.0,0.0,0.0,0.0,1.0,0.0,0.880934,0.702128,0.02597,0.461172,0.00177,0.437597,0.549561,0.0
0.0,0.0,0.0,0.0,0.0,0.0,1.0,0.885315,0.255319,0.025399,0.184171,0.001643,0.220611,0.745614,0.0
0.0,0.0,0.0,1.0,0.0,0.0,0.0,0.469537,0.510638,0.049748,0.523356,0.003303,0.495339,0.457456,1.0
0.0,0.0,0.0,1.0,0.0,0.0,0.0,0.424848,0.87234,0.058394,0.308242,0.003467,0.422915,0.414912,0.0
1.0,0.0,0.0,0.0,0.0,0.0,0.0,0.000265,0.489362,0.10475,0.492711,0.003467,0.422915,0.414912,1.0
0.0,0.0,1.0,0.0,0.0,0.0,0.0,0.890049,0.212766,0.032425,0.278191,0.002102,0.382962,0.679386,0.0
0.0,0.0,0.0,0.0,0.0,0.0,1.0,0.867661,0.595745,0.035157,0.420113,0.002297,0.561108,0.502193,1.0
0.0,0.0,0.0,0.0,1.0,0.0,0.0,0.875979,0.446809,0.047736,0.636566,0.003349,0.535992,0.284649,1.0
0.0,0.0,0.0,0.0,0.0,0.0,1.0,0.451838,0.021277,0.041912,0.580928,0.002811,0.459865,0.638158,0.0
0.0,0.0,0.0,0.0,1.0,0.0,0.0,0.00938,0.744681,0.041642,0.694585,0.003467,0.422915,0.414912,0.0
0.0,0.0,1.0,0.0,0.0,0.0,0.0,0.027123,0.468085,0.07923,0.482297,0.003467,0.422915,0.414912,1.0
0.0,0.0,0.0,0.0,0.0,1.0,0.0,0.89912,0.829787,0.084724,0.591491,0.005733,0.55101,0.383333,1.0
0.0,0.0,0.0,0.0,0.0,1.0,0.0,0.903102,0.510638,0.070584,0.498661,0.005376,0.529777,0.425439,1.0
0.0,0.0,0.0,0.0,1.0,0.0,0.0,0.434229,0.404255,0.170049,0.534365,0.003467,0.422915,0.414912,1.0
0.0,0.0,1.0,0.0,0.0,0.0,0.0,0.022521,0.0,0.080491,0.401071,0.003467,0.422915,0.414912,0.0
0.0,1.0,0.0,0.0,0.0,0.0,0.0,0.004602,0.340426,0.043833,0.640137,0.003467,0.422915,0.414912,0.0
0.0,0.0,0.0,0.0,1.0,0.0,0.0,0.017964,0.489362,0.089258,0.506843,0.003467,0.422915,0.414912,1.0
1.0,0.0,0.0,0.0,0.0,0.0,0.0,0.460776,0.489362,0.031794,0.395567,0.002173,0.182548,0.471491,0.0
0.0,0.0,0.0,0.0,1.0,0.0,0.0,0.018583,0.021277,0.054551,0.415501,0.003467,0.422915,0.414912,0.0
0.0,0.0,0.0,1.0,0.0,0.0,0.0,0.018229,0.93617,0.046866,0.390211,0.003467,0.422915,0.414912,1.0
0.0,0.0,0.0,0.0,1.0,0.0,0.0,0.447414,0.425532,0.068182,0.685957,0.004803,0.672708,0.222368,1.0
0.0,0.0,0.0,0.0,0.0,0.0,1.0,0.424671,1.0,0.058394,0.205891,0.003467,0.422915,0.414912,0.0
0.0,0.0,0.0,0.0,0.0,0.0,1.0,0.437989,0.148936,0.042182,0.06144,0.003467,0.422915,0.414912,0.0
1.0,0.0,0.0,0.0,0.0,0.0,0.0,0.876112,0.382979,0.029933,0.331895,0.000827,0.208441,0.856579,1.0
0.0,1.0,0.0,0.0,0.0,0.0,0.0,0.885094,0.12766,0.031224,0.184766,0.002002,0.245728,0.661404,0.0
0.0,0.0,0.0,0.0,1.0,0.0,0.0,0.876289,0.085106,0.024409,0.173907,0.000827,0.324184,0.703509,0.0
1.0,0.0,0.0,0.0,0.0,0.0,0.0,0.447237,1.0,0.034286,0.447188,0.002067,0.409373,0.765789,0.0
0.0,0.0,0.0,0.0,0.0,1.0,0.0,0.889253,0.765957,0.029002,0.641029,0.001948,0.602279,0.285088,1.0
1.0,0.0,0.0,0.0,0.0,0.0,0.0,0.442326,0.468085,0.057614,0.349747,0.002468,0.200414,0.500526,1.0
0.0,0.0,1.0,0.0,0.0,0.0,0.0,0.460865,0.191489,0.029482,0.185659,0.002007,0.205852,0.472368,0.0
1.0,0.0,0.0,0.0,0.0,0.0,0.0,0.465422,0.744681,0.028372,0.327284,0.001911,0.274728,0.611842,1.0
1.0,0.0,0.0,0.0,0.0,0.0,0.0,0.456175,0.085106,0.02594,0.228801,0.001626,0.322372,0.7,0.0
0.0,0.0,0.0,0.0,1.0,0.0,0.0,0.00907,0.0,0.045304,0.58078,0.003467,0.422915,0.414912,0.0
0.0,0.0,0.0,0.0,0.0,0.0,1.0,0.461042,0.765957,0.031884,0.428295,0.002206,0.327809,0.358333,1.0
0.0,0.0,1.0,0.0,0.0,0.0,0.0,0.452281,0.12766,0.033085,0.312705,0.002248,0.354738,0.705702,0.0
1.0,0.0,0.0,0.0,0.0,0.0,0.0,0.030751,0.468085,0.11862,0.610681,0.003467,0.422915,0.414912,1.0
0.0,0.0,0.0,0.0,0.0,1.0,0.0,0.898102,0.042553,0.058965,0.418625,0.00388,0.472035,0.589035,1.0
0.0,0.0,1.0,0.0,0.0,0.0,0.0,0.468873,0.085106,0.02621,0.171229,0.001757,0.227602,0.467982,0.0
0.0,0.0,0.0,0.0,1.0,0.0,0.0,0.425822,0.340426,0.090068,0.544035,0.003467,0.422915,0.414912,1.0
0.0,0.0,0.0,1.0,0.0,0.0,0.0,0.889164,0.893617,0.029212,0.542696,0.002,0.491714,0.433772,0.0
0.0,0.0,0.0,0.0,0.0,1.0,0.0,0.884651,0.553191,0.028101,0.506099,0.001951,0.559814,0.400877,0.0
1.0,0.0,0.0,0.0,0.0,0.0,0.0,0.451883,0.531915,0.033626,0.417882,0.002185,0.276282,0.74693,0.0
0.0,0.0,0.0,0.0,0.0,0.0,1.0,0.455511,0.510638,0.033025,0.486016,0.002187,0.362506,0.771491,0.0
0.0,1.0,0.0,0.0,0.0,0.0,0.0,0.438078,0.765957,0.111385,0.576465,0.003467,0.422915,0.414912,1.0
0.0,0.0,0.0,0.0,0.0,0.0,1.0,0.446883,0.93617,0.049628,0.45299,0.002771,0.336613,0.72807,1.0
0.0,0.0,0.0,0.0,1.0,0.0,0.0,0.0223,0.617021,0.088507,0.556382,0.003467,0.422915,0.414912,1.0
0.0,0.0,0.0,1.0,0.0,0.0,0.0,0.44675,0.659574,0.043653,0.505504,0.002968,0.494562,0.535088,0.0
0.0,0.0,1.0,0.0,0.0,0.0,0.0,0.915623,0.978723,0.081302,0.457453,0.005586,0.431383,0.286842,1.0
1.0,0.0,0.0,0.0,0.0,0.0,0.0,0.022123,0.638298,0.073256,0.246653,0.003467,0.422915,0.414912,1.0
0.0,0.0,1.0,0.0,0.0,0.0,0.0,0.473209,0.957447,0.03981,0.452693,0.002686,0.228638,0.602193,0.0
0.0,0.0,0.0,0.0,0.0,1.0,0.0,0.013406,0.702128,0.068422,0.405385,0.003467,0.422915,0.414912,0.0
1.0,0.0,0.0,0.0,0.0,0.0,0.0,0.911818,0.829787,0.048997,0.387533,0.003203,0.332211,0.658772,1.0
0.0,0.0,0.0,1.0,0.0,0.0,0.0,0.911331,0.446809,0.055032,0.507736,0.003668,0.612895,0.395175,1.0
0.0,0.0,1.0,0.0,0.0,0.0,0.0,0.898058,0.957447,0.046505,0.576763,0.003035,0.430865,0.658772,0.0
0.0,1.0,0.0,0.0,0.0,0.0,0.0,0.447901,0.978723,0.043653,0.602797,0.002966,0.499223,0.524123,1.0
0.0,0.0,1.0,0.0,0.0,0.0,0.0,0.898058,0.382979,0.089558,0.705296,0.00596,0.674521,0.53114,1.0
0.0,1.0,0.0,0.0,0.0,0.0,0.0,0.017521,0.93617,0.106701,0.529158,0.003467,0.422915,0.414912,1.0
0.0,0.0,0.0,0.0,0.0,1.0,0.0,0.465333,0.021277,0.031344,0.407617,0.002177,0.344381,0.367105,0.0
0.0,1.0,0.0,0.0,0.0,0.0,0.0,0.90757,0.191489,0.031134,0.145939,0.002044,0.179441,0.625877,0.0
0.0,0.0,0.0,1.0,0.0,0.0,0.0,0.455688,0.510638,0.033926,0.55787,0.002337,0.613672,0.489035,0.0
0.0,0.0,0.0,1.0,0.0,0.0,0.0,0.021946,0.87234,0.048487,0.422196,0.003467,0.422915,0.414912,0.0
0.0,0.0,0.0,0.0,0.0,0.0,1.0,0.02699,0.87234,0.048487,0.251413,0.003467,0.422915,0.414912,0.0
1.0,0.0,0.0,0.0,0.0,0.0,0.0,0.452192,0.148936,0.030083,0.148914,0.002048,0.183066,0.62807,0.0
1.0,0.0,0.0,0.0,0.0,0.0,0.0,0.009203,0.808511,0.103339,0.842755,0.003467,0.422915,0.414912,1.0
0.0,0.0,0.0,0.0,0.0,1.0,0.0,0.991018,0.361702,0.06521,0.651443,0.00446,0.581823,0.408772,0.0
0.0,0.0,0.0,0.0,1.0,0.0,0.0,0.912305,1.0,0.081302,0.432014,0.005634,0.456499,0.371053,1.0
0.0,0.0,0.0,0.0,0.0,0.0,1.0,0.474315,0.978723,0.027441,0.221511,0.001838,0.218799,0.719298,1.0
1.0,0.0,0.0,0.0,0.0,0.0,0.0,0.022742,0.87234,0.090729,0.439601,0.003467,0.422915,0.414912,1.0
0.0,0.0,0.0,1.0,0.0,0.0,0.0,0.000398,0.12766,0.062417,0.215115,0.003467,0.422915,0.414912,0.0
0.0,0.0,1.0,0.0,0.0,0.0,0.0,0.474138,0.595745,0.029062,0.509967,0.001992,0.371828,0.609211,0.0
0.0,0.0,0.0,0.0,0.0,0.0,1.0,0.01407,0.978723,0.053981,0.412377,0.003467,0.422915,0.414912,1.0
0.0,1.0,0.0,0.0,0.0,0.0,0.0,0.477988,0.0,0.028912,0.266587,0.001965,0.299327,0.441667,1.0
1.0,0.0,0.0,0.0,0.0,0.0,0.0,0.968895,0.148936,0.027561,0.135971,0.001805,0.286898,0.695175,0.0
0.0,0.0,0.0,1.0,0.0,0.0,0.0,0.885182,0.021277,0.038729,0.475007,0.00253,0.367944,0.62193,0.0
0.0,1.0,0.0,0.0,0.0,0.0,0.0,0.018451,0.425532,0.056923,0.509075,0.003467,0.422915,0.414912,0.0
1.0,0.0,0.0,0.0,0.0,0.0,0.0,0.031061,0.808511,0.062838,0.395418,0.003467,0.422915,0.414912,0.0
0.0,0.0,0.0,0.0,0.0,0.0,1.0,0.452148,0.957447,0.033355,0.466825,0.002302,0.301657,0.429825,0.0
0.0,0.0,0.0,0.0,0.0,1.0,0.0,0.425247,0.531915,0.074727,0.325647,0.003467,0.422915,0.414912,1.0
0.0,0.0,1.0,0.0,0.0,0.0,0.0,0.881421,0.170213,0.029002,0.162749,0.001847,0.282755,0.713596,0.0
0.0,0.0,0.0,1.0,0.0,0.0,0.0,0.443387,0.0,0.041522,0.466677,0.002765,0.428276,0.628509,0.0
0.0,1.0,0.0,0.0,0.0,0.0,0.0,0.451307,0.276596,0.036208,0.468462,0.002354,0.393061,0.72807,0.0
0.0,0.0,1.0,0.0,0.0,0.0,0.0,0.907305,0.191489,0.047106,0.166022,0.003041,0.251683,0.761842,0.0
0.0,0.0,0.0,0.0,0.0,0.0,1.0,0.45644,0.765957,0.037408,0.543588,0.002547,0.544795,0.312719,1.0
0.0,1.0,0.0,0.0,0.0,0.0,0.0,0.451617,0.957447,0.038789,0.645641,0.001809,0.426463,0.698684,0.0
0.0,0.0,0.0,0.0,0.0,0.0,1.0,0.022388,0.957447,0.069143,0.297828,0.003467,0.422915,0.414912,1.0
0.0,0.0,1.0,0.0,0.0,0.0,0.0,0.890049,0.085106,0.035217,0.393633,0.002329,0.480062,0.522807,0.0
1.0,0.0,0.0,0.0,0.0,0.0,0.0,0.465422,0.276596,0.02621,0.141476,0.001286,0.128172,0.712719,0.0
1.0,0.0,0.0,0.0,0.0,0.0,0.0,0.443255,0.659574,0.03972,0.286373,0.002557,0.182289,0.714912,0.0
0.0,0.0,0.0,0.0,1.0,0.0,0.0,0.447104,0.148936,0.024679,0.281018,0.000835,0.259451,0.764912,0.0
0.0,1.0,0.0,0.0,0.0,0.0,0.0,0.473475,0.148936,0.022697,0.146534,0.001539,0.183584,0.553509,0.0
0.0,0.0,0.0,0.0,1.0,0.0,0.0,0.465289,0.553191,0.071364,0.48914,0.004909,0.494303,0.242105,1.0
0.0,0.0,0.0,0.0,0.0,1.0,0.0,0.447148,0.212766,0.01279,0.253347,0.000827,0.209995,0.684649,0.0
0.0,0.0,0.0,1.0,0.0,0.0,0.0,0.022565,0.425532,0.099706,0.513091,0.003467,0.422915,0.414912,1.0
1.0,0.0,0.0,0.0,0.0,0.0,0.0,0.438653,0.808511,0.080071,0.500298,0.003467,0.422915,0.414912,1.0
0.0,1.0,0.0,0.0,0.0,0.0,0.0,0.429671,0.553191,0.106911,0.667658,0.003467,0.422915,0.414912,1.0
0.0,1.0,0.0,0.0,0.0,0.0,0.0,0.881377,0.87234,0.029332,0.462214,0.002007,0.488089,0.400439,0.0
0.0,0.0,0.0,0.0,0.0,0.0,1.0,0.907172,0.680851,0.075117,0.345135,0.004842,0.321336,0.717982,0.0
0.0,0.0,0.0,0.0,0.0,1.0,0.0,0.469935,0.744681,0.028702,0.487206,0.002036,0.380632,0.369298,0.0
0.0,0.0,0.0,0.0,0.0,0.0,1.0,0.46936,0.914894,0.029693,0.309729,0.001959,0.212325,0.682895,0.0
0.0,0.0,0.0,0.0,1.0,0.0,0.0,0.473917,0.617021,0.029422,0.613359,0.001961,0.486018,0.583333,0.0
0.0,0.0,0.0,1.0,0.0,0.0,0.0,0.464625,0.531915,0.068722,0.468313,0.004738,0.451579,0.307895,0.0
0.0,0.0,0.0,0.0,0.0,1.0,0.0,0.452104,0.212766,0.033025,0.274323,0.002214,0.279389,0.77807,0.0
0.0,0.0,1.0,0.0,0.0,0.0,0.0,0.460555,0.319149,0.028972,0.460577,0.001932,0.53392,0.464474,1.0
1.0,0.0,0.0,0.0,0.0,0.0,0.0,0.442635,0.170213,0.040411,0.105772,0.002322,0.158726,0.765789,0.0
0.0,0.0,0.0,0.0,0.0,1.0,0.0,0.474271,0.808511,0.029783,0.339036,0.001622,0.095805,0.903509,1.0
0.0,0.0,0.0,0.0,1.0,0.0,0.0,0.424893,0.361702,0.097274,0.466379,0.003467,0.422915,0.414912,1.0
1.0,0.0,0.0,0.0,0.0,0.0,0.0,0.47374,0.106383,0.024108,0.094912,0.001604,0.198343,0.714035,0.0
0.0,0.0,1.0,0.0,0.0,0.0,0.0,0.468873,0.87234,0.02645,0.333234,0.001749,0.222683,0.686404,0.0
0.0,0.0,0.0,0.0,0.0,1.0,0.0,0.88558,0.425532,0.040261,0.585838,0.002825,0.64552,0.213596,0.0
0.0,0.0,0.0,1.0,0.0,0.0,0.0,0.911951,0.659574,0.051399,0.50476,0.003506,0.551787,0.332895,0.0
0.0,1.0,0.0,0.0,0.0,0.0,0.0,0.008938,0.680851,0.090369,0.549688,0.003467,0.422915,0.414912,1.0
0.0,0.0,0.0,1.0,0.0,0.0,0.0,0.44737,0.787234,0.076858,0.848259,0.005436,0.654324,0.377632,1.0
0.0,0.0,0.0,0.0,0.0,1.0,0.0,0.026326,0.0,0.07959,0.36269,0.003467,0.422915,0.414912,1.0
0.0,0.0,1.0,0.0,0.0,0.0,0.0,0.43445,0.468085,0.046235,0.515918,0.003467,0.422915,0.414912,0.0
0.0,1.0,0.0,0.0,0.0,0.0,0.0,0.469139,0.914894,0.028011,0.392294,0.001849,0.266701,0.685526,0.0
0.0,1.0,0.0,0.0,0.0,0.0,0.0,0.898323,0.446809,0.071304,0.6385,0.004668,0.641378,0.579386,1.0
0.0,0.0,0.0,1.0,0.0,0.0,0.0,0.868147,0.87234,0.040231,0.506694,0.002349,0.345417,0.708772,0.0
0.0,0.0,0.0,0.0,0.0,1.0,0.0,0.903411,0.404255,0.088057,0.617673,0.005723,0.570689,0.510526,1.0
1.0,0.0,0.0,0.0,0.0,0.0,0.0,0.911199,0.297872,0.047766,0.273133,0.003099,0.202745,0.65307,0.0
0.0,0.0,0.0,1.0,0.0,0.0,0.0,0.424848,0.404255,0.060796,0.417584,0.003467,0.422915,0.414912,1.0
0.0,0.0,0.0,0.0,1.0,0.0,0.0,0.88151,0.510638,0.027231,0.48438,0.001847,0.564733,0.342982,0.0
0.0,1.0,0.0,0.0,0.0,0.0,0.0,0.031415,0.659574,0.0662,0.512199,0.003467,0.422915,0.414912,0.0
0.0,0.0,0.0,0.0,0.0,1.0,0.0,0.876952,0.914894,0.028942,0.392294,0.001932,0.269808,0.407456,0.0
0.0,0.0,0.0,0.0,0.0,0.0,1.0,0.46936,0.148936,0.02603,0.098483,0.00173,0.176075,0.626754,0.0
0.0,0.0,0.0,0.0,1.0,0.0,0.0,0.005354,0.446809,0.064519,0.614549,0.003467,0.422915,0.414912,0.0
1.0,0.0,0.0,0.0,0.0,0.0,0.0,0.469714,0.638298,0.044224,0.386343,0.002588,0.264889,0.742105,1.0
0.0,0.0,0.0,0.0,1.0,0.0,0.0,0.45206,0.93617,0.045785,0.620946,0.003054,0.438115,0.589474,1.0
1.0,0.0,0.0,0.0,0.0,0.0,0.0,0.889651,0.553191,0.028672,0.340226,0.000885,0.287157,0.592544,0.0
0.0,0.0,0.0,0.0,0.0,0.0,1.0,0.460732,0.212766,0.028462,0.14222,0.001951,0.137235,0.409649,0.0
0.0,0.0,0.0,0.0,0.0,1.0,0.0,0.465333,0.382979,0.054612,0.533323,0.003772,0.499741,0.379825,1.0
0.0,0.0,0.0,0.0,1.0,0.0,0.0,0.876289,0.744681,0.035607,0.578548,0.002403,0.749353,0.417105,1.0
0.0,0.0,1.0,0.0,0.0,0.0,0.0,0.429715,0.170213,0.057944,0.193246,0.003467,0.422915,0.414912,0.0
0.0,0.0,0.0,0.0,0.0,1.0,0.0,0.907438,0.680851,0.085055,0.452098,0.005773,0.483169,0.408333,1.0
0.0,0.0,0.0,0.0,0.0,1.0,0.0,0.460068,0.510638,0.030353,0.50238,0.002029,0.489125,0.391228,0.0
0.0,0.0,0.0,1.0,0.0,0.0,0.0,0.01761,0.021277,0.080011,0.494793,0.003467,0.422915,0.414912,1.0
1.0,0.0,0.0,0.0,0.0,0.0,0.0,0.446617,0.446809,0.044434,0.508033,0.002933,0.29363,0.693421,0.0
0.0,0.0,0.0,1.0,0.0,0.0,0.0,0.447679,0.808511,0.073376,0.816572,0.005048,0.663905,0.378947,1.0
0.0,0.0,1.0,0.0,0.0,0.0,0.0,0.455953,0.255319,0.034166,0.418774,0.002339,0.386846,0.598246,0.0
0.0,0.0,0.0,1.0,0.0,0.0,0.0,0.433875,0.06383,0.041431,0.199792,0.003467,0.422915,0.414912,0.0
0.0,1.0,0.0,0.0,0.0,0.0,0.0,0.880448,0.191489,0.031764,0.137905,0.002079,0.18695,0.611404,0.0
0.0,0.0,1.0,0.0,0.0,0.0,0.0,0.902969,0.255319,0.058995,0.366706,0.00436,0.413516,0.489474,0.0
0.0,0.0,0.0,1.0,0.0,0.0,0.0,0.027477,0.659574,0.069713,0.505356,0.003467,0.422915,0.414912,1.0
0.0,0.0,0.0,0.0,0.0,1.0,0.0,0.894208,0.638298,0.059715,0.548497,0.004073,0.661315,0.379825,0.0
0.0,1.0,0.0,0.0,0.0,0.0,0.0,0.469448,0.680851,0.044824,0.471437,0.003012,0.475401,0.467105,1.0
0.0,0.0,0.0,0.0,1.0,0.0,0.0,0.017964,0.638298,0.064639,0.433799,0.003467,0.422915,0.414912,0.0
0.0,1.0,0.0,0.0,0.0,0.0,0.0,0.022477,0.212766,0.06608,0.15427,0.003467,0.422915,0.414912,1.0
0.0,0.0,0.0,0.0,0.0,0.0,1.0,0.903146,0.276596,0.048577,0.23371,0.001317,0.216209,0.604386,0.0
1.0,0.0,0.0,0.0,0.0,0.0,0.0,0.433742,0.085106,0.041431,0.115144,0.003467,0.422915,0.414912,0.0
0.0,1.0,0.0,0.0,0.0,0.0,0.0,0.018451,0.340426,0.050949,0.477536,0.003467,0.422915,0.414912,0.0
0.0,0.0,0.0,1.0,0.0,0.0,0.0,0.464316,0.468085,0.029903,0.473817,0.002032,0.483169,0.388158,1.0
0.0,1.0,0.0,0.0,0.0,0.0,0.0,0.894651,0.404255,0.087547,0.72895,0.005829,0.692905,0.453509,1.0
0.0,0.0,1.0,0.0,0.0,0.0,0.0,0.031459,0.851064,0.06611,0.389467,0.003467,0.422915,0.414912,1.0
0.0,0.0,1.0,0.0,0.0,0.0,0.0,0.004336,0.723404,0.043983,0.615293,0.003467,0.422915,0.414912,0.0
0.0,0.0,0.0,0.0,0.0,0.0,1.0,0.000841,0.340426,0.089798,0.292472,0.003467,0.422915,0.414912,0.0
0.0,0.0,1.0,0.0,0.0,0.0,0.0,0.008672,0.382979,0.092771,0.698602,0.003467,0.422915,0.414912,1.0
1.0,0.0,0.0,0.0,0.0,0.0,0.0,0.027344,0.893617,0.074817,0.378012,0.003467,0.422915,0.414912,1.0
0.0,0.0,0.0,0.0,0.0,1.0,0.0,0.495686,0.638298,0.038609,0.434246,0.002705,0.417659,0.278509,0.0
0.0,0.0,0.0,1.0,0.0,0.0,0.0,0.42945,0.446809,0.089888,0.591193,0.003467,0.422915,0.414912,1.0
1.0,0.0,0.0,0.0,0.0,0.0,0.0,0.871997,0.978723,0.032214,0.319399,0.001984,0.298809,0.841228,1.0
0.0,0.0,0.0,0.0,1.0,0.0,0.0,0.001062,0.595745,0.043983,0.44704,0.003467,0.422915,0.414912,0.0
0.0,0.0,0.0,0.0,0.0,0.0,1.0,0.46874,1.0,0.027201,0.24338,0.001797,0.267996,0.552632,0.0
0.0,0.0,0.0,0.0,1.0,0.0,0.0,0.893545,0.957447,0.055482,0.672121,0.002356,0.456758,0.57807,0.0
0.0,0.0,0.0,0.0,0.0,1.0,0.0,0.429848,0.617021,0.109613,0.500298,0.003467,0.422915,0.414912,1.0
0.0,0.0,0.0,0.0,0.0,0.0,1.0,0.876377,0.425532,0.032545,0.487801,0.001959,0.378819,0.898684,1.0
0.0,0.0,0.0,0.0,1.0,0.0,0.0,0.452369,0.659574,0.037258,0.525141,0.00257,0.557224,0.260526,0.0
0.0,0.0,1.0,0.0,0.0,0.0,0.0,0.004646,0.744681,0.224931,0.838441,0.003467,0.422915,0.414912,1.0
1.0,0.0,0.0,0.0,0.0,0.0,0.0,0.460776,0.702128,0.030924,0.387533,0.00211,0.165199,0.471491,0.0
0.0,1.0,0.0,0.0,0.0,0.0,0.0,0.880448,0.0,0.033836,0.282654,0.002156,0.280166,0.732018,1.0
0.0,0.0,0.0,0.0,0.0,0.0,1.0,0.425601,0.638298,0.056923,0.263612,0.003467,0.422915,0.414912,0.0
1.0,0.0,0.0,0.0,0.0,0.0,0.0,0.004557,0.510638,0.089498,0.416245,0.003467,0.422915,0.414912,1.0
0.0,0.0,0.0,0.0,0.0,0.0,1.0,0.911774,0.255319,0.043233,0.250074,0.00279,0.31564,0.695614,0.0
0.0,0.0,0.0,0.0,0.0,0.0,1.0,0.005133,0.446809,0.075267,0.458792,0.003467,0.422915,0.414912,1.0
0.0,0.0,0.0,1.0,0.0,0.0,0.0,0.468917,0.255319,0.037048,0.392443,0.002534,0.447954,0.239035,1.0
0.0,0.0,0.0,0.0,0.0,1.0,0.0,0.022034,0.212766,0.062057,0.102499,0.003467,0.422915,0.414912,1.0
0.0,0.0,0.0,0.0,1.0,0.0,0.0,0.031547,0.659574,0.057314,0.41327,0.003467,0.422915,0.414912,0.0
0.0,0.0,1.0,0.0,0.0,0.0,0.0,0.461174,0.170213,0.02636,0.182237,0.001757,0.243656,0.635526,0.0
1.0,0.0,0.0,0.0,0.0,0.0,0.0,0.442326,0.808511,0.057314,0.413716,0.003889,0.350078,0.500526,1.0
1.0,0.0,0.0,0.0,0.0,0.0,0.0,0.008584,0.851064,0.089798,0.680006,0.003467,0.422915,0.414912,1.0
0.0,0.0,0.0,0.0,0.0,1.0,0.0,0.452104,0.361702,0.034256,0.699197,0.002333,0.636199,0.29693,0.0
0.0,0.0,0.0,0.0,1.0,0.0,0.0,0.013362,1.0,0.11784,0.601755,0.003467,0.422915,0.414912,1.0
0.0,0.0,0.0,1.0,0.0,0.0,0.0,0.903013,0.680851,0.080791,0.469057,0.005474,0.593216,0.43114,0.0
1.0,0.0,0.0,0.0,0.0,0.0,0.0,0.429317,0.680851,0.093671,0.61321,0.003467,0.422915,0.414912,1.0
0.0,0.0,0.0,0.0,0.0,1.0,0.0,0.473961,0.404255,0.029723,0.624517,0.001959,0.492491,0.592982,0.0
0.0,1.0,0.0,0.0,0.0,0.0,0.0,0.433476,0.297872,0.071664,0.490925,0.003467,0.422915,0.414912,0.0
0.0,0.0,0.0,0.0,1.0,0.0,0.0,0.8812,1.0,0.043593,0.470842,0.002497,0.430088,0.650439,1.0
0.0,0.0,0.0,0.0,0.0,1.0,0.0,0.000796,0.680851,0.122703,0.332639,0.003467,0.422915,0.414912,1.0
0.0,0.0,0.0,1.0,0.0,0.0,0.0,0.889164,0.765957,0.037769,0.738768,0.002545,0.692905,0.397368,1.0
1.0,0.0,0.0,0.0,0.0,0.0,0.0,0.022433,0.531915,0.059926,0.475454,0.003467,0.422915,0.414912,0.0
1.0,0.0,0.0,0.0,0.0,0.0,0.0,0.438034,0.702128,0.0783,0.469801,0.003467,0.422915,0.414912,1.0
0.0,0.0,0.0,0.0,0.0,0.0,1.0,0.876067,0.829787,0.029753,0.319548,0.000889,0.314863,0.812719,1.0
0.0,0.0,0.0,0.0,0.0,1.0,0.0,0.889872,0.297872,0.103639,0.680303,0.007015,0.635681,0.49693,1.0
0.0,1.0,0.0,0.0,0.0,0.0,0.0,0.903544,0.765957,0.06641,0.557275,0.004481,0.476437,0.463596,1.0
0.0,0.0,0.0,0.0,0.0,1.0,0.0,0.866997,0.021277,0.024979,0.164981,0.001656,0.187985,0.794737,0.0
0.0,0.0,0.0,0.0,1.0,0.0,0.0,0.018274,0.702128,0.047766,0.455668,0.003467,0.422915,0.414912,0.0
1.0,0.0,0.0,0.0,0.0,0.0,0.0,0.026724,0.021277,0.048487,0.201279,0.003467,0.422915,0.414912,0.0
0.0,1.0,0.0,0.0,0.0,0.0,0.0,0.877085,0.191489,0.032034,0.154418,0.002098,0.176592,0.539474,0.0
0.0,0.0,0.0,0.0,0.0,1.0,0.0,0.465643,0.085106,0.02681,0.172568,0.00183,0.272139,0.428509,0.0
0.0,1.0,0.0,0.0,0.0,0.0,0.0,0.022477,0.361702,0.089618,0.462809,0.003467,0.422915,0.414912,1.0
0.0,0.0,0.0,1.0,0.0,0.0,0.0,0.452325,0.723404,0.035217,0.674799,0.002339,0.664682,0.492982,0.0
1.0,0.0,0.0,0.0,0.0,0.0,0.0,0.424716,0.829787,0.074817,0.422493,0.003467,0.422915,0.414912,0.0
0.0,0.0,0.0,0.0,0.0,0.0,1.0,0.464448,0.212766,0.025429,0.121541,0.001697,0.183325,0.632018,0.0
0.0,1.0,0.0,0.0,0.0,0.0,0.0,0.018141,0.361702,0.056263,0.484082,0.003467,0.422915,0.414912,0.0
1.0,0.0,0.0,0.0,0.0,0.0,0.0,0.447237,0.042553,0.054551,0.337995,0.003606,0.452615,0.565351,1.0
0.0,0.0,0.0,0.0,0.0,1.0,0.0,0.022964,0.468085,0.084664,0.36745,0.003467,0.422915,0.414912,1.0
0.0,1.0,0.0,0.0,0.0,0.0,0.0,0.473165,0.595745,0.142098,0.613657,0.009335,0.554117,0.302632,1.0
0.0,0.0,0.0,0.0,0.0,1.0,0.0,0.469935,0.404255,0.045515,0.682386,0.003108,0.516572,0.315789,0.0
0.0,1.0,0.0,0.0,0.0,0.0,0.0,0.42476,0.638298,0.074817,0.425766,0.003467,0.422915,0.414912,0.0
0.0,0.0,0.0,0.0,0.0,0.0,1.0,0.876687,0.829787,0.029272,0.443916,0.001653,0.362765,0.679825,0.0
0.0,0.0,0.0,0.0,0.0,1.0,0.0,0.880581,0.702128,0.090068,0.505356,0.006028,0.478509,0.433772,1.0
1.0,0.0,0.0,0.0,0.0,0.0,0.0,0.885049,0.106383,0.030743,0.191312,0.002009,0.318747,0.592982,0.0
0.0,0.0,0.0,0.0,1.0,0.0,0.0,0.027211,0.021277,0.05215,0.312705,0.003467,0.422915,0.414912,0.0
0.0,0.0,0.0,0.0,0.0,1.0,0.0,0.872528,0.404255,0.035247,0.732223,0.002252,0.575091,0.685965,0.0
0.0,0.0,1.0,0.0,0.0,0.0,0.0,0.871776,0.744681,0.02681,0.46266,0.001726,0.581305,0.639035,1.0
0.0,1.0,0.0,0.0,0.0,0.0,0.0,0.433786,0.0,0.041191,0.346177,0.003467,0.422915,0.414912,0.0
0.0,0.0,0.0,0.0,0.0,1.0,0.0,0.429539,0.382979,0.083133,0.457453,0.003467,0.422915,0.414912,1.0
1.0,0.0,0.0,0.0,0.0,0.0,0.0,0.867086,0.446809,0.029182,0.315382,0.00198,0.156137,0.646491,0.0
1.0,0.0,0.0,0.0,0.0,0.0,0.0,0.875802,0.87234,0.030323,0.310919,0.0013,0.286898,0.841667,1.0
0.0,0.0,0.0,0.0,0.0,1.0,0.0,0.915756,0.914894,0.082533,0.429783,0.005609,0.317711,0.460088,1.0
0.0,0.0,0.0,0.0,0.0,0.0,1.0,0.876377,0.446809,0.032575,0.487355,0.001959,0.385034,0.898684,1.0
0.0,0.0,0.0,0.0,0.0,0.0,1.0,0.902526,0.191489,0.031254,0.156501,0.002015,0.273951,0.728947,0.0
0.0,0.0,0.0,0.0,0.0,1.0,0.0,0.434583,0.042553,0.044314,0.166468,0.003467,0.422915,0.414912,0.0
1.0,0.0,0.0,0.0,0.0,0.0,0.0,0.013495,0.489362,0.051759,0.551324,0.003467,0.422915,0.414912,0.0
0.0,0.0,1.0,0.0,0.0,0.0,0.0,0.017566,0.234043,0.064849,0.295448,0.003467,0.422915,0.414912,0.0
0.0,0.0,1.0,0.0,0.0,0.0,0.0,0.021902,0.957447,0.074517,0.436328,0.003467,0.422915,0.414912,1.0
0.0,0.0,0.0,0.0,0.0,0.0,1.0,0.889916,0.851064,0.121622,0.576317,0.007983,0.447178,0.666667,0.0
0.0,0.0,1.0,0.0,0.0,0.0,0.0,0.009292,0.234043,0.077609,0.350937,0.003467,0.422915,0.414912,0.0
0.0,0.0,0.0,0.0,0.0,0.0,1.0,0.902526,0.489362,0.047226,0.449569,0.003135,0.369757,0.572368,0.0
0.0,0.0,1.0,0.0,0.0,0.0,0.0,0.890359,0.787234,0.098475,0.92413,0.00651,0.729933,0.530263,1.0
0.0,0.0,0.0,0.0,1.0,0.0,0.0,0.876156,0.765957,0.088207,0.561291,0.005995,0.652253,0.321053,1.0
0.0,0.0,0.0,0.0,1.0,0.0,0.0,0.469581,0.723404,0.046445,0.473817,0.003128,0.441222,0.369298,1.0
0.0,0.0,0.0,0.0,1.0,0.0,0.0,0.456661,0.361702,0.036268,0.635228,0.002445,0.607198,0.52193,1.0
0.0,1.0,0.0,0.0,0.0,0.0,0.0,0.008628,0.638298,0.057734,0.480065,0.003467,0.422915,0.414912,0.0
0.0,0.0,1.0,0.0,0.0,0.0,0.0,0.911907,0.191489,0.043953,0.238619,0.002875,0.275764,0.664035,0.0
0.0,0.0,0.0,1.0,0.0,0.0,0.0,0.899031,0.914894,0.046986,0.564267,0.003162,0.506732,0.502193,0.0
0.0,0.0,0.0,1.0,0.0,0.0,0.0,0.447679,0.93617,0.042632,0.639393,0.002777,0.470482,0.636842,0.0
0.0,0.0,0.0,0.0,0.0,1.0,0.0,0.005088,0.489362,0.075267,0.443469,0.003467,0.422915,0.414912,1.0
0.0,0.0,0.0,0.0,0.0,1.0,0.0,0.009424,0.340426,0.041732,0.488545,0.003467,0.422915,0.414912,0.0
0.0,0.0,1.0,0.0,0.0,0.0,0.0,0.903588,0.829787,0.042963,0.486165,0.002898,0.452615,0.440351,0.0
0.0,0.0,0.0,0.0,0.0,0.0,1.0,0.880669,0.276596,0.032034,0.142071,0.001251,0.138011,0.853509,0.0
0.0,0.0,0.0,0.0,0.0,0.0,1.0,0.425601,0.808511,0.058394,0.287563,0.003467,0.422915,0.414912,0.0
0.0,0.0,1.0,0.0,0.0,0.0,0.0,0.461174,0.787234,0.029753,0.5482,0.002007,0.50492,0.409211,0.0
1.0,0.0,0.0,0.0,0.0,0.0,0.0,0.433742,0.787234,0.075027,0.432163,0.003467,0.422915,0.414912,1.0
0.0,1.0,0.0,0.0,0.0,0.0,0.0,0.872041,0.702128,0.027801,0.60488,0.001751,0.505955,0.789474,0.0
0.0,1.0,0.0,0.0,0.0,0.0,0.0,0.0,0.276596,0.042482,0.39036,0.003467,0.422915,0.414912,0.0
0.0,0.0,0.0,0.0,0.0,1.0,0.0,0.89912,0.510638,0.061217,0.529307,0.004051,0.557483,0.524561,0.0
0.0,0.0,1.0,0.0,0.0,0.0,0.0,0.894385,0.191489,0.060136,0.242041,0.003174,0.371569,0.750439,0.0
0.0,0.0,0.0,0.0,1.0,0.0,0.0,0.031857,0.787234,0.056923,0.233115,0.003467,0.422915,0.414912,1.0
0.0,0.0,0.0,1.0,0.0,0.0,0.0,0.460289,0.234043,0.032515,0.267331,0.002231,0.261264,0.475877,0.0
0.0,0.0,1.0,0.0,0.0,0.0,0.0,0.903588,0.851064,0.043593,0.459685,0.002941,0.409373,0.454825,0.0
0.0,0.0,1.0,0.0,0.0,0.0,0.0,0.867793,0.978723,0.028822,0.433353,0.001352,0.408597,0.639474,0.0
0.0,0.0,0.0,1.0,0.0,0.0,0.0,0.433875,0.106383,0.041431,0.151741,0.003467,0.422915,0.414912,0.0
0.0,0.0,0.0,1.0,0.0,0.0,0.0,0.451086,0.361702,0.040681,0.673758,0.002653,0.692905,0.425,0.0
0.0,1.0,0.0,0.0,0.0,0.0,0.0,0.880448,0.553191,0.0399,0.602797,0.002765,0.540911,0.285965,1.0
0.0,0.0,0.0,1.0,0.0,0.0,0.0,0.876864,0.170213,0.028612,0.193841,0.001789,0.265924,0.678509,0.0
0.0,0.0,0.0,0.0,1.0,0.0,0.0,0.026592,0.468085,0.107572,0.499554,0.003467,0.422915,0.414912,1.0
1.0,0.0,0.0,0.0,0.0,0.0,0.0,0.018406,0.212766,0.061997,0.175692,0.003467,0.422915,0.414912,0.0
0.0,0.0,0.0,0.0,0.0,1.0,0.0,0.474271,0.404255,0.029723,0.32892,0.001795,0.10435,0.903509,1.0
0.0,0.0,1.0,0.0,0.0,0.0,0.0,0.451042,0.893617,0.041822,0.650848,0.002761,0.509581,0.588158,0.0
0.0,0.0,1.0,0.0,0.0,0.0,0.0,0.469183,0.297872,0.050739,0.476346,0.003359,0.519679,0.32807,1.0
0.0,0.0,0.0,0.0,1.0,0.0,0.0,0.013362,0.382979,0.119731,0.740256,0.003467,0.422915,0.414912,1.0
0.0,0.0,0.0,0.0,0.0,0.0,1.0,0.429892,0.702128,0.080401,0.419369,0.003467,0.422915,0.414912,1.0
1.0,0.0,0.0,0.0,0.0,0.0,0.0,0.022123,0.978723,0.075327,0.344243,0.003467,0.422915,0.414912,1.0
0.0,0.0,0.0,1.0,0.0,0.0,0.0,0.89412,0.893617,0.064069,0.703362,0.00429,0.595287,0.546053,0.0
0.0,0.0,0.0,1.0,0.0,0.0,0.0,0.469846,0.319149,0.163714,0.592978,0.011323,0.693941,0.262281,0.0
0.0,0.0,1.0,0.0,0.0,0.0,0.0,0.469802,0.595745,0.435211,0.701726,0.996228,0.770067,0.334649,1.0
0.0,1.0,0.0,0.0,0.0,0.0,0.0,0.90757,0.042553,0.044164,0.253198,0.002939,0.372605,0.511404,0.0
0.0,0.0,0.0,1.0,0.0,0.0,0.0,0.451396,0.382979,0.03933,0.658137,0.002574,0.692128,0.522368,0.0
0.0,0.0,0.0,0.0,1.0,0.0,0.0,0.906774,0.957447,0.043053,0.439899,0.002906,0.295702,0.528509,0.0
0.0,0.0,0.0,0.0,0.0,0.0,1.0,0.018362,0.148936,0.05221,0.096102,0.003467,0.422915,0.414912,0.0
0.0,0.0,1.0,0.0,0.0,0.0,0.0,0.461174,0.06383,0.031134,0.378012,0.002081,0.410668,0.46886,1.0
0.0,1.0,0.0,0.0,0.0,0.0,0.0,0.877085,0.638298,0.03948,0.570812,0.002796,0.493786,0.194298,0.0
0.0,0.0,0.0,1.0,0.0,0.0,0.0,0.42914,0.765957,0.083974,0.504612,0.003467,0.422915,0.414912,1.0
0.0,1.0,0.0,0.0,0.0,0.0,0.0,0.455599,0.531915,0.042933,0.6144,0.002977,0.622216,0.377193,0.0
0.0,0.0,0.0,0.0,0.0,0.0,1.0,0.876687,0.595745,0.031104,0.513389,0.001955,0.36406,0.69386,1.0
0.0,1.0,0.0,0.0,0.0,0.0,0.0,0.465156,0.191489,0.02603,0.108301,0.00177,0.166235,0.491228,0.0
0.0,0.0,0.0,1.0,0.0,0.0,0.0,0.889784,0.87234,0.086856,0.762124,0.005982,0.611859,0.40614,0.0
0.0,0.0,0.0,1.0,0.0,0.0,0.0,0.424848,0.191489,0.056923,0.131955,0.003467,0.422915,0.414912,0.0
0.0,0.0,0.0,0.0,1.0,0.0,0.0,0.908013,0.12766,0.047286,0.170485,0.003143,0.321336,0.554386,0.0
0.0,1.0,0.0,0.0,0.0,0.0,0.0,0.875846,0.744681,0.033325,0.535109,0.002206,0.529001,0.685526,1.0
0.0,0.0,0.0,0.0,1.0,0.0,0.0,0.43883,0.468085,0.049898,0.342755,0.003467,0.422915,0.414912,0.0
0.0,0.0,0.0,0.0,1.0,0.0,0.0,0.912305,0.893617,0.077789,0.41565,0.005251,0.418436,0.404825,1.0
0.0,0.0,0.0,1.0,0.0,0.0,0.0,0.01761,0.957447,0.075657,0.502678,0.003467,0.422915,0.414912,1.0
0.0,1.0,0.0,0.0,0.0,0.0,0.0,0.433786,0.914894,0.047886,0.404195,0.003467,0.422915,0.414912,0.0
0.0,0.0,0.0,0.0,0.0,0.0,1.0,0.464758,0.957447,0.02687,0.321035,0.001768,0.240549,0.667982,0.0
0.0,0.0,1.0,0.0,0.0,0.0,0.0,0.884828,0.851064,0.029182,0.546712,0.001992,0.542983,0.437281,0.0
1.0,0.0,0.0,0.0,0.0,0.0,0.0,0.451573,0.234043,0.032755,0.173014,0.00086,0.191611,0.860088,0.0
0.0,0.0,0.0,0.0,0.0,1.0,0.0,0.473342,0.382979,0.045545,0.596251,0.003099,0.519938,0.082895,1.0
0.0,0.0,0.0,0.0,0.0,1.0,0.0,0.004159,0.276596,0.073106,0.243082,0.003467,0.422915,0.414912,1.0
0.0,0.0,0.0,0.0,1.0,0.0,0.0,0.013982,0.914894,0.040591,0.497025,0.003467,0.422915,0.414912,0.0
1.0,0.0,0.0,0.0,0.0,0.0,0.0,0.438343,0.085106,0.060136,0.174502,0.003467,0.422915,0.414912,1.0
0.0,0.0,0.0,0.0,0.0,1.0,0.0,0.447148,1.0,0.041792,0.551622,0.002736,0.496893,0.589035,0.0
0.0,1.0,0.0,0.0,0.0,0.0,0.0,0.026459,0.87234,0.050498,0.379798,0.003467,0.422915,0.414912,0.0
0.0,0.0,0.0,1.0,0.0,0.0,0.0,0.022256,0.787234,0.059926,0.511455,0.003467,0.422915,0.414912,1.0
0.0,0.0,0.0,0.0,1.0,0.0,0.0,0.469581,0.659574,0.058184,0.529009,0.003897,0.498705,0.405702,1.0
0.0,0.0,0.0,0.0,0.0,0.0,1.0,0.022388,0.12766,0.059055,0.079887,0.003467,0.422915,0.414912,0.0
0.0,0.0,1.0,0.0,0.0,0.0,0.0,0.87589,0.425532,0.034856,0.639244,0.002256,0.64811,0.426754,0.0
0.0,0.0,0.0,0.0,0.0,0.0,1.0,0.031326,0.276596,0.051909,0.154865,0.003467,0.422915,0.414912,0.0
0.0,0.0,0.0,0.0,1.0,0.0,0.0,0.456042,0.12766,0.032755,0.312258,0.002206,0.347747,0.674561,0.0
0.0,0.0,1.0,0.0,0.0,0.0,0.0,0.88943,0.914894,0.028191,0.553853,0.001965,0.495598,0.427632,0.0
0.0,0.0,1.0,0.0,0.0,0.0,0.0,0.871466,0.914894,0.02654,0.513538,0.001653,0.321854,0.850439,0.0
0.0,0.0,1.0,0.0,0.0,0.0,0.0,0.004956,0.659574,0.042422,0.498661,0.003467,0.422915,0.414912,0.0
1.0,0.0,0.0,0.0,0.0,0.0,0.0,0.871997,0.765957,0.034436,0.490925,0.002196,0.291041,0.917105,1.0
0.0,0.0,1.0,0.0,0.0,0.0,0.0,0.447325,0.723404,0.073226,0.847516,0.005147,0.665976,0.446491,1.0
0.0,0.0,0.0,0.0,0.0,1.0,0.0,0.014026,0.085106,0.041101,0.361648,0.003467,0.422915,0.414912,0.0
1.0,0.0,0.0,0.0,0.0,0.0,0.0,0.464493,0.531915,0.0269,0.267182,0.001795,0.194718,0.666228,0.0
1.0,0.0,0.0,0.0,0.0,0.0,0.0,0.907526,0.93617,0.042993,0.371318,0.002817,0.282496,0.635965,0.0
1.0,0.0,0.0,0.0,0.0,0.0,0.0,0.877041,0.276596,0.028281,0.164088,0.001859,0.092439,0.644737,0.0
0.0,1.0,0.0,0.0,0.0,0.0,0.0,0.429052,0.978723,0.080101,0.401666,0.003467,0.422915,0.414912,1.0
0.0,0.0,0.0,0.0,0.0,0.0,1.0,0.442591,0.255319,0.045815,0.20247,0.003012,0.210513,0.500526,0.0
0.0,0.0,0.0,0.0,0.0,0.0,1.0,0.500111,0.978723,0.054131,0.344689,0.003683,0.365355,0.259649,1.0
0.0,0.0,0.0,1.0,0.0,0.0,0.0,0.425468,0.978723,0.09229,0.420113,0.003467,0.422915,0.414912,0.0
0.0,0.0,0.0,1.0,0.0,0.0,0.0,0.031503,0.446809,0.080972,0.509819,0.003467,0.422915,0.414912,1.0
0.0,0.0,1.0,0.0,0.0,0.0,0.0,0.907305,0.744681,0.096734,0.496281,0.00656,0.711807,0.345175,0.0
1.0,0.0,0.0,0.0,0.0,0.0,0.0,0.470023,0.12766,0.024108,0.101904,0.001635,0.134645,0.539035,0.0
0.0,1.0,0.0,0.0,0.0,0.0,0.0,0.894651,0.468085,0.084364,0.681642,0.005573,0.676075,0.47807,1.0
0.0,0.0,0.0,1.0,0.0,0.0,0.0,0.455998,0.234043,0.032635,0.331598,0.002175,0.307613,0.778947,0.0
0.0,0.0,0.0,0.0,0.0,1.0,0.0,0.893589,0.723404,0.124985,0.792919,0.008166,0.673485,0.570175,1.0
0.0,0.0,0.0,0.0,1.0,0.0,0.0,0.875979,0.319149,0.032935,0.561291,0.002144,0.544795,0.617982,0.0
0.0,1.0,0.0,0.0,0.0,0.0,0.0,0.031105,0.106383,0.054161,0.1446,0.003467,0.422915,0.414912,0.0
0.0,1.0,0.0,0.0,0.0,0.0,0.0,0.425689,0.340426,0.102768,0.540762,0.003467,0.422915,0.414912,1.0
0.0,0.0,0.0,1.0,0.0,0.0,0.0,0.000398,0.191489,0.074877,0.171526,0.003467,0.422915,0.414912,0.0
0.0,0.0,0.0,0.0,0.0,1.0,0.0,0.442857,0.744681,0.095382,0.690122,0.006429,0.601761,0.424123,1.0
0.0,1.0,0.0,0.0,0.0,0.0,0.0,1.0,0.340426,0.083764,0.555787,0.005679,0.620922,0.349123,1.0
0.0,0.0,1.0,0.0,0.0,0.0,0.0,0.009911,0.510638,0.041582,0.543588,0.003467,0.422915,0.414912,0.0
0.0,0.0,1.0,0.0,0.0,0.0,0.0,0.907305,0.893617,0.050168,0.398691,0.003403,0.535992,0.335965,0.0
0.0,1.0,0.0,0.0,0.0,0.0,0.0,0.898013,0.765957,0.14426,0.855103,0.009576,0.737442,0.494737,1.0
0.0,1.0,0.0,0.0,0.0,0.0,0.0,0.425689,0.319149,0.091359,0.494793,0.003467,0.422915,0.414912,1.0
1.0,0.0,0.0,0.0,0.0,0.0,0.0,0.014114,0.510638,0.062477,0.509967,0.003467,0.422915,0.414912,1.0
0.0,0.0,0.0,0.0,0.0,0.0,1.0,0.907172,0.723404,0.057344,0.371467,0.003762,0.357328,0.652193,0.0
0.0,0.0,1.0,0.0,0.0,0.0,0.0,0.031149,0.340426,0.093011,0.511306,0.003467,0.422915,0.414912,1.0
1.0,0.0,0.0,0.0,0.0,0.0,0.0,0.455555,0.12766,0.033025,0.208123,0.00156,0.295443,0.680702,0.0
1.0,0.0,0.0,0.0,0.0,0.0,0.0,0.468785,0.319149,0.028582,0.264356,0.001876,0.143708,0.630702,0.0
1.0,0.0,0.0,0.0,0.0,0.0,0.0,0.018406,0.085106,0.043263,0.19518,0.003467,0.422915,0.414912,0.0
0.0,0.0,0.0,0.0,1.0,0.0,0.0,0.018583,0.510638,0.054281,0.482148,0.003467,0.422915,0.414912,0.0
0.0,0.0,0.0,0.0,0.0,0.0,1.0,0.446883,0.212766,0.0,0.169444,0.0,0.171414,0.557895,0.0
0.0,0.0,0.0,1.0,0.0,0.0,0.0,0.425158,0.808511,0.060796,0.38917,0.003467,0.422915,0.414912,0.0
0.0,0.0,0.0,0.0,0.0,0.0,1.0,0.45644,0.808511,0.033806,0.504909,0.002306,0.494303,0.337719,1.0
0.0,0.0,0.0,1.0,0.0,0.0,0.0,0.867218,0.680851,0.036057,0.446445,0.002464,0.406525,0.386404,1.0
0.0,0.0,0.0,0.0,1.0,0.0,0.0,0.866953,0.234043,0.024709,0.078846,0.001506,0.05826,0.90307,0.0
0.0,0.0,1.0,0.0,0.0,0.0,0.0,0.429715,0.042553,0.041431,0.241595,0.003467,0.422915,0.414912,0.0
0.0,1.0,0.0,0.0,0.0,0.0,0.0,0.889076,0.382979,0.029242,0.593722,0.001973,0.600207,0.339474,0.0
0.0,0.0,1.0,0.0,0.0,0.0,0.0,0.009292,0.723404,0.096824,0.778191,0.003467,0.422915,0.414912,0.0
1.0,0.0,0.0,0.0,0.0,0.0,0.0,0.000575,0.148936,0.044104,0.119905,0.003467,0.422915,0.414912,0.0
0.0,0.0,0.0,0.0,1.0,0.0,0.0,0.880581,0.574468,0.035427,0.52648,0.002358,0.482651,0.591667,0.0
0.0,0.0,0.0,0.0,0.0,1.0,0.0,0.031592,0.382979,0.065059,0.377417,0.003467,0.422915,0.414912,1.0
0.0,0.0,0.0,0.0,0.0,0.0,1.0,0.500111,0.382979,0.066711,0.422493,0.004553,0.326515,0.380702,1.0
0.0,0.0,0.0,0.0,1.0,0.0,0.0,0.915712,1.0,0.074997,0.441684,0.005197,0.434231,0.324561,0.0
0.0,0.0,0.0,0.0,1.0,0.0,0.0,0.880581,0.106383,0.033836,0.219131,0.002144,0.307872,0.769737,0.0
0.0,0.0,0.0,0.0,0.0,1.0,0.0,0.031282,0.042553,0.053291,0.218834,0.003467,0.422915,0.414912,0.0
0.0,0.0,0.0,1.0,0.0,0.0,0.0,0.889253,0.829787,0.027351,0.530646,0.00189,0.539358,0.446491,0.0
0.0,0.0,0.0,0.0,1.0,0.0,0.0,0.026901,0.446809,0.130569,0.588218,0.003467,0.422915,0.414912,1.0
0.0,0.0,0.0,0.0,0.0,1.0,0.0,0.425556,0.06383,0.069863,0.18432,0.003467,0.422915,0.414912,0.0
1.0,0.0,0.0,0.0,0.0,0.0,0.0,0.456175,0.12766,0.03915,0.164237,0.000953,0.24029,0.7,1.0
0.0,0.0,0.0,0.0,0.0,0.0,1.0,0.009778,0.12766,0.041281,0.153377,0.003467,0.422915,0.414912,0.0
1.0,0.0,0.0,0.0,0.0,0.0,0.0,0.027344,0.851064,0.074817,0.390509,0.003467,0.422915,0.414912,1.0
0.0,0.0,1.0,0.0,0.0,0.0,0.0,0.880492,0.978723,0.047616,0.447188,0.003178,0.406266,0.479386,1.0
0.0,0.0,0.0,0.0,0.0,0.0,1.0,0.906863,0.531915,0.040261,0.376079,0.002605,0.234076,0.689912,0.0
0.0,0.0,0.0,1.0,0.0,0.0,0.0,0.452015,0.425532,0.040771,0.721214,0.002759,0.646815,0.327193,0.0
0.0,1.0,0.0,0.0,0.0,0.0,0.0,0.90788,0.914894,0.033085,0.396013,0.002208,0.346453,0.504825,0.0
0.0,0.0,0.0,0.0,0.0,0.0,1.0,0.447812,0.957447,0.035007,0.509521,0.002246,0.334283,0.673246,0.0
0.0,0.0,0.0,0.0,0.0,0.0,1.0,0.452148,0.553191,0.033175,0.448825,0.002279,0.287675,0.474123,0.0
0.0,0.0,0.0,0.0,0.0,0.0,1.0,0.022388,0.744681,0.069143,0.276703,0.003467,0.422915,0.414912,1.0
0.0,1.0,0.0,0.0,0.0,0.0,0.0,0.030795,0.234043,0.098024,0.357632,0.003467,0.422915,0.414912,1.0
1.0,0.0,0.0,0.0,0.0,0.0,0.0,0.425335,0.404255,0.084935,0.562481,0.003467,0.422915,0.414912,1.0
0.0,0.0,0.0,0.0,1.0,0.0,0.0,0.030928,0.276596,0.074817,0.452693,0.003467,0.422915,0.414912,0.0
0.0,0.0,0.0,0.0,0.0,1.0,0.0,0.867926,0.148936,0.02669,0.193841,0.000839,0.238219,0.836842,0.0
0.0,0.0,0.0,0.0,0.0,0.0,1.0,0.429273,0.255319,0.076738,0.141029,0.003467,0.422915,0.414912,1.0
0.0,1.0,0.0,0.0,0.0,0.0,0.0,0.44237,0.93617,0.064879,0.414609,0.00467,0.340497,0.500526,0.0
0.0,0.0,0.0,0.0,0.0,1.0,0.0,0.433344,0.659574,0.070073,0.420857,0.003467,0.422915,0.414912,1.0
0.0,1.0,0.0,0.0,0.0,0.0,0.0,0.446971,0.765957,0.123694,0.710949,0.008373,0.468151,0.47193,1.0
0.0,0.0,0.0,0.0,1.0,0.0,0.0,0.446794,0.106383,0.024799,0.327432,0.000953,0.325738,0.765789,0.0
0.0,1.0,0.0,0.0,0.0,0.0,0.0,0.880404,0.978723,0.029242,0.478578,0.001934,0.431124,0.583772,1.0
0.0,0.0,0.0,1.0,0.0,0.0,0.0,0.468917,0.468085,0.049958,0.515323,0.003415,0.462714,0.294298,1.0
0.0,0.0,0.0,0.0,1.0,0.0,0.0,0.013053,0.914894,0.041281,0.457453,0.003467,0.422915,0.414912,0.0
0.0,0.0,1.0,0.0,0.0,0.0,0.0,0.894385,0.297872,0.055963,0.569473,0.003808,0.609011,0.378509,0.0
0.0,0.0,0.0,1.0,0.0,0.0,0.0,0.473873,1.0,0.033626,0.408956,0.002264,0.371051,0.601316,0.0
0.0,0.0,0.0,0.0,1.0,0.0,0.0,0.437901,0.808511,0.057554,0.436924,0.003467,0.422915,0.414912,1.0
0.0,1.0,0.0,0.0,0.0,0.0,0.0,0.456219,0.489362,0.035817,0.543142,0.002451,0.601761,0.450439,1.0
0.0,1.0,0.0,0.0,0.0,0.0,0.0,0.911862,0.297872,0.045304,0.486611,0.003049,0.557742,0.409649,1.0
0.0,0.0,0.0,1.0,0.0,0.0,0.0,0.469537,0.106383,0.027711,0.165724,0.001834,0.242879,0.608772,0.0
0.0,0.0,0.0,0.0,0.0,1.0,0.0,0.89819,0.978723,0.089498,0.620946,0.005748,0.542983,0.632895,1.0
0.0,0.0,1.0,0.0,0.0,0.0,0.0,0.867174,0.085106,0.028522,0.128831,0.001934,0.194459,0.459211,0.0
0.0,0.0,1.0,0.0,0.0,0.0,0.0,0.460555,0.106383,0.02573,0.25186,0.001708,0.34464,0.664035,0.0
0.0,0.0,0.0,0.0,0.0,0.0,1.0,0.438299,0.085106,0.046746,0.150848,0.003467,0.422915,0.414912,0.0
1.0,0.0,0.0,0.0,0.0,0.0,0.0,0.014114,0.021277,0.040801,0.328771,0.003467,0.422915,0.414912,0.0
0.0,0.0,1.0,0.0,0.0,0.0,0.0,0.877129,0.893617,0.032755,0.432907,0.002225,0.412222,0.365351,0.0
0.0,0.0,1.0,0.0,0.0,0.0,0.0,0.915623,1.0,0.076588,0.43618,0.005291,0.431901,0.322368,1.0
0.0,0.0,0.0,1.0,0.0,0.0,0.0,0.452325,0.340426,0.037559,0.718387,0.002516,0.698343,0.419298,1.0
0.0,0.0,0.0,0.0,1.0,0.0,0.0,0.46467,0.723404,0.057524,0.426064,0.004007,0.469705,0.19386,0.0
0.0,0.0,0.0,0.0,0.0,0.0,1.0,0.893943,0.957447,0.060466,0.555638,0.003635,0.400311,0.699561,0.0
0.0,0.0,0.0,0.0,0.0,0.0,1.0,0.46874,0.978723,0.029062,0.27953,0.001915,0.273175,0.523246,0.0
0.0,0.0,0.0,0.0,0.0,1.0,0.0,0.455776,0.595745,0.100606,0.515918,0.008166,0.612118,0.002632,1.0
0.0,0.0,0.0,0.0,0.0,1.0,0.0,0.000796,0.851064,0.090939,0.429634,0.003467,0.422915,0.414912,0.0
1.0,0.0,0.0,0.0,0.0,0.0,0.0,0.446617,0.638298,0.042062,0.363136,0.002177,0.239513,0.765789,0.0
0.0,0.0,1.0,0.0,0.0,0.0,0.0,0.460555,0.340426,0.029272,0.494198,0.001955,0.571207,0.439035,1.0
0.0,1.0,0.0,0.0,0.0,0.0,0.0,0.898323,0.489362,0.059986,0.595805,0.003907,0.622993,0.573246,0.0
0.0,0.0,1.0,0.0,0.0,0.0,0.0,0.902659,0.723404,0.076228,0.52053,0.005064,0.578975,0.583333,0.0
0.0,0.0,0.0,0.0,0.0,0.0,1.0,0.871643,0.702128,0.03888,0.512645,0.002387,0.417918,0.848684,1.0
0.0,0.0,0.0,0.0,1.0,0.0,0.0,0.447104,0.425532,0.076138,0.67837,0.005247,0.613413,0.402632,1.0
0.0,1.0,0.0,0.0,0.0,0.0,0.0,0.893722,0.829787,0.030743,0.645195,0.00209,0.585189,0.327193,0.0
0.0,1.0,0.0,0.0,0.0,0.0,0.0,0.875846,0.148936,0.019395,0.127938,0.000995,0.208182,0.841667,0.0
1.0,0.0,0.0,0.0,0.0,0.0,0.0,0.461086,0.914894,0.032124,0.338441,0.002219,0.280166,0.350439,1.0
0.0,0.0,0.0,0.0,0.0,1.0,0.0,0.004159,0.978723,0.043983,0.369682,0.003467,0.422915,0.414912,0.0
0.0,0.0,1.0,0.0,0.0,0.0,0.0,0.030839,0.085106,0.053591,0.165873,0.003467,0.422915,0.414912,0.0
0.0,0.0,1.0,0.0,0.0,0.0,0.0,0.889739,0.723404,0.085685,0.786522,0.006039,0.73796,0.312719,1.0
0.0,1.0,0.0,0.0,0.0,0.0,0.0,0.876466,0.595745,0.030203,0.570366,0.001813,0.511652,0.658333,1.0
0.0,0.0,0.0,0.0,0.0,1.0,0.0,0.014026,0.808511,0.073976,0.590003,0.003467,0.422915,0.414912,1.0
1.0,0.0,0.0,0.0,0.0,0.0,0.0,0.456794,0.212766,0.021166,0.105177,0.000976,0.142672,0.900877,0.0
1.0,0.0,0.0,0.0,0.0,0.0,0.0,0.009203,0.12766,0.058544,0.237429,0.003467,0.422915,0.414912,0.0
0.0,0.0,0.0,0.0,1.0,0.0,0.0,0.893677,0.87234,0.032785,0.50476,0.002291,0.560849,0.350877,1.0
0.0,0.0,1.0,0.0,0.0,0.0,0.0,0.87589,0.531915,0.034676,0.676138,0.002287,0.731486,0.412281,1.0
0.0,0.0,0.0,1.0,0.0,0.0,0.0,0.430069,0.297872,0.07893,0.492264,0.003467,0.422915,0.414912,1.0
1.0,0.0,0.0,0.0,0.0,0.0,0.0,0.013185,0.106383,0.040801,0.202916,0.003467,0.422915,0.414912,0.0
0.0,0.0,0.0,0.0,0.0,1.0,0.0,0.455776,0.319149,0.05233,0.631955,0.003644,0.623511,0.457018,1.0
0.0,0.0,0.0,0.0,0.0,0.0,1.0,0.44321,0.319149,0.042752,0.36507,0.002808,0.248576,0.661404,0.0
0.0,0.0,1.0,0.0,0.0,0.0,0.0,0.871466,0.659574,0.057073,0.813597,0.003774,0.626359,0.647368,1.0
0.0,1.0,0.0,0.0,0.0,0.0,0.0,0.868059,0.276596,0.025609,0.167361,0.000837,0.163387,0.902193,0.0
0.0,1.0,0.0,0.0,0.0,0.0,0.0,0.013849,0.702128,0.087727,0.545522,0.003467,0.422915,0.414912,0.0
0.0,0.0,0.0,0.0,0.0,0.0,1.0,0.000531,0.425532,0.083824,0.385748,0.003467,0.422915,0.414912,1.0
0.0,0.0,0.0,0.0,1.0,0.0,0.0,0.907703,0.404255,0.06608,0.543439,0.004479,0.562144,0.425,1.0
0.0,0.0,1.0,0.0,0.0,0.0,0.0,0.469493,0.06383,0.030743,0.214073,0.00205,0.33739,0.517982,0.0
0.0,0.0,0.0,0.0,1.0,0.0,0.0,0.000133,0.06383,0.075267,0.327879,0.003467,0.422915,0.414912,1.0
0.0,0.0,0.0,0.0,0.0,0.0,1.0,0.460732,0.425532,0.044043,0.494049,0.003051,0.300104,0.304825,0.0
0.0,0.0,0.0,0.0,1.0,0.0,0.0,0.986594,0.468085,0.041191,0.545373,0.002802,0.537804,0.351754,0.0
0.0,0.0,0.0,0.0,0.0,0.0,1.0,0.424671,0.553191,0.085235,0.280125,0.003467,0.422915,0.414912,1.0
0.0,0.0,1.0,0.0,0.0,0.0,0.0,0.014203,0.212766,0.040711,0.213924,0.003467,0.422915,0.414912,0.0
0.0,0.0,0.0,1.0,0.0,0.0,0.0,0.433875,0.340426,0.057043,0.543291,0.003467,0.422915,0.414912,1.0
0.0,0.0,0.0,0.0,1.0,0.0,0.0,0.0223,0.446809,0.088928,0.574829,0.003467,0.422915,0.414912,1.0
0.0,0.0,0.0,0.0,0.0,1.0,0.0,0.438874,0.085106,0.047046,0.173312,0.003467,0.422915,0.414912,0.0
0.0,0.0,0.0,0.0,0.0,0.0,1.0,0.907792,0.297872,0.034046,0.259447,0.002225,0.249612,0.690789,0.0
0.0,0.0,0.0,0.0,0.0,0.0,1.0,0.438609,0.212766,0.046776,0.083309,0.003467,0.422915,0.414912,0.0
0.0,0.0,0.0,0.0,0.0,1.0,0.0,0.91142,0.255319,0.036628,0.415501,0.002474,0.52667,0.471053,0.0
0.0,0.0,0.0,1.0,0.0,0.0,0.0,0.00438,0.808511,0.043893,0.63374,0.003467,0.422915,0.414912,0.0
0.0,0.0,1.0,0.0,0.0,0.0,0.0,0.898677,0.914894,0.083283,0.55058,0.005532,0.49508,0.502193,1.0
0.0,0.0,0.0,0.0,1.0,0.0,0.0,0.43852,0.87234,0.051759,0.391699,0.003467,0.422915,0.414912,0.0
0.0,0.0,0.0,0.0,0.0,0.0,1.0,0.461042,0.659574,0.027021,0.274472,0.001824,0.188503,0.542105,0.0
0.0,1.0,0.0,0.0,0.0,0.0,0.0,0.465156,0.87234,0.073316,0.480214,0.00506,0.474366,0.225877,1.0
0.0,0.0,0.0,0.0,0.0,0.0,1.0,0.871643,0.234043,0.027081,0.222702,0.00168,0.233558,0.917982,0.0
0.0,0.0,0.0,0.0,0.0,0.0,1.0,0.429892,0.042553,0.041462,0.189676,0.003467,0.422915,0.414912,0.0
0.0,0.0,0.0,0.0,0.0,1.0,0.0,0.465643,0.255319,0.044494,0.39036,0.003064,0.460124,0.326316,1.0
0.0,0.0,0.0,0.0,0.0,0.0,1.0,0.022079,0.723404,0.081542,0.286522,0.003467,0.422915,0.414912,1.0
1.0,0.0,0.0,0.0,0.0,0.0,0.0,0.433432,0.510638,0.090369,0.591937,0.003467,0.422915,0.414912,1.0
0.0,0.0,0.0,1.0,0.0,0.0,0.0,0.452325,1.0,0.037949,0.595507,0.002584,0.491455,0.567105,1.0
1.0,0.0,0.0,0.0,0.0,0.0,0.0,0.000265,0.425532,0.10475,0.519042,0.003467,0.422915,0.414912,1.0
1.0,0.0,0.0,0.0,0.0,0.0,0.0,0.446927,0.085106,0.009547,0.228801,0.000754,0.317193,0.491228,0.0
0.0,0.0,0.0,1.0,0.0,0.0,0.0,0.000398,0.829787,0.134622,0.578697,0.003467,0.422915,0.414912,1.0
0.0,0.0,1.0,0.0,0.0,0.0,0.0,0.890049,0.87234,0.09244,0.797977,0.006273,0.622475,0.527193,0.0
0.0,0.0,0.0,1.0,0.0,0.0,0.0,0.8935,0.978723,0.146151,0.650253,0.009778,0.530813,0.65,1.0
0.0,0.0,0.0,0.0,0.0,1.0,0.0,0.460378,0.702128,0.028762,0.453436,0.001992,0.414552,0.416667,0.0
1.0,0.0,0.0,0.0,0.0,0.0,0.0,0.438963,0.723404,0.074967,0.487355,0.003467,0.422915,0.414912,1.0
0.0,0.0,0.0,0.0,0.0,0.0,1.0,0.461042,0.914894,0.028281,0.301993,0.001944,0.245469,0.390789,0.0
0.0,1.0,0.0,0.0,0.0,0.0,0.0,0.031105,0.893617,0.074817,0.378161,0.003467,0.422915,0.414912,0.0
0.0,0.0,0.0,0.0,0.0,0.0,1.0,0.0273,0.404255,0.089558,0.334276,0.003467,0.422915,0.414912,1.0
0.0,0.0,0.0,0.0,1.0,0.0,0.0,0.45113,0.914894,0.040771,0.605772,0.00269,0.469705,0.557895,0.0
0.0,0.0,0.0,0.0,0.0,0.0,1.0,0.911464,0.808511,0.045094,0.390806,0.002908,0.344122,0.710965,0.0
0.0,0.0,1.0,0.0,0.0,0.0,0.0,0.473209,0.978723,0.043233,0.437221,0.002908,0.323408,0.407895,0.0
0.0,0.0,0.0,0.0,1.0,0.0,0.0,0.031547,0.638298,0.057314,0.411038,0.003467,0.422915,0.414912,0.0
0.0,0.0,1.0,0.0,0.0,0.0,0.0,0.473209,0.021277,0.032004,0.311812,0.002187,0.302693,0.452632,0.0
0.0,0.0,1.0,0.0,0.0,0.0,0.0,0.451661,0.042553,0.056173,0.538381,0.003768,0.50492,0.547368,1.0
0.0,1.0,0.0,0.0,0.0,0.0,0.0,0.000929,0.851064,0.043983,0.587474,0.003467,0.422915,0.414912,0.0
0.0,0.0,0.0,0.0,0.0,1.0,0.0,0.464714,0.212766,0.02579,0.162749,0.001726,0.189021,0.697807,0.0
0.0,0.0,0.0,0.0,0.0,1.0,0.0,0.469935,0.914894,0.028582,0.434246,0.001984,0.258156,0.610526,0.0
0.0,0.0,0.0,1.0,0.0,0.0,0.0,0.442768,0.446809,0.074276,0.557423,0.005075,0.546608,0.386842,1.0
0.0,1.0,0.0,0.0,0.0,0.0,0.0,0.433476,0.212766,0.076828,0.299316,0.003467,0.422915,0.414912,1.0
0.0,0.0,0.0,1.0,0.0,0.0,0.0,0.907349,0.361702,0.069022,0.474264,0.004647,0.596064,0.437719,0.0
0.0,0.0,1.0,0.0,0.0,0.0,0.0,0.894385,0.021277,0.068242,0.54582,0.004572,0.476955,0.627632,0.0
0.0,1.0,0.0,0.0,0.0,0.0,0.0,0.452237,0.021277,0.033295,0.361202,0.002279,0.339202,0.471491,0.0
0.0,0.0,1.0,0.0,0.0,0.0,0.0,0.872085,0.191489,0.022037,0.216602,0.000868,0.280425,0.863596,0.0
1.0,0.0,0.0,0.0,0.0,0.0,0.0,0.456484,0.489362,0.035577,0.442725,0.002368,0.373382,0.539035,1.0
0.0,0.0,0.0,0.0,1.0,0.0,0.0,0.876908,0.702128,0.030053,0.522612,0.002023,0.524858,0.519737,0.0
0.0,0.0,0.0,0.0,0.0,1.0,0.0,0.456086,0.765957,0.037799,0.682981,0.002507,0.571466,0.433333,0.0
0.0,0.0,0.0,0.0,0.0,1.0,0.0,0.890182,0.276596,0.054612,0.593127,0.003677,0.538063,0.489912,0.0
0.0,1.0,0.0,0.0,0.0,0.0,0.0,0.465156,0.765957,0.06581,0.557721,0.004551,0.553081,0.168421,1.0
0.0,0.0,1.0,0.0,0.0,0.0,0.0,0.424804,0.510638,0.058394,0.399137,0.003467,0.422915,0.414912,0.0
1.0,0.0,0.0,0.0,0.0,0.0,0.0,0.438963,0.680851,0.064309,0.453734,0.003467,0.422915,0.414912,1.0
0.0,0.0,0.0,0.0,0.0,1.0,0.0,0.915756,0.680851,0.086556,0.532431,0.005827,0.503884,0.365351,1.0
0.0,0.0,0.0,0.0,1.0,0.0,0.0,0.027521,0.425532,0.076318,0.5241,0.003467,0.422915,0.414912,1.0
1.0,0.0,0.0,0.0,0.0,0.0,0.0,0.468785,0.191489,0.0257,0.072151,0.001693,0.091662,0.619737,0.0
0.0,0.0,0.0,0.0,1.0,0.0,0.0,0.876289,0.787234,0.034947,0.567688,0.002285,0.661056,0.535526,1.0
0.0,0.0,0.0,0.0,0.0,0.0,1.0,0.004203,0.468085,0.083884,0.410741,0.003467,0.422915,0.414912,1.0
0.0,0.0,1.0,0.0,0.0,0.0,0.0,0.872085,0.446809,0.024919,0.518447,0.001587,0.532367,0.673684,0.0
0.0,0.0,0.0,0.0,1.0,0.0,0.0,0.429494,0.723404,0.062838,0.462214,0.003467,0.422915,0.414912,0.0
0.0,0.0,0.0,0.0,1.0,0.0,0.0,0.456042,0.446809,0.037108,0.607557,0.002555,0.586484,0.329825,0.0
0.0,0.0,0.0,0.0,0.0,0.0,1.0,0.906863,0.042553,0.044254,0.342011,0.003022,0.333506,0.445614,0.0
0.0,1.0,0.0,0.0,0.0,0.0,0.0,0.429981,0.404255,0.07959,0.582862,0.003467,0.422915,0.414912,0.0
0.0,0.0,0.0,0.0,0.0,0.0,1.0,0.004513,0.0,0.043833,0.392443,0.003467,0.422915,0.414912,0.0
0.0,0.0,1.0,0.0,0.0,0.0,0.0,0.881111,0.574468,0.035427,0.53377,0.002426,0.547903,0.384211,0.0
0.0,0.0,0.0,0.0,1.0,0.0,0.0,0.894164,0.361702,0.083463,0.73609,0.005625,0.749353,0.407895,1.0
1.0,0.0,0.0,0.0,0.0,0.0,0.0,0.889341,0.531915,0.032455,0.387533,0.002009,0.322113,0.688596,1.0
1.0,0.0,0.0,0.0,0.0,0.0,0.0,0.906907,0.425532,0.032725,0.329961,0.002183,0.227343,0.575439,0.0
1.0,0.0,0.0,0.0,0.0,0.0,0.0,0.442945,0.638298,0.045665,0.314341,0.003012,0.222424,0.65614,0.0
0.0,0.0,0.0,0.0,0.0,0.0,1.0,0.030707,0.212766,0.069443,0.074383,0.003467,0.422915,0.414912,0.0
0.0,0.0,0.0,0.0,0.0,1.0,0.0,0.866997,0.510638,0.040171,0.539125,0.002669,0.337649,0.717105,1.0
0.0,0.0,0.0,0.0,0.0,1.0,0.0,0.443476,0.148936,0.040201,0.19875,0.002493,0.303211,0.730702,0.0
1.0,0.0,0.0,0.0,0.0,0.0,0.0,0.9035,0.12766,0.038339,0.116781,0.002489,0.160798,0.767105,0.0
0.0,0.0,0.0,0.0,0.0,1.0,0.0,0.429848,0.170213,0.06614,0.132847,0.003467,0.422915,0.414912,0.0
0.0,0.0,1.0,0.0,0.0,0.0,0.0,0.898677,0.12766,0.035757,0.278786,0.002335,0.354997,0.640351,0.0
1.0,0.0,0.0,0.0,0.0,0.0,0.0,0.004248,0.914894,0.043353,0.398691,0.003467,0.422915,0.414912,0.0
0.0,1.0,0.0,0.0,0.0,0.0,0.0,0.469758,0.765957,0.03999,0.490925,0.002813,0.419472,0.289474,0.0
0.0,0.0,0.0,0.0,0.0,0.0,1.0,0.447502,0.042553,0.042452,0.519042,0.002887,0.492491,0.400877,0.0
0.0,0.0,0.0,0.0,1.0,0.0,0.0,0.456042,0.595745,0.033626,0.501041,0.002354,0.585448,0.251754,0.0
0.0,0.0,0.0,0.0,0.0,1.0,0.0,0.889253,0.808511,0.028462,0.58316,0.001957,0.518125,0.420614,0.0
0.0,0.0,0.0,0.0,1.0,0.0,0.0,0.876598,0.489362,0.031284,0.566647,0.002063,0.579492,0.531579,1.0
0.0,1.0,0.0,0.0,0.0,0.0,0.0,0.460511,0.765957,0.031374,0.581077,0.002108,0.610306,0.393421,1.0
0.0,0.0,0.0,0.0,1.0,0.0,0.0,0.893545,0.680851,0.057314,0.588367,0.003889,0.619886,0.425877,0.0
0.0,0.0,0.0,0.0,0.0,1.0,0.0,0.425556,0.553191,0.078059,0.322821,0.003467,0.422915,0.414912,1.0
0.0,0.0,0.0,0.0,0.0,0.0,1.0,0.876687,0.212766,0.027651,0.188932,0.001618,0.241585,0.851316,0.0
0.0,0.0,0.0,0.0,0.0,0.0,1.0,0.017433,0.978723,0.073976,0.398096,0.003467,0.422915,0.414912,0.0
0.0,0.0,1.0,0.0,0.0,0.0,0.0,0.000354,0.93617,0.140267,0.448825,0.003467,0.422915,0.414912,1.0
0.0,0.0,0.0,0.0,0.0,0.0,1.0,0.447193,0.340426,0.042752,0.484975,0.002844,0.358364,0.638596,0.0
0.0,0.0,0.0,0.0,1.0,0.0,0.0,0.027521,0.851064,0.053861,0.374591,0.003467,0.422915,0.414912,0.0
0.0,0.0,0.0,0.0,0.0,0.0,1.0,0.424981,0.510638,0.066981,0.259298,0.003467,0.422915,0.414912,0.0
0.0,0.0,1.0,0.0,0.0,0.0,0.0,0.443343,0.170213,0.030413,0.166617,0.001793,0.229933,0.765789,0.0
0.0,0.0,1.0,0.0,0.0,0.0,0.0,0.474138,0.170213,0.024919,0.172121,0.001635,0.182807,0.822368,0.0
0.0,1.0,0.0,0.0,0.0,0.0,0.0,0.452237,0.276596,0.033265,0.53734,0.002314,0.406784,0.466228,0.0
0.0,1.0,0.0,0.0,0.0,0.0,0.0,0.014159,0.531915,0.0662,0.536596,0.003467,0.422915,0.414912,1.0
0.0,0.0,0.0,0.0,1.0,0.0,0.0,0.429804,0.978723,0.060826,0.420857,0.003467,0.422915,0.414912,0.0
0.0,0.0,0.0,1.0,0.0,0.0,0.0,8.8e-05,0.0,0.054642,0.44823,0.003467,0.422915,0.414912,1.0
0.0,0.0,1.0,0.0,0.0,0.0,0.0,0.474448,0.446809,0.047016,0.464743,0.003238,0.291041,0.329825,1.0
0.0,1.0,0.0,0.0,0.0,0.0,0.0,0.429362,0.255319,0.080101,0.416096,0.003467,0.422915,0.414912,0.0
1.0,0.0,0.0,0.0,0.0,0.0,0.0,0.89027,0.787234,0.111775,0.709164,0.007603,0.525634,0.560088,1.0
1.0,0.0,0.0,0.0,0.0,0.0,0.0,0.995575,0.085106,0.069563,0.229991,0.00457,0.353703,0.614035,0.0
0.0,0.0,0.0,0.0,1.0,0.0,0.0,0.438211,0.87234,0.059205,0.372508,0.003467,0.422915,0.414912,0.0
0.0,0.0,0.0,0.0,0.0,1.0,0.0,0.013716,0.361702,0.045755,0.510711,0.003467,0.422915,0.414912,0.0
0.0,0.0,0.0,1.0,0.0,0.0,0.0,0.867218,0.808511,0.028101,0.357483,0.001892,0.261781,0.597368,0.0
0.0,0.0,0.0,0.0,1.0,0.0,0.0,0.000442,0.531915,0.13105,0.510562,0.003467,0.422915,0.414912,1.0
0.0,0.0,0.0,1.0,0.0,0.0,0.0,0.465245,0.957447,0.042302,0.43975,0.002964,0.334024,0.303509,0.0
1.0,0.0,0.0,0.0,0.0,0.0,0.0,0.867395,1.0,0.025129,0.23981,0.001639,0.307354,0.796053,0.0
1.0,0.0,0.0,0.0,0.0,0.0,0.0,0.017477,0.276596,0.104179,0.467867,0.003467,0.422915,0.414912,1.0
0.0,1.0,0.0,0.0,0.0,0.0,0.0,0.017521,0.12766,0.061967,0.266736,0.003467,0.422915,0.414912,0.0
0.0,0.0,1.0,0.0,0.0,0.0,0.0,0.008982,0.06383,0.090369,0.452098,0.003467,0.422915,0.414912,1.0
0.0,0.0,0.0,1.0,0.0,0.0,0.0,0.42945,0.06383,0.047436,0.20961,0.003467,0.422915,0.414912,0.0
0.0,1.0,0.0,0.0,0.0,0.0,0.0,0.876775,0.851064,0.029663,0.561291,0.00198,0.377525,0.504386,0.0
0.0,0.0,1.0,0.0,0.0,0.0,0.0,0.018495,0.723404,0.045034,0.458048,0.003467,0.422915,0.414912,0.0
0.0,0.0,1.0,0.0,0.0,0.0,0.0,0.004646,0.914894,0.074817,0.537638,0.003467,0.422915,0.414912,0.0
0.0,0.0,0.0,1.0,0.0,0.0,0.0,0.867838,0.361702,0.028912,0.579292,0.001851,0.555412,0.661404,0.0
1.0,0.0,0.0,0.0,0.0,0.0,0.0,0.868015,0.808511,0.029212,0.303779,0.000858,0.227084,0.858333,0.0
0.0,0.0,0.0,0.0,1.0,0.0,0.0,0.866953,0.553191,0.031494,0.355549,0.002115,0.277576,0.691228,0.0
0.0,0.0,0.0,1.0,0.0,0.0,0.0,0.474492,0.829787,0.029963,0.304225,0.002061,0.166753,0.561404,0.0
1.0,0.0,0.0,0.0,0.0,0.0,0.0,0.875979,0.553191,0.030143,0.377566,0.00194,0.250388,0.657018,0.0
0.0,0.0,0.0,0.0,1.0,0.0,0.0,0.876908,0.255319,0.035397,0.442279,0.002356,0.527447,0.371491,1.0
0.0,0.0,1.0,0.0,0.0,0.0,0.0,0.461174,0.723404,0.029452,0.443172,0.002007,0.444847,0.448684,0.0
0.0,0.0,0.0,0.0,1.0,0.0,0.0,0.872484,0.361702,0.035337,0.665724,0.002283,0.692387,0.398246,0.0
0.0,0.0,0.0,1.0,0.0,0.0,0.0,0.880846,0.808511,0.029182,0.491818,0.001907,0.514241,0.613596,1.0
1.0,0.0,0.0,0.0,0.0,0.0,0.0,0.018097,0.531915,0.093821,0.487057,0.003467,0.422915,0.414912,1.0
0.0,0.0,0.0,1.0,0.0,0.0,0.0,0.027167,0.93617,0.080161,0.412972,0.003467,0.422915,0.414912,1.0
0.0,0.0,1.0,0.0,0.0,0.0,0.0,0.894075,0.914894,0.064399,0.658584,0.004304,0.579492,0.517105,0.0
0.0,0.0,0.0,0.0,1.0,0.0,0.0,0.45175,0.255319,0.040951,0.47352,0.002457,0.413516,0.629825,0.0
0.0,0.0,0.0,0.0,1.0,0.0,0.0,0.460334,0.12766,0.032815,0.248884,0.002239,0.307872,0.497368,0.0
0.0,0.0,1.0,0.0,0.0,0.0,0.0,0.911597,0.829787,0.043413,0.457304,0.002858,0.460124,0.483333,0.0
0.0,0.0,0.0,0.0,0.0,1.0,0.0,0.027255,0.404255,0.109313,0.439155,0.003467,0.422915,0.414912,1.0
0.0,0.0,0.0,0.0,0.0,0.0,1.0,0.02699,0.829787,0.076708,0.32535,0.003467,0.422915,0.414912,0.0
0.0,0.0,0.0,0.0,1.0,0.0,0.0,0.004425,0.06383,0.045244,0.400476,0.003467,0.422915,0.414912,0.0
0.0,0.0,0.0,0.0,1.0,0.0,0.0,0.018274,0.957447,0.049508,0.452841,0.003467,0.422915,0.414912,0.0
0.0,0.0,0.0,0.0,0.0,0.0,1.0,0.424981,0.085106,0.040351,0.067539,0.003467,0.422915,0.414912,0.0
0.0,1.0,0.0,0.0,0.0,0.0,0.0,0.881067,0.680851,0.099225,0.516513,0.006932,0.508545,0.356579,1.0
0.0,0.0,1.0,0.0,0.0,0.0,0.0,0.008982,0.87234,0.125796,0.69161,0.003467,0.422915,0.414912,1.0
0.0,1.0,0.0,0.0,0.0,0.0,0.0,0.009867,0.638298,0.048006,0.490925,0.003467,0.422915,0.414912,0.0
0.0,0.0,0.0,0.0,0.0,0.0,1.0,0.437989,0.638298,0.051309,0.268224,0.003467,0.422915,0.414912,1.0
0.0,0.0,0.0,0.0,0.0,0.0,1.0,0.893943,0.425532,0.085565,0.663195,0.005449,0.517349,0.807456,1.0
0.0,0.0,1.0,0.0,0.0,0.0,0.0,0.903588,0.765957,0.050709,0.553407,0.003388,0.491455,0.568421,0.0
0.0,0.0,1.0,0.0,0.0,0.0,0.0,0.004336,0.446809,0.045244,0.53972,0.003467,0.422915,0.414912,0.0
0.0,0.0,0.0,0.0,0.0,1.0,0.0,0.902792,1.0,0.088687,0.494347,0.005847,0.496116,0.589912,1.0
1.0,0.0,0.0,0.0,0.0,0.0,0.0,0.47436,0.085106,0.021226,0.047605,0.001415,0.168307,0.789912,0.0
0.0,1.0,0.0,0.0,0.0,0.0,0.0,0.893722,0.744681,0.077129,0.728503,0.005276,0.703263,0.336404,1.0
0.0,1.0,0.0,0.0,0.0,0.0,0.0,0.871422,0.702128,0.050318,0.719429,0.003353,0.735111,0.436404,1.0
1.0,0.0,0.0,0.0,0.0,0.0,0.0,0.907526,0.404255,0.042002,0.382773,0.00273,0.213879,0.759649,0.0
0.0,0.0,0.0,0.0,1.0,0.0,0.0,0.43883,0.787234,0.051759,0.416543,0.003467,0.422915,0.414912,0.0
0.0,0.0,0.0,0.0,1.0,0.0,0.0,0.894474,0.93617,0.058695,0.642666,0.003826,0.52667,0.543421,0.0
0.0,0.0,1.0,0.0,0.0,0.0,0.0,0.867174,0.87234,0.029272,0.318953,0.002005,0.24262,0.475,0.0
0.0,0.0,0.0,0.0,0.0,0.0,1.0,0.912084,0.574468,0.043653,0.329961,0.002916,0.337649,0.536404,0.0
0.0,1.0,0.0,0.0,0.0,0.0,0.0,0.898943,0.382979,0.099796,0.642368,0.006635,0.667789,0.375439,1.0
0.0,1.0,0.0,0.0,0.0,0.0,0.0,0.429671,0.87234,0.06584,0.448527,0.003467,0.422915,0.414912,0.0
0.0,0.0,0.0,1.0,0.0,0.0,0.0,0.89412,0.0,0.176474,0.613657,0.011793,0.520715,0.635526,1.0
0.0,0.0,0.0,0.0,0.0,1.0,0.0,0.912039,0.893617,0.046025,0.396608,0.003043,0.352408,0.539912,0.0
0.0,0.0,0.0,1.0,0.0,0.0,0.0,0.009646,0.914894,0.041732,0.538976,0.003467,0.422915,0.414912,0.0
0.0,0.0,0.0,0.0,0.0,0.0,1.0,0.911774,0.042553,0.048427,0.267034,0.003216,0.430865,0.495614,0.0
0.0,1.0,0.0,0.0,0.0,0.0,0.0,0.469139,0.638298,0.076408,0.53972,0.005014,0.56059,0.473684,1.0
0.0,0.0,0.0,1.0,0.0,0.0,0.0,0.030884,0.276596,0.119131,0.452098,0.003467,0.422915,0.414912,1.0
1.0,0.0,0.0,0.0,0.0,0.0,0.0,0.47436,0.808511,0.02657,0.261678,0.001759,0.174521,0.863596,1.0
0.0,0.0,0.0,0.0,0.0,0.0,1.0,0.876067,0.446809,0.031344,0.388575,0.001608,0.333506,0.803947,1.0
0.0,0.0,0.0,0.0,0.0,1.0,0.0,0.880625,0.234043,0.029753,0.105623,0.001793,0.149663,0.897368,0.0
0.0,0.0,1.0,0.0,0.0,0.0,0.0,0.894695,0.787234,0.186352,0.908361,0.012073,0.790264,0.473684,1.0
0.0,0.0,0.0,0.0,1.0,0.0,0.0,0.912305,0.659574,0.134562,0.513389,0.009289,0.706629,0.218421,1.0
0.0,0.0,1.0,0.0,0.0,0.0,0.0,0.460865,0.446809,0.074637,0.564862,0.005125,0.469187,0.294737,1.0
0.0,0.0,0.0,1.0,0.0,0.0,0.0,0.876244,0.765957,0.029903,0.498661,0.00193,0.677628,0.445175,0.0
0.0,0.0,0.0,0.0,1.0,0.0,0.0,0.867882,1.0,0.028942,0.415501,0.001226,0.389953,0.727193,0.0
0.0,0.0,0.0,1.0,0.0,0.0,0.0,0.000398,0.319149,0.149634,0.524695,0.003467,0.422915,0.414912,1.0
0.0,0.0,0.0,0.0,0.0,0.0,1.0,0.013141,0.404255,0.041582,0.421749,0.003467,0.422915,0.414912,0.0
0.0,1.0,0.0,0.0,0.0,0.0,0.0,0.867439,0.702128,0.030263,0.582416,0.002017,0.752719,0.35614,1.0
1.0,0.0,0.0,0.0,0.0,0.0,0.0,0.456794,0.914894,0.029032,0.376822,0.001938,0.309684,0.775439,1.0
0.0,0.0,0.0,1.0,0.0,0.0,0.0,0.013628,0.553191,0.043503,0.519637,0.003467,0.422915,0.414912,0.0
0.0,0.0,0.0,0.0,1.0,0.0,0.0,0.460024,0.744681,0.035577,0.607557,0.002393,0.554117,0.248684,1.0
0.0,0.0,0.0,1.0,0.0,0.0,0.0,0.42914,0.06383,0.055242,0.195329,0.003467,0.422915,0.414912,0.0
0.0,0.0,0.0,0.0,1.0,0.0,0.0,0.468962,0.085106,0.027951,0.173014,0.001865,0.261264,0.530263,0.0
0.0,0.0,0.0,0.0,0.0,1.0,0.0,0.443166,0.893617,0.045064,0.470991,0.003037,0.408856,0.519298,0.0
0.0,1.0,0.0,0.0,0.0,0.0,0.0,0.429671,0.851064,0.072535,0.489735,0.003467,0.422915,0.414912,0.0
0.0,0.0,0.0,0.0,0.0,1.0,0.0,0.022964,0.382979,0.086736,0.405683,0.003467,0.422915,0.414912,1.0
0.0,0.0,1.0,0.0,0.0,0.0,0.0,0.429096,0.531915,0.096854,0.548646,0.003467,0.422915,0.414912,1.0
0.0,0.0,0.0,1.0,0.0,0.0,0.0,0.460909,0.957447,0.034556,0.558614,0.002366,0.337908,0.539035,0.0
0.0,0.0,0.0,0.0,0.0,0.0,1.0,0.45644,0.595745,0.032425,0.333829,0.002187,0.397204,0.474123,0.0
0.0,0.0,1.0,0.0,0.0,0.0,0.0,0.903279,0.574468,0.088717,0.511752,0.005887,0.548162,0.427632,1.0
0.0,0.0,0.0,0.0,1.0,0.0,0.0,0.429804,0.0,0.057944,0.380542,0.003467,0.422915,0.414912,0.0
0.0,0.0,0.0,0.0,0.0,1.0,0.0,0.894828,0.170213,0.073346,0.308688,0.003174,0.399016,0.794298,0.0
0.0,0.0,0.0,0.0,0.0,1.0,0.0,0.460378,0.297872,0.033566,0.466082,0.0023,0.467892,0.328509,0.0
0.0,0.0,0.0,0.0,1.0,0.0,0.0,0.0223,0.574468,0.089828,0.568878,0.003467,0.422915,0.414912,1.0
0.0,1.0,0.0,0.0,0.0,0.0,0.0,0.433476,0.93617,0.068242,0.44094,0.003467,0.422915,0.414912,0.0
0.0,1.0,0.0,0.0,0.0,0.0,0.0,0.447901,1.0,0.042062,0.588218,0.00286,0.493786,0.551754,1.0
0.0,0.0,0.0,0.0,0.0,0.0,1.0,0.429273,0.659574,0.100006,0.45909,0.003467,0.422915,0.414912,1.0
1.0,0.0,0.0,0.0,0.0,0.0,0.0,0.911199,0.617021,0.037829,0.26629,0.002447,0.210254,0.606579,0.0
0.0,1.0,0.0,0.0,0.0,0.0,0.0,0.871731,0.170213,0.025339,0.16141,0.001253,0.208959,0.900439,0.0
0.0,0.0,0.0,0.0,0.0,1.0,0.0,0.889562,0.680851,0.028131,0.516959,0.002007,0.545313,0.287281,0.0
0.0,0.0,0.0,1.0,0.0,0.0,0.0,0.433875,0.12766,0.041431,0.147426,0.003467,0.422915,0.414912,0.0
0.0,0.0,0.0,1.0,0.0,0.0,0.0,0.443387,0.148936,0.033806,0.181642,0.001701,0.246245,0.765789,0.0
0.0,0.0,0.0,0.0,0.0,0.0,1.0,0.474315,0.829787,0.027441,0.26986,0.00183,0.167012,0.797807,1.0
0.0,0.0,0.0,0.0,0.0,0.0,1.0,0.442326,0.404255,0.053321,0.364475,0.003467,0.422915,0.414912,1.0
0.0,1.0,0.0,0.0,0.0,0.0,0.0,0.013539,0.702128,0.050889,0.477239,0.003467,0.422915,0.414912,0.0
1.0,0.0,0.0,0.0,0.0,0.0,0.0,0.464493,0.87234,0.033956,0.32163,0.002295,0.349301,0.538158,1.0
0.0,0.0,0.0,0.0,0.0,0.0,1.0,0.022079,0.595745,0.073256,0.247843,0.003467,0.422915,0.414912,1.0
1.0,0.0,0.0,0.0,0.0,0.0,0.0,0.018716,0.87234,0.061337,0.456561,0.003467,0.422915,0.414912,1.0
0.0,0.0,0.0,1.0,0.0,0.0,0.0,0.009336,0.808511,0.109493,0.782059,0.003467,0.422915,0.414912,1.0
0.0,0.0,0.0,0.0,0.0,1.0,0.0,0.008805,0.170213,0.041582,0.164683,0.003467,0.422915,0.414912,0.0
0.0,0.0,1.0,0.0,0.0,0.0,0.0,0.911287,0.744681,0.042632,0.416989,0.002725,0.276023,0.697807,0.0
0.0,0.0,0.0,0.0,1.0,0.0,0.0,0.433609,0.829787,0.070524,0.406129,0.003467,0.422915,0.414912,1.0
0.0,0.0,0.0,0.0,0.0,1.0,0.0,0.433963,0.106383,0.040801,0.120202,0.003467,0.422915,0.414912,0.0
0.0,0.0,1.0,0.0,0.0,0.0,0.0,0.438122,0.06383,0.048967,0.336061,0.003467,0.422915,0.414912,0.0
0.0,0.0,0.0,0.0,0.0,1.0,0.0,0.000177,0.255319,0.062417,0.149807,0.003467,0.422915,0.414912,0.0
0.0,1.0,0.0,0.0,0.0,0.0,0.0,0.456219,0.340426,0.03906,0.569027,0.002671,0.614707,0.465351,1.0
0.0,0.0,0.0,0.0,1.0,0.0,0.0,0.911376,0.893617,0.03981,0.405385,0.002576,0.363283,0.590351,0.0
1.0,0.0,0.0,0.0,0.0,0.0,0.0,0.452192,0.574468,0.033025,0.362392,0.002237,0.236924,0.60614,0.0
1.0,0.0,0.0,0.0,0.0,0.0,0.0,0.03137,0.893617,0.103008,0.428593,0.003467,0.422915,0.414912,1.0
0.0,0.0,0.0,0.0,0.0,0.0,1.0,0.460112,0.957447,0.031644,0.460577,0.002117,0.321854,0.560965,1.0
0.0,0.0,0.0,0.0,0.0,0.0,1.0,0.880669,0.425532,0.03975,0.367004,0.002459,0.237183,0.903509,0.0
0.0,0.0,0.0,1.0,0.0,0.0,0.0,0.889164,0.297872,0.034436,0.512794,0.002366,0.545831,0.378947,1.0
0.0,0.0,0.0,0.0,0.0,0.0,1.0,0.876687,0.787234,0.041732,0.483487,0.002657,0.35448,0.663596,1.0
0.0,0.0,0.0,0.0,0.0,0.0,1.0,0.871643,0.510638,0.034226,0.531687,0.002204,0.483169,0.789474,1.0
0.0,0.0,0.0,0.0,0.0,1.0,0.0,0.004469,0.553191,0.043683,0.358971,0.003467,0.422915,0.414912,0.0
0.0,1.0,0.0,0.0,0.0,0.0,0.0,0.459891,0.085106,0.027531,0.209908,0.001776,0.321854,0.746491,0.0
0.0,0.0,0.0,0.0,0.0,1.0,0.0,0.429539,0.489362,0.081122,0.420262,0.003467,0.422915,0.414912,1.0
0.0,0.0,0.0,1.0,0.0,0.0,0.0,0.982169,1.0,0.088657,0.54939,0.005895,0.46116,0.62193,0.0
1.0,0.0,0.0,0.0,0.0,0.0,0.0,0.893677,0.06383,0.050769,0.334722,0.00275,0.434231,0.607895,0.0
0.0,0.0,0.0,0.0,1.0,0.0,0.0,0.876156,0.06383,0.073886,0.369235,0.004915,0.476437,0.523684,1.0
0.0,0.0,0.0,0.0,1.0,0.0,0.0,0.876908,0.553191,0.028912,0.533918,0.001955,0.546867,0.447807,0.0
0.0,1.0,0.0,0.0,0.0,0.0,0.0,0.438697,0.085106,0.051099,0.259298,0.003467,0.422915,0.414912,0.0
0.0,0.0,0.0,0.0,0.0,1.0,0.0,0.469316,0.659574,0.076678,0.610979,0.004994,0.470482,0.526316,1.0
0.0,0.0,1.0,0.0,0.0,0.0,0.0,0.425424,0.340426,0.107722,0.553853,0.003467,0.422915,0.414912,1.0
0.0,0.0,1.0,0.0,0.0,0.0,0.0,0.464581,0.361702,0.102078,0.504909,0.006878,0.523304,0.520614,1.0
1.0,0.0,0.0,0.0,0.0,0.0,0.0,0.004867,0.0,0.042572,0.386938,0.003467,0.422915,0.414912,0.0
0.0,1.0,0.0,0.0,0.0,0.0,0.0,0.893722,0.723404,0.059235,0.651741,0.004063,0.620404,0.350877,1.0
0.0,0.0,0.0,0.0,1.0,0.0,0.0,0.912305,0.382979,0.084334,0.551175,0.005756,0.625324,0.322807,1.0
0.0,0.0,0.0,0.0,1.0,0.0,0.0,0.871554,0.255319,0.034856,0.458494,0.002206,0.51942,0.625439,0.0
0.0,0.0,0.0,0.0,1.0,0.0,0.0,0.903367,0.553191,0.087426,0.490181,0.005793,0.550751,0.545175,1.0
0.0,0.0,0.0,1.0,0.0,0.0,0.0,0.890093,0.87234,0.069953,0.800952,0.004771,0.624547,0.462719,0.0
0.0,0.0,0.0,0.0,0.0,0.0,1.0,0.030707,0.595745,0.089828,0.273431,0.003467,0.422915,0.414912,1.0
0.0,0.0,0.0,0.0,1.0,0.0,0.0,0.902748,0.276596,0.071574,0.464296,0.004711,0.486277,0.585965,1.0
0.0,0.0,1.0,0.0,0.0,0.0,0.0,0.877129,0.489362,0.041792,0.630616,0.002919,0.531072,0.236842,0.0
1.0,0.0,0.0,0.0,0.0,0.0,0.0,0.898589,0.659574,0.090068,0.508033,0.004921,0.26463,0.861404,1.0
0.0,0.0,0.0,0.0,0.0,0.0,1.0,0.876997,0.361702,0.040351,0.442279,0.002686,0.332211,0.493421,1.0
0.0,0.0,0.0,0.0,1.0,0.0,0.0,0.460643,0.276596,0.03975,0.462809,0.002676,0.44174,0.41886,1.0
0.0,0.0,1.0,0.0,0.0,0.0,0.0,0.000664,0.085106,0.044224,0.335019,0.003467,0.422915,0.414912,0.0
0.0,0.0,0.0,0.0,0.0,1.0,0.0,0.438565,0.085106,0.05236,0.24219,0.003467,0.422915,0.414912,0.0
1.0,0.0,0.0,0.0,0.0,0.0,0.0,0.451263,0.340426,0.032214,0.382922,0.00167,0.212066,1.0,0.0
0.0,0.0,1.0,0.0,0.0,0.0,0.0,0.438432,0.617021,0.067311,0.493306,0.003467,0.422915,0.414912,1.0
0.0,0.0,0.0,0.0,0.0,1.0,0.0,0.456086,0.595745,0.033235,0.491967,0.002279,0.494562,0.391667,0.0
0.0,0.0,0.0,0.0,0.0,0.0,1.0,0.424671,0.276596,0.070764,0.119161,0.003467,0.422915,0.414912,0.0
0.0,0.0,1.0,0.0,0.0,0.0,0.0,0.894075,0.191489,0.046385,0.277001,0.002997,0.389436,0.719298,0.0
0.0,0.0,0.0,1.0,0.0,0.0,0.0,0.005309,0.87234,0.089798,0.655608,0.003467,0.422915,0.414912,1.0
0.0,0.0,0.0,1.0,0.0,0.0,0.0,0.45998,0.382979,0.062387,0.564862,0.00425,0.532108,0.307456,0.0
0.0,0.0,0.0,1.0,0.0,0.0,0.0,0.898102,0.382979,0.084664,0.689973,0.005625,0.673485,0.530263,1.0
0.0,0.0,0.0,0.0,0.0,1.0,0.0,0.424627,0.553191,0.080611,0.303184,0.003467,0.422915,0.414912,1.0
0.0,0.0,0.0,0.0,0.0,1.0,0.0,0.009734,0.723404,0.092801,0.624665,0.003467,0.422915,0.414912,1.0
1.0,0.0,0.0,0.0,0.0,0.0,0.0,0.898279,0.340426,0.062748,0.389467,0.002835,0.257121,0.816228,0.0
0.0,0.0,0.0,0.0,1.0,0.0,0.0,0.460643,0.531915,0.036177,0.500893,0.002443,0.494303,0.428509,0.0
0.0,0.0,0.0,0.0,1.0,0.0,0.0,0.45206,0.319149,0.06635,0.697858,0.004672,0.639565,0.285088,1.0
0.0,0.0,0.0,1.0,0.0,0.0,0.0,0.469537,0.340426,0.047826,0.522464,0.003182,0.493009,0.477193,1.0
0.0,0.0,0.0,1.0,0.0,0.0,0.0,0.460599,0.808511,0.03984,0.603243,0.002688,0.564474,0.488596,1.0
0.0,0.0,0.0,0.0,1.0,0.0,0.0,0.022919,0.87234,0.05257,0.365963,0.003467,0.422915,0.414912,0.0
0.0,0.0,0.0,0.0,1.0,0.0,0.0,0.456351,0.553191,0.033325,0.514281,0.002221,0.559037,0.521491,0.0
0.0,0.0,0.0,0.0,0.0,0.0,1.0,0.46874,0.382979,0.03984,0.427849,0.00268,0.306836,0.713158,0.0
0.0,0.0,1.0,0.0,0.0,0.0,0.0,0.455953,0.680851,0.034977,0.522761,0.002376,0.580528,0.367544,0.0
0.0,1.0,0.0,0.0,0.0,0.0,0.0,0.456219,0.12766,0.030984,0.178667,0.002027,0.317193,0.82807,1.0
0.0,0.0,0.0,0.0,0.0,1.0,0.0,0.442281,0.723404,0.055933,0.40717,0.003467,0.422915,0.414912,0.0
0.0,1.0,0.0,0.0,0.0,0.0,0.0,0.911243,0.148936,0.034586,0.146683,0.002223,0.231227,0.739035,0.0
0.0,0.0,1.0,0.0,0.0,0.0,0.0,4.4e-05,0.808511,0.040711,0.51086,0.003467,0.422915,0.414912,0.0
0.0,0.0,0.0,0.0,1.0,0.0,0.0,0.894783,0.957447,0.069683,0.692056,0.00295,0.491455,0.527632,0.0
0.0,1.0,0.0,0.0,0.0,0.0,0.0,0.903544,0.12766,0.044404,0.148319,0.001934,0.180476,0.809649,1.0
0.0,0.0,0.0,0.0,0.0,1.0,0.0,0.014026,0.87234,0.068512,0.507438,0.003467,0.422915,0.414912,1.0
1.0,0.0,0.0,0.0,0.0,0.0,0.0,0.894297,0.765957,0.080401,0.678667,0.005363,0.563439,0.607018,1.0
0.0,0.0,0.0,0.0,1.0,0.0,0.0,0.903367,0.93617,0.048307,0.467867,0.003191,0.44666,0.555702,0.0
0.0,0.0,0.0,0.0,0.0,0.0,1.0,0.912084,0.361702,0.077579,0.46385,0.005039,0.417659,0.714912,1.0
1.0,0.0,0.0,0.0,0.0,0.0,0.0,0.876731,0.808511,0.041642,0.553258,0.002651,0.461937,0.688158,1.0
0.0,0.0,0.0,0.0,1.0,0.0,0.0,0.433609,0.0,0.069653,0.343053,0.003467,0.422915,0.414912,1.0
0.0,1.0,0.0,0.0,0.0,0.0,0.0,0.027078,0.531915,0.077939,0.437667,0.003467,0.422915,0.414912,0.0
0.0,0.0,0.0,1.0,0.0,0.0,0.0,0.880846,0.744681,0.033325,0.533175,0.002127,0.512429,0.675,1.0
0.0,0.0,0.0,0.0,1.0,0.0,0.0,0.001062,0.808511,0.043983,0.573639,0.003467,0.422915,0.414912,0.0
0.0,0.0,0.0,0.0,1.0,0.0,0.0,0.875979,0.638298,0.032935,0.647278,0.001851,0.523045,0.681579,0.0
0.0,0.0,0.0,1.0,0.0,0.0,0.0,0.903013,0.829787,0.089138,0.594615,0.006039,0.613931,0.416228,1.0
0.0,0.0,0.0,0.0,0.0,1.0,0.0,0.915756,0.574468,0.058004,0.571705,0.003857,0.534179,0.439912,0.0
0.0,0.0,1.0,0.0,0.0,0.0,0.0,0.902659,0.510638,0.089918,0.516513,0.006014,0.574314,0.437281,1.0
0.0,0.0,0.0,0.0,0.0,1.0,0.0,0.460378,0.382979,0.042692,0.560845,0.002931,0.567323,0.286842,0.0
0.0,0.0,0.0,0.0,0.0,0.0,1.0,0.880359,0.851064,0.040471,0.369087,0.002646,0.321854,0.572807,0.0
1.0,0.0,0.0,0.0,0.0,0.0,0.0,0.894606,0.212766,0.024499,0.152336,0.001602,0.229156,0.748246,0.0
0.0,1.0,0.0,0.0,0.0,0.0,0.0,0.911553,0.659574,0.056713,0.507438,0.003747,0.55593,0.480263,1.0
0.0,0.0,0.0,0.0,0.0,0.0,1.0,0.44321,0.042553,0.047106,0.420559,0.003174,0.433713,0.485088,0.0
0.0,1.0,0.0,0.0,0.0,0.0,0.0,0.451617,0.510638,0.038639,0.637459,0.002601,0.609788,0.512719,0.0
1.0,0.0,0.0,0.0,0.0,0.0,0.0,0.898898,0.893617,0.068482,0.497471,0.004323,0.418954,0.716667,1.0
0.0,0.0,0.0,0.0,0.0,1.0,0.0,0.434273,0.212766,0.048367,0.162005,0.003467,0.422915,0.414912,0.0
0.0,0.0,0.0,0.0,1.0,0.0,0.0,0.455732,0.765957,0.036808,0.731925,0.002489,0.713361,0.438596,0.0
0.0,0.0,0.0,0.0,0.0,0.0,1.0,0.884695,0.404255,0.038069,0.487355,0.00241,0.404454,0.673246,1.0
0.0,0.0,0.0,0.0,1.0,0.0,0.0,0.469271,0.893617,0.045635,0.431122,0.003041,0.313309,0.565789,0.0
1.0,0.0,0.0,0.0,0.0,0.0,0.0,0.018406,0.382979,0.089648,0.533472,0.003467,0.422915,0.414912,1.0
0.0,0.0,0.0,0.0,0.0,1.0,0.0,0.429229,0.617021,0.0916,0.459387,0.003467,0.422915,0.414912,1.0
0.0,1.0,0.0,0.0,0.0,0.0,0.0,0.008628,0.574468,0.074817,0.506546,0.003467,0.422915,0.414912,0.0
0.0,1.0,0.0,0.0,0.0,0.0,0.0,0.464537,0.659574,0.071935,0.302142,0.004825,0.443553,0.498246,1.0
0.0,0.0,0.0,0.0,0.0,1.0,0.0,0.428919,0.595745,0.087486,0.41684,0.003467,0.422915,0.414912,1.0
0.0,0.0,1.0,0.0,0.0,0.0,0.0,0.026813,0.12766,0.048607,0.131806,0.003467,0.422915,0.414912,0.0
0.0,0.0,1.0,0.0,0.0,0.0,0.0,0.907615,0.382979,0.09241,0.543588,0.006261,0.612636,0.392105,1.0
0.0,0.0,0.0,0.0,1.0,0.0,0.0,0.443432,0.787234,0.086706,0.617376,0.005991,0.6797,0.372807,1.0
0.0,0.0,0.0,0.0,1.0,0.0,0.0,0.446794,0.553191,0.043653,0.493008,0.002997,0.535733,0.47193,0.0
0.0,0.0,1.0,0.0,0.0,0.0,0.0,0.906995,0.595745,0.070794,0.489884,0.004809,0.589332,0.269737,1.0
0.0,0.0,0.0,0.0,0.0,0.0,1.0,0.447502,0.085106,0.034917,0.39155,0.002291,0.41274,0.634649,0.0
0.0,0.0,0.0,0.0,0.0,0.0,1.0,0.438609,0.957447,0.050198,0.309283,0.003467,0.422915,0.414912,0.0
0.0,0.0,0.0,0.0,1.0,0.0,0.0,0.875979,0.425532,0.047736,0.632847,0.003336,0.535215,0.284649,1.0
0.0,1.0,0.0,0.0,0.0,0.0,0.0,0.477988,0.085106,0.027711,0.151889,0.00188,0.266701,0.490351,1.0
0.0,0.0,0.0,0.0,1.0,0.0,0.0,0.468962,0.893617,0.028882,0.397352,0.001953,0.3058,0.466228,0.0
0.0,0.0,0.0,1.0,0.0,0.0,0.0,0.424848,0.723404,0.062838,0.389319,0.003467,0.422915,0.414912,1.0
0.0,0.0,0.0,0.0,0.0,0.0,1.0,0.469979,0.638298,0.030593,0.431866,0.002075,0.277835,0.502193,0.0
1.0,0.0,0.0,0.0,0.0,0.0,0.0,0.906907,0.276596,0.024859,0.126748,0.001629,0.066028,0.694737,0.0
0.0,0.0,1.0,0.0,0.0,0.0,0.0,0.447016,1.0,0.041972,0.554746,0.002752,0.479026,0.566228,0.0
0.0,0.0,0.0,1.0,0.0,0.0,0.0,0.474492,0.06383,0.030924,0.153823,0.002177,0.201709,0.389035,0.0
0.0,0.0,0.0,0.0,1.0,0.0,0.0,0.867572,0.680851,0.036087,0.65055,0.002381,0.538063,0.666228,0.0
0.0,0.0,1.0,0.0,0.0,0.0,0.0,0.872085,0.170213,0.021646,0.181642,0.000843,0.259451,0.853509,0.0
1.0,0.0,0.0,0.0,0.0,0.0,0.0,0.03137,0.808511,0.114987,0.487801,0.003467,0.422915,0.414912,1.0
0.0,1.0,0.0,0.0,0.0,0.0,0.0,0.875846,0.702128,0.03996,0.600417,0.002711,0.630761,0.493421,1.0
1.0,0.0,0.0,0.0,0.0,0.0,0.0,0.456175,0.957447,0.031884,0.390806,0.002094,0.331952,0.742105,1.0
1.0,0.0,0.0,0.0,0.0,0.0,0.0,0.911818,0.085106,0.034586,0.1144,0.002248,0.279389,0.679825,0.0
0.0,0.0,0.0,0.0,0.0,0.0,1.0,0.009469,0.468085,0.041732,0.48795,0.003467,0.422915,0.414912,0.0
0.0,1.0,0.0,0.0,0.0,0.0,0.0,0.46113,0.93617,0.030893,0.464743,0.002117,0.370792,0.457895,0.0
0.0,0.0,0.0,0.0,1.0,0.0,0.0,0.46467,0.446809,0.076888,0.48914,0.005241,0.457276,0.31886,1.0
0.0,1.0,0.0,0.0,0.0,0.0,0.0,0.464537,0.574468,0.080311,0.295299,0.005376,0.465044,0.488596,1.0
0.0,0.0,0.0,0.0,0.0,1.0,0.0,0.469316,0.893617,0.042422,0.414906,0.002835,0.30088,0.604825,0.0
0.0,1.0,0.0,0.0,0.0,0.0,0.0,0.468829,0.446809,0.036177,0.508182,0.002441,0.319006,0.471053,1.0
0.0,0.0,1.0,0.0,0.0,0.0,0.0,0.474138,0.425532,0.029422,0.5241,0.002019,0.407043,0.610088,0.0
0.0,0.0,1.0,0.0,0.0,0.0,0.0,0.433521,0.765957,0.073916,0.423535,0.003467,0.422915,0.414912,1.0
0.0,0.0,0.0,0.0,0.0,0.0,1.0,0.022079,0.914894,0.056263,0.24457,0.003467,0.422915,0.414912,0.0
0.0,1.0,0.0,0.0,0.0,0.0,0.0,0.906951,0.914894,0.032275,0.286224,0.002225,0.404195,0.397368,0.0
1.0,0.0,0.0,0.0,0.0,0.0,0.0,0.875979,0.468085,0.029693,0.409104,0.001855,0.266183,0.634211,0.0
0.0,0.0,1.0,0.0,0.0,0.0,0.0,0.474448,0.914894,0.035937,0.359863,0.002464,0.158208,0.489912,0.0
0.0,0.0,0.0,0.0,0.0,1.0,0.0,0.455467,0.170213,0.028552,0.264653,0.001926,0.306059,0.721053,0.0
1.0,0.0,0.0,0.0,0.0,0.0,0.0,0.893677,0.510638,0.045755,0.441386,0.00275,0.394096,0.681579,0.0
0.0,0.0,0.0,0.0,1.0,0.0,0.0,0.026282,0.276596,0.102768,0.442428,0.003467,0.422915,0.414912,1.0
1.0,0.0,0.0,0.0,0.0,0.0,0.0,0.995575,0.680851,0.056893,0.273579,0.003405,0.274987,0.809649,0.0
0.0,0.0,0.0,0.0,1.0,0.0,0.0,0.00907,0.680851,0.081632,0.588069,0.003467,0.422915,0.414912,1.0
0.0,0.0,0.0,0.0,0.0,1.0,0.0,0.443166,0.659574,0.045364,0.515025,0.003078,0.472035,0.539035,0.0
0.0,0.0,0.0,0.0,0.0,0.0,1.0,0.867041,0.0,0.029963,0.307944,0.002,0.233817,0.778509,0.0
1.0,0.0,0.0,0.0,0.0,0.0,0.0,0.013805,0.468085,0.146691,0.723892,0.003467,0.422915,0.414912,1.0
1.0,0.0,0.0,0.0,0.0,0.0,0.0,0.881023,0.978723,0.030293,0.320887,0.001703,0.362765,0.739474,1.0
0.0,0.0,0.0,0.0,0.0,0.0,1.0,0.893633,0.297872,0.027861,0.375781,0.001782,0.319006,0.732456,0.0
0.0,0.0,0.0,0.0,1.0,0.0,0.0,0.031547,0.957447,0.066561,0.389319,0.003467,0.422915,0.414912,1.0
0.0,0.0,0.0,1.0,0.0,0.0,0.0,0.885182,0.297872,0.034736,0.489735,0.00237,0.477214,0.345614,0.0
0.0,1.0,0.0,0.0,0.0,0.0,0.0,0.017521,0.787234,0.121352,0.727611,0.003467,0.422915,0.414912,1.0
0.0,0.0,0.0,0.0,0.0,0.0,1.0,0.86828,0.574468,0.029572,0.437221,0.001876,0.371828,0.841228,0.0
1.0,0.0,0.0,0.0,0.0,0.0,0.0,0.026415,0.085106,0.044884,0.113508,0.003467,0.422915,0.414912,0.0
1.0,0.0,0.0,0.0,0.0,0.0,0.0,0.425645,0.148936,0.055242,0.053407,0.003467,0.422915,0.414912,0.0
0.0,0.0,0.0,1.0,0.0,0.0,0.0,0.881156,0.914894,0.0269,0.377715,0.001797,0.436302,0.634211,0.0
0.0,0.0,0.0,0.0,0.0,0.0,1.0,0.461042,0.829787,0.030083,0.381285,0.002077,0.31564,0.385088,1.0
1.0,0.0,0.0,0.0,0.0,0.0,0.0,0.867086,0.957447,0.030623,0.276852,0.002067,0.137494,0.666228,1.0
0.0,0.0,0.0,0.0,0.0,0.0,1.0,0.434627,0.06383,0.042212,0.118863,0.003467,0.422915,0.414912,0.0
1.0,0.0,0.0,0.0,0.0,0.0,0.0,0.889651,0.829787,0.091089,0.578697,0.006055,0.440963,0.648246,1.0
0.0,0.0,0.0,0.0,0.0,0.0,1.0,0.446883,0.914894,0.042452,0.434841,0.002821,0.333506,0.673684,1.0
0.0,0.0,1.0,0.0,0.0,0.0,0.0,0.87651,0.255319,0.028912,0.437519,0.001849,0.539099,0.548684,1.0
0.0,0.0,0.0,1.0,0.0,0.0,0.0,0.867838,0.808511,0.027261,0.41089,0.001221,0.455981,0.652632,0.0
0.0,0.0,0.0,1.0,0.0,0.0,0.0,0.451706,0.87234,0.05257,0.755727,0.003571,0.56784,0.609649,1.0
0.0,0.0,0.0,0.0,0.0,0.0,1.0,0.894562,0.234043,0.029122,0.227313,0.001608,0.315381,0.80307,0.0
0.0,0.0,0.0,1.0,0.0,0.0,0.0,0.438166,0.382979,0.093221,0.506248,0.003467,0.422915,0.414912,1.0
0.0,0.0,0.0,0.0,0.0,0.0,1.0,0.469669,0.361702,0.046235,0.453734,0.003089,0.334801,0.507456,0.0
0.0,0.0,0.0,1.0,0.0,0.0,0.0,0.460289,0.148936,0.029302,0.211395,0.001984,0.261264,0.601316,0.0
0.0,0.0,0.0,0.0,0.0,0.0,1.0,0.005442,0.06383,0.05305,0.25781,0.003467,0.422915,0.414912,0.0
0.0,0.0,0.0,0.0,1.0,0.0,0.0,0.001062,0.765957,0.044043,0.631657,0.003467,0.422915,0.414912,0.0
0.0,0.0,0.0,1.0,0.0,0.0,0.0,0.890093,0.191489,0.068422,0.27105,0.002013,0.370792,0.660088,0.0
0.0,0.0,1.0,0.0,0.0,0.0,0.0,0.424804,0.276596,0.056923,0.289646,0.003467,0.422915,0.414912,0.0
0.0,0.0,0.0,1.0,0.0,0.0,0.0,0.425158,0.510638,0.062838,0.551324,0.003467,0.422915,0.414912,0.0
0.0,0.0,1.0,0.0,0.0,0.0,0.0,0.430025,0.170213,0.069593,0.194882,0.003467,0.422915,0.414912,0.0
0.0,0.0,0.0,0.0,1.0,0.0,0.0,0.017964,0.893617,0.076318,0.470991,0.003467,0.422915,0.414912,0.0
0.0,0.0,0.0,0.0,0.0,0.0,1.0,0.890226,0.021277,0.064489,0.598483,0.002167,0.500777,0.602632,1.0
0.0,0.0,1.0,0.0,0.0,0.0,0.0,0.031149,0.425532,0.062838,0.500298,0.003467,0.422915,0.414912,0.0
1.0,0.0,0.0,0.0,0.0,0.0,0.0,0.47374,0.510638,0.043953,0.383666,0.001778,0.258415,0.73114,1.0
0.0,0.0,0.0,0.0,0.0,0.0,1.0,0.867661,0.382979,0.033656,0.448676,0.002185,0.47333,0.635526,1.0
0.0,1.0,0.0,0.0,0.0,0.0,0.0,0.881067,0.638298,0.055542,0.498066,0.003876,0.517607,0.249561,1.0
0.0,0.0,1.0,0.0,0.0,0.0,0.0,0.017875,0.468085,0.082293,0.490925,0.003467,0.422915,0.414912,1.0
1.0,0.0,0.0,0.0,0.0,0.0,0.0,0.446617,0.382979,0.044073,0.508182,0.002854,0.277576,0.742544,0.0
0.0,0.0,0.0,1.0,0.0,0.0,0.0,0.443387,0.340426,0.047406,0.539423,0.003241,0.566805,0.446053,0.0
0.0,0.0,0.0,0.0,0.0,1.0,0.0,0.907438,0.808511,0.075627,0.471883,0.00517,0.511652,0.26886,1.0
0.0,0.0,0.0,0.0,0.0,1.0,0.0,0.433963,0.361702,0.054972,0.435436,0.003467,0.422915,0.414912,1.0
0.0,0.0,0.0,0.0,0.0,1.0,0.0,0.022344,0.170213,0.062658,0.116483,0.003467,0.422915,0.414912,0.0
0.0,0.0,0.0,0.0,1.0,0.0,0.0,0.00969,0.765957,0.069353,0.758256,0.003467,0.422915,0.414912,1.0
0.0,1.0,0.0,0.0,0.0,0.0,0.0,0.473165,0.276596,0.040291,0.447188,0.002771,0.490937,0.301316,1.0
0.0,0.0,1.0,0.0,0.0,0.0,0.0,0.459935,0.382979,0.190855,0.620202,0.012819,0.56784,0.365351,1.0
1.0,0.0,0.0,0.0,0.0,0.0,0.0,0.004248,0.148936,0.043683,0.136269,0.003467,0.422915,0.414912,0.0
0.0,1.0,0.0,0.0,0.0,0.0,0.0,0.885094,0.106383,0.033145,0.211247,0.00215,0.280166,0.671491,0.0
0.0,1.0,0.0,0.0,0.0,0.0,0.0,0.465156,0.212766,0.02636,0.127641,0.001793,0.183325,0.468421,0.0
0.0,1.0,0.0,0.0,0.0,0.0,0.0,0.459891,0.531915,0.041552,0.544183,0.002806,0.502848,0.560526,1.0
1.0,0.0,0.0,0.0,0.0,0.0,0.0,0.434361,0.744681,0.051039,0.432609,0.003467,0.422915,0.414912,1.0
1.0,0.0,0.0,0.0,0.0,0.0,0.0,0.880404,0.574468,0.035427,0.347218,0.002181,0.238995,0.756579,1.0
0.0,0.0,0.0,0.0,1.0,0.0,0.0,0.013362,0.531915,0.090068,0.578697,0.003467,0.422915,0.414912,0.0
1.0,0.0,0.0,0.0,0.0,0.0,0.0,0.008584,0.212766,0.057734,0.20366,0.003467,0.422915,0.414912,0.0
0.0,0.0,0.0,0.0,1.0,0.0,0.0,0.907703,0.489362,0.048247,0.501934,0.003295,0.551269,0.379386,0.0
0.0,0.0,1.0,0.0,0.0,0.0,0.0,0.8762,0.042553,0.024919,0.235942,0.000829,0.310979,0.75614,0.0
0.0,0.0,0.0,1.0,0.0,0.0,0.0,0.005,0.787234,0.042572,0.668997,0.003467,0.422915,0.414912,0.0
1.0,0.0,0.0,0.0,0.0,0.0,0.0,0.018406,0.297872,0.073226,0.428146,0.003467,0.422915,0.414912,1.0
0.0,0.0,0.0,0.0,1.0,0.0,0.0,0.889518,0.87234,0.032845,0.607409,0.002287,0.545572,0.374561,0.0
1.0,0.0,0.0,0.0,0.0,0.0,0.0,0.018097,0.212766,0.061817,0.163791,0.003467,0.422915,0.414912,0.0
0.0,0.0,1.0,0.0,0.0,0.0,0.0,0.43383,0.893617,0.045334,0.400922,0.003467,0.422915,0.414912,0.0
0.0,0.0,1.0,0.0,0.0,0.0,0.0,0.451352,0.638298,0.03996,0.519637,0.002586,0.590627,0.608333,0.0
0.0,0.0,1.0,0.0,0.0,0.0,0.0,0.46551,0.617021,0.046115,0.497025,0.003189,0.496116,0.30614,1.0
0.0,0.0,0.0,0.0,1.0,0.0,0.0,0.473607,0.212766,0.036208,0.28429,0.002443,0.301139,0.568421,1.0
0.0,0.0,1.0,0.0,0.0,0.0,0.0,0.009292,0.702128,0.069173,0.680006,0.003467,0.422915,0.414912,0.0
0.0,1.0,0.0,0.0,0.0,0.0,0.0,0.889076,0.531915,0.027261,0.522017,0.001874,0.535215,0.504386,0.0
0.0,0.0,0.0,0.0,1.0,0.0,0.0,0.46436,0.12766,0.0257,0.16632,0.00172,0.229415,0.635965,0.0
1.0,0.0,0.0,0.0,0.0,0.0,0.0,0.469404,0.319149,0.02654,0.276852,0.001735,0.163646,0.808772,0.0
0.0,0.0,0.0,0.0,0.0,1.0,0.0,0.429229,0.404255,0.067551,0.456561,0.003467,0.422915,0.414912,0.0
0.0,0.0,0.0,1.0,0.0,0.0,0.0,0.030884,0.957447,0.102348,0.433651,0.003467,0.422915,0.414912,1.0
0.0,0.0,1.0,0.0,0.0,0.0,0.0,0.894385,0.893617,0.06605,0.67346,0.004416,0.587519,0.453509,0.0
0.0,0.0,1.0,0.0,0.0,0.0,0.0,0.469183,0.957447,0.043353,0.442725,0.002833,0.250906,0.657018,0.0
0.0,1.0,0.0,0.0,0.0,0.0,0.0,0.447591,0.170213,0.010958,0.194139,0.000715,0.204816,0.494298,0.0
0.0,1.0,0.0,0.0,0.0,0.0,0.0,0.911243,0.680851,0.044194,0.484826,0.002896,0.415329,0.536404,0.0
0.0,0.0,0.0,1.0,0.0,0.0,0.0,0.438786,0.659574,0.057974,0.477834,0.003467,0.422915,0.414912,0.0
0.0,0.0,0.0,1.0,0.0,0.0,0.0,0.005,0.446809,0.050859,0.570663,0.003467,0.422915,0.414912,1.0
1.0,0.0,0.0,0.0,0.0,0.0,0.0,0.027034,0.680851,0.109253,0.463106,0.003467,0.422915,0.414912,1.0
0.0,1.0,0.0,0.0,0.0,0.0,0.0,0.018451,0.212766,0.046565,0.182089,0.003467,0.422915,0.414912,0.0
0.0,0.0,0.0,0.0,1.0,0.0,0.0,0.469581,0.638298,0.057073,0.533026,0.003833,0.494821,0.415789,1.0
0.0,0.0,0.0,1.0,0.0,0.0,0.0,0.005,0.617021,0.042452,0.467272,0.003467,0.422915,0.414912,0.0
0.0,0.0,1.0,0.0,0.0,0.0,0.0,0.013893,0.617021,0.041131,0.499554,0.003467,0.422915,0.414912,0.0
0.0,0.0,0.0,0.0,0.0,1.0,0.0,0.443166,0.93617,0.044524,0.490479,0.002997,0.369498,0.587719,0.0
0.0,0.0,0.0,0.0,0.0,0.0,1.0,0.890226,0.297872,0.499009,0.419072,0.000833,0.325997,0.414912,1.0
0.0,0.0,0.0,0.0,0.0,0.0,1.0,0.438919,0.978723,0.049898,0.314341,0.003467,0.422915,0.414912,1.0
0.0,0.0,0.0,1.0,0.0,0.0,0.0,0.899031,0.765957,0.095232,0.793365,0.006246,0.677628,0.482018,1.0
1.0,0.0,0.0,0.0,0.0,0.0,0.0,0.885049,0.361702,0.042422,0.449866,0.0027,0.262817,0.797807,0.0
1.0,0.0,0.0,0.0,0.0,0.0,0.0,0.473563,0.93617,0.028822,0.291282,0.001961,0.240549,0.435965,1.0
0.0,0.0,0.0,0.0,0.0,0.0,1.0,0.01376,0.978723,0.045034,0.415799,0.003467,0.422915,0.414912,0.0
0.0,0.0,0.0,1.0,0.0,0.0,0.0,0.01792,0.042553,0.075057,0.432609,0.003467,0.422915,0.414912,0.0
0.0,0.0,0.0,1.0,0.0,0.0,0.0,0.460599,0.276596,0.031614,0.44213,0.002079,0.44666,0.57807,1.0
0.0,0.0,0.0,0.0,0.0,0.0,1.0,0.022079,0.93617,0.073256,0.273877,0.003467,0.422915,0.414912,1.0
0.0,0.0,1.0,0.0,0.0,0.0,0.0,0.425114,0.191489,0.069563,0.164534,0.003467,0.422915,0.414912,0.0
0.0,0.0,0.0,1.0,0.0,0.0,0.0,0.438476,0.765957,0.088147,0.58197,0.003467,0.422915,0.414912,1.0
0.0,0.0,0.0,0.0,1.0,0.0,0.0,0.875979,0.489362,0.033025,0.649212,0.002293,0.525117,0.279386,0.0
1.0,0.0,0.0,0.0,0.0,0.0,0.0,0.03137,0.191489,0.074276,0.173312,0.003467,0.422915,0.414912,1.0
0.0,0.0,0.0,0.0,0.0,0.0,1.0,0.442591,0.638298,0.077459,0.414014,0.005206,0.276023,0.500526,1.0
0.0,0.0,1.0,0.0,0.0,0.0,0.0,0.469493,0.191489,0.033205,0.207676,0.002192,0.232781,0.658333,0.0
0.0,0.0,0.0,1.0,0.0,0.0,0.0,0.443078,0.702128,0.093431,0.567539,0.006307,0.583118,0.467982,1.0
0.0,0.0,0.0,0.0,1.0,0.0,0.0,0.906774,0.787234,0.179747,0.631806,0.012237,0.570948,0.46886,1.0
0.0,0.0,1.0,0.0,0.0,0.0,0.0,0.885138,0.340426,0.029092,0.585094,0.002015,0.611859,0.259649,0.0
0.0,0.0,0.0,0.0,0.0,0.0,1.0,0.005133,0.042553,0.042272,0.296935,0.003467,0.422915,0.414912,0.0
1.0,0.0,0.0,0.0,0.0,0.0,0.0,0.447547,0.93617,0.041912,0.498066,0.002773,0.327033,0.597807,1.0
1.0,0.0,0.0,0.0,0.0,0.0,0.0,0.013185,0.659574,0.041281,0.46266,0.003467,0.422915,0.414912,0.0
0.0,0.0,0.0,0.0,1.0,0.0,0.0,0.890138,0.978723,0.045755,0.637608,0.003087,0.549456,0.524561,0.0
0.0,0.0,0.0,0.0,0.0,1.0,0.0,0.866997,0.744681,0.035007,0.478727,0.002354,0.287416,0.70307,1.0
0.0,0.0,1.0,0.0,0.0,0.0,0.0,0.872085,0.553191,0.0269,0.518596,0.00172,0.531072,0.664035,1.0
0.0,0.0,1.0,0.0,0.0,0.0,0.0,0.013274,0.085106,0.048247,0.357037,0.003467,0.422915,0.414912,0.0
0.0,0.0,1.0,0.0,0.0,0.0,0.0,0.451971,0.468085,0.034016,0.670783,0.002302,0.609529,0.464912,0.0
0.0,1.0,0.0,0.0,0.0,0.0,0.0,0.438078,0.978723,0.05215,0.455222,0.003467,0.422915,0.414912,0.0
0.0,1.0,0.0,0.0,0.0,0.0,0.0,0.429362,0.702128,0.067341,0.524546,0.003467,0.422915,0.414912,0.0
0.0,0.0,0.0,0.0,1.0,0.0,0.0,0.031857,0.319149,0.056923,0.21809,0.003467,0.422915,0.414912,0.0
1.0,0.0,0.0,0.0,0.0,0.0,0.0,0.871687,0.765957,0.027141,0.3313,0.001683,0.220611,0.830263,1.0
1.0,0.0,0.0,0.0,0.0,0.0,0.0,0.885359,0.0,0.042032,0.332044,0.002763,0.328068,0.645175,0.0
0.0,0.0,0.0,0.0,1.0,0.0,0.0,0.442237,0.234043,0.049297,0.235793,0.003467,0.422915,0.414912,0.0
0.0,1.0,0.0,0.0,0.0,0.0,0.0,0.465156,0.851064,0.07908,0.501488,0.005482,0.501036,0.220175,1.0
0.0,0.0,0.0,0.0,0.0,0.0,1.0,0.473386,0.446809,0.051789,0.473371,0.003519,0.357328,0.483772,1.0
0.0,0.0,0.0,0.0,0.0,1.0,0.0,0.455467,0.914894,0.036177,0.588962,0.002416,0.430865,0.675877,0.0
1.0,0.0,0.0,0.0,0.0,0.0,0.0,0.424716,0.93617,0.133842,0.407617,0.003467,0.422915,0.414912,1.0
0.0,0.0,0.0,0.0,1.0,0.0,0.0,0.443122,0.978723,0.046055,0.509372,0.003143,0.454428,0.484211,0.0
0.0,0.0,0.0,0.0,0.0,0.0,1.0,0.871953,0.978723,0.047856,0.353169,0.003112,0.319524,0.703509,1.0
0.0,0.0,0.0,1.0,0.0,0.0,0.0,0.455998,0.276596,0.036027,0.576614,0.002455,0.463231,0.566228,0.0
0.0,0.0,0.0,0.0,1.0,0.0,0.0,0.425512,0.212766,0.077459,0.256769,0.003467,0.422915,0.414912,0.0
0.0,0.0,0.0,0.0,1.0,0.0,0.0,0.88151,0.531915,0.027501,0.478578,0.001855,0.562921,0.344737,0.0
0.0,0.0,0.0,0.0,1.0,0.0,0.0,0.889518,0.085106,0.063738,0.377715,0.002214,0.454428,0.516228,1.0
0.0,0.0,0.0,0.0,0.0,0.0,1.0,0.000221,0.489362,0.054131,0.323416,0.003467,0.422915,0.414912,0.0
0.0,0.0,0.0,1.0,0.0,0.0,0.0,0.911331,0.765957,0.044434,0.425915,0.002997,0.470741,0.371053,0.0
1.0,0.0,0.0,0.0,0.0,0.0,0.0,0.876112,0.404255,0.029933,0.334276,0.000823,0.213361,0.856579,1.0
0.0,0.0,0.0,0.0,0.0,0.0,1.0,0.876997,1.0,0.029663,0.27715,0.001973,0.254272,0.504386,0.0
0.0,0.0,0.0,0.0,1.0,0.0,0.0,0.893854,0.148936,0.03933,0.276406,0.002538,0.39332,0.685526,0.0
1.0,0.0,0.0,0.0,0.0,0.0,0.0,0.456794,0.829787,0.030143,0.469354,0.002011,0.375971,0.712281,1.0
1.0,0.0,0.0,0.0,0.0,0.0,0.0,0.018097,0.085106,0.056203,0.186849,0.003467,0.422915,0.414912,0.0
0.0,0.0,1.0,0.0,0.0,0.0,0.0,0.456263,0.510638,0.035817,0.543142,0.002432,0.577162,0.486842,0.0
0.0,0.0,0.0,1.0,0.0,0.0,0.0,0.013937,0.340426,0.107001,0.713329,0.003467,0.422915,0.414912,1.0
0.0,0.0,0.0,1.0,0.0,0.0,0.0,0.468917,0.765957,0.029032,0.422642,0.00198,0.347229,0.4,0.0
0.0,0.0,0.0,0.0,0.0,0.0,1.0,0.438919,0.297872,0.047046,0.117078,0.003467,0.422915,0.414912,0.0
0.0,0.0,0.0,0.0,1.0,0.0,0.0,0.001062,0.893617,0.043833,0.461916,0.003467,0.422915,0.414912,0.0
0.0,1.0,0.0,0.0,0.0,0.0,0.0,0.438388,0.914894,0.050829,0.368045,0.003467,0.422915,0.414912,0.0
0.0,0.0,1.0,0.0,0.0,0.0,0.0,0.867307,0.340426,0.071664,0.550878,0.004813,0.604868,0.432456,1.0
0.0,0.0,1.0,0.0,0.0,0.0,0.0,0.017875,0.319149,0.082293,0.527522,0.003467,0.422915,0.414912,1.0
0.0,0.0,1.0,0.0,0.0,0.0,0.0,0.482412,1.0,0.080851,0.446445,0.005609,0.427758,0.270175,1.0
1.0,0.0,0.0,0.0,0.0,0.0,0.0,0.885049,0.148936,0.029512,0.1446,0.001926,0.282755,0.602632,0.0
0.0,0.0,0.0,0.0,0.0,1.0,0.0,0.009424,0.893617,0.041642,0.490628,0.003467,0.422915,0.414912,0.0
0.0,0.0,0.0,0.0,1.0,0.0,0.0,0.00907,0.191489,0.044554,0.241744,0.003467,0.422915,0.414912,0.0
0.0,0.0,1.0,0.0,0.0,0.0,0.0,0.430025,0.808511,0.080851,0.498959,0.003467,0.422915,0.414912,1.0
0.0,0.0,0.0,1.0,0.0,0.0,0.0,0.456307,0.978723,0.034646,0.561589,0.002302,0.508545,0.642105,0.0
0.0,0.0,0.0,0.0,0.0,0.0,1.0,0.872572,0.617021,0.029633,0.352276,0.000995,0.288452,0.835088,0.0
0.0,0.0,0.0,1.0,0.0,0.0,0.0,0.465245,0.085106,0.040651,0.292919,0.0028,0.33506,0.366228,0.0
0.0,1.0,0.0,0.0,0.0,0.0,0.0,0.451617,0.702128,0.03891,0.652931,0.002582,0.623511,0.521053,0.0
0.0,1.0,0.0,0.0,0.0,0.0,0.0,0.885094,0.340426,0.059835,0.636418,0.004231,0.606163,0.204386,1.0
0.0,0.0,0.0,0.0,0.0,1.0,0.0,0.907128,0.361702,0.11901,0.493157,0.008176,0.685914,0.307456,1.0
0.0,1.0,0.0,0.0,0.0,0.0,0.0,0.434406,0.638298,0.051039,0.493752,0.003467,0.422915,0.414912,1.0
0.0,0.0,0.0,1.0,0.0,0.0,0.0,0.018229,0.87234,0.043713,0.425617,0.003467,0.422915,0.414912,0.0
1.0,0.0,0.0,0.0,0.0,0.0,0.0,0.473563,0.042553,0.027801,0.212437,0.001882,0.303988,0.45614,1.0
0.0,0.0,0.0,0.0,0.0,0.0,1.0,0.898854,0.595745,0.072625,0.40598,0.004582,0.358364,0.780702,1.0
0.0,0.0,0.0,0.0,1.0,0.0,0.0,0.018274,0.595745,0.047076,0.455965,0.003467,0.422915,0.414912,0.0
0.0,0.0,0.0,0.0,0.0,1.0,0.0,0.014336,0.085106,0.040591,0.351384,0.003467,0.422915,0.414912,0.0
0.0,0.0,0.0,1.0,0.0,0.0,0.0,0.452325,0.617021,0.033025,0.520381,0.002221,0.634127,0.492544,0.0
0.0,0.0,0.0,0.0,0.0,0.0,1.0,0.464758,0.914894,0.0263,0.287266,0.001743,0.230192,0.613596,0.0
1.0,0.0,0.0,0.0,0.0,0.0,0.0,0.875979,0.0,0.029242,0.322969,0.001915,0.340497,0.540789,0.0
0.0,0.0,0.0,0.0,1.0,0.0,0.0,0.031857,0.702128,0.056923,0.256323,0.003467,0.422915,0.414912,1.0
0.0,1.0,0.0,0.0,0.0,0.0,0.0,0.474404,0.574468,0.058454,0.441833,0.003997,0.365873,0.439912,1.0
0.0,0.0,0.0,0.0,0.0,0.0,1.0,0.02668,0.361702,0.051429,0.322821,0.003467,0.422915,0.414912,0.0
0.0,0.0,1.0,0.0,0.0,0.0,0.0,0.907305,0.361702,0.089438,0.480958,0.00582,0.633868,0.445614,0.0
1.0,0.0,0.0,0.0,0.0,0.0,0.0,0.017787,0.276596,0.083794,0.449569,0.003467,0.422915,0.414912,1.0
0.0,0.0,1.0,0.0,0.0,0.0,0.0,0.017875,0.489362,0.064639,0.481404,0.003467,0.422915,0.414912,0.0
0.0,1.0,0.0,0.0,0.0,0.0,0.0,0.460511,0.744681,0.028342,0.529456,0.001901,0.578716,0.463596,1.0
0.0,0.0,0.0,0.0,0.0,1.0,0.0,0.867307,0.765957,0.028041,0.373847,0.00189,0.374935,0.607456,0.0
0.0,0.0,0.0,0.0,0.0,0.0,1.0,0.447812,0.255319,0.028492,0.249331,0.00128,0.210513,0.765789,0.0
1.0,0.0,0.0,0.0,0.0,0.0,0.0,0.880713,0.404255,0.032335,0.310919,0.000908,0.207405,0.838158,0.0
0.0,0.0,0.0,0.0,0.0,0.0,1.0,0.894562,0.382979,0.087216,0.645641,0.005573,0.515018,0.72807,1.0
0.0,0.0,0.0,0.0,1.0,0.0,0.0,0.443432,0.851064,0.068782,0.536745,0.004863,0.566028,0.439474,1.0
0.0,0.0,0.0,0.0,1.0,0.0,0.0,0.004425,0.404255,0.050949,0.637162,0.003467,0.422915,0.414912,0.0
0.0,0.0,1.0,0.0,0.0,0.0,0.0,0.004646,0.276596,0.086075,0.513984,0.003467,0.422915,0.414912,0.0
1.0,0.0,0.0,0.0,0.0,0.0,0.0,0.022123,0.425532,0.073586,0.339929,0.003467,0.422915,0.414912,1.0
0.0,0.0,0.0,0.0,1.0,0.0,0.0,0.434229,0.06383,0.045334,0.2169,0.003467,0.422915,0.414912,0.0
0.0,1.0,0.0,0.0,0.0,0.0,0.0,0.018451,0.595745,0.088868,0.484677,0.003467,0.422915,0.414912,1.0
0.0,0.0,0.0,1.0,0.0,0.0,0.0,0.026547,0.829787,0.106431,0.466528,0.003467,0.422915,0.414912,1.0
0.0,0.0,1.0,0.0,0.0,0.0,0.0,0.894695,0.234043,0.02642,0.324457,0.00173,0.367426,0.528947,0.0
0.0,0.0,0.0,0.0,1.0,0.0,0.0,0.00969,0.978723,0.076798,0.560994,0.003467,0.422915,0.414912,1.0
0.0,0.0,0.0,0.0,0.0,1.0,0.0,0.91173,0.659574,0.049418,0.522166,0.003332,0.571724,0.357456,0.0
0.0,0.0,1.0,0.0,0.0,0.0,0.0,0.469493,0.787234,0.029182,0.407766,0.001955,0.357328,0.563596,0.0
0.0,0.0,0.0,0.0,1.0,0.0,0.0,0.000442,0.297872,0.044134,0.459833,0.003467,0.422915,0.414912,0.0
0.0,0.0,0.0,0.0,0.0,0.0,1.0,0.438919,0.148936,0.045605,0.066052,0.003467,0.422915,0.414912,0.0
0.0,1.0,0.0,0.0,0.0,0.0,0.0,0.469139,0.851064,0.029933,0.384558,0.002009,0.376489,0.413596,0.0
0.0,1.0,0.0,0.0,0.0,0.0,0.0,0.912482,0.574468,0.095773,0.509521,0.006487,0.556965,0.378509,1.0
0.0,0.0,0.0,0.0,0.0,1.0,0.0,0.014026,0.446809,0.053381,0.498215,0.003467,0.422915,0.414912,0.0
0.0,0.0,0.0,0.0,0.0,1.0,0.0,0.89912,0.553191,0.061487,0.494198,0.004198,0.544278,0.448684,0.0
1.0,0.0,0.0,0.0,0.0,0.0,0.0,0.429937,0.085106,0.070584,0.15784,0.003467,0.422915,0.414912,1.0
0.0,0.0,1.0,0.0,0.0,0.0,0.0,0.893766,0.553191,0.072325,0.58435,0.004817,0.600466,0.447807,1.0
0.0,0.0,0.0,0.0,0.0,1.0,0.0,0.8985,0.446809,0.088507,0.575573,0.00587,0.610564,0.345175,1.0
0.0,0.0,1.0,0.0,0.0,0.0,0.0,0.868103,0.574468,0.029092,0.593127,0.001894,0.582859,0.467982,0.0
0.0,0.0,1.0,0.0,0.0,0.0,0.0,0.894075,0.87234,0.086226,0.763463,0.005798,0.653547,0.437281,1.0
0.0,0.0,0.0,0.0,1.0,0.0,0.0,0.429494,0.340426,0.087907,0.583755,0.003467,0.422915,0.414912,1.0
0.0,0.0,0.0,0.0,1.0,0.0,0.0,0.433609,0.531915,0.07854,0.513686,0.003467,0.422915,0.414912,1.0
1.0,0.0,0.0,0.0,0.0,0.0,0.0,0.429008,0.87234,0.067731,0.36745,0.003467,0.422915,0.414912,0.0
0.0,1.0,0.0,0.0,0.0,0.0,0.0,0.473475,0.106383,0.022067,0.131955,0.0015,0.212325,0.504825,0.0
0.0,0.0,0.0,1.0,0.0,0.0,0.0,0.465555,0.659574,0.030563,0.502975,0.002106,0.381409,0.491667,0.0
0.0,1.0,0.0,0.0,0.0,0.0,0.0,0.018141,0.851064,0.056263,0.451056,0.003467,0.422915,0.414912,0.0
0.0,1.0,0.0,0.0,0.0,0.0,0.0,0.473475,0.276596,0.043383,0.480214,0.003022,0.532367,0.235526,1.0
0.0,0.0,0.0,0.0,0.0,0.0,1.0,0.023008,0.744681,0.091269,0.331747,0.003467,0.422915,0.414912,1.0
0.0,1.0,0.0,0.0,0.0,0.0,0.0,0.898323,0.978723,0.077789,0.60607,0.005041,0.516054,0.627193,1.0
1.0,0.0,0.0,0.0,0.0,0.0,0.0,0.911199,0.787234,0.060106,0.434097,0.003548,0.29363,0.735088,1.0
0.0,0.0,0.0,1.0,0.0,0.0,0.0,0.447679,0.12766,0.01318,0.31925,0.000825,0.344381,0.669737,0.0
1.0,0.0,0.0,0.0,0.0,0.0,0.0,0.438343,0.191489,0.06518,0.132104,0.003467,0.422915,0.414912,1.0
0.0,0.0,0.0,0.0,1.0,0.0,0.0,0.885226,0.978723,0.047046,0.50357,0.003216,0.424392,0.449561,1.0
0.0,0.0,0.0,0.0,0.0,1.0,0.0,0.89819,0.765957,0.104509,0.867301,0.006739,0.717504,0.546053,0.0
0.0,0.0,1.0,0.0,0.0,0.0,0.0,0.473209,0.893617,0.043053,0.480512,0.00286,0.289487,0.534211,0.0
0.0,0.0,0.0,0.0,1.0,0.0,0.0,0.872174,0.659574,0.049718,0.703213,0.003251,0.684619,0.536404,1.0
0.0,1.0,0.0,0.0,0.0,0.0,0.0,0.902615,0.170213,0.046175,0.148914,0.003031,0.244174,0.66886,0.0
0.0,0.0,0.0,0.0,0.0,1.0,0.0,0.889253,0.0,0.034016,0.516662,0.002243,0.406784,0.634211,1.0
0.0,0.0,1.0,0.0,0.0,0.0,0.0,0.008672,0.106383,0.057734,0.325498,0.003467,0.422915,0.414912,0.0
1.0,0.0,0.0,0.0,0.0,0.0,0.0,0.013805,0.914894,0.090939,0.608301,0.003467,0.422915,0.414912,0.0
0.0,0.0,0.0,0.0,0.0,1.0,0.0,0.906818,0.510638,0.150114,0.615888,0.010185,0.480321,0.496491,1.0
0.0,0.0,1.0,0.0,0.0,0.0,0.0,0.013274,0.489362,0.041732,0.536596,0.003467,0.422915,0.414912,0.0
0.0,0.0,0.0,0.0,0.0,1.0,0.0,0.460378,0.276596,0.037709,0.46504,0.002545,0.421284,0.373246,0.0
1.0,0.0,0.0,0.0,0.0,0.0,0.0,0.030751,0.893617,0.098475,0.402261,0.003467,0.422915,0.414912,1.0
0.0,0.0,0.0,1.0,0.0,0.0,0.0,0.451396,0.893617,0.04008,0.659328,0.00257,0.54117,0.671053,1.0
0.0,0.0,1.0,0.0,0.0,0.0,0.0,0.881111,0.638298,0.035427,0.509223,0.002449,0.523304,0.407456,0.0
0.0,0.0,0.0,0.0,0.0,1.0,0.0,0.907747,0.340426,0.086406,0.48438,0.00565,0.549974,0.485526,1.0
0.0,1.0,0.0,0.0,0.0,0.0,0.0,0.439007,1.0,0.053321,0.43856,0.003467,0.422915,0.414912,0.0
0.0,0.0,0.0,1.0,0.0,0.0,0.0,0.000708,0.893617,0.044104,0.478727,0.003467,0.422915,0.414912,0.0
0.0,1.0,0.0,0.0,0.0,0.0,0.0,0.890315,0.319149,0.03906,0.731627,0.002688,0.588037,0.488158,0.0
0.0,1.0,0.0,0.0,0.0,0.0,0.0,0.889695,0.638298,0.027051,0.564118,0.037251,0.576903,0.185526,0.0
0.0,1.0,0.0,0.0,0.0,0.0,0.0,0.022167,0.468085,0.057644,0.470693,0.003467,0.422915,0.414912,0.0
1.0,0.0,0.0,0.0,0.0,0.0,0.0,0.005177,0.085106,0.042272,0.220619,0.003467,0.422915,0.414912,0.0
0.0,0.0,0.0,0.0,1.0,0.0,0.0,0.443122,0.553191,0.050859,0.486462,0.003936,0.55334,0.390351,0.0
0.0,0.0,0.0,0.0,0.0,0.0,1.0,0.871953,0.829787,0.053291,0.494793,0.003101,0.340756,0.701316,1.0
0.0,1.0,0.0,0.0,0.0,0.0,0.0,0.885403,1.0,0.043593,0.486165,0.002825,0.423874,0.683333,1.0
1.0,0.0,0.0,0.0,0.0,0.0,0.0,0.434361,0.212766,0.045605,0.276703,0.003467,0.422915,0.414912,0.0
0.0,1.0,0.0,0.0,0.0,0.0,0.0,0.443299,0.829787,0.048787,0.56992,0.003317,0.529259,0.465789,0.0
0.0,0.0,0.0,0.0,1.0,0.0,0.0,0.013982,0.723404,0.067671,0.586284,0.003467,0.422915,0.414912,0.0
0.0,0.0,0.0,0.0,0.0,1.0,0.0,0.013097,0.191489,0.05317,0.159625,0.003467,0.422915,0.414912,1.0
0.0,0.0,0.0,0.0,0.0,1.0,0.0,0.438874,0.234043,0.066771,0.091342,0.003467,0.422915,0.414912,1.0
0.0,0.0,0.0,0.0,1.0,0.0,0.0,0.000442,0.787234,0.13093,0.573341,0.003467,0.422915,0.414912,1.0
0.0,0.0,1.0,0.0,0.0,0.0,0.0,0.017566,0.744681,0.088507,0.604433,0.003467,0.422915,0.414912,1.0
0.0,1.0,0.0,0.0,0.0,0.0,0.0,0.429052,0.446809,0.0916,0.511009,0.003467,0.422915,0.414912,1.0
0.0,1.0,0.0,0.0,0.0,0.0,0.0,0.898013,0.531915,0.076408,0.627789,0.00505,0.613154,0.525439,1.0
0.0,0.0,0.0,0.0,0.0,1.0,0.0,0.460068,0.829787,0.030353,0.520232,0.002025,0.493009,0.40307,0.0
0.0,1.0,0.0,0.0,0.0,0.0,0.0,0.477988,0.617021,0.035577,0.447783,0.002482,0.431383,0.19386,0.0
0.0,0.0,0.0,1.0,0.0,0.0,0.0,0.903323,0.893617,0.028762,0.408212,0.001955,0.467374,0.327193,0.0
0.0,0.0,0.0,0.0,0.0,1.0,0.0,0.027255,0.382979,0.109313,0.460726,0.003467,0.422915,0.414912,1.0
0.0,0.0,0.0,0.0,1.0,0.0,0.0,0.911376,0.93617,0.045575,0.453883,0.002923,0.306577,0.699561,0.0
0.0,0.0,0.0,0.0,0.0,0.0,1.0,0.889916,0.148936,0.046896,0.265992,0.001967,0.354221,0.510526,0.0
1.0,0.0,0.0,0.0,0.0,0.0,0.0,0.912438,0.319149,0.050829,0.302291,0.002464,0.213102,0.689474,1.0
0.0,0.0,0.0,0.0,0.0,0.0,1.0,0.460732,0.382979,0.055092,0.494347,0.003791,0.307613,0.314474,0.0
0.0,0.0,0.0,0.0,0.0,0.0,1.0,0.009778,0.212766,0.041281,0.113805,0.003467,0.422915,0.414912,0.0
0.0,0.0,0.0,0.0,0.0,1.0,0.0,0.902792,0.93617,0.071815,0.466825,0.004784,0.379337,0.612719,1.0
1.0,0.0,0.0,0.0,0.0,0.0,0.0,0.889341,0.425532,0.029212,0.446147,0.001778,0.30347,0.662719,1.0
0.0,1.0,0.0,0.0,0.0,0.0,0.0,0.017831,0.021277,0.083644,0.46028,0.003467,0.422915,0.414912,1.0
0.0,0.0,0.0,1.0,0.0,0.0,0.0,0.871731,0.553191,0.097844,0.483636,0.006554,0.576903,0.511404,1.0
0.0,1.0,0.0,0.0,0.0,0.0,0.0,0.014159,0.255319,0.061967,0.38069,0.003467,0.422915,0.414912,1.0
0.0,1.0,0.0,0.0,0.0,0.0,0.0,0.906951,0.702128,0.062387,0.307647,0.00436,0.512429,0.257456,1.0
1.0,0.0,0.0,0.0,0.0,0.0,0.0,0.455555,0.042553,0.044914,0.358227,0.003066,0.447437,0.558333,1.0
0.0,0.0,0.0,0.0,1.0,0.0,0.0,0.473607,0.361702,0.031824,0.551622,0.002173,0.57535,0.295175,1.0
0.0,1.0,0.0,0.0,0.0,0.0,0.0,0.473475,0.87234,0.02648,0.396459,0.001789,0.368203,0.607456,0.0
0.0,0.0,1.0,0.0,0.0,0.0,0.0,0.893766,0.893617,0.038369,0.638798,0.002607,0.520974,0.473684,0.0
0.0,0.0,0.0,0.0,0.0,1.0,0.0,0.008805,0.382979,0.041912,0.548944,0.003467,0.422915,0.414912,0.0
0.0,1.0,0.0,0.0,0.0,0.0,0.0,0.889076,0.148936,0.027171,0.154865,0.001766,0.263853,0.718421,0.0
1.0,0.0,0.0,0.0,0.0,0.0,0.0,0.429008,0.170213,0.055242,0.140732,0.003467,0.422915,0.414912,0.0
1.0,0.0,0.0,0.0,0.0,0.0,0.0,0.898279,0.957447,0.078119,0.509372,0.002808,0.350854,0.688596,1.0
1.0,0.0,0.0,0.0,0.0,0.0,0.0,0.885978,0.148936,0.029062,0.142517,0.001882,0.252978,0.750439,0.0
0.0,0.0,0.0,0.0,0.0,0.0,1.0,0.500111,0.276596,0.041431,0.207676,0.002819,0.207405,0.360526,0.0
0.0,0.0,0.0,0.0,0.0,1.0,0.0,0.027255,0.085106,0.074517,0.182386,0.003467,0.422915,0.414912,0.0
0.0,0.0,0.0,1.0,0.0,0.0,0.0,0.434494,0.191489,0.055842,0.216751,0.003467,0.422915,0.414912,1.0
0.0,0.0,1.0,0.0,0.0,0.0,0.0,0.030839,0.617021,0.119521,0.571705,0.003467,0.422915,0.414912,1.0
1.0,0.0,0.0,0.0,0.0,0.0,0.0,0.456175,0.978723,0.032605,0.394972,0.002167,0.402382,0.671053,1.0
0.0,0.0,0.0,0.0,1.0,0.0,0.0,0.911995,0.425532,0.064759,0.52886,0.004593,0.541947,0.368421,1.0
0.0,0.0,0.0,0.0,0.0,0.0,1.0,0.424671,0.978723,0.058394,0.246058,0.003467,0.422915,0.414912,0.0
0.0,0.0,0.0,0.0,0.0,0.0,1.0,0.469979,0.042553,0.02651,0.229247,0.001811,0.336872,0.525439,0.0
0.0,0.0,0.0,0.0,0.0,0.0,1.0,0.009469,0.319149,0.063949,0.309283,0.003467,0.422915,0.414912,1.0
0.0,1.0,0.0,0.0,0.0,0.0,0.0,0.90757,0.404255,0.089438,0.590449,0.005852,0.551787,0.478509,1.0
0.0,1.0,0.0,0.0,0.0,0.0,0.0,0.000929,0.93617,0.044134,0.486165,0.003467,0.422915,0.414912,0.0
0.0,0.0,0.0,0.0,1.0,0.0,0.0,0.027521,0.680851,0.098325,0.517257,0.003467,0.422915,0.414912,1.0
0.0,1.0,0.0,0.0,0.0,0.0,0.0,0.911553,0.340426,0.053921,0.538828,0.003544,0.549974,0.555263,1.0
0.0,0.0,0.0,0.0,0.0,1.0,0.0,0.876333,0.361702,0.034826,0.606962,0.002293,0.655619,0.509649,1.0
0.0,0.0,0.0,0.0,0.0,1.0,0.0,0.872528,0.021277,0.033025,0.334424,0.001435,0.360953,0.857018,0.0
1.0,0.0,0.0,0.0,0.0,0.0,0.0,0.893987,0.510638,0.047166,0.456561,0.002337,0.337649,0.838158,0.0
0.0,0.0,0.0,1.0,0.0,0.0,0.0,0.885182,0.574468,0.029182,0.499554,0.002009,0.535474,0.227193,0.0
1.0,0.0,0.0,0.0,0.0,0.0,0.0,0.868015,0.106383,0.024859,0.101012,0.000839,0.182548,0.814474,0.0
0.0,0.0,0.0,0.0,1.0,0.0,0.0,0.465599,0.680851,0.056953,0.518744,0.003934,0.50492,0.325877,1.0
0.0,0.0,0.0,0.0,1.0,0.0,0.0,0.871864,0.765957,0.032755,0.609194,0.002164,0.494303,0.577193,0.0
0.0,0.0,0.0,0.0,1.0,0.0,0.0,0.447414,0.404255,0.093251,0.712437,0.006541,0.681512,0.273684,1.0
0.0,0.0,0.0,0.0,0.0,1.0,0.0,0.880581,0.148936,0.044314,0.178072,0.002896,0.284568,0.606579,0.0
0.0,1.0,0.0,0.0,0.0,0.0,0.0,0.86713,0.851064,0.030803,0.350491,0.002119,0.242103,0.4,0.0
0.0,0.0,1.0,0.0,0.0,0.0,0.0,0.023141,0.680851,0.089468,0.441238,0.003467,0.422915,0.414912,0.0
0.0,0.0,1.0,0.0,0.0,0.0,0.0,0.018495,0.87234,0.047166,0.426361,0.003467,0.422915,0.414912,0.0
0.0,0.0,0.0,1.0,0.0,0.0,0.0,0.89412,0.808511,0.076498,0.822821,0.005162,0.722424,0.458772,0.0
0.0,0.0,0.0,0.0,0.0,1.0,0.0,0.871908,0.893617,0.028281,0.42889,0.00184,0.3203,0.788158,0.0
0.0,0.0,0.0,0.0,0.0,1.0,0.0,0.447768,0.212766,0.011949,0.271794,0.000769,0.230192,0.490351,0.0
0.0,0.0,0.0,0.0,1.0,0.0,0.0,0.898146,0.319149,0.083073,0.659774,0.00553,0.685396,0.438158,1.0
0.0,0.0,0.0,1.0,0.0,0.0,0.0,0.875935,0.382979,0.034556,0.639096,0.002254,0.610306,0.453509,0.0
0.0,0.0,0.0,0.0,1.0,0.0,0.0,0.00907,0.617021,0.041882,0.538976,0.003467,0.422915,0.414912,0.0
0.0,0.0,0.0,0.0,0.0,1.0,0.0,0.456086,0.361702,0.04005,0.656501,0.002721,0.596841,0.461842,0.0
0.0,0.0,0.0,0.0,0.0,0.0,1.0,0.428963,0.680851,0.058034,0.296192,0.003467,0.422915,0.414912,0.0
0.0,1.0,0.0,0.0,0.0,0.0,0.0,0.009247,0.659574,0.103759,0.613954,0.003467,0.422915,0.414912,1.0
0.0,0.0,0.0,0.0,0.0,0.0,1.0,0.437989,0.957447,0.046836,0.310027,0.003467,0.422915,0.414912,0.0
0.0,0.0,0.0,1.0,0.0,0.0,0.0,0.486837,0.829787,0.067671,0.472925,0.004699,0.494303,0.193421,1.0
0.0,0.0,1.0,0.0,0.0,0.0,0.0,0.881421,0.021277,0.030924,0.422642,0.001967,0.357846,0.623246,1.0
0.0,0.0,0.0,1.0,0.0,0.0,0.0,0.907349,0.404255,0.069052,0.526927,0.004639,0.575608,0.456579,0.0
0.0,0.0,0.0,0.0,0.0,0.0,1.0,0.46905,0.680851,0.031224,0.324011,0.002063,0.254531,0.566667,0.0
0.0,0.0,0.0,0.0,0.0,1.0,0.0,0.447458,0.531915,0.03915,0.575722,0.002738,0.568099,0.352632,0.0
0.0,0.0,1.0,0.0,0.0,0.0,0.0,0.009601,0.765957,0.041732,0.735644,0.003467,0.422915,0.414912,0.0
0.0,0.0,1.0,0.0,0.0,0.0,0.0,0.8762,0.191489,0.023538,0.209908,0.000837,0.241844,0.857018,0.0
0.0,0.0,0.0,0.0,1.0,0.0,0.0,0.45206,0.829787,0.033926,0.710057,0.002308,0.588814,0.400439,0.0
0.0,0.0,1.0,0.0,0.0,0.0,0.0,0.473519,0.191489,0.030353,0.234454,0.002046,0.251165,0.6,1.0
0.0,0.0,1.0,0.0,0.0,0.0,0.0,0.880802,0.170213,0.018014,0.08792,0.000841,0.202486,0.838158,0.0
0.0,0.0,0.0,1.0,0.0,0.0,0.0,0.013008,0.446809,0.041732,0.599226,0.003467,0.422915,0.414912,0.0
0.0,0.0,0.0,0.0,1.0,0.0,0.0,0.013982,0.106383,0.059865,0.346921,0.003467,0.422915,0.414912,0.0
0.0,0.0,0.0,0.0,0.0,0.0,1.0,0.455511,0.021277,0.060076,0.567093,0.004119,0.44174,0.506579,1.0
0.0,1.0,0.0,0.0,0.0,0.0,0.0,0.473475,0.893617,0.027651,0.421749,0.001857,0.331693,0.638158,0.0
0.0,1.0,0.0,0.0,0.0,0.0,0.0,0.429981,0.340426,0.151885,0.597888,0.003467,0.422915,0.414912,1.0
0.0,0.0,0.0,0.0,1.0,0.0,0.0,0.018274,0.297872,0.049508,0.392145,0.003467,0.422915,0.414912,1.0
0.0,0.0,0.0,0.0,0.0,0.0,1.0,0.017743,0.787234,0.070914,0.480512,0.003467,0.422915,0.414912,1.0
0.0,1.0,0.0,0.0,0.0,0.0,0.0,0.880404,0.0,0.029062,0.328622,0.001789,0.325997,0.74386,0.0
0.0,0.0,0.0,0.0,1.0,0.0,0.0,0.026282,0.723404,0.050498,0.408509,0.003467,0.422915,0.414912,0.0
0.0,0.0,0.0,0.0,0.0,0.0,1.0,0.902836,0.659574,0.054732,0.330705,0.003515,0.308389,0.782895,0.0
0.0,0.0,0.0,0.0,0.0,1.0,0.0,0.438874,0.510638,0.048337,0.319845,0.003467,0.422915,0.414912,0.0
0.0,0.0,0.0,1.0,0.0,0.0,0.0,0.45998,0.659574,0.030353,0.454032,0.002069,0.445624,0.33114,0.0
0.0,0.0,0.0,0.0,1.0,0.0,0.0,0.915712,0.234043,0.073346,0.405683,0.004958,0.402382,0.391667,1.0
1.0,0.0,0.0,0.0,0.0,0.0,0.0,0.442945,0.851064,0.05326,0.457602,0.003621,0.351631,0.489035,1.0
0.0,0.0,0.0,0.0,1.0,0.0,0.0,0.893854,0.510638,0.076318,0.617525,0.005108,0.749871,0.445614,1.0
0.0,1.0,0.0,0.0,0.0,0.0,0.0,0.871422,0.021277,0.027321,0.235942,0.000839,0.306577,0.754825,0.0
0.0,0.0,1.0,0.0,0.0,0.0,0.0,0.455644,0.851064,0.075177,0.731776,0.005118,0.566287,0.544737,1.0
0.0,1.0,0.0,0.0,0.0,0.0,0.0,0.017831,0.468085,0.083133,0.504612,0.003467,0.422915,0.414912,1.0
1.0,0.0,0.0,0.0,0.0,0.0,0.0,0.907836,0.191489,0.019485,0.088664,0.001278,0.137494,0.691228,0.0
0.0,0.0,0.0,0.0,0.0,0.0,1.0,0.433698,0.723404,0.046535,0.32044,0.003467,0.422915,0.414912,0.0
0.0,0.0,0.0,0.0,0.0,0.0,1.0,0.442326,0.191489,0.058725,0.07111,0.003467,0.422915,0.414912,1.0
0.0,1.0,0.0,0.0,0.0,0.0,0.0,0.464537,0.638298,0.06596,0.284588,0.004418,0.444329,0.473684,1.0
0.0,1.0,0.0,0.0,0.0,0.0,0.0,0.465156,0.595745,0.045905,0.453139,0.003085,0.494562,0.138158,1.0
0.0,0.0,0.0,0.0,1.0,0.0,0.0,0.876598,0.617021,0.030683,0.589557,0.00204,0.605127,0.514912,1.0
0.0,0.0,0.0,1.0,0.0,0.0,0.0,0.468917,0.0,0.027111,0.37355,0.001807,0.264112,0.596491,0.0
0.0,0.0,0.0,0.0,0.0,0.0,1.0,0.46936,0.553191,0.029092,0.343053,0.001921,0.260228,0.617105,0.0
0.0,0.0,0.0,0.0,1.0,0.0,0.0,0.867882,0.106383,0.024349,0.15903,0.001224,0.25479,0.814912,0.0
1.0,0.0,0.0,0.0,0.0,0.0,0.0,0.9035,0.446809,0.042783,0.358524,0.002713,0.17711,0.895614,1.0
1.0,0.0,0.0,0.0,0.0,0.0,0.0,0.907836,0.595745,0.02636,0.296043,0.001741,0.245987,0.684211,0.0
0.0,0.0,1.0,0.0,0.0,0.0,0.0,0.469183,0.170213,0.030653,0.155311,0.002,0.204039,0.711842,0.0
0.0,0.0,0.0,0.0,0.0,1.0,0.0,0.464404,0.021277,0.030023,0.399435,0.002042,0.345935,0.47807,1.0
0.0,0.0,1.0,0.0,0.0,0.0,0.0,0.8762,0.531915,0.027741,0.554299,0.001784,0.618074,0.590789,1.0
0.0,0.0,1.0,0.0,0.0,0.0,0.0,0.872395,0.297872,0.027981,0.475602,0.001695,0.528742,0.655702,0.0
0.0,0.0,0.0,0.0,0.0,0.0,1.0,0.880669,0.808511,0.037018,0.368789,0.002354,0.321595,0.718421,0.0
0.0,0.0,0.0,1.0,0.0,0.0,0.0,0.469846,0.957447,0.044914,0.499851,0.003012,0.339202,0.484649,0.0
0.0,0.0,0.0,0.0,1.0,0.0,0.0,0.429494,0.148936,0.067041,0.168253,0.003467,0.422915,0.414912,0.0
0.0,0.0,1.0,0.0,0.0,0.0,0.0,0.867174,0.0,0.035247,0.306308,0.002385,0.228379,0.412281,0.0
0.0,0.0,0.0,0.0,1.0,0.0,0.0,0.473298,0.021277,0.025189,0.297382,0.001699,0.28405,0.539474,0.0
0.0,0.0,0.0,1.0,0.0,0.0,0.0,0.872439,0.276596,0.034106,0.461321,0.002221,0.613413,0.467544,1.0
1.0,0.0,0.0,0.0,0.0,0.0,0.0,0.898898,0.659574,0.049267,0.289795,0.003137,0.313568,0.742105,0.0
0.0,0.0,0.0,0.0,1.0,0.0,0.0,0.000442,0.617021,0.13105,0.457751,0.003467,0.422915,0.414912,1.0
0.0,0.0,1.0,0.0,0.0,0.0,0.0,0.013274,0.0,0.087637,0.525439,0.003467,0.422915,0.414912,1.0
0.0,0.0,0.0,0.0,0.0,1.0,0.0,0.871599,0.87234,0.025429,0.433502,0.001606,0.421284,0.783333,0.0
0.0,0.0,1.0,0.0,0.0,0.0,0.0,0.451352,0.808511,0.040561,0.687742,0.002657,0.611082,0.668421,0.0
0.0,0.0,0.0,0.0,1.0,0.0,0.0,0.473607,0.021277,0.02648,0.298572,0.001791,0.312791,0.615789,0.0
0.0,0.0,0.0,1.0,0.0,0.0,0.0,8.8e-05,0.234043,0.047106,0.2169,0.003467,0.422915,0.414912,1.0
0.0,0.0,0.0,0.0,1.0,0.0,0.0,0.894474,0.595745,0.060136,0.555787,0.004061,0.658726,0.366228,0.0
0.0,0.0,0.0,0.0,0.0,0.0,1.0,0.884695,0.106383,0.029002,0.213478,0.001764,0.359399,0.65614,0.0
0.0,0.0,0.0,0.0,1.0,0.0,0.0,0.456351,0.574468,0.033325,0.503422,0.002227,0.55593,0.526754,0.0
0.0,0.0,0.0,0.0,0.0,1.0,0.0,0.867307,1.0,0.037078,0.367301,0.002061,0.329363,0.792982,1.0
1.0,0.0,0.0,0.0,0.0,0.0,0.0,0.000885,0.12766,0.081122,0.163047,0.003467,0.422915,0.414912,0.0
0.0,0.0,0.0,1.0,0.0,0.0,0.0,0.00438,0.170213,0.043533,0.186403,0.003467,0.422915,0.414912,0.0
0.0,0.0,0.0,0.0,1.0,0.0,0.0,0.911376,0.744681,0.044254,0.474859,0.002877,0.466598,0.581579,0.0
0.0,0.0,0.0,0.0,0.0,0.0,1.0,0.893633,0.212766,0.053321,0.232669,0.00275,0.238995,0.841667,0.0
1.0,0.0,0.0,0.0,0.0,0.0,0.0,0.030751,0.06383,0.050829,0.121392,0.003467,0.422915,0.414912,0.0
0.0,0.0,0.0,0.0,0.0,0.0,1.0,0.881288,0.106383,0.031764,0.198453,0.002088,0.267996,0.585526,1.0
0.0,1.0,0.0,0.0,0.0,0.0,0.0,0.473784,0.361702,0.032275,0.597441,0.002146,0.517866,0.478947,1.0
0.0,0.0,0.0,1.0,0.0,0.0,0.0,0.894429,0.680851,0.060136,0.565903,0.004123,0.622734,0.381579,0.0
0.0,0.0,0.0,1.0,0.0,0.0,0.0,0.460599,0.595745,0.030623,0.484528,0.002071,0.492232,0.490789,1.0
0.0,0.0,0.0,0.0,0.0,0.0,1.0,0.425291,0.382979,0.073826,0.321779,0.003467,0.422915,0.414912,1.0
1.0,0.0,0.0,0.0,0.0,0.0,0.0,0.871997,0.787234,0.035187,0.494644,0.002225,0.306577,0.890351,1.0
0.0,0.0,0.0,0.0,0.0,0.0,1.0,0.473696,0.531915,0.05257,0.486909,0.003488,0.40057,0.888158,1.0
0.0,0.0,0.0,0.0,0.0,0.0,1.0,0.013451,0.0,0.072175,0.437072,0.003467,0.422915,0.414912,0.0
1.0,0.0,0.0,0.0,0.0,0.0,0.0,0.013495,0.021277,0.041401,0.360458,0.003467,0.422915,0.414912,0.0
0.0,1.0,0.0,0.0,0.0,0.0,0.0,0.023096,0.893617,0.086015,0.375781,0.003467,0.422915,0.414912,0.0
0.0,0.0,0.0,0.0,1.0,0.0,0.0,0.893677,0.148936,0.029032,0.193395,0.001859,0.318747,0.780702,0.0
0.0,0.0,0.0,0.0,0.0,1.0,0.0,0.005398,0.085106,0.064519,0.351532,0.003467,0.422915,0.414912,0.0
1.0,0.0,0.0,0.0,0.0,0.0,0.0,0.425645,0.255319,0.067641,0.114698,0.003467,0.422915,0.414912,1.0
0.0,0.0,0.0,0.0,1.0,0.0,0.0,0.43883,0.87234,0.048337,0.309134,0.003467,0.422915,0.414912,0.0
0.0,0.0,0.0,0.0,0.0,0.0,1.0,0.912393,0.851064,0.044254,0.323862,0.002937,0.341792,0.566228,0.0
0.0,0.0,1.0,0.0,0.0,0.0,0.0,0.438742,0.340426,0.055512,0.457899,0.003467,0.422915,0.414912,0.0
0.0,0.0,0.0,0.0,0.0,0.0,1.0,0.428963,0.702128,0.058034,0.313895,0.003467,0.422915,0.414912,0.0
0.0,0.0,0.0,0.0,0.0,0.0,1.0,0.876997,0.595745,0.034136,0.389765,0.002264,0.265148,0.555263,1.0
0.0,0.0,0.0,0.0,1.0,0.0,0.0,0.473917,0.361702,0.029182,0.61812,0.001942,0.517607,0.558333,0.0
0.0,0.0,0.0,1.0,0.0,0.0,0.0,0.434184,0.659574,0.070524,0.585094,0.003467,0.422915,0.414912,0.0
1.0,0.0,0.0,0.0,0.0,0.0,0.0,0.876421,0.659574,0.028462,0.311812,0.000816,0.224754,0.732018,1.0
0.0,1.0,0.0,0.0,0.0,0.0,0.0,0.031724,0.87234,0.055242,0.32892,0.003467,0.422915,0.414912,0.0
0.0,0.0,0.0,0.0,0.0,1.0,0.0,0.022344,0.042553,0.046445,0.351681,0.003467,0.422915,0.414912,0.0
1.0,0.0,0.0,0.0,0.0,0.0,0.0,0.902571,0.042553,0.086826,0.268075,0.005999,0.441222,0.309649,1.0
1.0,0.0,0.0,0.0,0.0,0.0,0.0,0.902571,0.595745,0.05206,0.245463,0.003457,0.271103,0.573246,0.0
0.0,0.0,0.0,1.0,0.0,0.0,0.0,0.90704,0.702128,0.075477,0.47947,0.005245,0.743915,0.187719,1.0
0.0,0.0,0.0,0.0,0.0,1.0,0.0,0.871599,0.93617,0.027801,0.480214,0.001672,0.32755,0.884649,0.0
0.0,0.0,0.0,0.0,1.0,0.0,0.0,0.004425,0.595745,0.050168,0.478132,0.003467,0.422915,0.414912,0.0
0.0,0.0,1.0,0.0,0.0,0.0,0.0,0.031459,0.489362,0.066561,0.49643,0.003467,0.422915,0.414912,0.0
0.0,0.0,1.0,0.0,0.0,0.0,0.0,0.424494,0.06383,0.077489,0.123921,0.003467,0.422915,0.414912,1.0
0.0,0.0,0.0,1.0,0.0,0.0,0.0,0.885182,0.255319,0.047496,0.368789,0.003108,0.350337,0.582018,1.0
0.0,0.0,0.0,0.0,0.0,1.0,0.0,0.495686,0.808511,0.048757,0.450312,0.003411,0.494562,0.112719,1.0
0.0,0.0,0.0,0.0,1.0,0.0,0.0,0.02199,0.787234,0.056263,0.470842,0.003467,0.422915,0.414912,1.0
0.0,0.0,1.0,0.0,0.0,0.0,0.0,0.460555,1.0,0.033445,0.469057,0.002192,0.475919,0.690351,1.0
0.0,0.0,1.0,0.0,0.0,0.0,0.0,0.429406,0.765957,0.058364,0.444362,0.003467,0.422915,0.414912,0.0
0.0,0.0,0.0,0.0,1.0,0.0,0.0,0.442237,0.617021,0.058575,0.496132,0.003467,0.422915,0.414912,0.0
0.0,0.0,1.0,0.0,0.0,0.0,0.0,0.447325,0.297872,0.042632,0.599524,0.002808,0.516313,0.500439,0.0
0.0,0.0,0.0,0.0,1.0,0.0,0.0,0.898456,0.531915,0.089258,0.538381,0.005858,0.609788,0.342982,1.0
1.0,0.0,0.0,0.0,0.0,0.0,0.0,0.460157,0.06383,0.02645,0.24457,0.001759,0.328068,0.515351,0.0
0.0,0.0,0.0,0.0,0.0,1.0,0.0,0.017698,0.787234,0.051279,0.505951,0.003467,0.422915,0.414912,0.0
1.0,0.0,0.0,0.0,0.0,0.0,0.0,0.008893,0.170213,0.041582,0.168105,0.003467,0.422915,0.414912,0.0
0.0,0.0,0.0,0.0,1.0,0.0,0.0,0.893545,0.297872,0.050258,0.668551,0.003309,0.533402,0.639474,0.0
0.0,0.0,0.0,0.0,1.0,0.0,0.0,0.424583,0.212766,0.058394,0.144897,0.003467,0.422915,0.414912,1.0
0.0,0.0,0.0,1.0,0.0,0.0,0.0,0.013628,0.93617,0.045755,0.476198,0.003467,0.422915,0.414912,0.0
0.0,0.0,1.0,0.0,0.0,0.0,0.0,0.903279,0.212766,0.029753,0.195478,0.001961,0.23304,0.684649,0.0
0.0,1.0,0.0,0.0,0.0,0.0,0.0,0.429981,0.893617,0.06644,0.423088,0.003467,0.422915,0.414912,0.0
0.0,1.0,0.0,0.0,0.0,0.0,0.0,0.00031,0.87234,0.121713,0.508033,0.003467,0.422915,0.414912,0.0
0.0,0.0,1.0,0.0,0.0,0.0,0.0,0.894385,0.340426,0.07902,0.682089,0.005393,0.74029,0.341228,0.0
0.0,0.0,0.0,1.0,0.0,0.0,0.0,0.903633,0.851064,0.042843,0.461619,0.002921,0.417141,0.357456,0.0
1.0,0.0,0.0,0.0,0.0,0.0,0.0,0.456794,0.170213,0.021166,0.103689,0.001049,0.172708,0.804386,0.0
0.0,0.0,0.0,1.0,0.0,0.0,0.0,0.018229,0.042553,0.046866,0.37593,0.003467,0.422915,0.414912,0.0
0.0,0.0,0.0,0.0,1.0,0.0,0.0,0.866953,0.06383,0.030563,0.157394,0.002125,0.221906,0.712281,0.0
0.0,0.0,0.0,0.0,1.0,0.0,0.0,0.880581,0.957447,0.03975,0.411633,0.00258,0.323149,0.676754,1.0
0.0,0.0,0.0,0.0,0.0,1.0,0.0,0.894208,0.319149,0.076348,0.69875,0.005147,0.730709,0.419298,1.0
0.0,1.0,0.0,0.0,0.0,0.0,0.0,0.438697,0.893617,0.0532,0.386195,0.003467,0.422915,0.414912,0.0
0.0,0.0,0.0,0.0,1.0,0.0,0.0,0.469271,0.148936,0.028041,0.125855,0.001857,0.198084,0.588596,0.0
0.0,0.0,0.0,1.0,0.0,0.0,0.0,0.911641,0.893617,0.042632,0.398542,0.002831,0.381409,0.476316,0.0
0.0,0.0,1.0,0.0,0.0,0.0,0.0,0.889739,0.893617,0.065059,0.686105,0.00447,0.567582,0.502193,1.0
0.0,0.0,0.0,0.0,0.0,1.0,0.0,0.88558,0.106383,0.132581,0.296043,0.008575,0.397204,0.743421,1.0
0.0,0.0,0.0,0.0,0.0,0.0,1.0,0.424981,0.021277,0.055242,0.158733,0.003467,0.422915,0.414912,0.0
0.0,0.0,0.0,0.0,1.0,0.0,0.0,0.907393,0.787234,0.078179,0.542398,0.00532,0.539617,0.379386,1.0
0.0,0.0,0.0,0.0,1.0,0.0,0.0,0.008761,0.744681,0.117329,0.733413,0.003467,0.422915,0.414912,1.0
0.0,0.0,0.0,0.0,0.0,1.0,0.0,0.027255,0.12766,0.073826,0.124665,0.003467,0.422915,0.414912,0.0
0.0,0.0,0.0,0.0,1.0,0.0,0.0,0.911376,0.723404,0.044404,0.489735,0.0029,0.502071,0.568421,0.0
0.0,0.0,0.0,0.0,0.0,1.0,0.0,0.876643,0.148936,0.018284,0.158881,0.000841,0.267996,0.817982,0.0
0.0,1.0,0.0,0.0,0.0,0.0,0.0,0.446971,0.06383,0.0257,0.267926,0.001631,0.357069,0.704386,0.0
0.0,0.0,1.0,0.0,0.0,0.0,0.0,0.013274,0.12766,0.041582,0.265992,0.003467,0.422915,0.414912,0.0
1.0,0.0,0.0,0.0,0.0,0.0,0.0,0.027344,0.106383,0.047526,0.097739,0.003467,0.422915,0.414912,0.0
0.0,0.0,1.0,0.0,0.0,0.0,0.0,0.451661,0.978723,0.043293,0.593573,0.00286,0.535992,0.586404,1.0
0.0,0.0,1.0,0.0,0.0,0.0,0.0,0.008982,0.042553,0.091089,0.52172,0.003467,0.422915,0.414912,1.0
0.0,0.0,0.0,0.0,1.0,0.0,0.0,0.425202,0.765957,0.062748,0.370425,0.003467,0.422915,0.414912,0.0
0.0,0.0,0.0,0.0,0.0,1.0,0.0,0.464404,0.255319,0.029512,0.279976,0.002002,0.279907,0.430263,0.0
0.0,1.0,0.0,0.0,0.0,0.0,0.0,0.477988,1.0,0.038009,0.450759,0.002628,0.385552,0.292982,0.0
0.0,0.0,1.0,0.0,0.0,0.0,0.0,0.004336,0.106383,0.076108,0.263314,0.003467,0.422915,0.414912,1.0
0.0,0.0,0.0,0.0,1.0,0.0,0.0,0.871554,0.12766,0.018284,0.182535,0.000841,0.276541,0.886404,0.0
0.0,0.0,1.0,0.0,0.0,0.0,0.0,0.447635,0.212766,0.010688,0.276703,0.000677,0.229415,0.686404,0.0
0.0,0.0,0.0,1.0,0.0,0.0,0.0,0.44675,0.234043,0.030893,0.302886,0.001631,0.279389,0.765789,0.0
1.0,0.0,0.0,0.0,0.0,0.0,0.0,0.455865,0.382979,0.036538,0.549836,0.001834,0.242879,0.725439,0.0
0.0,0.0,0.0,0.0,0.0,0.0,1.0,0.903456,0.446809,0.069893,0.44332,0.003903,0.272139,0.783772,1.0
0.0,1.0,0.0,0.0,0.0,0.0,0.0,0.452237,0.404255,0.035817,0.698602,0.002424,0.59477,0.435526,1.0
0.0,0.0,0.0,0.0,0.0,1.0,0.0,0.005088,0.680851,0.075357,0.394228,0.003467,0.422915,0.414912,1.0
0.0,0.0,0.0,0.0,1.0,0.0,0.0,0.893854,0.829787,0.123544,0.836358,0.008126,0.709736,0.593421,1.0
0.0,0.0,0.0,0.0,0.0,0.0,1.0,0.452148,0.595745,0.033295,0.4277,0.002289,0.276541,0.487281,0.0
0.0,0.0,0.0,1.0,0.0,0.0,0.0,0.44737,0.93617,0.043323,0.63493,0.002846,0.447437,0.672807,0.0
0.0,0.0,0.0,0.0,1.0,0.0,0.0,0.017964,0.87234,0.076318,0.507289,0.003467,0.422915,0.414912,0.0
0.0,0.0,0.0,0.0,0.0,1.0,0.0,0.903411,0.234043,0.049718,0.26019,0.003126,0.330399,0.767982,0.0
0.0,0.0,0.0,1.0,0.0,0.0,0.0,0.001018,0.042553,0.077999,0.463106,0.003467,0.422915,0.414912,1.0
0.0,0.0,1.0,0.0,0.0,0.0,0.0,0.017875,0.340426,0.092951,0.536745,0.003467,0.422915,0.414912,1.0
0.0,1.0,0.0,0.0,0.0,0.0,0.0,0.44237,0.531915,0.064579,0.516067,0.004404,0.451838,0.500526,1.0
0.0,0.0,0.0,0.0,1.0,0.0,0.0,0.000133,0.765957,0.047586,0.53377,0.003467,0.422915,0.414912,0.0
0.0,0.0,0.0,0.0,0.0,1.0,0.0,0.907438,0.234043,0.050318,0.243231,0.003378,0.283791,0.527632,0.0
1.0,0.0,0.0,0.0,0.0,0.0,0.0,0.456484,0.468085,0.035967,0.463106,0.002391,0.366649,0.553947,1.0
0.0,1.0,0.0,0.0,0.0,0.0,0.0,0.017521,0.0,0.088657,0.522166,0.003467,0.422915,0.414912,1.0
0.0,0.0,1.0,0.0,0.0,0.0,0.0,0.022521,0.06383,0.056713,0.295448,0.003467,0.422915,0.414912,0.0
0.0,0.0,0.0,0.0,1.0,0.0,0.0,0.004425,0.978723,0.077249,0.535406,0.003467,0.422915,0.414912,1.0
0.0,0.0,0.0,0.0,1.0,0.0,0.0,0.906774,0.191489,0.030443,0.151592,0.002017,0.106163,0.677193,0.0
0.0,0.0,0.0,0.0,0.0,0.0,1.0,0.890226,0.468085,0.162904,0.584647,0.001786,0.4855,0.414912,1.0
0.0,1.0,0.0,0.0,0.0,0.0,0.0,0.880448,0.914894,0.033085,0.380244,0.002206,0.366649,0.489474,0.0
0.0,1.0,0.0,0.0,0.0,0.0,0.0,0.893722,0.042553,0.045875,0.333829,0.002879,0.399016,0.642982,1.0
0.0,0.0,0.0,0.0,0.0,0.0,1.0,0.452148,0.234043,0.033025,0.190122,0.001978,0.183843,0.635965,0.0
0.0,0.0,0.0,1.0,0.0,0.0,0.0,0.438476,0.659574,0.063468,0.511604,0.003467,0.422915,0.414912,1.0
0.0,0.0,0.0,0.0,1.0,0.0,0.0,0.911376,0.340426,0.059385,0.531687,0.003897,0.57535,0.535088,1.0
0.0,0.0,0.0,0.0,0.0,1.0,0.0,0.447768,0.234043,0.025219,0.323564,0.001599,0.268773,0.725,0.0
0.0,0.0,0.0,0.0,0.0,1.0,0.0,0.005088,1.0,0.042422,0.389021,0.003467,0.422915,0.414912,0.0
0.0,0.0,0.0,0.0,0.0,1.0,0.0,0.429229,0.255319,0.056593,0.207676,0.003467,0.422915,0.414912,0.0
0.0,0.0,0.0,0.0,0.0,0.0,1.0,0.889297,0.829787,0.028972,0.451503,0.001934,0.440963,0.574123,0.0
0.0,0.0,1.0,0.0,0.0,0.0,0.0,0.013893,0.021277,0.072895,0.558018,0.003467,0.422915,0.414912,0.0
1.0,0.0,0.0,0.0,0.0,0.0,0.0,0.902571,0.957447,0.053501,0.382773,0.003589,0.306059,0.500877,0.0
0.0,0.0,0.0,1.0,0.0,0.0,0.0,0.442193,0.361702,0.072595,0.499405,0.003467,0.422915,0.414912,1.0
0.0,0.0,0.0,1.0,0.0,0.0,0.0,0.00469,0.531915,0.120001,0.584499,0.003467,0.422915,0.414912,0.0
0.0,0.0,1.0,0.0,0.0,0.0,0.0,0.438742,0.829787,0.057614,0.466082,0.003467,0.422915,0.414912,0.0
1.0,0.0,0.0,0.0,0.0,0.0,0.0,0.464493,0.12766,0.025159,0.097292,0.001687,0.216468,0.598246,0.0
0.0,0.0,0.0,0.0,1.0,0.0,0.0,0.473917,0.425532,0.04005,0.636566,0.002657,0.53159,0.548684,1.0
0.0,0.0,0.0,0.0,0.0,0.0,1.0,0.867041,0.404255,0.034826,0.442874,0.002322,0.209736,0.814474,1.0
0.0,0.0,0.0,0.0,0.0,1.0,0.0,0.889562,0.574468,0.028942,0.526778,0.002052,0.573019,0.286404,0.0
0.0,0.0,0.0,0.0,1.0,0.0,0.0,0.02261,0.297872,0.049117,0.392443,0.003467,0.422915,0.414912,0.0
0.0,0.0,0.0,1.0,0.0,0.0,0.0,0.871731,0.12766,0.051609,0.237876,0.003342,0.322372,0.701754,0.0
0.0,0.0,0.0,0.0,0.0,1.0,0.0,0.871908,0.148936,0.035967,0.197114,0.00236,0.254272,0.754386,0.0
1.0,0.0,0.0,0.0,0.0,0.0,0.0,0.451883,0.723404,0.045094,0.575275,0.002896,0.363283,0.678947,0.0
1.0,0.0,0.0,0.0,0.0,0.0,0.0,0.018406,0.574468,0.089648,0.454924,0.003467,0.422915,0.414912,1.0
0.0,0.0,0.0,0.0,1.0,0.0,0.0,0.447104,0.957447,0.042032,0.595507,0.002767,0.414552,0.671491,0.0
1.0,0.0,0.0,0.0,0.0,0.0,0.0,0.893987,0.212766,0.031734,0.1928,0.001757,0.287675,0.831579,0.0
1.0,0.0,0.0,0.0,0.0,0.0,0.0,0.424716,0.87234,0.085985,0.372954,0.003467,0.422915,0.414912,0.0
0.0,0.0,1.0,0.0,0.0,0.0,0.0,0.907615,0.0,0.083253,0.440048,0.005631,0.477214,0.47807,1.0
0.0,0.0,0.0,0.0,0.0,0.0,1.0,0.452148,0.893617,0.033926,0.487801,0.002351,0.299327,0.470175,0.0
0.0,1.0,0.0,0.0,0.0,0.0,0.0,0.434096,0.085106,0.043383,0.171824,0.003467,0.422915,0.414912,0.0
0.0,0.0,0.0,0.0,0.0,0.0,1.0,0.433388,0.191489,0.041431,0.08316,0.003467,0.422915,0.414912,0.0
0.0,0.0,0.0,0.0,1.0,0.0,0.0,0.000442,0.765957,0.149634,0.592086,0.003467,0.422915,0.414912,1.0
0.0,0.0,0.0,0.0,0.0,0.0,1.0,0.469979,0.191489,0.032214,0.151889,0.002189,0.163905,0.534649,0.0
0.0,1.0,0.0,0.0,0.0,0.0,0.0,0.004911,0.574468,0.077669,0.510562,0.003467,0.422915,0.414912,0.0
0.0,0.0,1.0,0.0,0.0,0.0,0.0,0.447325,0.021277,0.042452,0.540018,0.002784,0.445883,0.652632,0.0
0.0,0.0,0.0,1.0,0.0,0.0,0.0,0.898721,0.12766,0.044164,0.280422,0.002719,0.379078,0.658772,0.0
0.0,0.0,0.0,0.0,0.0,1.0,0.0,0.004159,0.914894,0.043983,0.319399,0.003467,0.422915,0.414912,0.0
0.0,0.0,0.0,0.0,0.0,1.0,0.0,0.429539,0.0,0.051849,0.360458,0.003467,0.422915,0.414912,0.0
0.0,0.0,0.0,1.0,0.0,0.0,0.0,0.87151,0.0,0.036177,0.379946,0.001653,0.358364,0.791228,0.0
0.0,0.0,0.0,0.0,1.0,0.0,0.0,0.902748,0.212766,0.03888,0.208866,0.002522,0.289228,0.732895,0.0
0.0,1.0,0.0,0.0,0.0,0.0,0.0,0.876775,0.340426,0.034646,0.646385,0.002314,0.534697,0.512719,1.0
0.0,0.0,0.0,0.0,0.0,1.0,0.0,0.438565,0.382979,0.053381,0.441238,0.003467,0.422915,0.414912,0.0
0.0,0.0,0.0,0.0,0.0,1.0,0.0,0.447768,0.148936,0.008256,0.272538,0.000526,0.271362,0.472807,0.0
0.0,0.0,0.0,0.0,1.0,0.0,0.0,0.004734,0.361702,0.091059,0.641773,0.003467,0.422915,0.414912,0.0
0.0,0.0,0.0,1.0,0.0,0.0,0.0,0.460599,0.404255,0.038519,0.565159,0.002597,0.558001,0.442105,1.0
0.0,0.0,0.0,0.0,1.0,0.0,0.0,0.871554,0.212766,0.044013,0.339185,0.001996,0.351113,0.825,0.0
0.0,0.0,0.0,0.0,0.0,1.0,0.0,0.451794,0.234043,0.033566,0.36626,0.002196,0.337649,0.80307,0.0
0.0,0.0,0.0,1.0,0.0,0.0,0.0,0.464316,0.893617,0.02693,0.36269,0.00183,0.363283,0.501316,0.0
0.0,1.0,0.0,0.0,0.0,0.0,0.0,0.898633,0.446809,0.10499,0.671973,0.007067,0.658467,0.312281,1.0
0.0,0.0,0.0,0.0,1.0,0.0,0.0,0.008761,0.553191,0.117329,0.566796,0.003467,0.422915,0.414912,1.0
0.0,0.0,0.0,1.0,0.0,0.0,0.0,0.42976,0.361702,0.07845,0.593276,0.003467,0.422915,0.414912,1.0
0.0,0.0,0.0,0.0,0.0,0.0,1.0,0.018672,0.340426,0.070163,0.266141,0.003467,0.422915,0.414912,0.0
0.0,0.0,0.0,0.0,0.0,1.0,0.0,0.89912,0.042553,0.090489,0.489438,0.006026,0.537286,0.481579,1.0
0.0,0.0,0.0,1.0,0.0,0.0,0.0,0.907969,0.255319,0.230455,0.472627,0.01564,0.631797,0.373684,1.0
0.0,0.0,0.0,1.0,0.0,0.0,0.0,0.456307,0.234043,0.027111,0.310027,0.001803,0.326774,0.794298,0.0
1.0,0.0,0.0,0.0,0.0,0.0,0.0,0.027034,0.659574,0.109253,0.454329,0.003467,0.422915,0.414912,1.0
1.0,0.0,0.0,0.0,0.0,0.0,0.0,0.871997,0.510638,0.031734,0.517703,0.001695,0.271103,0.902193,0.0
1.0,0.0,0.0,0.0,0.0,0.0,0.0,0.433742,0.978723,0.068302,0.388872,0.003467,0.422915,0.414912,1.0
0.0,0.0,0.0,0.0,1.0,0.0,0.0,0.88089,0.893617,0.027141,0.388277,0.001786,0.423874,0.629825,0.0
1.0,0.0,0.0,0.0,0.0,0.0,0.0,0.433742,0.702128,0.072775,0.502678,0.003467,0.422915,0.414912,1.0
1.0,0.0,0.0,0.0,0.0,0.0,0.0,0.000575,0.085106,0.043833,0.184915,0.003467,0.422915,0.414912,0.0
0.0,1.0,0.0,0.0,0.0,0.0,0.0,0.004292,0.042553,0.059865,0.424427,0.003467,0.422915,0.414912,1.0
0.0,0.0,0.0,0.0,1.0,0.0,0.0,0.001062,0.574468,0.043983,0.458941,0.003467,0.422915,0.414912,0.0
0.0,0.0,0.0,0.0,1.0,0.0,0.0,0.465289,0.021277,0.045334,0.42889,0.003087,0.35448,0.323684,0.0
0.0,0.0,1.0,0.0,0.0,0.0,0.0,0.460865,0.12766,0.032214,0.237727,0.002194,0.267478,0.384211,0.0
0.0,0.0,0.0,0.0,1.0,0.0,0.0,0.001062,0.702128,0.044013,0.488843,0.003467,0.422915,0.414912,0.0
0.0,0.0,1.0,0.0,0.0,0.0,0.0,0.008982,0.638298,0.125796,0.568581,0.003467,0.422915,0.414912,1.0
0.0,0.0,0.0,0.0,0.0,1.0,0.0,0.014336,0.957447,0.073286,0.448825,0.003467,0.422915,0.414912,0.0
0.0,0.0,1.0,0.0,0.0,0.0,0.0,0.004336,0.744681,0.045244,0.67465,0.003467,0.422915,0.414912,0.0
0.0,0.0,0.0,0.0,0.0,1.0,0.0,0.456705,0.914894,0.030353,0.445701,0.002025,0.378042,0.697807,0.0
1.0,0.0,0.0,0.0,0.0,0.0,0.0,0.47436,0.680851,0.024979,0.231776,0.00166,0.199896,0.810965,0.0
1.0,0.0,0.0,0.0,0.0,0.0,0.0,0.018097,0.787234,0.083193,0.546117,0.003467,0.422915,0.414912,1.0
0.0,0.0,0.0,1.0,0.0,0.0,0.0,0.898721,0.638298,0.080041,0.542101,0.00517,0.554117,0.522368,0.0
0.0,0.0,0.0,1.0,0.0,0.0,0.0,0.880846,0.87234,0.028822,0.411336,0.00188,0.443811,0.676316,1.0
0.0,0.0,1.0,0.0,0.0,0.0,0.0,0.912216,0.595745,0.087396,0.509521,0.005985,0.589073,0.303947,1.0
0.0,0.0,0.0,0.0,1.0,0.0,0.0,0.447724,0.021277,0.040951,0.550283,0.002621,0.473071,0.667544,0.0
1.0,0.0,0.0,0.0,0.0,0.0,0.0,0.995575,0.978723,0.081302,0.406427,0.005312,0.401864,0.608333,1.0
1.0,0.0,0.0,0.0,0.0,0.0,0.0,0.877041,0.93617,0.038189,0.322821,0.002547,0.217763,0.478947,1.0
0.0,0.0,0.0,0.0,0.0,0.0,1.0,0.46936,0.212766,0.027231,0.149212,0.001807,0.197307,0.572368,0.0
0.0,0.0,0.0,0.0,1.0,0.0,0.0,0.894164,0.851064,0.075748,0.780422,0.005079,0.675039,0.531579,1.0
0.0,0.0,1.0,0.0,0.0,0.0,0.0,0.021902,0.617021,0.048487,0.442279,0.003467,0.422915,0.414912,0.0
0.0,0.0,0.0,0.0,0.0,0.0,1.0,0.442326,0.574468,0.061217,0.30125,0.003467,0.422915,0.414912,1.0
1.0,0.0,0.0,0.0,0.0,0.0,0.0,0.469404,0.87234,0.036238,0.308688,0.002403,0.275246,0.569298,1.0
0.0,1.0,0.0,0.0,0.0,0.0,0.0,0.013849,0.276596,0.096523,0.59878,0.003467,0.422915,0.414912,0.0
0.0,0.0,1.0,0.0,0.0,0.0,0.0,0.473829,0.06383,0.027711,0.207528,0.001861,0.35189,0.630702,0.0
0.0,1.0,0.0,0.0,0.0,0.0,0.0,0.460201,0.340426,0.047016,0.529158,0.003191,0.586225,0.237719,1.0
0.0,0.0,0.0,0.0,0.0,0.0,1.0,0.023008,0.787234,0.087697,0.38679,0.003467,0.422915,0.414912,1.0
1.0,0.0,0.0,0.0,0.0,0.0,0.0,0.442635,0.446809,0.101597,0.502231,0.006599,0.225531,0.716667,1.0
0.0,0.0,1.0,0.0,0.0,0.0,0.0,0.017875,0.851064,0.093011,0.518596,0.003467,0.422915,0.414912,1.0
0.0,1.0,0.0,0.0,0.0,0.0,0.0,0.911243,0.106383,0.036538,0.14698,0.002362,0.277059,0.708772,0.0
0.0,0.0,0.0,0.0,0.0,0.0,1.0,0.01407,0.170213,0.040591,0.135079,0.003467,0.422915,0.414912,0.0
0.0,0.0,0.0,0.0,0.0,0.0,1.0,0.885005,0.340426,0.06566,0.392294,0.00441,0.320818,0.469298,0.0
0.0,0.0,1.0,0.0,0.0,0.0,0.0,0.456263,0.723404,0.036027,0.584647,0.002457,0.607975,0.474561,0.0
1.0,0.0,0.0,0.0,0.0,0.0,0.0,0.425025,0.106383,0.055242,0.090598,0.003467,0.422915,0.414912,0.0
0.0,0.0,1.0,0.0,0.0,0.0,0.0,0.469183,0.404255,0.089738,0.56873,0.005847,0.519679,0.581579,1.0
0.0,0.0,0.0,0.0,0.0,0.0,1.0,0.022388,0.446809,0.069143,0.303184,0.003467,0.422915,0.414912,1.0
0.0,0.0,0.0,1.0,0.0,0.0,0.0,0.880846,0.212766,0.025489,0.168849,0.001624,0.254013,0.845175,0.0
0.0,0.0,0.0,0.0,0.0,0.0,1.0,0.469979,0.680851,0.029753,0.424874,0.002019,0.285085,0.504386,0.0
0.0,0.0,1.0,0.0,0.0,0.0,0.0,0.889739,0.382979,0.038219,0.700833,0.00264,0.704816,0.243421,0.0
0.0,0.0,0.0,1.0,0.0,0.0,0.0,0.982169,0.957447,0.059745,0.56501,0.002198,0.415588,0.562281,0.0
0.0,0.0,0.0,0.0,0.0,1.0,0.0,0.912039,0.148936,0.042272,0.175394,0.002769,0.240808,0.666667,0.0
0.0,0.0,0.0,0.0,1.0,0.0,0.0,0.45144,0.574468,0.039,0.572002,0.002642,0.685914,0.364474,0.0
0.0,0.0,0.0,0.0,0.0,1.0,0.0,0.876952,0.574468,0.035937,0.53972,0.002513,0.530295,0.242982,1.0
0.0,0.0,0.0,0.0,0.0,0.0,1.0,0.030707,0.531915,0.083794,0.284885,0.003467,0.422915,0.414912,1.0
0.0,0.0,0.0,0.0,0.0,0.0,1.0,0.008849,0.148936,0.041281,0.126004,0.003467,0.422915,0.414912,0.0
0.0,0.0,0.0,0.0,0.0,0.0,1.0,0.434627,0.978723,0.045785,0.250372,0.003467,0.422915,0.414912,0.0
0.0,0.0,0.0,0.0,0.0,1.0,0.0,0.005088,0.510638,0.071815,0.421898,0.003467,0.422915,0.414912,1.0
0.0,0.0,0.0,0.0,0.0,1.0,0.0,0.031901,0.553191,0.058394,0.273133,0.003467,0.422915,0.414912,0.0
1.0,0.0,0.0,0.0,0.0,0.0,0.0,0.894606,0.425532,0.097694,0.611871,0.006043,0.374676,0.701754,1.0
0.0,1.0,0.0,0.0,0.0,0.0,0.0,0.030795,0.191489,0.098895,0.207081,0.003467,0.422915,0.414912,1.0
0.0,0.0,0.0,0.0,1.0,0.0,0.0,0.442812,0.893617,0.053891,0.491669,0.003749,0.435267,0.315789,0.0
0.0,0.0,0.0,0.0,0.0,0.0,1.0,0.906863,0.404255,0.058214,0.418179,0.003866,0.280425,0.651316,0.0
0.0,0.0,1.0,0.0,0.0,0.0,0.0,0.461174,0.404255,0.031524,0.526629,0.002121,0.520197,0.415789,1.0
0.0,0.0,0.0,0.0,1.0,0.0,0.0,0.013053,0.851064,0.041582,0.561143,0.003467,0.422915,0.414912,0.0
0.0,1.0,0.0,0.0,0.0,0.0,0.0,0.434406,0.595745,0.051039,0.488545,0.003467,0.422915,0.414912,1.0
0.0,0.0,0.0,0.0,0.0,1.0,0.0,0.455776,0.787234,0.133752,0.717644,0.00942,0.642672,0.018421,1.0
0.0,1.0,0.0,0.0,0.0,0.0,0.0,0.898323,0.106383,0.049718,0.263612,0.003191,0.392284,0.737281,0.0
0.0,0.0,1.0,0.0,0.0,0.0,0.0,0.43445,0.723404,0.045605,0.460577,0.003467,0.422915,0.414912,0.0
0.0,0.0,1.0,0.0,0.0,0.0,0.0,0.46551,0.446809,0.055512,0.525588,0.003814,0.494303,0.342105,1.0
0.0,0.0,0.0,1.0,0.0,0.0,0.0,0.903013,0.87234,0.087366,0.553407,0.005887,0.548938,0.482018,1.0
0.0,0.0,0.0,1.0,0.0,0.0,0.0,0.867218,0.276596,0.034646,0.344689,0.002358,0.354221,0.462281,0.0
0.0,0.0,1.0,0.0,0.0,0.0,0.0,0.473209,0.787234,0.043053,0.590747,0.002919,0.320818,0.485965,0.0
0.0,0.0,1.0,0.0,0.0,0.0,0.0,0.438122,0.042553,0.060586,0.383666,0.003467,0.422915,0.414912,0.0
0.0,0.0,0.0,0.0,1.0,0.0,0.0,0.474227,0.617021,0.024919,0.196073,0.00166,0.105645,0.825439,0.0
1.0,0.0,0.0,0.0,0.0,0.0,0.0,0.004248,0.765957,0.048517,0.647426,0.003467,0.422915,0.414912,0.0
0.0,0.0,0.0,0.0,0.0,0.0,1.0,0.424671,0.148936,0.055242,0.041059,0.003467,0.422915,0.414912,0.0
0.0,0.0,1.0,0.0,0.0,0.0,0.0,0.867174,0.106383,0.02648,0.111723,0.001784,0.152771,0.522368,0.0
0.0,0.0,0.0,0.0,0.0,0.0,1.0,0.000221,0.808511,0.047256,0.366706,0.003467,0.422915,0.414912,0.0
0.0,0.0,0.0,0.0,0.0,0.0,1.0,0.018362,0.468085,0.069713,0.329664,0.003467,0.422915,0.414912,1.0
0.0,0.0,0.0,0.0,0.0,1.0,0.0,0.893589,0.212766,0.064129,0.326242,0.004073,0.353444,0.832018,0.0
0.0,0.0,1.0,0.0,0.0,0.0,0.0,0.43414,0.042553,0.044884,0.244273,0.003467,0.422915,0.414912,0.0
0.0,0.0,0.0,1.0,0.0,0.0,0.0,0.902703,0.851064,0.047376,0.539869,0.003184,0.551787,0.475,0.0
0.0,0.0,0.0,0.0,0.0,1.0,0.0,0.912349,0.255319,0.075387,0.426956,0.005172,0.553858,0.297807,1.0
0.0,0.0,0.0,0.0,0.0,1.0,0.0,0.018008,0.744681,0.069713,0.39512,0.003467,0.422915,0.414912,0.0
1.0,0.0,0.0,0.0,0.0,0.0,0.0,0.889341,0.680851,0.034766,0.412824,0.001934,0.329104,0.703509,1.0
0.0,1.0,0.0,0.0,0.0,0.0,0.0,0.00031,0.808511,0.179596,0.585242,0.003467,0.422915,0.414912,1.0
0.0,0.0,1.0,0.0,0.0,0.0,0.0,0.004956,0.489362,0.042572,0.549985,0.003467,0.422915,0.414912,0.0
0.0,1.0,0.0,0.0,0.0,0.0,0.0,0.031724,0.829787,0.055242,0.352127,0.003467,0.422915,0.414912,0.0
0.0,1.0,0.0,0.0,0.0,0.0,0.0,0.876156,0.659574,0.02678,0.512348,0.001703,0.292853,0.838596,1.0
0.0,0.0,0.0,0.0,0.0,0.0,1.0,0.442901,0.404255,0.056863,0.528265,0.003911,0.349819,0.440351,0.0
0.0,0.0,0.0,1.0,0.0,0.0,0.0,0.451706,0.06383,0.056743,0.49524,0.00388,0.515795,0.563158,1.0
0.0,0.0,0.0,0.0,0.0,0.0,1.0,0.02668,0.0,0.047526,0.225379,0.003467,0.422915,0.414912,0.0
0.0,0.0,0.0,0.0,1.0,0.0,0.0,0.45175,0.170213,0.032605,0.280125,0.002167,0.318229,0.785526,0.0
0.0,0.0,0.0,0.0,0.0,1.0,0.0,0.013716,0.085106,0.051549,0.323713,0.003467,0.422915,0.414912,1.0
0.0,0.0,0.0,1.0,0.0,0.0,0.0,0.018229,0.723404,0.043713,0.481702,0.003467,0.422915,0.414912,0.0
0.0,0.0,0.0,1.0,0.0,0.0,0.0,0.001018,0.893617,0.043983,0.514877,0.003467,0.422915,0.414912,0.0
0.0,0.0,0.0,1.0,0.0,0.0,0.0,0.026547,1.0,0.098775,0.418923,0.003467,0.422915,0.414912,1.0
0.0,0.0,0.0,1.0,0.0,0.0,0.0,0.452015,0.319149,0.087577,0.72166,0.006134,0.590886,0.349561,1.0
0.0,0.0,0.0,1.0,0.0,0.0,0.0,0.434184,0.829787,0.059625,0.500744,0.003467,0.422915,0.414912,0.0
0.0,0.0,0.0,0.0,0.0,1.0,0.0,0.456086,0.12766,0.034406,0.303779,0.002331,0.330399,0.645175,0.0
1.0,0.0,0.0,0.0,0.0,0.0,0.0,0.911818,0.255319,0.038309,0.148616,0.002484,0.14811,0.753947,0.0
0.0,0.0,1.0,0.0,0.0,0.0,0.0,0.893766,0.468085,0.073586,0.621095,0.004859,0.614448,0.435088,1.0
0.0,1.0,0.0,0.0,0.0,0.0,0.0,0.425379,0.829787,0.098775,0.475454,0.003467,0.422915,0.414912,1.0
0.0,0.0,0.0,0.0,1.0,0.0,0.0,0.876156,0.212766,0.063018,0.203808,0.004121,0.293112,0.671053,0.0
0.0,0.0,0.0,0.0,0.0,0.0,1.0,0.885005,0.702128,0.088567,0.405534,0.005837,0.318747,0.580263,1.0
0.0,0.0,1.0,0.0,0.0,0.0,0.0,0.425733,0.170213,0.060166,0.158881,0.003467,0.422915,0.414912,0.0
0.0,0.0,0.0,0.0,0.0,1.0,0.0,0.893589,0.851064,0.054251,0.712139,0.003585,0.573796,0.561842,0.0
0.0,0.0,0.0,0.0,0.0,1.0,0.0,0.881244,0.574468,0.029032,0.499851,0.001944,0.519679,0.525,0.0
0.0,0.0,0.0,0.0,0.0,1.0,0.0,0.866997,0.382979,0.035577,0.46266,0.002389,0.311497,0.673246,1.0
0.0,0.0,0.0,0.0,0.0,1.0,0.0,0.433653,0.978723,0.042032,0.294406,0.003467,0.422915,0.414912,0.0
0.0,0.0,0.0,0.0,0.0,1.0,0.0,0.022034,0.702128,0.060046,0.273431,0.003467,0.422915,0.414912,1.0
0.0,0.0,0.0,1.0,0.0,0.0,0.0,0.013937,0.021277,0.061967,0.560994,0.003467,0.422915,0.414912,0.0
0.0,0.0,1.0,0.0,0.0,0.0,0.0,0.000354,0.255319,0.121713,0.345284,0.003467,0.422915,0.414912,0.0
0.0,0.0,0.0,1.0,0.0,0.0,0.0,0.486837,0.0,0.059025,0.434841,0.004098,0.397462,0.271491,1.0
0.0,1.0,0.0,0.0,0.0,0.0,0.0,0.451307,0.340426,0.040231,0.614847,0.002534,0.55101,0.669737,1.0
1.0,0.0,0.0,0.0,0.0,0.0,0.0,0.885049,0.93617,0.0659,0.45418,0.00436,0.313309,0.591667,1.0
0.0,0.0,0.0,0.0,0.0,0.0,1.0,0.026371,0.489362,0.075718,0.279381,0.003467,0.422915,0.414912,1.0
0.0,0.0,0.0,1.0,0.0,0.0,0.0,0.915667,0.531915,0.106641,0.539423,0.007256,0.703521,0.291228,1.0
0.0,1.0,0.0,0.0,0.0,0.0,0.0,0.898943,0.404255,0.097784,0.6446,0.006462,0.647592,0.404386,1.0
0.0,0.0,0.0,1.0,0.0,0.0,0.0,0.013008,0.425532,0.048787,0.627641,0.003467,0.422915,0.414912,1.0
0.0,1.0,0.0,0.0,0.0,0.0,0.0,0.469448,0.595745,0.045905,0.484975,0.003081,0.475919,0.436404,1.0
0.0,0.0,0.0,0.0,1.0,0.0,0.0,0.907393,0.659574,0.076618,0.464594,0.005206,0.51709,0.332018,1.0
0.0,0.0,0.0,0.0,1.0,0.0,0.0,0.8812,0.12766,0.028942,0.185957,0.001762,0.312273,0.67807,0.0
0.0,0.0,1.0,0.0,0.0,0.0,0.0,0.867793,0.0,0.028161,0.353913,0.001049,0.347488,0.727193,1.0
0.0,1.0,0.0,0.0,0.0,0.0,0.0,0.872351,0.893617,0.028792,0.383963,0.000841,0.329622,0.69693,1.0
0.0,0.0,0.0,1.0,0.0,0.0,0.0,0.894739,0.042553,0.168188,0.572597,0.01129,0.577162,0.533772,1.0
0.0,0.0,0.0,0.0,0.0,1.0,0.0,0.473652,0.851064,0.027651,0.428741,0.001811,0.417141,0.620175,0.0
0.0,1.0,0.0,0.0,0.0,0.0,0.0,0.469758,0.340426,0.073076,0.570068,0.005083,0.52434,0.401754,1.0
0.0,1.0,0.0,0.0,0.0,0.0,0.0,0.451617,0.0,0.040231,0.444213,0.002175,0.432677,0.726316,1.0
0.0,0.0,0.0,0.0,0.0,0.0,1.0,0.031945,0.06383,0.055242,0.061291,0.003467,0.422915,0.414912,0.0
0.0,0.0,1.0,0.0,0.0,0.0,0.0,0.903279,0.106383,0.058334,0.249926,0.003851,0.341274,0.624561,0.0
0.0,0.0,0.0,0.0,1.0,0.0,0.0,0.0223,0.659574,0.087456,0.551622,0.003467,0.422915,0.414912,1.0
0.0,0.0,0.0,1.0,0.0,0.0,0.0,0.889253,0.787234,0.028942,0.602053,0.001973,0.612636,0.364035,0.0
0.0,0.0,0.0,0.0,1.0,0.0,0.0,0.446794,0.531915,0.043653,0.510711,0.002991,0.517866,0.478947,0.0
1.0,0.0,0.0,0.0,0.0,0.0,0.0,0.871377,0.680851,0.036898,0.436477,0.002387,0.481875,0.755702,1.0
0.0,1.0,0.0,0.0,0.0,0.0,0.0,0.44237,0.234043,0.042392,0.189527,0.003012,0.16986,0.500526,0.0
0.0,0.0,0.0,1.0,0.0,0.0,0.0,0.90704,0.255319,0.06575,0.323713,0.004483,0.424133,0.444737,0.0
1.0,0.0,0.0,0.0,0.0,0.0,0.0,0.9035,0.191489,0.023688,0.08554,0.001539,0.07535,0.763596,0.0
0.0,0.0,0.0,1.0,0.0,0.0,0.0,0.013937,1.0,0.075958,0.574531,0.003467,0.422915,0.414912,0.0
0.0,0.0,0.0,0.0,0.0,1.0,0.0,0.031282,0.425532,0.074817,0.37474,0.003467,0.422915,0.414912,1.0
1.0,0.0,0.0,0.0,0.0,0.0,0.0,0.03168,0.87234,0.054131,0.30482,0.003467,0.422915,0.414912,0.0
0.0,0.0,0.0,0.0,0.0,0.0,1.0,0.469979,0.978723,0.029092,0.325201,0.001961,0.287157,0.511842,0.0
0.0,1.0,0.0,0.0,0.0,0.0,0.0,0.907261,0.744681,0.162604,0.505356,0.010704,0.724495,0.436842,1.0
0.0,0.0,1.0,0.0,0.0,0.0,0.0,0.026503,0.12766,0.047526,0.145344,0.003467,0.422915,0.414912,0.0
0.0,0.0,0.0,0.0,0.0,1.0,0.0,0.880934,0.276596,0.028942,0.350937,0.00167,0.361989,0.691228,1.0
0.0,0.0,0.0,0.0,0.0,0.0,1.0,0.018672,0.574468,0.070163,0.315382,0.003467,0.422915,0.414912,1.0
0.0,0.0,1.0,0.0,0.0,0.0,0.0,0.433521,0.680851,0.055482,0.502678,0.003467,0.422915,0.414912,0.0
0.0,0.0,0.0,1.0,0.0,0.0,0.0,0.014247,0.595745,0.040591,0.490777,0.003467,0.422915,0.414912,0.0
0.0,0.0,0.0,1.0,0.0,0.0,0.0,0.013628,0.319149,0.041131,0.523802,0.003467,0.422915,0.414912,0.0
0.0,0.0,0.0,0.0,0.0,0.0,1.0,0.465378,0.914894,0.02636,0.280869,0.001759,0.273692,0.671053,0.0
0.0,0.0,0.0,0.0,0.0,0.0,1.0,0.893633,0.531915,0.094632,0.556977,0.005422,0.41507,0.679825,1.0
1.0,0.0,0.0,0.0,0.0,0.0,0.0,0.470023,0.978723,0.029723,0.291282,0.002214,0.267219,0.51886,1.0
0.0,0.0,0.0,0.0,1.0,0.0,0.0,0.447414,0.021277,0.042452,0.54939,0.002815,0.447695,0.610088,0.0
0.0,0.0,0.0,0.0,1.0,0.0,0.0,0.013053,0.148936,0.060496,0.234157,0.003467,0.422915,0.414912,1.0
0.0,0.0,0.0,0.0,1.0,0.0,0.0,0.894474,0.489362,0.057073,0.602946,0.003864,0.674003,0.422807,0.0
0.0,0.0,0.0,1.0,0.0,0.0,0.0,0.42976,0.234043,0.074577,0.375335,0.003467,0.422915,0.414912,1.0
0.0,0.0,0.0,0.0,0.0,1.0,0.0,0.000487,0.808511,0.099045,0.462362,0.003467,0.422915,0.414912,1.0
0.0,1.0,0.0,0.0,0.0,0.0,0.0,0.911862,0.553191,0.050318,0.51562,0.003384,0.555671,0.405263,1.0
0.0,0.0,0.0,1.0,0.0,0.0,0.0,0.894429,0.595745,0.060136,0.540315,0.004092,0.630761,0.388596,0.0
0.0,1.0,0.0,0.0,0.0,0.0,0.0,0.456219,0.361702,0.036838,0.560399,0.002518,0.632056,0.434211,1.0
0.0,0.0,0.0,0.0,0.0,1.0,0.0,0.018008,0.148936,0.064639,0.191758,0.003467,0.422915,0.414912,0.0
1.0,0.0,0.0,0.0,0.0,0.0,0.0,0.023052,0.489362,0.09217,0.492711,0.003467,0.422915,0.414912,1.0
0.0,0.0,0.0,0.0,1.0,0.0,0.0,0.455732,0.12766,0.033505,0.29634,0.002256,0.322372,0.789035,0.0
0.0,0.0,0.0,0.0,0.0,1.0,0.0,0.022344,0.446809,0.072475,0.385897,0.003467,0.422915,0.414912,1.0
1.0,0.0,0.0,0.0,0.0,0.0,0.0,0.017787,0.510638,0.083794,0.497322,0.003467,0.422915,0.414912,1.0
0.0,0.0,1.0,0.0,0.0,0.0,0.0,0.469493,0.085106,0.02657,0.166915,0.001768,0.288711,0.573684,0.0
0.0,0.0,0.0,1.0,0.0,0.0,0.0,0.894429,0.93617,0.060136,0.620202,0.004026,0.506214,0.564474,0.0
1.0,0.0,0.0,0.0,0.0,0.0,0.0,0.004557,0.12766,0.063648,0.147278,0.003467,0.422915,0.414912,0.0
0.0,1.0,0.0,0.0,0.0,0.0,0.0,0.447901,0.170213,0.0,0.182684,0.0,0.182548,0.522368,0.0
0.0,0.0,0.0,0.0,1.0,0.0,0.0,0.871554,0.191489,0.035097,0.259298,0.001674,0.301139,0.817105,0.0
0.0,1.0,0.0,0.0,0.0,0.0,0.0,0.009247,0.595745,0.103759,0.599226,0.003467,0.422915,0.414912,1.0
0.0,0.0,1.0,0.0,0.0,0.0,0.0,0.447016,0.723404,0.102498,0.733561,0.007156,0.669083,0.284211,1.0
0.0,0.0,0.0,1.0,0.0,0.0,0.0,0.898721,0.680851,0.088597,0.582267,0.005766,0.549974,0.564912,1.0
0.0,0.0,1.0,0.0,0.0,0.0,0.0,0.429406,0.340426,0.088237,0.561143,0.003467,0.422915,0.414912,1.0
0.0,0.0,0.0,0.0,0.0,1.0,0.0,0.495686,0.851064,0.033145,0.404344,0.002327,0.454946,0.177193,0.0
0.0,0.0,0.0,0.0,0.0,0.0,1.0,0.434627,0.744681,0.044314,0.271199,0.003467,0.422915,0.414912,0.0
0.0,0.0,0.0,0.0,1.0,0.0,0.0,0.460953,0.340426,0.063408,0.566796,0.004352,0.505438,0.367544,0.0
1.0,0.0,0.0,0.0,0.0,0.0,0.0,0.438653,0.617021,0.057884,0.5,0.003467,0.422915,0.414912,1.0
0.0,0.0,0.0,0.0,1.0,0.0,0.0,0.46436,0.148936,0.022817,0.138649,0.001531,0.198861,0.617982,0.0
1.0,0.0,0.0,0.0,0.0,0.0,0.0,0.907526,0.297872,0.023598,0.169592,0.001579,0.11419,0.817544,0.0
1.0,0.0,0.0,0.0,0.0,0.0,0.0,0.90319,0.723404,0.075748,0.353913,0.004587,0.24754,0.704386,1.0
0.0,1.0,0.0,0.0,0.0,0.0,0.0,0.009867,0.340426,0.060526,0.652633,0.003467,0.422915,0.414912,1.0
0.0,0.0,0.0,0.0,0.0,1.0,0.0,0.8985,0.489362,0.088777,0.543291,0.005879,0.599689,0.301316,1.0
1.0,0.0,0.0,0.0,0.0,0.0,0.0,0.871377,0.978723,0.028432,0.326986,0.001494,0.386846,0.814035,0.0
0.0,0.0,0.0,0.0,0.0,0.0,1.0,0.447193,0.425532,0.044013,0.565308,0.003047,0.437338,0.542544,0.0
0.0,0.0,0.0,0.0,0.0,1.0,0.0,0.903102,0.170213,0.045004,0.198007,0.00291,0.255308,0.726316,0.0
0.0,0.0,0.0,0.0,1.0,0.0,0.0,0.456042,0.297872,0.04005,0.597292,0.002779,0.515795,0.474123,0.0
0.0,0.0,0.0,1.0,0.0,0.0,0.0,0.01761,0.148936,0.057584,0.217941,0.003467,0.422915,0.414912,0.0
0.0,0.0,1.0,0.0,0.0,0.0,0.0,0.442724,0.765957,0.156719,0.702916,0.010193,0.65044,0.597807,1.0
0.0,0.0,0.0,0.0,1.0,0.0,0.0,0.02199,0.765957,0.057644,0.457156,0.003467,0.422915,0.414912,1.0
0.0,0.0,0.0,0.0,0.0,1.0,0.0,0.433963,0.021277,0.043533,0.279679,0.003467,0.422915,0.414912,0.0
0.0,0.0,0.0,1.0,0.0,0.0,0.0,0.442768,1.0,0.048937,0.481256,0.003328,0.430088,0.519737,0.0
0.0,0.0,1.0,0.0,0.0,0.0,0.0,0.903588,0.021277,0.063708,0.413121,0.004281,0.28638,0.627632,1.0
0.0,0.0,0.0,1.0,0.0,0.0,0.0,0.438166,0.085106,0.067942,0.254835,0.003467,0.422915,0.414912,0.0
0.0,0.0,0.0,0.0,1.0,0.0,0.0,0.460953,1.0,0.056593,0.527522,0.003565,0.44899,0.456579,1.0
1.0,0.0,0.0,0.0,0.0,0.0,0.0,0.885978,0.87234,0.038069,0.461172,0.002453,0.402123,0.732456,0.0
1.0,0.0,0.0,0.0,0.0,0.0,0.0,0.008584,0.829787,0.074817,0.705296,0.003467,0.422915,0.414912,1.0
1.0,0.0,0.0,0.0,0.0,0.0,0.0,0.47374,0.489362,0.050588,0.402856,0.001701,0.266701,0.728947,1.0
0.0,1.0,0.0,0.0,0.0,0.0,0.0,0.881067,0.12766,0.018284,0.117376,0.000858,0.245728,0.78114,0.0
1.0,0.0,0.0,0.0,0.0,0.0,0.0,0.022123,0.659574,0.073256,0.253198,0.003467,0.422915,0.414912,1.0
1.0,0.0,0.0,0.0,0.0,0.0,0.0,0.447237,0.170213,0.012459,0.150848,0.000818,0.19653,0.5,0.0
0.0,0.0,0.0,0.0,1.0,0.0,0.0,0.005354,0.191489,0.064519,0.20842,0.003467,0.422915,0.414912,0.0
0.0,0.0,0.0,0.0,0.0,0.0,1.0,0.86828,0.276596,0.029182,0.307647,0.001531,0.277576,0.792982,0.0
0.0,1.0,0.0,0.0,0.0,0.0,0.0,0.890315,0.553191,0.029873,0.601458,0.002125,0.643708,0.357018,0.0
0.0,0.0,0.0,1.0,0.0,0.0,0.0,0.469537,0.319149,0.044524,0.480661,0.002973,0.483169,0.433333,1.0
0.0,0.0,0.0,0.0,1.0,0.0,0.0,0.45175,0.531915,0.033626,0.586135,0.002233,0.625842,0.439474,0.0
0.0,1.0,0.0,0.0,0.0,0.0,0.0,0.876156,0.06383,0.022157,0.137757,0.000881,0.264889,0.834649,0.0
0.0,0.0,1.0,0.0,0.0,0.0,0.0,0.894075,0.148936,0.048037,0.299018,0.003037,0.41999,0.692982,0.0
0.0,0.0,0.0,0.0,0.0,1.0,0.0,0.447768,0.042553,0.042422,0.517108,0.002754,0.496634,0.529825,0.0
0.0,0.0,1.0,0.0,0.0,0.0,0.0,0.885138,0.021277,0.041161,0.487801,0.002721,0.363801,0.585965,0.0
0.0,0.0,0.0,0.0,0.0,0.0,1.0,0.473696,0.297872,0.028161,0.361797,0.001865,0.353444,0.821053,0.0
0.0,0.0,0.0,0.0,0.0,0.0,1.0,0.447193,0.446809,0.043023,0.53258,0.002958,0.418177,0.582895,0.0
0.0,0.0,0.0,0.0,0.0,0.0,1.0,0.447502,0.191489,0.011979,0.216305,0.000781,0.215432,0.551754,0.0
0.0,0.0,0.0,0.0,0.0,1.0,0.0,0.437945,0.297872,0.049868,0.222255,0.003467,0.422915,0.414912,0.0
0.0,0.0,0.0,0.0,1.0,0.0,0.0,0.027211,0.191489,0.074817,0.201577,0.003467,0.422915,0.414912,1.0
0.0,1.0,0.0,0.0,0.0,0.0,0.0,0.027078,0.829787,0.05215,0.410741,0.003467,0.422915,0.414912,0.0
0.0,1.0,0.0,0.0,0.0,0.0,0.0,0.474094,0.851064,0.035937,0.479024,0.002447,0.315898,0.635526,0.0
1.0,0.0,0.0,0.0,0.0,0.0,0.0,0.018097,0.829787,0.056263,0.467718,0.003467,0.422915,0.414912,0.0
0.0,0.0,1.0,0.0,0.0,0.0,0.0,0.898058,0.787234,0.085445,0.782059,0.005638,0.67478,0.574561,1.0
0.0,0.0,0.0,0.0,0.0,0.0,1.0,0.451529,0.702128,0.038669,0.544035,0.002356,0.379596,0.726316,0.0
0.0,0.0,0.0,0.0,1.0,0.0,0.0,0.455732,0.234043,0.033055,0.312258,0.002169,0.280684,0.868421,0.0
0.0,0.0,0.0,1.0,0.0,0.0,0.0,0.89381,0.276596,0.049958,0.519488,0.003336,0.480062,0.490789,0.0
0.0,1.0,0.0,0.0,0.0,0.0,0.0,0.439007,0.914894,0.053321,0.349598,0.003467,0.422915,0.414912,0.0
0.0,0.0,0.0,1.0,0.0,0.0,0.0,0.000398,0.106383,0.077999,0.261232,0.003467,0.422915,0.414912,0.0
0.0,0.0,0.0,0.0,0.0,1.0,0.0,0.91142,0.425532,0.050468,0.526927,0.003353,0.574573,0.454386,1.0
0.0,0.0,0.0,0.0,0.0,0.0,1.0,0.022079,0.404255,0.056263,0.317465,0.003467,0.422915,0.414912,0.0
0.0,0.0,0.0,0.0,0.0,1.0,0.0,0.867307,0.425532,0.044344,0.516364,0.002995,0.494821,0.455702,1.0
0.0,0.0,0.0,0.0,0.0,1.0,0.0,0.893899,0.042553,0.11907,0.569325,0.007759,0.576644,0.597807,1.0
0.0,1.0,0.0,0.0,0.0,0.0,0.0,0.90757,0.595745,0.090068,0.542696,0.005881,0.57276,0.461404,1.0
0.0,0.0,0.0,0.0,1.0,0.0,0.0,0.866953,0.531915,0.032515,0.361351,0.002185,0.273433,0.703509,0.0
0.0,0.0,0.0,1.0,0.0,0.0,0.0,0.013318,0.148936,0.050168,0.244719,0.003467,0.422915,0.414912,0.0
0.0,0.0,0.0,0.0,1.0,0.0,0.0,0.437901,0.489362,0.061817,0.501934,0.003467,0.422915,0.414912,1.0
1.0,0.0,0.0,0.0,0.0,0.0,0.0,0.022742,0.659574,0.088117,0.423981,0.003467,0.422915,0.414912,1.0
0.0,0.0,0.0,0.0,0.0,1.0,0.0,0.460068,0.787234,0.032184,0.578399,0.002169,0.538322,0.394737,1.0
1.0,0.0,0.0,0.0,0.0,0.0,0.0,0.907526,0.914894,0.033686,0.35778,0.002206,0.298809,0.639474,0.0
1.0,0.0,0.0,0.0,0.0,0.0,0.0,0.456484,1.0,0.034766,0.42651,0.002327,0.41015,0.455263,1.0
1.0,0.0,0.0,0.0,0.0,0.0,0.0,0.460776,0.595745,0.030023,0.329515,0.002052,0.158467,0.505263,0.0
0.0,0.0,0.0,0.0,0.0,1.0,0.0,0.885271,0.12766,0.027831,0.217644,0.001822,0.274469,0.693421,0.0
0.0,0.0,1.0,0.0,0.0,0.0,0.0,0.424494,0.531915,0.056923,0.170039,0.003467,0.422915,0.414912,0.0
0.0,0.0,0.0,0.0,0.0,1.0,0.0,0.013097,0.234043,0.049538,0.175989,0.003467,0.422915,0.414912,1.0
0.0,0.0,0.0,0.0,0.0,0.0,1.0,0.451529,0.0,0.041702,0.569176,0.002831,0.51709,0.585965,0.0
0.0,0.0,0.0,1.0,0.0,0.0,0.0,0.907969,0.617021,0.043983,0.455817,0.003135,0.540653,0.324123,0.0
0.0,1.0,0.0,0.0,0.0,0.0,0.0,0.447901,0.06383,0.029182,0.293365,0.001855,0.374935,0.716228,0.0
0.0,0.0,0.0,0.0,0.0,0.0,1.0,0.434317,0.021277,0.042032,0.171824,0.003467,0.422915,0.414912,0.0
0.0,1.0,0.0,0.0,0.0,0.0,0.0,0.439007,0.212766,0.047766,0.176733,0.003467,0.422915,0.414912,0.0
0.0,0.0,0.0,0.0,1.0,0.0,0.0,0.46467,0.574468,0.07917,0.445998,0.005463,0.495339,0.216667,1.0
0.0,0.0,0.0,1.0,0.0,0.0,0.0,0.894739,0.744681,0.192807,0.927849,0.01243,0.850078,0.532456,1.0
0.0,0.0,1.0,0.0,0.0,0.0,0.0,0.446706,0.829787,0.126606,0.726272,0.00855,0.584671,0.541228,1.0
0.0,0.0,0.0,0.0,0.0,0.0,1.0,0.442326,0.914894,0.049508,0.28191,0.003467,0.422915,0.414912,0.0
0.0,0.0,0.0,1.0,0.0,0.0,0.0,0.01761,0.382979,0.104089,0.559655,0.003467,0.422915,0.414912,1.0
0.0,0.0,0.0,1.0,0.0,0.0,0.0,0.456617,0.340426,0.038729,0.667807,0.002617,0.638788,0.51886,1.0
1.0,0.0,0.0,0.0,0.0,0.0,0.0,0.429008,0.148936,0.055242,0.109491,0.003467,0.422915,0.414912,0.0
1.0,0.0,0.0,0.0,0.0,0.0,0.0,0.995575,0.87234,0.085175,0.48557,0.005484,0.414552,0.675,1.0
0.0,1.0,0.0,0.0,0.0,0.0,0.0,0.97332,0.234043,0.083103,0.274621,0.005388,0.303729,0.687719,0.0
1.0,0.0,0.0,0.0,0.0,0.0,0.0,0.027344,0.021277,0.048487,0.184766,0.003467,0.422915,0.414912,0.0
0.0,0.0,0.0,0.0,0.0,0.0,1.0,0.031636,0.851064,0.068482,0.345135,0.003467,0.422915,0.414912,1.0
0.0,0.0,0.0,0.0,0.0,1.0,0.0,0.89881,0.702128,0.056323,0.522166,0.003687,0.554117,0.55,0.0
0.0,0.0,0.0,0.0,0.0,1.0,0.0,0.469316,0.148936,0.027981,0.139393,0.001857,0.211807,0.562281,0.0
0.0,0.0,1.0,0.0,0.0,0.0,0.0,0.894385,0.106383,0.058424,0.343945,0.003874,0.461678,0.620614,0.0
0.0,1.0,0.0,0.0,0.0,0.0,0.0,0.447591,0.765957,0.087907,0.830705,0.006026,0.679959,0.273246,1.0
0.0,0.0,0.0,0.0,0.0,0.0,1.0,0.005442,0.638298,0.054612,0.297084,0.003467,0.422915,0.414912,0.0
0.0,0.0,0.0,0.0,0.0,0.0,1.0,0.018052,0.978723,0.069713,0.346623,0.003467,0.422915,0.414912,1.0
0.0,0.0,0.0,0.0,0.0,1.0,0.0,0.424937,0.510638,0.074517,0.317465,0.003467,0.422915,0.414912,0.0
0.0,0.0,1.0,0.0,0.0,0.0,0.0,0.429096,0.851064,0.083193,0.407468,0.003467,0.422915,0.414912,1.0
0.0,0.0,0.0,0.0,1.0,0.0,0.0,0.433609,0.319149,0.083283,0.49643,0.003467,0.422915,0.414912,1.0
0.0,0.0,0.0,1.0,0.0,0.0,0.0,0.424848,0.978723,0.076138,0.372211,0.003467,0.422915,0.414912,1.0
0.0,0.0,0.0,0.0,1.0,0.0,0.0,0.424893,0.170213,0.06584,0.114252,0.003467,0.422915,0.414912,1.0
0.0,0.0,0.0,0.0,0.0,0.0,1.0,0.451219,0.808511,0.041492,0.669444,0.0027,0.470999,0.674123,0.0
0.0,0.0,0.0,1.0,0.0,0.0,0.0,0.022565,0.106383,0.043653,0.197263,0.003467,0.422915,0.414912,0.0
0.0,0.0,1.0,0.0,0.0,0.0,0.0,0.008982,0.765957,0.179236,0.84335,0.003467,0.422915,0.414912,1.0
0.0,0.0,1.0,0.0,0.0,0.0,0.0,0.004336,0.510638,0.045244,0.502083,0.003467,0.422915,0.414912,0.0
1.0,0.0,0.0,0.0,0.0,0.0,0.0,0.907836,0.808511,0.043803,0.399286,0.002933,0.343863,0.541667,1.0
0.0,0.0,0.0,1.0,0.0,0.0,0.0,0.87182,0.021277,0.029242,0.293216,0.001685,0.34956,0.750439,1.0
0.0,0.0,0.0,0.0,0.0,0.0,1.0,0.438919,0.680851,0.048037,0.242636,0.003467,0.422915,0.414912,0.0
0.0,0.0,0.0,0.0,0.0,1.0,0.0,0.425556,0.319149,0.076108,0.344094,0.003467,0.422915,0.414912,1.0
0.0,0.0,0.0,0.0,0.0,0.0,1.0,0.876997,0.914894,0.029542,0.332342,0.001934,0.208182,0.616667,0.0
0.0,0.0,0.0,0.0,0.0,1.0,0.0,0.894518,0.787234,0.084935,0.789646,0.005673,0.719834,0.504825,1.0
0.0,0.0,0.0,0.0,0.0,1.0,0.0,0.437945,1.0,0.046445,0.292324,0.003467,0.422915,0.414912,0.0
0.0,0.0,0.0,1.0,0.0,0.0,0.0,0.460289,0.659574,0.03972,0.465933,0.002738,0.508545,0.274561,1.0
0.0,0.0,0.0,1.0,0.0,0.0,0.0,0.885492,0.829787,0.040261,0.571705,0.002775,0.606163,0.353947,1.0
0.0,0.0,1.0,0.0,0.0,0.0,0.0,0.46551,0.170213,0.02591,0.157394,0.001743,0.205852,0.634649,0.0
0.0,0.0,0.0,0.0,0.0,1.0,0.0,0.456086,0.106383,0.048607,0.35659,0.003394,0.378042,0.559211,1.0
0.0,0.0,1.0,0.0,0.0,0.0,0.0,0.030839,0.489362,0.119491,0.567093,0.003467,0.422915,0.414912,1.0
0.0,0.0,1.0,0.0,0.0,0.0,0.0,0.438432,0.574468,0.061247,0.484231,0.003467,0.422915,0.414912,1.0
0.0,0.0,1.0,0.0,0.0,0.0,0.0,0.464581,0.87234,0.046836,0.487057,0.003209,0.420766,0.341667,0.0
0.0,0.0,0.0,0.0,0.0,0.0,1.0,0.885315,0.765957,0.082293,0.548646,0.005469,0.489125,0.667982,1.0
0.0,0.0,0.0,0.0,0.0,0.0,1.0,0.906863,0.489362,0.047256,0.386343,0.003168,0.257639,0.709211,0.0
0.0,1.0,0.0,0.0,0.0,0.0,0.0,0.867439,0.765957,0.02612,0.470544,0.001699,0.535992,0.665789,0.0
0.0,0.0,0.0,0.0,1.0,0.0,0.0,0.894164,0.106383,0.062748,0.39884,0.004111,0.483169,0.704825,0.0
0.0,0.0,0.0,1.0,0.0,0.0,0.0,0.87151,0.319149,0.02606,0.581523,0.001674,0.530036,0.700877,0.0
0.0,1.0,0.0,0.0,0.0,0.0,0.0,0.446662,0.468085,0.101327,0.628682,0.007169,0.624029,0.257895,1.0
0.0,0.0,0.0,0.0,1.0,0.0,0.0,0.005354,0.0,0.091209,0.54463,0.003467,0.422915,0.414912,1.0
0.0,1.0,0.0,0.0,0.0,0.0,0.0,0.867749,0.404255,0.027951,0.57468,0.001797,0.520456,0.708772,0.0
0.0,0.0,1.0,0.0,0.0,0.0,0.0,0.031149,0.574468,0.074757,0.479768,0.003467,0.422915,0.414912,1.0
1.0,0.0,0.0,0.0,0.0,0.0,0.0,0.912128,0.382979,0.044284,0.373252,0.002904,0.270844,0.704825,1.0
0.0,0.0,0.0,0.0,0.0,1.0,0.0,0.889562,0.446809,0.03894,0.584201,0.002719,0.610047,0.284211,1.0
0.0,0.0,1.0,0.0,0.0,0.0,0.0,0.017566,0.319149,0.099496,0.577358,0.003467,0.422915,0.414912,1.0
0.0,0.0,0.0,0.0,1.0,0.0,0.0,0.893545,0.319149,0.094182,0.76867,0.006128,0.600984,0.660526,0.0
0.0,0.0,0.0,0.0,0.0,0.0,1.0,0.906863,0.510638,0.044824,0.384261,0.002941,0.247799,0.704386,0.0
0.0,0.0,0.0,1.0,0.0,0.0,0.0,0.456617,0.765957,0.040351,0.72404,0.002736,0.677369,0.468421,1.0
0.0,0.0,0.0,0.0,0.0,1.0,0.0,0.474271,0.893617,0.032725,0.328176,0.002173,0.120922,0.852632,1.0
0.0,0.0,0.0,0.0,0.0,1.0,0.0,0.447148,0.829787,0.044104,0.632252,0.003112,0.560331,0.357456,0.0
0.0,0.0,0.0,1.0,0.0,0.0,0.0,0.013937,0.255319,0.067671,0.440494,0.003467,0.422915,0.414912,1.0
0.0,0.0,0.0,0.0,1.0,0.0,0.0,0.018274,0.446809,0.101777,0.529009,0.003467,0.422915,0.414912,1.0
0.0,0.0,1.0,0.0,0.0,0.0,0.0,0.451352,0.382979,0.04011,0.705742,0.002603,0.64552,0.617544,0.0
1.0,0.0,0.0,0.0,0.0,0.0,0.0,0.907216,0.425532,0.076438,0.38679,0.004655,0.31564,0.773684,0.0
0.0,0.0,0.0,0.0,0.0,1.0,0.0,0.872218,0.595745,0.033205,0.680303,0.000995,0.511911,0.805702,0.0
0.0,0.0,0.0,0.0,0.0,0.0,1.0,0.872572,0.06383,0.033806,0.205296,0.000889,0.316416,0.725439,1.0
0.0,1.0,0.0,0.0,0.0,0.0,0.0,0.429671,0.914894,0.067341,0.456263,0.003467,0.422915,0.414912,0.0
0.0,0.0,0.0,1.0,0.0,0.0,0.0,0.001018,0.106383,0.077999,0.29396,0.003467,0.422915,0.414912,1.0
0.0,0.0,0.0,1.0,0.0,0.0,0.0,0.889164,0.404255,0.028942,0.608896,0.002021,0.65044,0.328947,0.0
1.0,0.0,0.0,0.0,0.0,0.0,0.0,0.465422,0.87234,0.027711,0.308093,0.001859,0.25971,0.64386,1.0
0.0,0.0,0.0,1.0,0.0,0.0,0.0,0.425158,0.170213,0.056923,0.138203,0.003467,0.422915,0.414912,0.0
0.0,0.0,0.0,0.0,1.0,0.0,0.0,0.0223,0.404255,0.088928,0.582118,0.003467,0.422915,0.414912,1.0
0.0,0.0,0.0,1.0,0.0,0.0,0.0,0.907969,0.319149,0.090489,0.518893,0.006232,0.655878,0.277193,1.0
0.0,0.0,0.0,0.0,0.0,0.0,1.0,0.433388,0.617021,0.049838,0.313151,0.003467,0.422915,0.414912,0.0
0.0,0.0,0.0,1.0,0.0,0.0,0.0,0.001018,0.617021,0.043833,0.458941,0.003467,0.422915,0.414912,0.0
0.0,0.0,0.0,1.0,0.0,0.0,0.0,0.45998,0.702128,0.033415,0.480512,0.002297,0.460901,0.301316,0.0
0.0,0.0,0.0,0.0,0.0,0.0,1.0,0.893633,0.361702,0.078269,0.626748,0.005019,0.440704,0.716667,1.0
1.0,0.0,0.0,0.0,0.0,0.0,0.0,0.894297,0.829787,0.068452,0.627194,0.004516,0.529001,0.606579,1.0
0.0,0.0,0.0,0.0,0.0,1.0,0.0,0.433653,0.574468,0.068092,0.364772,0.003467,0.422915,0.414912,1.0
0.0,0.0,0.0,1.0,0.0,0.0,0.0,0.473253,0.446809,0.029362,0.585838,0.002819,0.464267,0.333333,0.0
0.0,0.0,0.0,1.0,0.0,0.0,0.0,0.442193,0.382979,0.091269,0.538381,0.003467,0.422915,0.414912,1.0
0.0,0.0,0.0,0.0,0.0,1.0,0.0,0.894518,0.446809,0.083734,0.700684,0.005661,0.741326,0.412719,1.0
0.0,0.0,0.0,0.0,1.0,0.0,0.0,0.871554,0.085106,0.024138,0.195924,0.000841,0.318229,0.798684,0.0
1.0,0.0,0.0,0.0,0.0,0.0,0.0,0.447547,0.914894,0.0399,0.494942,0.002673,0.331693,0.596491,1.0
0.0,0.0,1.0,0.0,0.0,0.0,0.0,0.031459,0.510638,0.06611,0.49033,0.003467,0.422915,0.414912,0.0
1.0,0.0,0.0,0.0,0.0,0.0,0.0,0.460157,0.595745,0.025639,0.293663,0.001703,0.235888,0.644737,0.0
1.0,0.0,0.0,0.0,0.0,0.0,0.0,0.898898,0.957447,0.058244,0.463999,0.003619,0.364319,0.675,1.0
0.0,0.0,1.0,0.0,0.0,0.0,0.0,0.425114,0.06383,0.058394,0.189229,0.003467,0.422915,0.414912,0.0
0.0,0.0,0.0,0.0,0.0,0.0,1.0,0.022388,0.170213,0.061277,0.050878,0.003467,0.422915,0.414912,0.0
0.0,0.0,1.0,0.0,0.0,0.0,0.0,0.911287,0.978723,0.114717,0.465635,0.00683,0.353962,0.717982,1.0
0.0,0.0,0.0,0.0,0.0,0.0,1.0,0.46936,0.93617,0.030413,0.320887,0.002009,0.213361,0.705702,0.0
0.0,0.0,0.0,1.0,0.0,0.0,0.0,0.008716,0.87234,0.10475,0.648468,0.003467,0.422915,0.414912,1.0
1.0,0.0,0.0,0.0,0.0,0.0,0.0,0.876731,0.531915,0.030713,0.458792,0.001948,0.45624,0.65307,1.0
0.0,0.0,0.0,0.0,0.0,1.0,0.0,0.876643,0.87234,0.025279,0.414014,0.001691,0.39798,0.596053,0.0
0.0,1.0,0.0,0.0,0.0,0.0,0.0,0.009867,0.0,0.094332,0.542696,0.003467,0.422915,0.414912,1.0
0.0,0.0,0.0,0.0,0.0,0.0,1.0,0.434627,0.319149,0.061967,0.208123,0.003467,0.422915,0.414912,1.0
0.0,0.0,0.0,0.0,0.0,0.0,1.0,0.889607,0.191489,0.028942,0.177031,0.001863,0.283273,0.762719,0.0
0.0,1.0,0.0,0.0,0.0,0.0,0.0,0.455909,0.382979,0.095863,0.720173,0.006635,0.666235,0.337719,1.0
0.0,0.0,0.0,1.0,0.0,0.0,0.0,0.889253,0.0,0.03975,0.468759,0.002482,0.397204,0.69693,1.0
0.0,0.0,0.0,1.0,0.0,0.0,0.0,0.031193,0.510638,0.074817,0.50238,0.003467,0.422915,0.414912,0.0
0.0,0.0,0.0,1.0,0.0,0.0,0.0,0.451706,0.914894,0.033626,0.638947,0.002256,0.495857,0.657456,0.0
0.0,0.0,0.0,1.0,0.0,0.0,0.0,0.885492,0.148936,0.028251,0.161708,0.001813,0.280425,0.772368,0.0
0.0,0.0,0.0,0.0,1.0,0.0,0.0,0.008761,0.510638,0.125796,0.597292,0.003467,0.422915,0.414912,1.0
0.0,0.0,0.0,0.0,1.0,0.0,0.0,0.014291,0.340426,0.056263,0.606367,0.003467,0.422915,0.414912,1.0
0.0,0.0,0.0,1.0,0.0,0.0,0.0,0.880846,0.340426,0.029392,0.455073,0.001905,0.490678,0.618421,1.0
1.0,0.0,0.0,0.0,0.0,0.0,0.0,0.898898,0.978723,0.070734,0.453734,0.004491,0.442776,0.632895,1.0
0.0,1.0,0.0,0.0,0.0,0.0,0.0,0.009867,0.957447,0.047286,0.557423,0.003467,0.422915,0.414912,0.0
0.0,0.0,0.0,0.0,1.0,0.0,0.0,0.425512,0.787234,0.074997,0.374591,0.003467,0.422915,0.414912,0.0
1.0,0.0,0.0,0.0,0.0,0.0,0.0,0.885978,0.765957,0.068512,0.570366,0.004568,0.506732,0.589912,1.0
1.0,0.0,0.0,0.0,0.0,0.0,0.0,0.469404,0.574468,0.028462,0.312853,0.001859,0.175816,0.736842,0.0
0.0,1.0,0.0,0.0,0.0,0.0,0.0,0.464537,0.787234,0.104299,0.501041,0.006988,0.499482,0.527632,1.0
1.0,0.0,0.0,0.0,0.0,0.0,0.0,0.446617,0.319149,0.041462,0.310622,0.001491,0.149922,0.765789,0.0
0.0,0.0,0.0,0.0,1.0,0.0,0.0,0.425512,0.87234,0.073316,0.329069,0.003467,0.422915,0.414912,0.0
0.0,0.0,0.0,0.0,0.0,1.0,0.0,0.872218,0.702128,0.031074,0.591044,0.001811,0.485759,0.703509,0.0
1.0,0.0,0.0,0.0,0.0,0.0,0.0,0.968895,0.446809,0.047046,0.443618,0.002324,0.292853,0.661404,0.0
0.0,0.0,0.0,1.0,0.0,0.0,0.0,0.000398,1.0,0.13093,0.489586,0.003467,0.422915,0.414912,1.0
1.0,0.0,0.0,0.0,0.0,0.0,0.0,0.460466,1.0,0.02576,0.329366,0.001722,0.386587,0.637719,1.0
0.0,0.0,0.0,0.0,0.0,1.0,0.0,0.876023,0.723404,0.024919,0.446296,0.001575,0.424909,0.711404,0.0
0.0,0.0,0.0,0.0,0.0,0.0,1.0,0.000221,0.553191,0.047256,0.263612,0.003467,0.422915,0.414912,0.0
0.0,1.0,0.0,0.0,0.0,0.0,0.0,0.906951,0.957447,0.035007,0.325052,0.002383,0.327033,0.425439,0.0
0.0,0.0,0.0,0.0,1.0,0.0,0.0,0.460953,0.297872,0.038309,0.496876,0.002605,0.394873,0.422807,0.0
0.0,0.0,1.0,0.0,0.0,0.0,0.0,0.000973,0.723404,0.067852,0.612615,0.003467,0.422915,0.414912,1.0
0.0,0.0,0.0,1.0,0.0,0.0,0.0,0.424539,0.574468,0.058394,0.331151,0.003467,0.422915,0.414912,1.0
0.0,1.0,0.0,0.0,0.0,0.0,0.0,0.456219,0.617021,0.033235,0.477685,0.002266,0.577162,0.461842,1.0
0.0,0.0,0.0,0.0,0.0,0.0,1.0,0.437989,0.680851,0.051309,0.272687,0.003467,0.422915,0.414912,1.0
1.0,0.0,0.0,0.0,0.0,0.0,0.0,0.871377,0.425532,0.034376,0.426361,0.002158,0.299327,0.808333,1.0
0.0,0.0,0.0,0.0,0.0,0.0,1.0,0.45644,0.617021,0.032605,0.323713,0.002202,0.406784,0.442982,1.0
0.0,0.0,0.0,0.0,1.0,0.0,0.0,0.00907,0.531915,0.049868,0.59997,0.003467,0.422915,0.414912,0.0
0.0,0.0,1.0,0.0,0.0,0.0,0.0,0.446706,0.361702,0.097784,0.678965,0.00671,0.676334,0.491667,1.0
1.0,0.0,0.0,0.0,0.0,0.0,0.0,0.005177,0.702128,0.074817,0.55906,0.003467,0.422915,0.414912,1.0
0.0,0.0,1.0,0.0,0.0,0.0,0.0,0.898058,0.893617,0.051099,0.603243,0.003386,0.527965,0.579386,0.0
0.0,0.0,1.0,0.0,0.0,0.0,0.0,0.022521,0.042553,0.074607,0.353317,0.003467,0.422915,0.414912,0.0
0.0,0.0,0.0,0.0,0.0,0.0,1.0,0.469979,0.87234,0.028221,0.356293,0.001901,0.245469,0.585526,0.0
1.0,0.0,0.0,0.0,0.0,0.0,0.0,0.027344,0.340426,0.062447,0.493901,0.003467,0.422915,0.414912,0.0
0.0,0.0,1.0,0.0,0.0,0.0,0.0,0.013893,0.978723,0.085325,0.590449,0.003467,0.422915,0.414912,1.0
0.0,0.0,0.0,0.0,1.0,0.0,0.0,0.912305,0.680851,0.109733,0.500595,0.007599,0.705334,0.165789,1.0
0.0,0.0,0.0,0.0,1.0,0.0,0.0,0.45206,0.702128,0.033535,0.560399,0.002248,0.570171,0.391228,0.0
1.0,0.0,0.0,0.0,0.0,0.0,0.0,0.008893,0.659574,0.125796,0.567837,0.003467,0.422915,0.414912,1.0
0.0,0.0,0.0,1.0,0.0,0.0,0.0,0.031503,0.617021,0.074997,0.496727,0.003467,0.422915,0.414912,1.0
0.0,0.0,1.0,0.0,0.0,0.0,0.0,0.447635,0.340426,0.078089,0.729991,0.005417,0.649404,0.366667,1.0
0.0,1.0,0.0,0.0,0.0,0.0,0.0,0.912172,0.170213,0.03933,0.164683,0.002599,0.227343,0.569298,0.0
0.0,0.0,0.0,1.0,0.0,0.0,0.0,0.473253,0.93617,0.025249,0.429485,0.001662,0.224495,0.674123,0.0
0.0,0.0,0.0,0.0,0.0,1.0,0.0,0.438255,0.744681,0.060166,0.406129,0.003467,0.422915,0.414912,1.0
0.0,0.0,0.0,1.0,0.0,0.0,0.0,0.014247,0.808511,0.040591,0.660666,0.003467,0.422915,0.414912,0.0
0.0,0.0,0.0,0.0,1.0,0.0,0.0,0.871554,0.851064,0.029422,0.556084,0.001907,0.472294,0.603509,0.0
1.0,0.0,0.0,0.0,0.0,0.0,0.0,0.018097,0.06383,0.056203,0.217941,0.003467,0.422915,0.414912,0.0
0.0,0.0,0.0,0.0,0.0,0.0,1.0,0.884695,0.531915,0.033325,0.435436,0.00211,0.316934,0.677193,1.0
0.0,0.0,1.0,0.0,0.0,0.0,0.0,0.893766,0.723404,0.090219,0.724189,0.006064,0.642413,0.486404,1.0
0.0,0.0,0.0,0.0,0.0,1.0,0.0,0.018008,0.12766,0.064639,0.227611,0.003467,0.422915,0.414912,0.0
0.0,0.0,1.0,0.0,0.0,0.0,0.0,0.877129,0.06383,0.040471,0.296935,0.002698,0.335577,0.400439,0.0
0.0,0.0,0.0,0.0,0.0,0.0,1.0,0.464448,0.021277,0.028372,0.395418,0.001926,0.385293,0.459649,0.0
1.0,0.0,0.0,0.0,0.0,0.0,0.0,0.867086,0.617021,0.028131,0.285332,0.001907,0.158208,0.637281,1.0
0.0,0.0,0.0,0.0,0.0,1.0,0.0,0.009734,0.893617,0.041582,0.46385,0.003467,0.422915,0.414912,0.0
0.0,0.0,0.0,0.0,0.0,0.0,1.0,0.898854,0.893617,0.071064,0.42294,0.004562,0.401346,0.686404,1.0
0.0,1.0,0.0,0.0,0.0,0.0,0.0,0.456219,0.212766,0.031344,0.205594,0.00123,0.271362,0.875439,1.0
1.0,0.0,0.0,0.0,0.0,0.0,0.0,0.018716,0.468085,0.048487,0.503422,0.003467,0.422915,0.414912,0.0
0.0,1.0,0.0,0.0,0.0,0.0,0.0,0.872351,0.787234,0.028822,0.424725,0.000978,0.412222,0.747368,0.0
0.0,0.0,0.0,0.0,0.0,1.0,0.0,0.000487,0.957447,0.076168,0.365665,0.003467,0.422915,0.414912,0.0
0.0,0.0,0.0,0.0,0.0,1.0,0.0,0.876023,0.340426,0.032935,0.560845,0.002125,0.547644,0.62807,1.0
0.0,0.0,0.0,0.0,1.0,0.0,0.0,0.889208,0.212766,0.02618,0.219726,0.00171,0.300104,0.696053,0.0
0.0,0.0,0.0,1.0,0.0,0.0,0.0,0.00438,0.531915,0.045214,0.497471,0.003467,0.422915,0.414912,0.0
0.0,0.0,0.0,0.0,0.0,1.0,0.0,0.866997,0.914894,0.029572,0.416691,0.001656,0.167012,0.793421,0.0
0.0,1.0,0.0,0.0,0.0,0.0,0.0,0.009247,0.148936,0.056443,0.288158,0.003467,0.422915,0.414912,0.0
0.0,0.0,0.0,0.0,0.0,1.0,0.0,0.907747,1.0,0.069323,0.453436,0.004732,0.47825,0.407018,1.0
0.0,0.0,1.0,0.0,0.0,0.0,0.0,0.009292,0.638298,0.106611,0.593573,0.003467,0.422915,0.414912,1.0
0.0,0.0,0.0,0.0,0.0,1.0,0.0,0.991018,0.191489,0.032665,0.223445,0.002092,0.291559,0.774123,0.0
0.0,0.0,0.0,1.0,0.0,0.0,0.0,0.89412,0.765957,0.090309,0.86269,0.006151,0.809166,0.369298,1.0
0.0,0.0,0.0,1.0,0.0,0.0,0.0,0.87213,0.702128,0.028281,0.523059,0.001807,0.600984,0.690789,1.0
1.0,0.0,0.0,0.0,0.0,0.0,0.0,0.425335,0.638298,0.102738,0.599821,0.003467,0.422915,0.414912,1.0
1.0,0.0,0.0,0.0,0.0,0.0,0.0,0.461086,0.404255,0.030023,0.353169,0.002048,0.187209,0.514912,1.0
0.0,0.0,1.0,0.0,0.0,0.0,0.0,0.447635,0.234043,0.032004,0.332639,0.001194,0.278353,0.765789,0.0
0.0,1.0,0.0,0.0,0.0,0.0,0.0,0.434096,0.468085,0.073136,0.568134,0.003467,0.422915,0.414912,1.0
0.0,0.0,1.0,0.0,0.0,0.0,0.0,0.424804,0.744681,0.055242,0.314043,0.003467,0.422915,0.414912,0.0
1.0,0.0,0.0,0.0,0.0,0.0,0.0,0.872307,0.085106,0.019395,0.099821,0.000839,0.240031,0.753947,0.0
0.0,0.0,0.0,0.0,0.0,1.0,0.0,0.885271,1.0,0.066651,0.476198,0.004464,0.409891,0.605702,1.0
0.0,0.0,0.0,0.0,0.0,1.0,0.0,0.438255,0.06383,0.047466,0.304969,0.003467,0.422915,0.414912,0.0
0.0,0.0,0.0,0.0,0.0,1.0,0.0,0.026946,0.361702,0.085505,0.422493,0.003467,0.422915,0.414912,0.0
0.0,0.0,0.0,0.0,0.0,1.0,0.0,0.000796,0.404255,0.156989,0.499107,0.003467,0.422915,0.414912,1.0
0.0,0.0,0.0,0.0,0.0,0.0,1.0,0.022079,0.148936,0.060106,0.054448,0.003467,0.422915,0.414912,1.0
0.0,0.0,0.0,0.0,0.0,1.0,0.0,0.000796,0.212766,0.076018,0.135079,0.003467,0.422915,0.414912,0.0
0.0,0.0,0.0,0.0,0.0,1.0,0.0,0.889872,0.361702,0.540981,0.777745,0.037148,0.761264,0.35614,1.0
0.0,0.0,0.0,0.0,0.0,1.0,0.0,0.447458,0.106383,0.02645,0.356442,0.001683,0.407561,0.762719,0.0
0.0,0.0,0.0,1.0,0.0,0.0,0.0,0.876554,0.510638,0.034556,0.595954,0.002214,0.562144,0.685526,1.0
0.0,1.0,0.0,0.0,0.0,0.0,0.0,0.906951,0.021277,0.027861,0.221809,0.001853,0.260746,0.424123,0.0
0.0,0.0,0.0,0.0,0.0,0.0,1.0,0.009469,0.957447,0.041642,0.472181,0.003467,0.422915,0.414912,0.0
0.0,0.0,0.0,1.0,0.0,0.0,0.0,0.87151,0.978723,0.028702,0.436031,0.001789,0.411704,0.839035,0.0
0.0,0.0,0.0,0.0,1.0,0.0,0.0,0.013362,0.234043,0.074667,0.3374,0.003467,0.422915,0.414912,0.0
0.0,0.0,0.0,0.0,1.0,0.0,0.0,0.02199,0.659574,0.056263,0.402559,0.003467,0.422915,0.414912,1.0
0.0,0.0,0.0,0.0,1.0,0.0,0.0,0.45113,0.212766,0.036117,0.278042,0.002356,0.291818,0.746053,0.0
0.0,0.0,0.0,0.0,0.0,0.0,1.0,0.902836,0.574468,0.086826,0.366706,0.005021,0.339461,0.787281,1.0
0.0,0.0,0.0,0.0,0.0,0.0,1.0,0.438609,0.808511,0.051759,0.397501,0.003467,0.422915,0.414912,1.0
0.0,0.0,0.0,0.0,1.0,0.0,0.0,0.456661,0.0,0.036298,0.547605,0.002385,0.469187,0.690789,1.0
0.0,0.0,0.0,0.0,0.0,0.0,1.0,0.889916,0.744681,0.979975,0.735198,0.065749,0.574832,0.520614,1.0
1.0,0.0,0.0,0.0,0.0,0.0,0.0,0.456794,0.021277,0.02591,0.312705,0.001726,0.353703,0.692105,0.0
0.0,0.0,1.0,0.0,0.0,0.0,0.0,0.867484,0.531915,0.042843,0.655906,0.002833,0.757897,0.313158,1.0
0.0,0.0,0.0,1.0,0.0,0.0,0.0,0.022256,0.851064,0.059926,0.437221,0.003467,0.422915,0.414912,1.0
0.0,0.0,1.0,0.0,0.0,0.0,0.0,0.889739,0.191489,0.029723,0.236388,0.001911,0.347229,0.745614,0.0
0.0,0.0,1.0,0.0,0.0,0.0,0.0,0.013583,0.085106,0.041431,0.355549,0.003467,0.422915,0.414912,0.0
0.0,0.0,0.0,1.0,0.0,0.0,0.0,0.001018,0.085106,0.082383,0.338738,0.003467,0.422915,0.414912,1.0
0.0,0.0,0.0,0.0,0.0,1.0,0.0,0.908057,0.638298,0.045034,0.475156,0.003064,0.487571,0.364912,0.0
1.0,0.0,0.0,0.0,0.0,0.0,0.0,0.456794,0.276596,0.021166,0.164981,0.001047,0.143449,0.900877,0.0
1.0,0.0,0.0,0.0,0.0,0.0,0.0,0.026724,0.297872,0.059865,0.459982,0.003467,0.422915,0.414912,1.0
1.0,0.0,0.0,0.0,0.0,0.0,0.0,0.022742,0.808511,0.083554,0.506397,0.003467,0.422915,0.414912,1.0
0.0,0.0,0.0,0.0,1.0,0.0,0.0,0.017654,0.638298,0.06644,0.4277,0.003467,0.422915,0.414912,0.0
0.0,0.0,0.0,0.0,1.0,0.0,0.0,0.00938,0.808511,0.041642,0.642963,0.003467,0.422915,0.414912,0.0
0.0,0.0,0.0,0.0,0.0,1.0,0.0,0.872218,0.446809,0.033445,0.664088,0.002071,0.543242,0.812281,0.0
0.0,0.0,0.0,0.0,1.0,0.0,0.0,0.474227,0.702128,0.024919,0.195775,0.001658,0.131279,0.798684,0.0
0.0,0.0,0.0,0.0,1.0,0.0,0.0,0.031238,0.659574,0.095112,0.434097,0.003467,0.422915,0.414912,0.0
1.0,0.0,0.0,0.0,0.0,0.0,0.0,0.438963,0.021277,0.048337,0.239363,0.003467,0.422915,0.414912,0.0
1.0,0.0,0.0,0.0,0.0,0.0,0.0,0.005177,0.617021,0.050859,0.494644,0.003467,0.422915,0.414912,0.0
0.0,0.0,0.0,0.0,0.0,0.0,1.0,0.880979,0.957447,0.030713,0.331151,0.001464,0.303211,0.72193,1.0
1.0,0.0,0.0,0.0,0.0,0.0,0.0,0.881023,0.340426,0.029092,0.242339,0.000725,0.162092,0.61886,1.0
0.0,0.0,1.0,0.0,0.0,0.0,0.0,0.911907,0.957447,0.048607,0.455222,0.00323,0.2913,0.568421,0.0
1.0,0.0,0.0,0.0,0.0,0.0,0.0,0.443255,0.680851,0.040381,0.307349,0.002646,0.1942,0.721491,0.0
1.0,0.0,0.0,0.0,0.0,0.0,0.0,0.911818,0.148936,0.016002,0.080184,0.001037,0.170378,0.757018,0.0
0.0,0.0,0.0,0.0,1.0,0.0,0.0,0.902748,0.361702,0.083614,0.52767,0.005525,0.645262,0.483333,1.0
0.0,0.0,0.0,0.0,1.0,0.0,0.0,0.017654,0.574468,0.057314,0.469652,0.003467,0.422915,0.414912,0.0
0.0,0.0,0.0,0.0,1.0,0.0,0.0,0.903057,0.723404,0.048847,0.475156,0.003353,0.519679,0.296491,0.0
0.0,0.0,0.0,0.0,0.0,0.0,1.0,0.018672,0.893617,0.05245,0.316126,0.003467,0.422915,0.414912,0.0
0.0,0.0,0.0,0.0,1.0,0.0,0.0,0.907703,0.957447,0.049718,0.463255,0.003373,0.402641,0.430263,0.0
0.0,0.0,0.0,1.0,0.0,0.0,0.0,0.903323,0.06383,0.046655,0.35064,0.003126,0.411704,0.557895,0.0
0.0,0.0,0.0,0.0,0.0,1.0,0.0,0.031282,0.765957,0.054642,0.2831,0.003467,0.422915,0.414912,0.0
0.0,0.0,0.0,0.0,0.0,0.0,1.0,0.000221,0.595745,0.047256,0.235049,0.003467,0.422915,0.414912,0.0
0.0,0.0,0.0,1.0,0.0,0.0,0.0,0.009026,0.468085,0.045304,0.636418,0.003467,0.422915,0.414912,0.0
0.0,0.0,0.0,1.0,0.0,0.0,0.0,0.013628,0.0,0.108833,0.500893,0.003467,0.422915,0.414912,1.0
0.0,0.0,0.0,0.0,1.0,0.0,0.0,0.986594,0.659574,0.047886,0.488248,0.00338,0.544019,0.278509,0.0
0.0,1.0,0.0,0.0,0.0,0.0,0.0,0.022167,0.638298,0.057644,0.41208,0.003467,0.422915,0.414912,0.0
0.0,0.0,0.0,0.0,1.0,0.0,0.0,0.885226,0.361702,0.040261,0.548051,0.002825,0.544795,0.181579,1.0
0.0,1.0,0.0,0.0,0.0,0.0,0.0,0.01323,0.595745,0.048247,0.496727,0.003467,0.422915,0.414912,0.0
0.0,0.0,0.0,1.0,0.0,0.0,0.0,0.005,0.93617,0.042572,0.521422,0.003467,0.422915,0.414912,0.0
0.0,0.0,1.0,0.0,0.0,0.0,0.0,0.890359,0.617021,0.029062,0.653972,0.002029,0.653288,0.378947,0.0
1.0,0.0,0.0,0.0,0.0,0.0,0.0,0.894606,0.106383,0.041431,0.221958,0.002451,0.358881,0.662719,0.0
0.0,0.0,0.0,1.0,0.0,0.0,0.0,0.00438,0.021277,0.076228,0.481107,0.003467,0.422915,0.414912,1.0
1.0,0.0,0.0,0.0,0.0,0.0,0.0,0.429627,0.361702,0.107482,0.628831,0.003467,0.422915,0.414912,1.0
0.0,1.0,0.0,0.0,0.0,0.0,0.0,0.881067,0.723404,0.061066,0.557126,0.00425,0.519679,0.403947,1.0
0.0,0.0,0.0,0.0,0.0,0.0,1.0,0.872262,0.489362,0.033055,0.421303,0.002048,0.339461,0.840351,1.0
0.0,0.0,0.0,0.0,0.0,1.0,0.0,0.473652,0.787234,0.02591,0.426212,0.001703,0.4174,0.589035,0.0
0.0,0.0,0.0,0.0,1.0,0.0,0.0,0.031238,0.744681,0.062838,0.360309,0.003467,0.422915,0.414912,0.0
0.0,0.0,0.0,1.0,0.0,0.0,0.0,0.018229,1.0,0.046866,0.425617,0.003467,0.422915,0.414912,1.0
0.0,0.0,0.0,0.0,1.0,0.0,0.0,0.027211,0.808511,0.098445,0.485867,0.003467,0.422915,0.414912,1.0
0.0,0.0,1.0,0.0,0.0,0.0,0.0,0.429406,0.489362,0.080881,0.532877,0.003467,0.422915,0.414912,1.0
0.0,0.0,0.0,0.0,0.0,1.0,0.0,0.443166,0.765957,0.061577,0.65546,0.004121,0.597618,0.461842,1.0
0.0,0.0,0.0,0.0,1.0,0.0,0.0,0.004425,0.170213,0.075507,0.191461,0.003467,0.422915,0.414912,1.0
0.0,0.0,1.0,0.0,0.0,0.0,0.0,0.000664,0.276596,0.125706,0.493157,0.003467,0.422915,0.414912,1.0
0.0,0.0,0.0,0.0,0.0,0.0,1.0,0.438609,0.404255,0.051759,0.367153,0.003467,0.422915,0.414912,0.0
0.0,0.0,1.0,0.0,0.0,0.0,0.0,0.438432,0.382979,0.074547,0.513389,0.003467,0.422915,0.414912,1.0
1.0,0.0,0.0,0.0,0.0,0.0,0.0,0.460776,0.680851,0.029963,0.353764,0.00204,0.148628,0.554825,0.0
0.0,0.0,0.0,1.0,0.0,0.0,0.0,0.455688,0.93617,0.037769,0.581375,0.001915,0.421543,0.703509,0.0
0.0,0.0,0.0,0.0,0.0,0.0,1.0,0.881288,0.787234,0.03942,0.425766,0.00258,0.435526,0.586842,1.0
0.0,0.0,0.0,0.0,0.0,0.0,1.0,0.018052,0.851064,0.069713,0.387385,0.003467,0.422915,0.414912,1.0
1.0,0.0,0.0,0.0,0.0,0.0,0.0,0.89027,0.765957,0.281104,0.718982,0.019075,0.540653,0.553509,1.0
0.0,0.0,1.0,0.0,0.0,0.0,0.0,0.004956,0.170213,0.042272,0.202618,0.003467,0.422915,0.414912,0.0
0.0,0.0,1.0,0.0,0.0,0.0,0.0,0.469493,0.12766,0.02675,0.135525,0.001745,0.216468,0.64693,0.0
0.0,1.0,0.0,0.0,0.0,0.0,0.0,0.911553,0.510638,0.068122,0.517703,0.004466,0.557742,0.47807,1.0
0.0,1.0,0.0,0.0,0.0,0.0,0.0,0.893722,0.170213,0.016993,0.179262,0.001103,0.251683,0.677193,0.0
0.0,0.0,0.0,0.0,0.0,1.0,0.0,0.871599,0.276596,0.027801,0.543439,0.00178,0.600725,0.617982,0.0
0.0,0.0,0.0,0.0,0.0,1.0,0.0,0.009115,0.06383,0.043833,0.451205,0.003467,0.422915,0.414912,0.0
0.0,0.0,0.0,0.0,0.0,0.0,1.0,0.902836,0.361702,0.086826,0.454924,0.005498,0.36173,0.735526,1.0
0.0,0.0,1.0,0.0,0.0,0.0,0.0,0.437812,0.276596,0.048427,0.353466,0.003467,0.422915,0.414912,1.0
0.0,0.0,1.0,0.0,0.0,0.0,0.0,0.451971,0.595745,0.034106,0.570812,0.002324,0.59218,0.341667,0.0
0.0,1.0,0.0,0.0,0.0,0.0,0.0,0.009867,0.170213,0.047286,0.212139,0.003467,0.422915,0.414912,0.0
0.0,0.0,0.0,0.0,1.0,0.0,0.0,0.425512,0.361702,0.081782,0.533472,0.003467,0.422915,0.414912,0.0
0.0,0.0,0.0,1.0,0.0,0.0,0.0,0.452325,0.361702,0.036658,0.699197,0.002447,0.702227,0.438596,0.0
0.0,0.0,0.0,1.0,0.0,0.0,0.0,0.890093,0.340426,0.069293,0.764951,0.004852,0.74262,0.27807,0.0
0.0,0.0,0.0,1.0,0.0,0.0,0.0,0.000398,0.255319,0.114057,0.338143,0.003467,0.422915,0.414912,0.0
0.0,0.0,0.0,0.0,0.0,0.0,1.0,0.46936,0.978723,0.03966,0.286224,0.002632,0.291041,0.544737,1.0
0.0,0.0,0.0,1.0,0.0,0.0,0.0,0.880846,0.446809,0.029332,0.496281,0.001911,0.503625,0.642544,1.0
0.0,0.0,1.0,0.0,0.0,0.0,0.0,0.885448,0.489362,0.029362,0.540018,0.001973,0.539358,0.426754,0.0
0.0,0.0,0.0,0.0,0.0,1.0,0.0,0.455776,0.957447,0.068032,0.618715,0.004807,0.406784,0.321053,1.0
0.0,1.0,0.0,0.0,0.0,0.0,0.0,0.880448,0.87234,0.035277,0.452544,0.002383,0.419731,0.477193,0.0
1.0,0.0,0.0,0.0,0.0,0.0,0.0,0.004248,0.851064,0.048517,0.504909,0.003467,0.422915,0.414912,0.0
0.0,0.0,0.0,1.0,0.0,0.0,0.0,0.425468,0.085106,0.074186,0.176287,0.003467,0.422915,0.414912,0.0
0.0,0.0,0.0,0.0,0.0,0.0,1.0,0.01376,0.276596,0.045755,0.174502,0.003467,0.422915,0.414912,1.0
0.0,0.0,0.0,1.0,0.0,0.0,0.0,0.89381,0.382979,0.084004,0.683874,0.005735,0.687985,0.345614,1.0
0.0,0.0,0.0,0.0,0.0,0.0,1.0,0.009778,0.787234,0.076018,0.641625,0.003467,0.422915,0.414912,1.0
0.0,0.0,0.0,1.0,0.0,0.0,0.0,0.486837,0.319149,0.046986,0.444064,0.00329,0.475919,0.202193,0.0
0.0,0.0,0.0,0.0,0.0,1.0,0.0,0.893589,0.085106,0.103038,0.46028,0.006454,0.461678,0.765789,1.0
0.0,1.0,0.0,0.0,0.0,0.0,0.0,0.872351,0.914894,0.028462,0.390806,0.000866,0.291559,0.767105,0.0
0.0,1.0,0.0,0.0,0.0,0.0,0.0,0.867439,0.659574,0.043623,0.623773,0.002933,0.806577,0.12807,1.0
0.0,0.0,0.0,0.0,0.0,1.0,0.0,0.91142,0.765957,0.043743,0.418328,0.002904,0.439927,0.437281,0.0
0.0,0.0,0.0,0.0,1.0,0.0,0.0,0.903367,0.723404,0.087426,0.522017,0.00581,0.520456,0.567982,1.0
0.0,0.0,0.0,0.0,0.0,0.0,1.0,0.018672,0.659574,0.055782,0.250521,0.003467,0.422915,0.414912,0.0
0.0,0.0,0.0,1.0,0.0,0.0,0.0,0.452325,0.06383,0.051279,0.48795,0.003739,0.505697,0.571053,1.0
0.0,0.0,0.0,0.0,0.0,0.0,1.0,0.898235,0.957447,0.090008,0.525439,0.005442,0.387364,0.706579,1.0
0.0,0.0,0.0,1.0,0.0,0.0,0.0,0.00438,0.723404,0.045244,0.617971,0.003467,0.422915,0.414912,0.0
0.0,0.0,1.0,0.0,0.0,0.0,0.0,0.877129,0.87234,0.034136,0.463404,0.002322,0.445106,0.35,0.0
0.0,0.0,0.0,0.0,0.0,1.0,0.0,0.004469,0.361702,0.099616,0.522315,0.003467,0.422915,0.414912,1.0
0.0,0.0,0.0,0.0,1.0,0.0,0.0,0.027521,0.297872,0.053861,0.457007,0.003467,0.422915,0.414912,0.0
0.0,0.0,1.0,0.0,0.0,0.0,0.0,0.465201,0.851064,0.058725,0.487057,0.004086,0.475919,0.201754,0.0
1.0,0.0,0.0,0.0,0.0,0.0,0.0,0.877041,0.468085,0.034496,0.366409,0.002275,0.202227,0.601316,1.0
1.0,0.0,0.0,0.0,0.0,0.0,0.0,0.017787,0.914894,0.046746,0.391996,0.003467,0.422915,0.414912,0.0
0.0,0.0,0.0,0.0,1.0,0.0,0.0,0.898146,0.021277,0.069143,0.546861,0.002919,0.483687,0.598684,1.0
1.0,0.0,0.0,0.0,0.0,0.0,0.0,0.03168,0.893617,0.055242,0.336656,0.003467,0.422915,0.414912,0.0
0.0,0.0,1.0,0.0,0.0,0.0,0.0,4.4e-05,0.085106,0.041041,0.257959,0.003467,0.422915,0.414912,0.0
1.0,0.0,0.0,0.0,0.0,0.0,0.0,0.898898,0.510638,0.05239,0.384558,0.003261,0.317193,0.752632,0.0
0.0,0.0,0.0,0.0,0.0,0.0,1.0,0.000221,0.723404,0.047286,0.311068,0.003467,0.422915,0.414912,0.0
0.0,0.0,0.0,0.0,1.0,0.0,0.0,0.460334,0.553191,0.038369,0.484082,0.003319,0.571466,0.110965,0.0
0.0,1.0,0.0,0.0,0.0,0.0,0.0,0.898013,0.893617,0.072775,0.664386,0.004817,0.534956,0.562719,1.0
0.0,0.0,0.0,0.0,0.0,0.0,1.0,0.451529,1.0,0.03975,0.501041,0.002638,0.46608,0.691228,0.0
0.0,0.0,0.0,0.0,1.0,0.0,0.0,0.43852,1.0,0.056563,0.443023,0.003467,0.422915,0.414912,0.0
0.0,0.0,0.0,0.0,0.0,1.0,0.0,0.434583,0.085106,0.041792,0.100119,0.003467,0.422915,0.414912,0.0
0.0,0.0,0.0,0.0,0.0,0.0,1.0,0.893943,0.489362,0.056323,0.542844,0.003523,0.499482,0.789474,0.0
0.0,0.0,1.0,0.0,0.0,0.0,0.0,0.429096,0.574468,0.089408,0.537043,0.003467,0.422915,0.414912,1.0
0.0,1.0,0.0,0.0,0.0,0.0,0.0,0.031724,0.404255,0.058785,0.47947,0.003467,0.422915,0.414912,1.0
0.0,0.0,0.0,0.0,1.0,0.0,0.0,0.893854,0.489362,0.078179,0.632401,0.005233,0.765665,0.415351,1.0
0.0,0.0,0.0,0.0,0.0,0.0,1.0,0.876687,0.680851,0.030503,0.481851,0.001934,0.377525,0.649561,1.0
0.0,0.0,0.0,0.0,0.0,0.0,1.0,0.880669,0.234043,0.031434,0.09283,0.001789,0.129208,0.853509,0.0
0.0,1.0,0.0,0.0,0.0,0.0,0.0,0.894341,0.765957,0.111084,0.894228,0.007563,0.811497,0.386842,1.0
0.0,1.0,0.0,0.0,0.0,0.0,0.0,0.026769,0.297872,0.074517,0.46385,0.003467,0.422915,0.414912,1.0
1.0,0.0,0.0,0.0,0.0,0.0,0.0,0.867705,0.489362,0.043053,0.505356,0.002495,0.254272,0.841228,1.0
1.0,0.0,0.0,0.0,0.0,0.0,0.0,0.013805,0.808511,0.119881,0.865219,0.003467,0.422915,0.414912,1.0
0.0,0.0,0.0,0.0,1.0,0.0,0.0,0.425822,0.808511,0.090068,0.404641,0.003467,0.422915,0.414912,1.0
0.0,0.0,0.0,0.0,1.0,0.0,0.0,0.986594,0.234043,0.033145,0.307498,0.002127,0.335577,0.742982,0.0
1.0,0.0,0.0,0.0,0.0,0.0,0.0,0.889651,0.659574,0.024168,0.30958,0.000837,0.264371,0.601316,0.0
0.0,0.0,0.0,1.0,0.0,0.0,0.0,0.031503,0.744681,0.057314,0.43008,0.003467,0.422915,0.414912,0.0
1.0,0.0,0.0,0.0,0.0,0.0,0.0,0.469404,0.148936,0.023868,0.067242,0.001587,0.132574,0.619298,0.0
0.0,1.0,0.0,0.0,0.0,0.0,0.0,0.429671,0.595745,0.111084,0.663939,0.003467,0.422915,0.414912,1.0
0.0,0.0,0.0,0.0,0.0,1.0,0.0,0.889562,0.553191,0.028942,0.534216,0.002046,0.581046,0.260088,0.0
0.0,1.0,0.0,0.0,0.0,0.0,0.0,0.459891,0.553191,0.041762,0.541357,0.002817,0.506473,0.565351,1.0
0.0,0.0,0.0,1.0,0.0,0.0,0.0,0.881156,0.93617,0.029332,0.439453,0.001789,0.413516,0.634211,0.0
0.0,0.0,0.0,0.0,1.0,0.0,0.0,0.45175,1.0,0.056893,0.63493,0.003853,0.525375,0.548246,1.0
0.0,0.0,0.0,0.0,0.0,0.0,1.0,0.438609,1.0,0.050198,0.303779,0.003467,0.422915,0.414912,0.0
1.0,0.0,0.0,0.0,0.0,0.0,0.0,0.027034,0.87234,0.109253,0.351979,0.003467,0.422915,0.414912,1.0
1.0,0.0,0.0,0.0,0.0,0.0,0.0,0.47343,0.87234,0.044104,0.32654,0.002142,0.285862,0.707018,1.0
1.0,0.0,0.0,0.0,0.0,0.0,0.0,0.451263,0.744681,0.041972,0.669295,0.002648,0.458571,0.716228,1.0
0.0,0.0,0.0,0.0,1.0,0.0,0.0,0.867572,0.851064,0.028402,0.447783,0.000885,0.358364,0.76886,0.0
0.0,0.0,0.0,0.0,0.0,1.0,0.0,0.443166,0.468085,0.05278,0.558018,0.00361,0.542724,0.44386,0.0
0.0,1.0,0.0,0.0,0.0,0.0,0.0,0.451927,0.93617,0.061367,0.65784,0.00409,0.432677,0.722807,1.0
0.0,0.0,0.0,0.0,0.0,0.0,1.0,0.44352,0.446809,0.063829,0.548646,0.004302,0.412998,0.568421,1.0
0.0,0.0,0.0,0.0,1.0,0.0,0.0,0.429804,0.617021,0.077339,0.619458,0.003467,0.422915,0.414912,1.0
0.0,0.0,0.0,0.0,1.0,0.0,0.0,0.030928,0.340426,0.06584,0.55668,0.003467,0.422915,0.414912,0.0
0.0,0.0,0.0,0.0,0.0,1.0,0.0,0.004779,0.12766,0.042272,0.265843,0.003467,0.422915,0.414912,0.0
0.0,0.0,0.0,0.0,0.0,0.0,1.0,0.447193,0.574468,0.042752,0.38798,0.002887,0.397204,0.603947,0.0
0.0,1.0,0.0,0.0,0.0,0.0,0.0,0.443299,0.957447,0.043863,0.484975,0.002898,0.375712,0.675877,0.0
0.0,0.0,0.0,0.0,0.0,1.0,0.0,0.447458,0.361702,0.064639,0.696221,0.004796,0.693164,0.192105,1.0
0.0,0.0,1.0,0.0,0.0,0.0,0.0,0.023141,0.595745,0.089468,0.453436,0.003467,0.422915,0.414912,0.0
0.0,0.0,1.0,0.0,0.0,0.0,0.0,0.459935,0.617021,0.05308,0.523505,0.003641,0.523304,0.282895,0.0
0.0,0.0,0.0,1.0,0.0,0.0,0.0,0.42945,0.12766,0.047436,0.152336,0.003467,0.422915,0.414912,0.0
0.0,0.0,0.0,0.0,1.0,0.0,0.0,0.474227,0.680851,0.024919,0.193841,0.001658,0.127654,0.831579,0.0
0.0,1.0,0.0,0.0,0.0,0.0,0.0,0.429981,0.808511,0.072985,0.479619,0.003467,0.422915,0.414912,1.0
0.0,0.0,1.0,0.0,0.0,0.0,0.0,0.018185,0.702128,0.046866,0.471586,0.003467,0.422915,0.414912,0.0
0.0,0.0,0.0,0.0,0.0,0.0,1.0,0.902526,0.659574,0.029783,0.348855,0.001961,0.32755,0.548684,0.0
0.0,0.0,0.0,0.0,0.0,0.0,1.0,0.885625,0.531915,0.046205,0.43008,0.003066,0.366132,0.588596,0.0
0.0,0.0,0.0,0.0,1.0,0.0,0.0,0.005354,0.765957,0.088297,0.725974,0.003467,0.422915,0.414912,1.0
0.0,0.0,1.0,0.0,0.0,0.0,0.0,0.451352,0.574468,0.03996,0.550134,0.002609,0.622993,0.557456,0.0
0.0,0.0,0.0,0.0,0.0,0.0,1.0,0.912393,0.723404,0.043923,0.324457,0.002919,0.331693,0.593421,0.0
0.0,0.0,1.0,0.0,0.0,0.0,0.0,0.872395,0.425532,0.028462,0.565605,0.001805,0.583118,0.616667,0.0
0.0,0.0,1.0,0.0,0.0,0.0,0.0,0.977744,0.808511,0.053411,0.692502,0.003718,0.634127,0.333772,0.0
0.0,0.0,0.0,0.0,0.0,1.0,0.0,0.027565,0.851064,0.077489,0.314043,0.003467,0.422915,0.414912,1.0
1.0,0.0,0.0,0.0,0.0,0.0,0.0,0.424716,0.468085,0.103008,0.51562,0.003467,0.422915,0.414912,1.0
0.0,0.0,0.0,0.0,0.0,0.0,1.0,0.031636,0.765957,0.056833,0.317614,0.003467,0.422915,0.414912,0.0
0.0,1.0,0.0,0.0,0.0,0.0,0.0,0.438078,0.617021,0.060586,0.458494,0.003467,0.422915,0.414912,0.0
0.0,1.0,0.0,0.0,0.0,0.0,0.0,0.86713,0.148936,0.024799,0.09997,0.001662,0.088555,0.71886,0.0
0.0,0.0,1.0,0.0,0.0,0.0,0.0,0.46551,0.638298,0.042302,0.496578,0.002935,0.501295,0.342982,1.0
0.0,0.0,0.0,0.0,1.0,0.0,0.0,0.894783,0.978723,0.080311,0.665724,0.005457,0.566287,0.505702,0.0
0.0,1.0,0.0,0.0,0.0,0.0,0.0,0.0,0.489362,0.045485,0.513835,0.003467,0.422915,0.414912,1.0
0.0,0.0,0.0,0.0,1.0,0.0,0.0,0.872484,0.06383,0.038339,0.225677,0.001068,0.367944,0.703509,0.0
0.0,1.0,0.0,0.0,0.0,0.0,0.0,0.881377,0.234043,0.028942,0.204999,0.00172,0.247022,0.674561,0.0
0.0,0.0,0.0,0.0,1.0,0.0,0.0,0.902748,0.489362,0.086346,0.50848,0.005712,0.598136,0.516228,1.0
0.0,0.0,0.0,0.0,1.0,0.0,0.0,0.433609,0.702128,0.073736,0.45061,0.003467,0.422915,0.414912,1.0
0.0,1.0,0.0,0.0,0.0,0.0,0.0,0.030795,0.106383,0.071694,0.155311,0.003467,0.422915,0.414912,0.0
0.0,0.0,0.0,0.0,0.0,0.0,1.0,0.022079,0.680851,0.073256,0.263314,0.003467,0.422915,0.414912,1.0
0.0,0.0,1.0,0.0,0.0,0.0,0.0,0.451661,0.659574,0.038489,0.595507,0.002559,0.704557,0.376316,0.0
0.0,0.0,1.0,0.0,0.0,0.0,0.0,0.437812,0.234043,0.048817,0.209908,0.003467,0.422915,0.414912,1.0
0.0,0.0,0.0,0.0,0.0,1.0,0.0,0.868236,0.531915,0.029392,0.687891,0.00187,0.550233,0.633772,1.0
0.0,0.0,0.0,0.0,0.0,0.0,1.0,0.885005,0.914894,0.054371,0.376376,0.003712,0.354738,0.413596,0.0
0.0,0.0,0.0,0.0,0.0,0.0,1.0,0.429583,0.468085,0.080611,0.374888,0.003467,0.422915,0.414912,1.0
0.0,0.0,1.0,0.0,0.0,0.0,0.0,0.017875,0.808511,0.082293,0.558911,0.003467,0.422915,0.414912,1.0
0.0,0.0,0.0,0.0,0.0,1.0,0.0,0.017698,0.851064,0.066591,0.411485,0.003467,0.422915,0.414912,1.0
1.0,0.0,0.0,0.0,0.0,0.0,0.0,0.442326,0.191489,0.058725,0.07111,0.0,0.042465,0.500526,1.0
0.0,0.0,0.0,0.0,1.0,0.0,0.0,0.442812,0.234043,0.040171,0.253794,0.002678,0.243138,0.667544,0.0
0.0,0.0,0.0,0.0,1.0,0.0,0.0,0.43883,0.361702,0.048037,0.286671,0.003467,0.422915,0.414912,0.0
0.0,1.0,0.0,0.0,0.0,0.0,0.0,0.447281,0.234043,0.023628,0.301993,0.00108,0.252978,0.765789,0.0
0.0,0.0,0.0,0.0,0.0,1.0,0.0,0.8985,0.531915,0.087907,0.517108,0.005802,0.56059,0.289474,1.0
0.0,0.0,1.0,0.0,0.0,0.0,0.0,0.018185,0.212766,0.043863,0.17465,0.003467,0.422915,0.414912,0.0
0.0,0.0,0.0,1.0,0.0,0.0,0.0,0.013318,0.93617,0.090068,0.623624,0.003467,0.422915,0.414912,1.0
0.0,0.0,1.0,0.0,0.0,0.0,0.0,0.447016,0.93617,0.043023,0.600417,0.002898,0.41999,0.578509,0.0
0.0,0.0,1.0,0.0,0.0,0.0,0.0,0.867484,0.148936,0.023808,0.153377,0.001558,0.231227,0.801754,0.0
0.0,0.0,0.0,0.0,0.0,0.0,1.0,0.893633,0.170213,0.044884,0.245909,0.00284,0.345417,0.804825,0.0
0.0,0.0,0.0,0.0,0.0,0.0,1.0,0.460732,0.276596,0.029452,0.229247,0.002029,0.185655,0.282018,0.0
0.0,0.0,0.0,0.0,0.0,0.0,1.0,0.447812,0.531915,0.041672,0.476941,0.002804,0.383739,0.557456,1.0
0.0,1.0,0.0,0.0,0.0,0.0,0.0,0.469448,0.851064,0.028702,0.384707,0.001924,0.383998,0.501316,0.0
0.0,0.0,0.0,1.0,0.0,0.0,0.0,0.473253,0.085106,0.02612,0.182535,0.001782,0.255826,0.52807,0.0
0.0,1.0,0.0,0.0,0.0,0.0,0.0,0.013539,0.723404,0.041431,0.526034,0.003467,0.422915,0.414912,0.0
0.0,0.0,0.0,0.0,1.0,0.0,0.0,0.004425,0.510638,0.050168,0.528414,0.003467,0.422915,0.414912,0.0
0.0,1.0,0.0,0.0,0.0,0.0,0.0,0.465466,0.021277,0.02648,0.200387,0.001784,0.250647,0.590351,0.0
0.0,1.0,0.0,0.0,0.0,0.0,0.0,0.439007,0.510638,0.054612,0.502231,0.003467,0.422915,0.414912,0.0
0.0,0.0,0.0,0.0,0.0,1.0,0.0,0.443166,0.212766,0.034796,0.211247,0.002318,0.212584,0.753947,0.0
1.0,0.0,0.0,0.0,0.0,0.0,0.0,0.871377,0.042553,0.025279,0.172716,0.000848,0.324443,0.772368,0.0
1.0,0.0,0.0,0.0,0.0,0.0,0.0,0.000885,0.0,0.087426,0.342011,0.003467,0.422915,0.414912,0.0
0.0,0.0,1.0,0.0,0.0,0.0,0.0,0.890359,0.510638,0.037649,0.68551,0.002657,0.649663,0.347368,0.0
0.0,0.0,1.0,0.0,0.0,0.0,0.0,0.872395,0.12766,0.019335,0.143261,0.000841,0.253237,0.819737,0.0
1.0,0.0,0.0,0.0,0.0,0.0,0.0,0.005177,0.042553,0.042272,0.307498,0.003467,0.422915,0.414912,0.0
0.0,0.0,0.0,0.0,0.0,1.0,0.0,0.867307,0.957447,0.036508,0.400922,0.000899,0.250388,0.823684,1.0
0.0,1.0,0.0,0.0,0.0,0.0,0.0,0.031724,0.702128,0.099526,0.465933,0.003467,0.422915,0.414912,1.0
0.0,0.0,0.0,0.0,1.0,0.0,0.0,0.004734,0.319149,0.091059,0.625558,0.003467,0.422915,0.414912,0.0
0.0,0.0,0.0,1.0,0.0,0.0,0.0,0.023185,0.085106,0.046085,0.172419,0.003467,0.422915,0.414912,0.0
0.0,0.0,0.0,0.0,1.0,0.0,0.0,0.429494,0.12766,0.058364,0.165129,0.003467,0.422915,0.414912,0.0
0.0,0.0,0.0,0.0,0.0,1.0,0.0,0.004469,0.574468,0.075417,0.339334,0.003467,0.422915,0.414912,1.0
1.0,0.0,0.0,0.0,0.0,0.0,0.0,0.469714,0.234043,0.023568,0.127789,0.001572,0.116261,0.804386,0.0
0.0,0.0,0.0,0.0,0.0,1.0,0.0,0.465333,0.468085,0.068902,0.536299,0.004713,0.545831,0.33114,1.0
0.0,0.0,0.0,0.0,0.0,1.0,0.0,0.026946,0.382979,0.080972,0.420113,0.003467,0.422915,0.414912,0.0
0.0,0.0,0.0,1.0,0.0,0.0,0.0,0.912261,0.87234,0.043353,0.390658,0.002943,0.416106,0.371053,0.0
0.0,0.0,0.0,0.0,0.0,1.0,0.0,0.872218,0.042553,0.030083,0.240702,0.001464,0.384516,0.8,0.0
0.0,0.0,1.0,0.0,0.0,0.0,0.0,0.473829,0.574468,0.032995,0.619607,0.002181,0.561885,0.545614,1.0
0.0,0.0,0.0,0.0,0.0,1.0,0.0,0.434273,0.0,0.051039,0.359119,0.003467,0.422915,0.414912,0.0
0.0,0.0,0.0,0.0,0.0,0.0,1.0,0.022079,0.617021,0.073256,0.243677,0.003467,0.422915,0.414912,1.0
0.0,0.0,0.0,0.0,1.0,0.0,0.0,0.872484,0.787234,0.071664,0.69042,0.00479,0.695495,0.481579,0.0
0.0,0.0,0.0,0.0,0.0,1.0,0.0,0.876643,0.744681,0.028732,0.533175,0.001897,0.542983,0.479825,0.0
0.0,0.0,0.0,1.0,0.0,0.0,0.0,0.438166,0.510638,0.081962,0.489438,0.003467,0.422915,0.414912,1.0
0.0,0.0,0.0,0.0,0.0,1.0,0.0,0.455467,0.595745,0.036238,0.512199,0.002459,0.562144,0.438596,0.0
0.0,0.0,0.0,0.0,1.0,0.0,0.0,0.026592,0.234043,0.107572,0.387385,0.003467,0.422915,0.414912,1.0
1.0,0.0,0.0,0.0,0.0,0.0,0.0,0.867705,0.042553,0.029753,0.168253,0.001828,0.325997,0.792982,0.0
0.0,0.0,0.0,1.0,0.0,0.0,0.0,0.005,0.553191,0.042572,0.494496,0.003467,0.422915,0.414912,0.0
0.0,0.0,0.0,1.0,0.0,0.0,0.0,0.425778,0.638298,0.084965,0.517108,0.003467,0.422915,0.414912,1.0
0.0,1.0,0.0,0.0,0.0,0.0,0.0,0.473165,0.87234,0.041762,0.444362,0.002821,0.359399,0.482895,1.0
0.0,1.0,0.0,0.0,0.0,0.0,0.0,0.446971,0.382979,0.043623,0.518893,0.002948,0.267219,0.673246,1.0
0.0,0.0,0.0,1.0,0.0,0.0,0.0,0.434184,0.765957,0.063258,0.500446,0.003467,0.422915,0.414912,0.0
0.0,1.0,0.0,0.0,0.0,0.0,0.0,0.438388,0.702128,0.053561,0.487355,0.003467,0.422915,0.414912,0.0
0.0,0.0,0.0,0.0,0.0,0.0,1.0,0.017433,0.574468,0.081062,0.355846,0.003467,0.422915,0.414912,0.0
0.0,0.0,0.0,1.0,0.0,0.0,0.0,0.898721,0.617021,0.07854,0.538679,0.004815,0.56784,0.468421,0.0
0.0,0.0,0.0,1.0,0.0,0.0,0.0,0.425468,0.957447,0.089288,0.428593,0.003467,0.422915,0.414912,0.0
1.0,0.0,0.0,0.0,0.0,0.0,0.0,0.022123,0.765957,0.10538,0.41803,0.003467,0.422915,0.414912,1.0
1.0,0.0,0.0,0.0,0.0,0.0,0.0,0.875802,0.12766,0.015702,0.080036,0.000995,0.180218,0.849561,0.0
0.0,0.0,0.0,1.0,0.0,0.0,0.0,0.867218,0.659574,0.036057,0.460428,0.002462,0.401088,0.397368,1.0
0.0,0.0,0.0,0.0,1.0,0.0,0.0,0.0223,0.93617,0.055722,0.40122,0.003467,0.422915,0.414912,0.0
0.0,0.0,0.0,0.0,0.0,0.0,1.0,0.867661,0.723404,0.06644,0.424725,0.004408,0.654842,0.372368,1.0
1.0,0.0,0.0,0.0,0.0,0.0,0.0,0.881023,0.914894,0.028942,0.274918,0.001789,0.299327,0.809649,1.0
0.0,0.0,0.0,0.0,0.0,1.0,0.0,0.868236,0.765957,0.033055,0.529902,0.002154,0.398757,0.75614,1.0
0.0,0.0,0.0,0.0,0.0,0.0,1.0,0.005133,0.361702,0.075357,0.358078,0.003467,0.422915,0.414912,1.0
0.0,0.0,1.0,0.0,0.0,0.0,0.0,0.87682,0.276596,0.032995,0.522761,0.002183,0.592439,0.474123,0.0
0.0,0.0,0.0,1.0,0.0,0.0,0.0,0.894739,0.595745,0.084064,0.629277,0.00559,0.745987,0.389912,0.0
0.0,0.0,0.0,0.0,1.0,0.0,0.0,0.875979,0.93617,0.031434,0.430378,0.000833,0.288193,0.703509,0.0
0.0,0.0,0.0,0.0,0.0,1.0,0.0,0.889253,0.93617,0.02684,0.49033,0.001845,0.370792,0.538158,0.0
1.0,0.0,0.0,0.0,0.0,0.0,0.0,0.000265,0.446809,0.074817,0.498959,0.003467,0.422915,0.414912,1.0
1.0,0.0,0.0,0.0,0.0,0.0,0.0,0.911818,0.765957,0.043713,0.342309,0.002846,0.260487,0.733772,1.0
0.0,1.0,0.0,0.0,0.0,0.0,0.0,0.004292,0.085106,0.076108,0.308242,0.003467,0.422915,0.414912,1.0
0.0,0.0,0.0,0.0,0.0,1.0,0.0,0.903411,0.212766,0.042632,0.204552,0.002757,0.294148,0.778947,0.0
0.0,0.0,0.0,0.0,0.0,0.0,1.0,0.425601,0.170213,0.055242,0.065308,0.003467,0.422915,0.414912,0.0
0.0,0.0,0.0,0.0,0.0,0.0,1.0,0.911464,0.297872,0.049838,0.369682,0.003199,0.353703,0.736842,1.0
0.0,0.0,0.0,0.0,0.0,1.0,0.0,0.885271,0.468085,0.029993,0.52767,0.002083,0.556965,0.288158,0.0
0.0,0.0,1.0,0.0,0.0,0.0,0.0,0.460865,0.595745,0.062988,0.520678,0.004364,0.448213,0.269298,1.0
0.0,0.0,0.0,1.0,0.0,0.0,0.0,0.430069,0.191489,0.073316,0.220173,0.003467,0.422915,0.414912,0.0
0.0,1.0,0.0,0.0,0.0,0.0,0.0,0.01323,0.404255,0.049538,0.641773,0.003467,0.422915,0.414912,0.0
0.0,0.0,0.0,0.0,0.0,1.0,0.0,0.031901,0.276596,0.056923,0.151443,0.003467,0.422915,0.414912,0.0
0.0,0.0,0.0,0.0,0.0,1.0,0.0,0.473342,0.021277,0.032425,0.319697,0.002256,0.302952,0.262719,0.0
0.0,0.0,1.0,0.0,0.0,0.0,0.0,0.459935,0.510638,0.107752,0.578846,0.007366,0.5145,0.355263,1.0
0.0,0.0,0.0,0.0,0.0,0.0,1.0,0.009469,0.829787,0.042602,0.652187,0.003467,0.422915,0.414912,0.0
0.0,0.0,0.0,0.0,0.0,0.0,1.0,0.438609,0.638298,0.051099,0.259,0.003467,0.422915,0.414912,0.0
0.0,0.0,0.0,0.0,1.0,0.0,0.0,0.903367,0.06383,0.03921,0.339185,0.002642,0.439151,0.489474,0.0
0.0,0.0,0.0,1.0,0.0,0.0,0.0,0.001018,0.191489,0.077999,0.196965,0.003467,0.422915,0.414912,1.0
1.0,0.0,0.0,0.0,0.0,0.0,0.0,0.429937,0.021277,0.049838,0.225826,0.003467,0.422915,0.414912,0.0
0.0,0.0,0.0,0.0,0.0,1.0,0.0,0.876643,0.765957,0.028612,0.526331,0.00188,0.505697,0.517544,0.0
0.0,0.0,0.0,0.0,0.0,1.0,0.0,0.442857,0.042553,0.062868,0.424576,0.004404,0.447437,0.366228,1.0
0.0,0.0,0.0,0.0,0.0,0.0,1.0,0.880669,1.0,0.034947,0.282803,0.002152,0.287934,0.787719,0.0
0.0,0.0,0.0,0.0,0.0,0.0,1.0,0.469979,0.446809,0.029753,0.444213,0.002042,0.317711,0.544298,0.0
0.0,1.0,0.0,0.0,0.0,0.0,0.0,0.446971,0.297872,0.036808,0.264207,0.000908,0.133351,0.765789,0.0
0.0,1.0,0.0,0.0,0.0,0.0,0.0,0.894341,0.510638,0.089978,0.731925,0.006462,0.721388,0.451316,1.0
0.0,0.0,0.0,1.0,0.0,0.0,0.0,0.026857,0.446809,0.127207,0.617525,0.003467,0.422915,0.414912,1.0
0.0,0.0,1.0,0.0,0.0,0.0,0.0,0.425424,0.957447,0.103729,0.444213,0.003467,0.422915,0.414912,0.0
0.0,0.0,0.0,0.0,0.0,1.0,0.0,0.876333,0.425532,0.036688,0.629723,0.002439,0.692128,0.461404,1.0
0.0,0.0,1.0,0.0,0.0,0.0,0.0,0.459935,0.595745,0.086526,0.539125,0.005922,0.540394,0.308772,1.0
1.0,0.0,0.0,0.0,0.0,0.0,0.0,0.022433,0.87234,0.074607,0.396757,0.003467,0.422915,0.414912,1.0
0.0,0.0,0.0,0.0,1.0,0.0,0.0,0.425202,0.021277,0.062748,0.273877,0.003467,0.422915,0.414912,1.0
0.0,0.0,0.0,0.0,1.0,0.0,0.0,0.875979,0.978723,0.032245,0.420857,0.00085,0.360435,0.725439,0.0
0.0,1.0,0.0,0.0,0.0,0.0,0.0,0.429052,0.468085,0.089408,0.509967,0.003467,0.422915,0.414912,1.0
0.0,0.0,0.0,0.0,0.0,1.0,0.0,0.452104,0.787234,0.035667,0.682832,0.002451,0.592698,0.280263,0.0
0.0,1.0,0.0,0.0,0.0,0.0,0.0,0.90757,0.297872,0.040891,0.408361,0.00274,0.42957,0.489474,0.0
0.0,0.0,0.0,1.0,0.0,0.0,0.0,0.031813,0.595745,0.058394,0.214073,0.003467,0.422915,0.414912,0.0
0.0,0.0,0.0,0.0,0.0,0.0,1.0,0.880359,0.042553,0.06569,0.344243,0.004452,0.349819,0.335526,1.0
0.0,0.0,0.0,1.0,0.0,0.0,0.0,0.872439,0.744681,0.03897,0.639096,0.002597,0.715432,0.37807,0.0
0.0,0.0,0.0,0.0,0.0,0.0,1.0,0.884695,0.87234,0.029542,0.397054,0.001718,0.384516,0.65614,0.0
1.0,0.0,0.0,0.0,0.0,0.0,0.0,0.907526,0.148936,0.034286,0.093871,0.002258,0.161056,0.646053,0.0
0.0,0.0,0.0,0.0,0.0,1.0,0.0,0.026636,0.319149,0.093761,0.37474,0.003467,0.422915,0.414912,1.0
0.0,0.0,1.0,0.0,0.0,0.0,0.0,0.884828,0.170213,0.028612,0.174204,0.001845,0.27913,0.769298,0.0
0.0,0.0,0.0,1.0,0.0,0.0,0.0,0.013628,0.510638,0.042602,0.531985,0.003467,0.422915,0.414912,0.0
1.0,0.0,0.0,0.0,0.0,0.0,0.0,0.898279,0.829787,0.078119,0.651294,0.004128,0.497152,0.712719,1.0
0.0,0.0,0.0,1.0,0.0,0.0,0.0,0.894429,0.978723,0.068692,0.606218,0.004599,0.545831,0.54693,1.0
0.0,0.0,0.0,0.0,0.0,0.0,1.0,0.442901,0.723404,0.05326,0.466082,0.003641,0.360435,0.380263,0.0
1.0,0.0,0.0,0.0,0.0,0.0,0.0,0.868015,0.914894,0.029602,0.297977,0.000839,0.192646,0.770614,1.0
0.0,0.0,0.0,0.0,1.0,0.0,0.0,0.0223,0.914894,0.055062,0.355846,0.003467,0.422915,0.414912,0.0
0.0,0.0,0.0,1.0,0.0,0.0,0.0,0.872439,0.021277,0.029362,0.289646,0.001215,0.337131,0.813158,0.0
0.0,0.0,0.0,0.0,0.0,1.0,0.0,0.424627,0.425532,0.085235,0.341267,0.003467,0.422915,0.414912,1.0
0.0,0.0,0.0,0.0,0.0,1.0,0.0,0.013406,0.680851,0.051249,0.359119,0.003467,0.422915,0.414912,0.0
1.0,0.0,0.0,0.0,0.0,0.0,0.0,0.022123,0.93617,0.075327,0.312556,0.003467,0.422915,0.414912,1.0
0.0,0.0,0.0,0.0,0.0,0.0,1.0,0.018052,0.893617,0.069653,0.332937,0.003467,0.422915,0.414912,1.0
0.0,1.0,0.0,0.0,0.0,0.0,0.0,0.023096,0.553191,0.109523,0.494496,0.003467,0.422915,0.414912,1.0
0.0,0.0,0.0,1.0,0.0,0.0,0.0,0.000708,0.0,0.125706,0.495091,0.003467,0.422915,0.414912,1.0
0.0,0.0,1.0,0.0,0.0,0.0,0.0,0.911597,0.510638,0.064939,0.517108,0.004329,0.583635,0.445175,1.0
0.0,0.0,0.0,1.0,0.0,0.0,0.0,0.474183,0.510638,0.035937,0.521868,0.002432,0.307872,0.608333,1.0
1.0,0.0,0.0,0.0,0.0,0.0,0.0,0.465422,0.212766,0.017804,0.069771,0.000935,0.101502,0.756579,0.0
0.0,0.0,1.0,0.0,0.0,0.0,0.0,0.885138,0.957447,0.030353,0.501339,0.002025,0.384775,0.474123,0.0
0.0,0.0,0.0,0.0,1.0,0.0,0.0,0.899075,0.702128,0.062688,0.576019,0.004071,0.555671,0.639912,0.0
0.0,0.0,0.0,0.0,0.0,0.0,1.0,0.898854,0.93617,0.065029,0.420857,0.004194,0.371828,0.7,0.0
0.0,0.0,0.0,0.0,0.0,0.0,1.0,0.460112,0.191489,0.02621,0.151145,0.001762,0.199637,0.601754,0.0
0.0,0.0,0.0,0.0,0.0,0.0,1.0,0.02699,0.893617,0.074817,0.275662,0.003467,0.422915,0.414912,0.0
1.0,0.0,0.0,0.0,0.0,0.0,0.0,0.022433,0.851064,0.074847,0.421154,0.003467,0.422915,0.414912,1.0
0.0,1.0,0.0,0.0,0.0,0.0,0.0,0.44268,0.808511,0.14534,0.645344,0.009796,0.551528,0.416667,1.0
0.0,0.0,1.0,0.0,0.0,0.0,0.0,0.894385,0.085106,0.063919,0.399286,0.004279,0.491714,0.575877,0.0
0.0,1.0,0.0,0.0,0.0,0.0,0.0,0.42507,0.148936,0.058394,0.125855,0.003467,0.422915,0.414912,0.0
1.0,0.0,0.0,0.0,0.0,0.0,0.0,0.894606,0.276596,0.031284,0.201428,0.002019,0.253237,0.828509,0.0
0.0,0.0,0.0,0.0,0.0,0.0,1.0,0.429273,0.851064,0.096854,0.495983,0.003467,0.422915,0.414912,1.0
0.0,1.0,0.0,0.0,0.0,0.0,0.0,0.880404,0.680851,0.027591,0.552068,0.001903,0.519938,0.457018,0.0
1.0,0.0,0.0,0.0,0.0,0.0,0.0,0.469714,0.12766,0.024949,0.084052,0.001672,0.165199,0.704386,0.0
0.0,1.0,0.0,0.0,0.0,0.0,0.0,0.022477,0.574468,0.106071,0.498215,0.003467,0.422915,0.414912,1.0
0.0,0.0,0.0,0.0,0.0,0.0,1.0,0.45613,0.851064,0.033445,0.469801,0.0022,0.36173,0.747368,1.0
0.0,0.0,0.0,1.0,0.0,0.0,0.0,0.898102,0.893617,0.044254,0.618566,0.00295,0.562144,0.503509,0.0
0.0,0.0,0.0,1.0,0.0,0.0,0.0,0.898412,0.0,0.074847,0.54701,0.004836,0.481357,0.670175,1.0
1.0,0.0,0.0,0.0,0.0,0.0,0.0,0.030751,0.574468,0.111865,0.581077,0.003467,0.422915,0.414912,1.0
0.0,1.0,0.0,0.0,0.0,0.0,0.0,0.898013,0.361702,0.075117,0.723743,0.005081,0.675557,0.45307,0.0
0.0,1.0,0.0,0.0,0.0,0.0,0.0,0.906951,0.06383,0.029753,0.164534,0.002117,0.292077,0.402632,0.0
0.0,0.0,0.0,1.0,0.0,0.0,0.0,0.44737,0.319149,0.044854,0.705742,0.003054,0.613154,0.370614,0.0
1.0,0.0,0.0,0.0,0.0,0.0,0.0,0.456175,0.148936,0.030833,0.138054,0.000908,0.205334,0.7,1.0
0.0,0.0,0.0,0.0,0.0,1.0,0.0,0.031901,0.702128,0.060556,0.272984,0.003467,0.422915,0.414912,0.0
1.0,0.0,0.0,0.0,0.0,0.0,0.0,0.451263,0.978723,0.044914,0.471288,0.002898,0.429052,0.667982,1.0
0.0,0.0,0.0,0.0,0.0,1.0,0.0,0.424627,0.893617,0.085235,0.285481,0.003467,0.422915,0.414912,1.0
0.0,0.0,1.0,0.0,0.0,0.0,0.0,0.005265,0.170213,0.076858,0.19875,0.003467,0.422915,0.414912,0.0
0.0,0.0,0.0,1.0,0.0,0.0,0.0,0.455688,0.042553,0.037889,0.526034,0.002624,0.48783,0.534211,0.0
0.0,1.0,0.0,0.0,0.0,0.0,0.0,0.00031,0.12766,0.046956,0.193692,0.003467,0.422915,0.414912,0.0
0.0,0.0,0.0,1.0,0.0,0.0,0.0,0.434494,0.085106,0.045605,0.180899,0.003467,0.422915,0.414912,0.0
0.0,0.0,0.0,0.0,0.0,1.0,0.0,0.455467,0.234043,0.031764,0.342309,0.002164,0.314604,0.728947,0.0
0.0,0.0,0.0,0.0,0.0,0.0,1.0,0.995443,0.702128,0.037288,0.435882,0.002416,0.334283,0.715351,1.0
0.0,0.0,0.0,0.0,0.0,1.0,0.0,0.031282,0.957447,0.056833,0.288456,0.003467,0.422915,0.414912,0.0
0.0,0.0,0.0,0.0,0.0,1.0,0.0,0.889562,0.12766,0.047646,0.274174,0.002009,0.318747,0.577632,1.0
1.0,0.0,0.0,0.0,0.0,0.0,0.0,0.022433,0.106383,0.044494,0.141625,0.003467,0.422915,0.414912,0.0
0.0,0.0,1.0,0.0,0.0,0.0,0.0,0.425424,0.744681,0.126096,0.540613,0.003467,0.422915,0.414912,1.0
0.0,0.0,0.0,0.0,0.0,1.0,0.0,0.89912,0.361702,0.0916,0.592978,0.006211,0.662351,0.386842,1.0
0.0,0.0,0.0,0.0,1.0,0.0,0.0,0.898766,0.87234,0.05323,0.610533,0.003484,0.541429,0.554386,0.0
0.0,0.0,0.0,0.0,0.0,0.0,1.0,0.872572,0.276596,0.034947,0.304225,0.002056,0.287675,0.754825,1.0
0.0,0.0,0.0,0.0,0.0,0.0,1.0,0.022388,0.702128,0.06563,0.232371,0.003467,0.422915,0.414912,0.0
1.0,0.0,0.0,0.0,0.0,0.0,0.0,0.911508,0.361702,0.043173,0.375335,0.002673,0.24262,0.848246,0.0
1.0,0.0,0.0,0.0,0.0,0.0,0.0,0.027034,0.808511,0.116579,0.435733,0.003467,0.422915,0.414912,1.0
0.0,1.0,0.0,0.0,0.0,0.0,0.0,0.469758,0.085106,0.023328,0.1446,0.001572,0.226308,0.571053,0.0
0.0,0.0,0.0,0.0,1.0,0.0,0.0,0.893677,0.191489,0.028702,0.183576,0.001795,0.300363,0.818421,0.0
1.0,0.0,0.0,0.0,0.0,0.0,0.0,0.027034,0.12766,0.047526,0.097144,0.003467,0.422915,0.414912,0.0
0.0,1.0,0.0,0.0,0.0,0.0,0.0,0.429671,0.234043,0.076258,0.39274,0.003467,0.422915,0.414912,0.0
1.0,0.0,0.0,0.0,0.0,0.0,0.0,0.907836,0.617021,0.02672,0.287117,0.001751,0.245987,0.609649,0.0
0.0,0.0,1.0,0.0,0.0,0.0,0.0,0.031769,0.893617,0.07911,0.230437,0.003467,0.422915,0.414912,1.0
0.0,0.0,0.0,0.0,1.0,0.0,0.0,0.8812,0.489362,0.029392,0.54939,0.001957,0.544019,0.546491,0.0
0.0,0.0,0.0,0.0,0.0,0.0,1.0,0.424671,0.93617,0.080611,0.297233,0.003467,0.422915,0.414912,1.0
0.0,1.0,0.0,0.0,0.0,0.0,0.0,0.90757,0.787234,0.089498,0.593127,0.005858,0.616261,0.386842,1.0
0.0,0.0,0.0,0.0,0.0,1.0,0.0,0.456705,0.744681,0.031584,0.564118,0.002164,0.484205,0.583333,0.0
0.0,0.0,1.0,0.0,0.0,0.0,0.0,0.023141,0.404255,0.119491,0.497322,0.003467,0.422915,0.414912,1.0
0.0,0.0,1.0,0.0,0.0,0.0,0.0,0.8762,0.787234,0.028822,0.478875,0.001356,0.468669,0.677193,1.0
0.0,1.0,0.0,0.0,0.0,0.0,0.0,0.42507,0.382979,0.069893,0.477388,0.003467,0.422915,0.414912,1.0
0.0,0.0,0.0,1.0,0.0,0.0,0.0,0.442768,0.0,0.077189,0.500149,0.00521,0.424909,0.514474,1.0
0.0,0.0,0.0,0.0,1.0,0.0,0.0,0.017654,0.085106,0.066681,0.339929,0.003467,0.422915,0.414912,0.0
0.0,0.0,0.0,0.0,0.0,0.0,1.0,0.908101,0.680851,0.050438,0.346474,0.003336,0.307095,0.595614,0.0
0.0,0.0,1.0,0.0,0.0,0.0,0.0,0.898987,0.978723,0.089138,0.562779,0.00586,0.532108,0.587719,0.0
1.0,0.0,0.0,0.0,0.0,0.0,0.0,0.90288,0.382979,0.050919,0.378161,0.003166,0.250647,0.825,0.0
0.0,0.0,1.0,0.0,0.0,0.0,0.0,0.877129,0.085106,0.037769,0.252752,0.002505,0.296737,0.456579,0.0
0.0,0.0,0.0,0.0,0.0,0.0,1.0,0.02668,0.382979,0.050498,0.325498,0.003467,0.422915,0.414912,0.0
0.0,0.0,0.0,0.0,1.0,0.0,0.0,0.447414,0.723404,0.067311,0.767777,0.004877,0.665458,0.236404,1.0
0.0,0.0,1.0,0.0,0.0,0.0,0.0,0.008982,0.723404,0.179236,0.77105,0.003467,0.422915,0.414912,1.0
1.0,0.0,0.0,0.0,0.0,0.0,0.0,0.008584,0.765957,0.106071,0.801547,0.003467,0.422915,0.414912,1.0
0.0,0.0,1.0,0.0,0.0,0.0,0.0,0.031149,0.851064,0.062838,0.372657,0.003467,0.422915,0.414912,0.0
0.0,1.0,0.0,0.0,0.0,0.0,0.0,0.443299,0.87234,0.046025,0.519637,0.003103,0.476696,0.513596,0.0
1.0,0.0,0.0,0.0,0.0,0.0,0.0,0.894297,0.574468,0.05296,0.397798,0.002281,0.302952,0.684649,0.0
0.0,0.0,0.0,0.0,0.0,0.0,1.0,0.885625,0.425532,0.07956,0.529009,0.005206,0.406007,0.648246,1.0
0.0,1.0,0.0,0.0,0.0,0.0,0.0,0.894651,1.0,0.061006,0.576763,0.003986,0.504402,0.571491,0.0
0.0,0.0,1.0,0.0,0.0,0.0,0.0,0.439051,0.510638,0.055062,0.504612,0.003467,0.422915,0.414912,0.0
0.0,0.0,0.0,1.0,0.0,0.0,0.0,0.434494,0.148936,0.050288,0.153228,0.003467,0.422915,0.414912,0.0
0.0,1.0,0.0,0.0,0.0,0.0,0.0,0.026769,0.659574,0.059865,0.469057,0.003467,0.422915,0.414912,0.0
0.0,0.0,0.0,1.0,0.0,0.0,0.0,0.425778,0.957447,0.084965,0.433651,0.003467,0.422915,0.414912,0.0
0.0,0.0,0.0,1.0,0.0,0.0,0.0,0.907969,0.361702,0.064249,0.567539,0.004377,0.629984,0.317105,0.0
0.0,0.0,1.0,0.0,0.0,0.0,0.0,0.911597,0.361702,0.082443,0.560101,0.005415,0.564215,0.517982,1.0
0.0,0.0,1.0,0.0,0.0,0.0,0.0,0.446706,0.446809,0.057434,0.654716,0.003947,0.627395,0.389035,0.0
1.0,0.0,0.0,0.0,0.0,0.0,0.0,0.022433,0.93617,0.057794,0.373996,0.003467,0.422915,0.414912,0.0
0.0,0.0,1.0,0.0,0.0,0.0,0.0,0.004336,0.404255,0.045244,0.584499,0.003467,0.422915,0.414912,0.0
0.0,1.0,0.0,0.0,0.0,0.0,0.0,0.867749,0.170213,0.02567,0.173609,0.000841,0.202486,0.85,0.0
0.0,0.0,0.0,0.0,0.0,0.0,1.0,0.013451,0.659574,0.071905,0.282654,0.003467,0.422915,0.414912,0.0
0.0,0.0,0.0,0.0,0.0,0.0,1.0,0.433698,0.787234,0.068212,0.343201,0.003467,0.422915,0.414912,1.0
0.0,0.0,0.0,0.0,0.0,1.0,0.0,0.880581,0.191489,0.044073,0.164088,0.002871,0.252978,0.697807,0.0
0.0,0.0,0.0,0.0,0.0,0.0,1.0,0.881288,0.829787,0.033836,0.361648,0.002212,0.383739,0.565789,1.0
1.0,0.0,0.0,0.0,0.0,0.0,0.0,0.433742,0.680851,0.071664,0.511752,0.003467,0.422915,0.414912,1.0
0.0,0.0,0.0,0.0,0.0,0.0,1.0,0.899164,0.893617,0.083944,0.443618,0.005405,0.369239,0.682456,1.0
0.0,0.0,0.0,0.0,1.0,0.0,0.0,0.460024,0.510638,0.030353,0.488694,0.00205,0.503625,0.25614,0.0
1.0,0.0,0.0,0.0,0.0,0.0,0.0,0.442945,0.170213,0.040861,0.099226,0.00268,0.125324,0.682456,0.0
0.0,0.0,0.0,0.0,1.0,0.0,0.0,0.013362,0.297872,0.097574,0.628831,0.003467,0.422915,0.414912,1.0
0.0,0.0,0.0,0.0,1.0,0.0,0.0,0.447414,0.93617,0.042843,0.636864,0.002856,0.467633,0.560965,0.0
0.0,0.0,0.0,1.0,0.0,0.0,0.0,0.469227,0.276596,0.049418,0.449271,0.003274,0.52434,0.375439,0.0
0.0,0.0,0.0,1.0,0.0,0.0,0.0,0.456307,0.404255,0.042212,0.674502,0.002831,0.621181,0.563596,1.0
0.0,1.0,0.0,0.0,0.0,0.0,0.0,0.876466,0.638298,0.030984,0.576317,0.001955,0.516572,0.669737,1.0
0.0,0.0,0.0,1.0,0.0,0.0,0.0,0.911331,0.893617,0.041462,0.402559,0.002671,0.371828,0.675,0.0
0.0,0.0,0.0,0.0,0.0,1.0,0.0,0.469316,0.680851,0.055332,0.578994,0.003631,0.466339,0.489035,1.0
0.0,0.0,0.0,1.0,0.0,0.0,0.0,0.460289,0.851064,0.043713,0.555043,0.002993,0.523045,0.366667,0.0
0.0,0.0,0.0,0.0,1.0,0.0,0.0,0.866953,0.914894,0.029602,0.323713,0.001961,0.198084,0.835965,0.0
0.0,0.0,0.0,0.0,0.0,0.0,1.0,0.425291,0.468085,0.075237,0.322821,0.003467,0.422915,0.414912,1.0
0.0,0.0,0.0,0.0,0.0,0.0,1.0,0.447193,0.021277,0.038369,0.492859,0.002559,0.446919,0.652632,0.0
0.0,0.0,0.0,0.0,0.0,1.0,0.0,0.452104,0.021277,0.040231,0.540762,0.002765,0.433454,0.517982,0.0
0.0,0.0,1.0,0.0,0.0,0.0,0.0,0.482412,0.191489,0.02666,0.150253,0.001809,0.173226,0.534649,0.0
1.0,0.0,0.0,0.0,0.0,0.0,0.0,0.867086,0.574468,0.028131,0.276406,0.001907,0.153288,0.647368,0.0
0.0,1.0,0.0,0.0,0.0,0.0,0.0,0.027078,0.12766,0.048787,0.148319,0.003467,0.422915,0.414912,0.0
0.0,1.0,0.0,0.0,0.0,0.0,0.0,0.460511,0.340426,0.028281,0.488843,0.00189,0.556189,0.457456,1.0
0.0,0.0,1.0,0.0,0.0,0.0,0.0,0.438742,0.680851,0.064579,0.50848,0.003467,0.422915,0.414912,1.0
0.0,0.0,0.0,1.0,0.0,0.0,0.0,0.021946,0.0,0.056263,0.436924,0.003467,0.422915,0.414912,0.0
1.0,0.0,0.0,0.0,0.0,0.0,0.0,0.898589,0.425532,0.090459,0.579441,0.005571,0.304505,0.810526,1.0
0.0,0.0,1.0,0.0,0.0,0.0,0.0,0.885138,1.0,0.045815,0.500149,0.003047,0.421025,0.546491,0.0
0.0,0.0,1.0,0.0,0.0,0.0,0.0,0.461174,0.829787,0.029542,0.480363,0.00198,0.4855,0.37807,0.0
0.0,0.0,0.0,0.0,0.0,1.0,0.0,0.908057,0.978723,0.063919,0.455073,0.004306,0.419731,0.500439,1.0
0.0,0.0,1.0,0.0,0.0,0.0,0.0,0.455953,0.489362,0.05308,0.56873,0.003644,0.601761,0.329825,1.0
1.0,0.0,0.0,0.0,0.0,0.0,0.0,0.912438,0.787234,0.044614,0.350491,0.002921,0.282237,0.705702,1.0
0.0,0.0,0.0,1.0,0.0,0.0,0.0,0.87182,0.851064,0.02648,0.472032,0.001732,0.480321,0.635526,0.0
0.0,0.0,0.0,0.0,1.0,0.0,0.0,0.013053,0.553191,0.041732,0.502083,0.003467,0.422915,0.414912,0.0
0.0,0.0,0.0,0.0,0.0,1.0,0.0,0.005088,0.659574,0.068362,0.355103,0.003467,0.422915,0.414912,1.0
0.0,0.0,0.0,0.0,1.0,0.0,0.0,0.876598,0.255319,0.029272,0.416989,0.001853,0.528742,0.576316,0.0
0.0,0.0,0.0,0.0,0.0,0.0,1.0,0.898544,0.851064,0.095352,0.569325,0.006005,0.453651,0.590789,1.0
0.0,0.0,1.0,0.0,0.0,0.0,0.0,0.004336,0.425532,0.045244,0.559357,0.003467,0.422915,0.414912,0.0
0.0,0.0,0.0,0.0,0.0,0.0,1.0,0.451838,0.106383,0.040891,0.368343,0.002754,0.378301,0.662719,0.0
0.0,0.0,0.0,0.0,0.0,1.0,0.0,0.446839,0.851064,0.043653,0.501785,0.00297,0.464267,0.549561,1.0
0.0,0.0,0.0,0.0,0.0,1.0,0.0,0.018318,0.765957,0.102348,0.515769,0.003467,0.422915,0.414912,1.0
0.0,0.0,1.0,0.0,0.0,0.0,0.0,0.464581,0.957447,0.057584,0.468164,0.003972,0.321595,0.346053,0.0
1.0,0.0,0.0,0.0,0.0,0.0,0.0,0.017477,0.319149,0.087907,0.535704,0.003467,0.422915,0.414912,1.0
0.0,0.0,0.0,0.0,0.0,1.0,0.0,0.009424,0.170213,0.041642,0.177031,0.003467,0.422915,0.414912,0.0
0.0,0.0,0.0,1.0,0.0,0.0,0.0,0.01792,0.893617,0.076468,0.459685,0.003467,0.422915,0.414912,1.0
0.0,0.0,0.0,1.0,0.0,0.0,0.0,0.867838,0.702128,0.034676,0.537489,0.002281,0.660539,0.275,1.0
0.0,0.0,0.0,0.0,1.0,0.0,0.0,0.017654,0.468085,0.06644,0.509075,0.003467,0.422915,0.414912,0.0
0.0,0.0,1.0,0.0,0.0,0.0,0.0,0.898987,0.0,0.091359,0.555341,0.005966,0.512429,0.648684,1.0
0.0,0.0,1.0,0.0,0.0,0.0,0.0,0.009911,0.361702,0.041281,0.648319,0.003467,0.422915,0.414912,0.0
0.0,0.0,0.0,0.0,0.0,1.0,0.0,0.438255,0.808511,0.053441,0.405088,0.003467,0.422915,0.414912,0.0
0.0,1.0,0.0,0.0,0.0,0.0,0.0,0.027078,0.702128,0.074817,0.446445,0.003467,0.422915,0.414912,0.0
0.0,0.0,0.0,0.0,0.0,1.0,0.0,0.906818,0.212766,0.027351,0.165278,0.001811,0.112636,0.650877,0.0
0.0,0.0,1.0,0.0,0.0,0.0,0.0,0.482412,0.510638,0.077999,0.475454,0.00542,0.490161,0.285526,1.0
0.0,1.0,0.0,0.0,0.0,0.0,0.0,0.867749,0.489362,0.028642,0.581821,0.00183,0.56318,0.729386,0.0
0.0,0.0,0.0,0.0,1.0,0.0,0.0,0.018583,0.148936,0.044494,0.164683,0.003467,0.422915,0.414912,0.0
0.0,0.0,0.0,0.0,0.0,0.0,1.0,0.881288,0.765957,0.042152,0.44942,0.002767,0.450285,0.583333,1.0
0.0,0.0,0.0,0.0,1.0,0.0,0.0,0.022919,0.489362,0.101327,0.509372,0.003467,0.422915,0.414912,1.0
0.0,1.0,0.0,0.0,0.0,0.0,0.0,0.464537,0.148936,0.020506,0.062481,0.001373,0.210513,0.657456,0.0
0.0,0.0,0.0,0.0,0.0,0.0,1.0,0.009469,0.744681,0.063949,0.673758,0.003467,0.422915,0.414912,1.0
0.0,0.0,1.0,0.0,0.0,0.0,0.0,0.008982,0.510638,0.090219,0.613359,0.003467,0.422915,0.414912,0.0
0.0,1.0,0.0,0.0,0.0,0.0,0.0,0.429362,0.319149,0.077519,0.51443,0.003467,0.422915,0.414912,0.0
0.0,0.0,0.0,0.0,0.0,1.0,0.0,0.425247,0.574468,0.073256,0.304522,0.003467,0.422915,0.414912,1.0
1.0,0.0,0.0,0.0,0.0,0.0,0.0,0.442945,0.978723,0.062778,0.402112,0.004198,0.372087,0.433772,1.0
0.0,1.0,0.0,0.0,0.0,0.0,0.0,0.027078,0.382979,0.097874,0.49152,0.003467,0.422915,0.414912,0.0
1.0,0.0,0.0,0.0,0.0,0.0,0.0,0.438963,0.234043,0.048037,0.186552,0.003467,0.422915,0.414912,0.0
0.0,0.0,1.0,0.0,0.0,0.0,0.0,0.023141,0.042553,0.06527,0.250074,0.003467,0.422915,0.414912,0.0
1.0,0.0,0.0,0.0,0.0,0.0,0.0,0.875802,0.212766,0.022007,0.108896,0.000677,0.158208,0.885526,0.0
0.0,1.0,0.0,0.0,0.0,0.0,0.0,1.0,0.702128,0.06602,0.491074,0.004489,0.516831,0.395175,0.0
0.0,0.0,0.0,0.0,0.0,1.0,0.0,0.018627,0.042553,0.054281,0.383814,0.003467,0.422915,0.414912,1.0
0.0,0.0,1.0,0.0,0.0,0.0,0.0,0.469183,0.723404,0.056053,0.554597,0.003648,0.476437,0.587719,0.0
0.0,0.0,1.0,0.0,0.0,0.0,0.0,0.451971,0.723404,0.060676,0.750521,0.004109,0.621958,0.369737,0.0
0.0,0.0,0.0,0.0,0.0,0.0,1.0,0.876377,0.93617,0.028822,0.357334,0.000769,0.237183,0.819737,0.0
0.0,0.0,0.0,0.0,0.0,0.0,1.0,0.872572,0.638298,0.032755,0.357185,0.001984,0.2913,0.847807,0.0
1.0,0.0,0.0,0.0,0.0,0.0,0.0,0.013185,0.468085,0.041582,0.522761,0.003467,0.422915,0.414912,1.0
1.0,0.0,0.0,0.0,0.0,0.0,0.0,0.013805,0.12766,0.041131,0.177031,0.003467,0.422915,0.414912,0.0
0.0,0.0,1.0,0.0,0.0,0.0,0.0,0.438742,0.808511,0.058544,0.499702,0.003467,0.422915,0.414912,1.0
0.0,0.0,0.0,0.0,1.0,0.0,0.0,0.018583,0.723404,0.046746,0.434097,0.003467,0.422915,0.414912,0.0
0.0,1.0,0.0,0.0,0.0,0.0,0.0,0.460511,0.914894,0.023718,0.359417,0.001583,0.418177,0.638596,0.0
0.0,0.0,0.0,0.0,0.0,1.0,0.0,0.429229,0.382979,0.059595,0.454032,0.003467,0.422915,0.414912,0.0
1.0,0.0,0.0,0.0,0.0,0.0,0.0,0.447856,0.914894,0.034106,0.496727,0.002115,0.328068,0.765789,0.0
1.0,0.0,0.0,0.0,0.0,0.0,0.0,0.469714,0.212766,0.023838,0.106367,0.001595,0.104868,0.767982,0.0
0.0,1.0,0.0,0.0,0.0,0.0,0.0,0.912482,0.06383,0.042692,0.17227,0.002802,0.353962,0.512719,0.0
0.0,0.0,0.0,0.0,1.0,0.0,0.0,0.443122,0.574468,0.045124,0.482297,0.003835,0.555671,0.390351,0.0
0.0,0.0,0.0,0.0,0.0,0.0,1.0,0.908101,0.744681,0.063348,0.40122,0.004157,0.327292,0.707456,1.0
0.0,0.0,0.0,1.0,0.0,0.0,0.0,0.456617,0.425532,0.037048,0.625707,0.002513,0.619886,0.515351,0.0
0.0,1.0,0.0,0.0,0.0,0.0,0.0,0.889076,0.829787,0.028942,0.559952,0.001992,0.573796,0.339035,0.0
0.0,0.0,1.0,0.0,0.0,0.0,0.0,0.898367,0.021277,0.077699,0.556233,0.004412,0.440186,0.692544,1.0
1.0,0.0,0.0,0.0,0.0,0.0,0.0,0.022433,0.893617,0.059926,0.359268,0.003467,0.422915,0.414912,0.0
0.0,1.0,0.0,0.0,0.0,0.0,0.0,0.027078,0.106383,0.048787,0.164386,0.003467,0.422915,0.414912,0.0
0.0,1.0,0.0,0.0,0.0,0.0,0.0,0.004292,0.276596,0.046926,0.43737,0.003467,0.422915,0.414912,0.0
0.0,0.0,0.0,0.0,1.0,0.0,0.0,0.005354,0.617021,0.054612,0.483041,0.003467,0.422915,0.414912,0.0
0.0,1.0,0.0,0.0,0.0,0.0,0.0,0.885094,0.957447,0.029993,0.513835,0.002009,0.376748,0.508772,0.0
1.0,0.0,0.0,0.0,0.0,0.0,0.0,0.026724,0.06383,0.047526,0.151294,0.003467,0.422915,0.414912,0.0
0.0,1.0,0.0,0.0,0.0,0.0,0.0,0.027078,0.680851,0.077939,0.446742,0.003467,0.422915,0.414912,0.0
0.0,0.0,0.0,0.0,0.0,1.0,0.0,0.451794,0.042553,0.071935,0.566498,0.004861,0.521233,0.496053,1.0
0.0,0.0,0.0,0.0,0.0,1.0,0.0,0.89819,0.12766,0.044734,0.315085,0.002896,0.404454,0.707895,0.0
0.0,1.0,0.0,0.0,0.0,0.0,0.0,0.902615,1.0,0.09175,0.494496,0.006076,0.495339,0.498246,1.0
1.0,0.0,0.0,0.0,0.0,0.0,0.0,0.451573,0.87234,0.044164,0.689081,0.002422,0.429052,0.726316,1.0
0.0,0.0,0.0,1.0,0.0,0.0,0.0,0.452015,0.042553,0.042272,0.550134,0.002916,0.481875,0.460526,0.0
1.0,0.0,0.0,0.0,0.0,0.0,0.0,0.871997,0.170213,0.020956,0.113359,0.000837,0.164682,0.798246,0.0
0.0,0.0,0.0,0.0,1.0,0.0,0.0,0.45175,0.212766,0.033265,0.29753,0.002204,0.322113,0.780263,0.0
0.0,0.0,0.0,0.0,0.0,1.0,0.0,0.890182,0.595745,0.028642,0.591342,0.002029,0.615225,0.417105,0.0
0.0,0.0,0.0,0.0,0.0,0.0,1.0,0.446883,0.978723,0.038009,0.443023,0.002466,0.414293,0.581579,1.0
0.0,0.0,0.0,0.0,0.0,1.0,0.0,0.438255,0.978723,0.053441,0.338143,0.003467,0.422915,0.414912,0.0
0.0,0.0,0.0,0.0,0.0,0.0,1.0,0.451838,0.191489,0.033566,0.231479,0.002252,0.249871,0.709649,0.0
0.0,0.0,1.0,0.0,0.0,0.0,0.0,0.022831,0.446809,0.05257,0.483636,0.003467,0.422915,0.414912,0.0
0.0,0.0,0.0,0.0,0.0,0.0,1.0,0.01407,0.553191,0.040801,0.292621,0.003467,0.422915,0.414912,0.0
0.0,0.0,0.0,0.0,0.0,1.0,0.0,0.005398,0.702128,0.097574,0.471288,0.003467,0.422915,0.414912,1.0
0.0,0.0,0.0,0.0,1.0,0.0,0.0,0.899075,0.489362,0.086586,0.59283,0.005688,0.601761,0.557895,1.0
0.0,0.0,1.0,0.0,0.0,0.0,0.0,0.867307,0.234043,0.048637,0.280274,0.003157,0.327033,0.697807,0.0
0.0,0.0,0.0,0.0,0.0,0.0,1.0,0.022698,0.212766,0.063468,0.060399,0.003467,0.422915,0.414912,0.0
0.0,0.0,0.0,0.0,0.0,0.0,1.0,0.428963,0.659574,0.058034,0.298126,0.003467,0.422915,0.414912,0.0
0.0,1.0,0.0,0.0,0.0,0.0,0.0,0.014159,0.957447,0.045485,0.488248,0.003467,0.422915,0.414912,0.0
0.0,0.0,1.0,0.0,0.0,0.0,0.0,0.464581,0.425532,0.14537,0.578846,0.009744,0.496634,0.529386,1.0
0.0,0.0,0.0,0.0,0.0,0.0,1.0,0.02668,0.12766,0.042903,0.063076,0.003467,0.422915,0.414912,0.0
0.0,1.0,0.0,0.0,0.0,0.0,0.0,0.429671,0.361702,0.106911,0.638798,0.003467,0.422915,0.414912,1.0
0.0,1.0,0.0,0.0,0.0,0.0,0.0,0.022167,0.361702,0.057644,0.453585,0.003467,0.422915,0.414912,0.0
0.0,0.0,0.0,1.0,0.0,0.0,0.0,0.903323,0.212766,0.037769,0.191758,0.002459,0.240031,0.761404,0.0
0.0,0.0,0.0,0.0,0.0,0.0,1.0,0.000221,0.234043,0.062417,0.074383,0.003467,0.422915,0.414912,1.0
0.0,0.0,1.0,0.0,0.0,0.0,0.0,0.885138,0.489362,0.034917,0.518001,0.002462,0.582859,0.225877,0.0
0.0,1.0,0.0,0.0,0.0,0.0,0.0,0.42476,0.787234,0.056923,0.321482,0.003467,0.422915,0.414912,0.0
0.0,0.0,0.0,0.0,1.0,0.0,0.0,0.885536,0.659574,0.027981,0.475602,0.001961,0.580787,0.319298,0.0
0.0,0.0,0.0,1.0,0.0,0.0,0.0,0.013628,0.404255,0.041431,0.594466,0.003467,0.422915,0.414912,0.0
1.0,0.0,0.0,0.0,0.0,0.0,0.0,0.881023,0.06383,0.028942,0.185064,0.000868,0.326515,0.67807,1.0
0.0,1.0,0.0,0.0,0.0,0.0,0.0,0.881377,0.851064,0.029422,0.487504,0.002032,0.518125,0.367982,0.0
0.0,0.0,0.0,0.0,0.0,1.0,0.0,0.451484,0.680851,0.03912,0.660666,0.002603,0.582341,0.606579,0.0
0.0,1.0,0.0,0.0,0.0,0.0,0.0,0.425379,0.191489,0.076678,0.199048,0.003467,0.422915,0.414912,0.0
0.0,1.0,0.0,0.0,0.0,0.0,0.0,0.447901,0.297872,0.040831,0.482446,0.002684,0.428793,0.602632,1.0
0.0,0.0,0.0,0.0,0.0,1.0,0.0,0.473652,0.574468,0.030143,0.615888,0.002021,0.652253,0.333772,0.0
0.0,0.0,1.0,0.0,0.0,0.0,0.0,0.447325,0.93617,0.037048,0.638947,0.001843,0.452097,0.765789,0.0
0.0,0.0,0.0,1.0,0.0,0.0,0.0,0.026547,0.595745,0.097694,0.458197,0.003467,0.422915,0.414912,1.0
0.0,0.0,1.0,0.0,0.0,0.0,0.0,0.474138,0.085106,0.025009,0.164237,0.001653,0.245987,0.807456,0.0
0.0,0.0,0.0,1.0,0.0,0.0,0.0,0.876864,0.93617,0.028702,0.430675,0.001911,0.259451,0.598246,0.0
0.0,0.0,0.0,1.0,0.0,0.0,0.0,0.474492,0.531915,0.051819,0.488694,0.003504,0.353962,0.480702,0.0
1.0,0.0,0.0,0.0,0.0,0.0,0.0,0.438034,0.680851,0.073136,0.455222,0.003467,0.422915,0.414912,1.0
0.0,0.0,0.0,0.0,0.0,1.0,0.0,0.894208,0.531915,0.072025,0.609938,0.004909,0.694718,0.347368,1.0
0.0,0.0,0.0,0.0,0.0,1.0,0.0,0.000487,0.297872,0.084364,0.254389,0.003467,0.422915,0.414912,0.0
0.0,0.0,0.0,0.0,1.0,0.0,0.0,0.00969,0.255319,0.071454,0.39765,0.003467,0.422915,0.414912,1.0
1.0,0.0,0.0,0.0,0.0,0.0,0.0,0.872307,0.276596,0.018524,0.172716,0.00081,0.149146,0.885526,0.0
1.0,0.0,0.0,0.0,0.0,0.0,0.0,0.017787,0.042553,0.044974,0.280274,0.003467,0.422915,0.414912,0.0
0.0,0.0,0.0,0.0,1.0,0.0,0.0,0.013982,0.297872,0.074276,0.5723,0.003467,0.422915,0.414912,0.0
0.0,0.0,1.0,0.0,0.0,0.0,0.0,0.438122,0.531915,0.067942,0.454032,0.003467,0.422915,0.414912,1.0
0.0,0.0,0.0,0.0,0.0,0.0,1.0,0.897925,0.787234,0.089528,0.770158,0.00587,0.548162,0.655702,1.0
1.0,0.0,0.0,0.0,0.0,0.0,0.0,0.023052,0.042553,0.045755,0.166915,0.003467,0.422915,0.414912,0.0
0.0,0.0,1.0,0.0,0.0,0.0,0.0,0.872395,0.361702,0.027831,0.561291,0.001741,0.546349,0.733772,0.0
0.0,0.0,0.0,1.0,0.0,0.0,0.0,0.911951,0.106383,0.041462,0.163642,0.002761,0.307095,0.612281,0.0
0.0,0.0,0.0,0.0,1.0,0.0,0.0,0.46467,0.531915,0.077339,0.456858,0.005353,0.466857,0.276754,1.0
0.0,0.0,1.0,0.0,0.0,0.0,0.0,0.451971,0.255319,0.036358,0.478578,0.002435,0.382185,0.716667,0.0
0.0,0.0,0.0,1.0,0.0,0.0,0.0,0.438786,0.340426,0.057314,0.466974,0.003467,0.422915,0.414912,0.0
0.0,1.0,0.0,0.0,0.0,0.0,0.0,0.469448,0.297872,0.047166,0.444213,0.003151,0.530295,0.268421,1.0
0.0,0.0,0.0,1.0,0.0,0.0,0.0,0.451706,0.042553,0.046535,0.536447,0.003157,0.540135,0.512719,1.0
0.0,1.0,0.0,0.0,0.0,0.0,0.0,0.456528,0.553191,0.0393,0.555787,0.002619,0.681253,0.369298,1.0
0.0,1.0,0.0,0.0,0.0,0.0,0.0,0.434096,0.553191,0.06641,0.561589,0.003467,0.422915,0.414912,1.0
0.0,0.0,0.0,0.0,1.0,0.0,0.0,0.434538,0.93617,0.047526,0.321482,0.003467,0.422915,0.414912,1.0
0.0,0.0,0.0,0.0,0.0,0.0,1.0,0.018052,0.808511,0.069713,0.433948,0.003467,0.422915,0.414912,1.0
1.0,0.0,0.0,0.0,0.0,0.0,0.0,0.429008,0.829787,0.077489,0.432907,0.003467,0.422915,0.414912,1.0
0.0,0.0,0.0,0.0,0.0,1.0,0.0,0.008805,0.787234,0.041882,0.602946,0.003467,0.422915,0.414912,0.0
0.0,0.0,0.0,0.0,0.0,1.0,0.0,0.005088,0.446809,0.071815,0.508033,0.003467,0.422915,0.414912,1.0
0.0,0.0,0.0,0.0,0.0,1.0,0.0,0.424937,0.957447,0.056923,0.271794,0.003467,0.422915,0.414912,0.0
0.0,0.0,0.0,0.0,1.0,0.0,0.0,0.911376,0.212766,0.051069,0.320143,0.003322,0.348265,0.741667,0.0
0.0,0.0,0.0,0.0,0.0,1.0,0.0,0.022654,0.914894,0.069443,0.259149,0.003467,0.422915,0.414912,0.0
1.0,0.0,0.0,0.0,0.0,0.0,0.0,0.469094,0.212766,0.023868,0.074383,0.00157,0.084412,0.710965,0.0
0.0,0.0,0.0,0.0,0.0,0.0,1.0,0.872262,0.87234,0.033175,0.320887,0.002021,0.287675,0.858772,1.0
0.0,0.0,0.0,0.0,1.0,0.0,0.0,0.447104,0.744681,0.088147,0.812109,0.006109,0.69653,0.412281,1.0
0.0,0.0,0.0,0.0,1.0,0.0,0.0,0.894474,0.808511,0.086135,0.80839,0.005816,0.719057,0.481579,1.0
0.0,0.0,0.0,0.0,1.0,0.0,0.0,0.027211,0.914894,0.093371,0.424427,0.003467,0.422915,0.414912,1.0
0.0,0.0,0.0,0.0,0.0,0.0,1.0,0.017433,0.808511,0.1185,0.544927,0.003467,0.422915,0.414912,1.0
0.0,0.0,1.0,0.0,0.0,0.0,0.0,0.009601,0.744681,0.041732,0.716007,0.003467,0.422915,0.414912,0.0
1.0,0.0,0.0,0.0,0.0,0.0,0.0,0.469094,0.234043,0.024769,0.095656,0.001624,0.086225,0.715789,0.0
1.0,0.0,0.0,0.0,0.0,0.0,0.0,0.009203,0.680851,0.103339,0.614103,0.003467,0.422915,0.414912,1.0
0.0,0.0,0.0,0.0,1.0,0.0,0.0,0.907393,0.617021,0.084364,0.466379,0.005783,0.540135,0.352632,1.0
0.0,0.0,1.0,0.0,0.0,0.0,0.0,0.447635,0.808511,0.074427,0.771348,0.005133,0.639565,0.426754,1.0
0.0,0.0,0.0,0.0,0.0,0.0,1.0,0.031016,0.191489,0.050829,0.050283,0.003467,0.422915,0.414912,0.0
0.0,0.0,0.0,1.0,0.0,0.0,0.0,0.89381,0.595745,0.046595,0.523654,0.003384,0.650958,0.282018,0.0
0.0,0.0,0.0,0.0,1.0,0.0,0.0,0.911685,0.531915,0.100546,0.526331,0.006851,0.606163,0.325877,1.0
0.0,0.0,0.0,0.0,0.0,0.0,1.0,0.018362,0.191489,0.061337,0.087028,0.003467,0.422915,0.414912,0.0
1.0,0.0,0.0,0.0,0.0,0.0,0.0,0.000265,0.531915,0.10475,0.476346,0.003467,0.422915,0.414912,1.0
0.0,0.0,0.0,1.0,0.0,0.0,0.0,0.437857,0.914894,0.050859,0.336061,0.003467,0.422915,0.414912,0.0
0.0,0.0,1.0,0.0,0.0,0.0,0.0,0.911907,0.255319,0.074637,0.423088,0.005066,0.548421,0.427193,1.0
0.0,0.0,0.0,0.0,0.0,0.0,1.0,0.017743,0.191489,0.044974,0.082416,0.003467,0.422915,0.414912,0.0
0.0,0.0,0.0,0.0,0.0,0.0,1.0,0.872572,0.361702,0.035817,0.466677,0.002056,0.341533,0.829386,1.0
0.0,0.0,0.0,1.0,0.0,0.0,0.0,0.911331,0.340426,0.054491,0.527819,0.003612,0.55593,0.481579,1.0
0.0,0.0,0.0,0.0,1.0,0.0,0.0,0.473607,0.106383,0.021496,0.143707,0.001448,0.242879,0.597807,0.0
0.0,0.0,0.0,0.0,1.0,0.0,0.0,0.013053,0.382979,0.048247,0.620649,0.003467,0.422915,0.414912,0.0
0.0,0.0,1.0,0.0,0.0,0.0,0.0,0.424494,0.340426,0.056923,0.153526,0.003467,0.422915,0.414912,0.0
0.0,0.0,0.0,1.0,0.0,0.0,0.0,0.013318,0.702128,0.088567,0.609789,0.003467,0.422915,0.414912,1.0
0.0,0.0,1.0,0.0,0.0,0.0,0.0,0.424494,0.829787,0.058394,0.22285,0.003467,0.422915,0.414912,0.0
1.0,0.0,0.0,0.0,0.0,0.0,0.0,0.995575,0.617021,0.053981,0.254835,0.002937,0.224236,0.787719,0.0
0.0,0.0,1.0,0.0,0.0,0.0,0.0,0.906995,0.680851,0.041401,0.471586,0.002875,0.602538,0.253509,0.0
1.0,0.0,0.0,0.0,0.0,0.0,0.0,0.470023,0.914894,0.029663,0.317019,0.002002,0.191869,0.636842,1.0
0.0,0.0,0.0,0.0,0.0,1.0,0.0,0.027255,0.531915,0.074817,0.334722,0.003467,0.422915,0.414912,0.0
0.0,1.0,0.0,0.0,0.0,0.0,0.0,0.433786,1.0,0.047886,0.382922,0.003467,0.422915,0.414912,0.0
0.0,0.0,0.0,0.0,0.0,0.0,1.0,0.013451,0.893617,0.071905,0.481851,0.003467,0.422915,0.414912,1.0
0.0,0.0,0.0,0.0,1.0,0.0,0.0,0.022919,0.319149,0.050648,0.425617,0.003467,0.422915,0.414912,0.0
0.0,0.0,1.0,0.0,0.0,0.0,0.0,0.425424,0.531915,0.168698,0.65903,0.003467,0.422915,0.414912,1.0
0.0,0.0,0.0,0.0,0.0,0.0,1.0,0.500111,0.191489,0.02678,0.10235,0.001828,0.1797,0.480263,0.0
1.0,0.0,0.0,0.0,0.0,0.0,0.0,0.027034,0.510638,0.109253,0.483041,0.003467,0.422915,0.414912,1.0
0.0,0.0,0.0,1.0,0.0,0.0,0.0,0.030884,0.340426,0.074817,0.537489,0.003467,0.422915,0.414912,0.0
0.0,0.0,1.0,0.0,0.0,0.0,0.0,0.885138,0.808511,0.03921,0.600268,0.002696,0.602279,0.325439,0.0
0.0,0.0,0.0,1.0,0.0,0.0,0.0,0.876244,0.914894,0.028432,0.418328,0.001273,0.434749,0.725439,0.0
0.0,1.0,0.0,0.0,0.0,0.0,0.0,0.008938,0.829787,0.074967,0.749182,0.003467,0.422915,0.414912,0.0
1.0,0.0,0.0,0.0,0.0,0.0,0.0,0.906907,0.404255,0.034106,0.331449,0.002273,0.217245,0.56886,0.0
0.0,0.0,0.0,1.0,0.0,0.0,0.0,0.005,0.06383,0.042572,0.414609,0.003467,0.422915,0.414912,0.0
0.0,0.0,0.0,0.0,1.0,0.0,0.0,0.02261,0.170213,0.046085,0.139839,0.003467,0.422915,0.414912,0.0
0.0,1.0,0.0,0.0,0.0,0.0,0.0,0.469758,0.382979,0.055632,0.593871,0.003787,0.531331,0.348246,1.0
0.0,0.0,0.0,0.0,0.0,0.0,1.0,0.876067,0.93617,0.029933,0.310919,0.000827,0.222941,0.812719,1.0
0.0,0.0,0.0,0.0,0.0,0.0,1.0,0.000221,0.170213,0.062417,0.058167,0.003467,0.422915,0.414912,1.0
0.0,0.0,0.0,0.0,1.0,0.0,0.0,0.442237,0.553191,0.067341,0.518001,0.003467,0.422915,0.414912,0.0
0.0,0.0,0.0,0.0,1.0,0.0,0.0,0.424583,0.319149,0.058394,0.329366,0.003467,0.422915,0.414912,1.0
0.0,0.0,0.0,0.0,0.0,1.0,0.0,0.022344,0.914894,0.069143,0.264653,0.003467,0.422915,0.414912,1.0
0.0,0.0,0.0,0.0,0.0,1.0,0.0,0.885271,0.553191,0.0399,0.519786,0.002806,0.551528,0.208333,1.0
1.0,0.0,0.0,0.0,0.0,0.0,0.0,0.027344,0.595745,0.080491,0.493157,0.003467,0.422915,0.414912,1.0
0.0,0.0,1.0,0.0,0.0,0.0,0.0,0.885138,0.148936,0.035697,0.21809,0.002312,0.283791,0.665351,0.0
0.0,0.0,0.0,0.0,1.0,0.0,0.0,0.45175,0.744681,0.193917,0.859119,0.012648,0.731486,0.493421,1.0
0.0,0.0,0.0,0.0,0.0,1.0,0.0,0.885271,0.489362,0.038009,0.543291,0.002648,0.556447,0.160526,1.0
0.0,0.0,0.0,0.0,1.0,0.0,0.0,0.013982,1.0,0.067071,0.555638,0.003467,0.422915,0.414912,1.0
1.0,0.0,0.0,0.0,0.0,0.0,0.0,0.90319,0.340426,0.034016,0.273728,0.002252,0.178923,0.666667,0.0
0.0,0.0,1.0,0.0,0.0,0.0,0.0,4.4e-05,0.744681,0.041041,0.604136,0.003467,0.422915,0.414912,0.0
0.0,0.0,0.0,0.0,0.0,1.0,0.0,0.425556,0.12766,0.055242,0.115293,0.003467,0.422915,0.414912,0.0
0.0,1.0,0.0,0.0,0.0,0.0,0.0,0.004911,0.787234,0.091119,0.710057,0.003467,0.422915,0.414912,1.0
0.0,1.0,0.0,0.0,0.0,0.0,0.0,0.875846,0.0,0.02639,0.228057,0.001363,0.274469,0.885526,0.0
0.0,0.0,0.0,0.0,0.0,0.0,1.0,0.871953,0.234043,0.027531,0.216156,0.001782,0.233299,0.85307,0.0
0.0,1.0,0.0,0.0,0.0,0.0,0.0,0.439007,0.851064,0.054612,0.437072,0.003467,0.422915,0.414912,0.0
0.0,0.0,0.0,0.0,0.0,0.0,1.0,0.908101,0.574468,0.048937,0.334871,0.003216,0.295961,0.612719,0.0
1.0,0.0,0.0,0.0,0.0,0.0,0.0,0.867086,0.744681,0.029482,0.314787,0.002011,0.193682,0.592105,1.0
0.0,0.0,0.0,0.0,1.0,0.0,0.0,0.031238,0.489362,0.102018,0.468611,0.003467,0.422915,0.414912,1.0
0.0,0.0,0.0,0.0,1.0,0.0,0.0,0.911995,0.702128,0.053501,0.488099,0.003675,0.532367,0.30307,0.0
0.0,0.0,0.0,0.0,1.0,0.0,0.0,0.907393,0.06383,0.064009,0.339185,0.004333,0.428017,0.457895,1.0
0.0,1.0,0.0,0.0,0.0,0.0,0.0,0.437768,0.638298,0.044134,0.425469,0.003467,0.422915,0.414912,0.0
0.0,0.0,1.0,0.0,0.0,0.0,0.0,0.880492,0.87234,0.036268,0.457751,0.002457,0.433195,0.42193,0.0
0.0,0.0,0.0,1.0,0.0,0.0,0.0,0.87213,0.723404,0.027171,0.485123,0.001747,0.563698,0.721491,0.0
0.0,1.0,0.0,0.0,0.0,0.0,0.0,0.894031,0.276596,0.064039,0.548497,0.004348,0.525893,0.644737,1.0
0.0,1.0,0.0,0.0,0.0,0.0,0.0,0.911553,0.553191,0.056503,0.505356,0.003718,0.561108,0.464474,1.0
1.0,0.0,0.0,0.0,0.0,0.0,0.0,0.460466,0.829787,0.025009,0.419964,0.001683,0.404972,0.625,1.0
0.0,0.0,0.0,0.0,0.0,1.0,0.0,0.434273,0.914894,0.045334,0.30601,0.003467,0.422915,0.414912,0.0
0.0,1.0,0.0,0.0,0.0,0.0,0.0,0.876466,0.0,0.028462,0.237578,0.000837,0.252719,0.758333,1.0
0.0,0.0,1.0,0.0,0.0,0.0,0.0,0.46551,0.319149,0.044554,0.468015,0.003083,0.491196,0.338158,0.0
0.0,0.0,1.0,0.0,0.0,0.0,0.0,0.474448,0.893617,0.035937,0.353169,0.002497,0.185396,0.45,0.0
1.0,0.0,0.0,0.0,0.0,0.0,0.0,0.026415,0.531915,0.095773,0.49643,0.003467,0.422915,0.414912,1.0
0.0,0.0,1.0,0.0,0.0,0.0,0.0,0.43445,0.021277,0.045334,0.314639,0.003467,0.422915,0.414912,0.0
0.0,0.0,0.0,0.0,1.0,0.0,0.0,0.013053,0.319149,0.041732,0.590449,0.003467,0.422915,0.414912,0.0
0.0,0.0,1.0,0.0,0.0,0.0,0.0,0.455953,0.021277,0.042062,0.529158,0.002916,0.450026,0.530263,0.0
0.0,0.0,1.0,0.0,0.0,0.0,0.0,0.872395,0.851064,0.029903,0.440048,0.001961,0.504402,0.608333,0.0
0.0,0.0,0.0,0.0,0.0,1.0,0.0,0.868236,0.914894,0.029963,0.482743,0.001778,0.285085,0.770175,1.0
0.0,0.0,1.0,0.0,0.0,0.0,0.0,0.482412,0.787234,0.112225,0.52648,0.007769,0.512429,0.290351,1.0
0.0,0.0,1.0,0.0,0.0,0.0,0.0,0.451042,0.297872,0.041071,0.5241,0.002757,0.4855,0.480702,0.0
1.0,0.0,0.0,0.0,0.0,0.0,0.0,0.889341,0.617021,0.030173,0.355698,0.001901,0.328586,0.704825,1.0
0.0,0.0,0.0,0.0,0.0,1.0,0.0,0.906818,0.595745,0.166747,0.59521,0.011479,0.455205,0.550439,1.0
0.0,0.0,0.0,0.0,0.0,0.0,1.0,0.023008,0.829787,0.082773,0.36507,0.003467,0.422915,0.414912,1.0
0.0,0.0,0.0,0.0,0.0,0.0,1.0,0.017743,0.170213,0.056203,0.090003,0.003467,0.422915,0.414912,0.0
0.0,0.0,0.0,0.0,0.0,0.0,1.0,0.469669,0.297872,0.041341,0.357334,0.002771,0.282496,0.610965,0.0
0.0,0.0,0.0,0.0,1.0,0.0,0.0,0.00969,0.276596,0.077159,0.513686,0.003467,0.422915,0.414912,1.0
1.0,0.0,0.0,0.0,0.0,0.0,0.0,0.47436,1.0,0.02615,0.191015,0.001745,0.214656,0.744737,1.0
0.0,0.0,0.0,0.0,0.0,1.0,0.0,0.89819,1.0,0.085625,0.600565,0.005498,0.531849,0.692982,0.0
1.0,0.0,0.0,0.0,0.0,0.0,0.0,0.911508,0.659574,0.036538,0.327581,0.00232,0.251424,0.813158,0.0
0.0,0.0,1.0,0.0,0.0,0.0,0.0,0.911597,0.446809,0.054041,0.524546,0.003587,0.577421,0.415351,1.0
0.0,0.0,0.0,0.0,0.0,0.0,1.0,0.881288,0.531915,0.030413,0.344243,0.001978,0.312015,0.603509,0.0
0.0,0.0,0.0,1.0,0.0,0.0,0.0,0.474492,0.468085,0.07836,0.473966,0.005307,0.345417,0.472807,1.0
0.0,0.0,0.0,0.0,0.0,1.0,0.0,0.915756,0.93617,0.075267,0.460726,0.005139,0.301398,0.455263,1.0
0.0,0.0,0.0,1.0,0.0,0.0,0.0,0.455998,0.340426,0.079711,0.682535,0.005461,0.629984,0.450439,1.0
0.0,0.0,0.0,1.0,0.0,0.0,0.0,0.013937,0.765957,0.121352,0.80601,0.003467,0.422915,0.414912,1.0
0.0,0.0,0.0,0.0,1.0,0.0,0.0,0.460024,0.234043,0.029422,0.248884,0.001998,0.233299,0.527632,0.0
0.0,0.0,0.0,0.0,0.0,0.0,1.0,0.005133,0.829787,0.075267,0.558167,0.003467,0.422915,0.414912,1.0
0.0,0.0,1.0,0.0,0.0,0.0,0.0,0.031149,0.765957,0.057914,0.385153,0.003467,0.422915,0.414912,0.0
0.0,1.0,0.0,0.0,0.0,0.0,0.0,0.031105,0.93617,0.101777,0.414162,0.003467,0.422915,0.414912,1.0
0.0,0.0,0.0,0.0,0.0,0.0,1.0,0.013451,0.680851,0.068272,0.299018,0.003467,0.422915,0.414912,0.0
0.0,0.0,0.0,0.0,0.0,1.0,0.0,0.884651,0.617021,0.027291,0.48438,0.001876,0.51709,0.425439,0.0
1.0,0.0,0.0,0.0,0.0,0.0,0.0,0.894297,0.446809,0.071574,0.54582,0.002175,0.348006,0.67807,1.0
0.0,0.0,0.0,1.0,0.0,0.0,0.0,0.911331,0.574468,0.060376,0.496132,0.00403,0.632833,0.444298,1.0
0.0,1.0,0.0,0.0,0.0,0.0,0.0,0.889695,0.787234,0.036328,0.810473,0.002368,0.698861,0.461404,0.0
0.0,0.0,0.0,0.0,0.0,0.0,1.0,0.889916,0.382979,0.753182,0.676584,0.049397,0.471776,0.668421,1.0
0.0,0.0,1.0,0.0,0.0,0.0,0.0,0.474138,0.340426,0.028792,0.506248,0.001938,0.406007,0.628947,0.0
1.0,0.0,0.0,0.0,0.0,0.0,0.0,0.456794,0.191489,0.021166,0.10116,0.00119,0.150699,0.878947,0.0
0.0,0.0,0.0,0.0,1.0,0.0,0.0,0.915712,0.319149,0.082953,0.507289,0.005685,0.560849,0.293421,1.0
0.0,0.0,0.0,1.0,0.0,0.0,0.0,0.018229,0.468085,0.046866,0.513538,0.003467,0.422915,0.414912,0.0
1.0,0.0,0.0,0.0,0.0,0.0,0.0,0.876112,0.744681,0.028161,0.298274,0.000719,0.248317,0.856579,1.0
0.0,0.0,0.0,0.0,0.0,1.0,0.0,0.442857,0.255319,0.044764,0.346772,0.00295,0.34697,0.612281,0.0
0.0,1.0,0.0,0.0,0.0,0.0,0.0,0.013849,0.808511,0.090068,0.772687,0.003467,0.422915,0.414912,1.0
0.0,1.0,0.0,0.0,0.0,0.0,0.0,0.885094,0.510638,0.040261,0.555638,0.0029,0.64552,0.103947,0.0
1.0,0.0,0.0,0.0,0.0,0.0,0.0,0.433742,0.87234,0.041191,0.334127,0.003467,0.422915,0.414912,0.0
0.0,0.0,0.0,0.0,0.0,0.0,1.0,0.906863,0.659574,0.038489,0.354954,0.002516,0.193941,0.678509,0.0
1.0,0.0,0.0,0.0,0.0,0.0,0.0,0.871687,0.234043,0.024709,0.165427,0.000821,0.119368,0.886404,0.0
0.0,0.0,0.0,0.0,0.0,1.0,0.0,0.434583,0.489362,0.045785,0.322226,0.003467,0.422915,0.414912,0.0
0.0,0.0,1.0,0.0,0.0,0.0,0.0,0.442414,0.978723,0.069383,0.446593,0.004821,0.419731,0.500526,0.0
0.0,0.0,0.0,0.0,0.0,1.0,0.0,0.027255,0.446809,0.094872,0.404344,0.003467,0.422915,0.414912,1.0
0.0,0.0,0.0,1.0,0.0,0.0,0.0,0.889474,0.021277,0.040771,0.517554,0.002387,0.438115,0.603509,1.0
0.0,0.0,0.0,0.0,0.0,0.0,1.0,0.01376,0.638298,0.068452,0.306159,0.003467,0.422915,0.414912,1.0
0.0,0.0,1.0,0.0,0.0,0.0,0.0,0.000354,1.0,0.121713,0.488545,0.003467,0.422915,0.414912,1.0
0.0,0.0,0.0,0.0,0.0,1.0,0.0,0.424627,0.234043,0.070854,0.108004,0.003467,0.422915,0.414912,0.0
0.0,0.0,0.0,0.0,0.0,1.0,0.0,0.030972,0.106383,0.051429,0.119905,0.003467,0.422915,0.414912,0.0
0.0,0.0,0.0,1.0,0.0,0.0,0.0,0.469846,0.489362,0.939204,0.766587,0.063884,0.840497,0.109649,1.0
1.0,0.0,0.0,0.0,0.0,0.0,0.0,0.438963,1.0,0.051759,0.421898,0.003467,0.422915,0.414912,0.0
0.0,0.0,0.0,0.0,0.0,0.0,1.0,0.023008,0.191489,0.064399,0.058614,0.003467,0.422915,0.414912,0.0
0.0,0.0,0.0,0.0,0.0,0.0,1.0,0.474006,0.680851,0.031224,0.412972,0.002115,0.365355,0.639035,1.0
0.0,0.0,0.0,0.0,0.0,0.0,1.0,0.018052,0.765957,0.075177,0.436626,0.003467,0.422915,0.414912,1.0
0.0,0.0,0.0,0.0,0.0,1.0,0.0,0.455467,0.680851,0.036177,0.5241,0.002437,0.506991,0.555702,0.0
0.0,0.0,1.0,0.0,0.0,0.0,0.0,0.456263,0.893617,0.036418,0.601458,0.002424,0.494821,0.669737,0.0
0.0,1.0,0.0,0.0,0.0,0.0,0.0,0.42507,0.93617,0.080341,0.417733,0.003467,0.422915,0.414912,1.0
0.0,0.0,1.0,0.0,0.0,0.0,0.0,0.473829,0.170213,0.027111,0.181345,0.001793,0.233299,0.767982,0.0
0.0,0.0,0.0,1.0,0.0,0.0,0.0,0.898721,0.297872,0.05239,0.537638,0.003542,0.566287,0.365351,0.0
0.0,0.0,0.0,0.0,0.0,1.0,0.0,0.876952,0.617021,0.034826,0.525588,0.002426,0.50725,0.336404,1.0
0.0,1.0,0.0,0.0,0.0,0.0,0.0,0.90757,0.957447,0.055812,0.458941,0.003762,0.426981,0.460526,0.0
0.0,0.0,0.0,0.0,0.0,1.0,0.0,0.433963,0.87234,0.047286,0.281166,0.003467,0.422915,0.414912,0.0
0.0,0.0,0.0,0.0,1.0,0.0,0.0,0.425822,1.0,0.077189,0.398096,0.003467,0.422915,0.414912,0.0
0.0,0.0,0.0,0.0,1.0,0.0,0.0,0.898146,0.723404,0.124054,0.812407,0.00791,0.625065,0.755263,1.0
0.0,0.0,0.0,0.0,0.0,1.0,0.0,0.894828,0.87234,0.076318,0.74219,0.005023,0.573019,0.607895,0.0
1.0,0.0,0.0,0.0,0.0,0.0,0.0,0.429627,0.617021,0.084995,0.630616,0.003467,0.422915,0.414912,1.0
0.0,0.0,0.0,0.0,0.0,0.0,1.0,0.01407,0.87234,0.051849,0.486462,0.003467,0.422915,0.414912,1.0
1.0,0.0,0.0,0.0,0.0,0.0,0.0,0.465112,0.425532,0.027411,0.338292,0.001851,0.213102,0.610965,0.0
0.0,0.0,0.0,0.0,0.0,1.0,0.0,0.464714,0.319149,0.028912,0.389616,0.001986,0.421025,0.416228,0.0
0.0,0.0,1.0,0.0,0.0,0.0,0.0,0.46551,0.659574,0.042302,0.494793,0.00295,0.503366,0.339912,1.0
0.0,0.0,1.0,0.0,0.0,0.0,0.0,0.026813,0.893617,0.09247,0.412229,0.003467,0.422915,0.414912,1.0
1.0,0.0,0.0,0.0,0.0,0.0,0.0,0.897969,0.574468,0.084154,0.391401,0.004404,0.407302,0.707018,1.0
0.0,0.0,0.0,1.0,0.0,0.0,0.0,0.911331,0.489362,0.049808,0.492413,0.003346,0.610306,0.404825,1.0
0.0,1.0,0.0,0.0,0.0,0.0,0.0,0.898943,0.361702,0.096223,0.617525,0.006385,0.666235,0.347807,1.0
1.0,0.0,0.0,0.0,0.0,0.0,0.0,0.885049,0.468085,0.035997,0.429783,0.00231,0.282755,0.726754,0.0
0.0,0.0,0.0,0.0,0.0,0.0,1.0,0.872572,0.93617,0.032935,0.322821,0.002009,0.205075,0.869737,0.0
0.0,0.0,0.0,0.0,1.0,0.0,0.0,0.438211,0.93617,0.062357,0.401815,0.003467,0.422915,0.414912,0.0
0.0,1.0,0.0,0.0,0.0,0.0,0.0,0.898943,0.06383,0.05305,0.293663,0.003484,0.450026,0.489912,0.0
0.0,0.0,0.0,0.0,0.0,1.0,0.0,0.004469,0.404255,0.089498,0.564415,0.003467,0.422915,0.414912,1.0
0.0,0.0,1.0,0.0,0.0,0.0,0.0,0.451971,0.234043,0.033475,0.36269,0.001953,0.306059,0.809649,0.0
0.0,0.0,0.0,0.0,0.0,0.0,1.0,0.464448,0.06383,0.029122,0.30482,0.001975,0.403418,0.432018,0.0
1.0,0.0,0.0,0.0,0.0,0.0,0.0,0.911818,0.787234,0.043833,0.36388,0.002848,0.261264,0.753947,1.0
0.0,0.0,0.0,0.0,0.0,0.0,1.0,0.880359,0.255319,0.038279,0.181196,0.002534,0.16986,0.507895,0.0
0.0,0.0,0.0,0.0,0.0,0.0,1.0,0.44321,0.659574,0.044073,0.354954,0.002929,0.28405,0.602193,0.0
0.0,0.0,1.0,0.0,0.0,0.0,0.0,0.443343,0.574468,0.042662,0.499107,0.002925,0.54376,0.389912,0.0
1.0,0.0,0.0,0.0,0.0,0.0,0.0,0.464493,0.404255,0.027651,0.347367,0.001784,0.197048,0.649561,0.0
0.0,1.0,0.0,0.0,0.0,0.0,0.0,0.439007,0.595745,0.053321,0.497025,0.003467,0.422915,0.414912,0.0
0.0,0.0,0.0,0.0,1.0,0.0,0.0,0.425822,0.361702,0.096673,0.56501,0.003467,0.422915,0.414912,1.0
1.0,0.0,0.0,0.0,0.0,0.0,0.0,0.004867,0.617021,0.075207,0.527373,0.003467,0.422915,0.414912,0.0
1.0,0.0,0.0,0.0,0.0,0.0,0.0,0.456175,0.319149,0.024829,0.286076,0.001103,0.139047,0.888596,0.0
0.0,0.0,1.0,0.0,0.0,0.0,0.0,0.451971,0.531915,0.063859,0.606516,0.002975,0.581046,0.335088,1.0
0.0,0.0,1.0,0.0,0.0,0.0,0.0,0.43445,0.787234,0.070974,0.477983,0.003467,0.422915,0.414912,1.0
0.0,0.0,0.0,0.0,1.0,0.0,0.0,0.911685,0.680851,0.058695,0.503719,0.004022,0.599689,0.285965,0.0
0.0,0.0,1.0,0.0,0.0,0.0,0.0,0.446706,0.744681,0.339318,0.819548,0.022173,0.712843,0.60307,1.0
1.0,0.0,0.0,0.0,0.0,0.0,0.0,0.911508,0.87234,0.040501,0.333085,0.002605,0.327292,0.725,1.0
0.0,0.0,1.0,0.0,0.0,0.0,0.0,0.439051,0.553191,0.055062,0.503719,0.003467,0.422915,0.414912,0.0
1.0,0.0,0.0,0.0,0.0,0.0,0.0,0.468785,0.531915,0.029122,0.298126,0.001897,0.155878,0.72193,1.0
0.0,0.0,0.0,0.0,0.0,1.0,0.0,0.004469,0.468085,0.043833,0.465189,0.003467,0.422915,0.414912,0.0
0.0,0.0,0.0,0.0,0.0,1.0,0.0,0.872528,0.085106,0.035037,0.221363,0.001415,0.32522,0.813158,0.0
0.0,1.0,0.0,0.0,0.0,0.0,0.0,0.013849,0.87234,0.087426,0.692949,0.003467,0.422915,0.414912,1.0
0.0,0.0,0.0,1.0,0.0,0.0,0.0,0.022875,0.87234,0.056743,0.412229,0.003467,0.422915,0.414912,0.0
0.0,1.0,0.0,0.0,0.0,0.0,0.0,0.442989,0.0,0.056293,0.343499,0.003725,0.33506,0.502193,1.0
0.0,0.0,0.0,0.0,0.0,1.0,0.0,0.447458,0.617021,0.041912,0.523207,0.002962,0.528742,0.380263,0.0
0.0,0.0,1.0,0.0,0.0,0.0,0.0,0.461174,0.659574,0.029572,0.427254,0.002017,0.430347,0.412281,0.0
0.0,0.0,1.0,0.0,0.0,0.0,0.0,0.000664,0.382979,0.190165,0.616632,0.003467,0.422915,0.414912,1.0
0.0,1.0,0.0,0.0,0.0,0.0,0.0,0.439007,0.680851,0.053321,0.483933,0.003467,0.422915,0.414912,0.0
0.0,1.0,0.0,0.0,0.0,0.0,0.0,0.000619,0.787234,0.122703,0.651592,0.003467,0.422915,0.414912,1.0
0.0,0.0,0.0,0.0,0.0,0.0,1.0,0.876067,0.276596,0.031284,0.271943,0.001458,0.286898,0.754825,1.0
0.0,0.0,1.0,0.0,0.0,0.0,0.0,0.031769,0.361702,0.086015,0.298126,0.003467,0.422915,0.414912,1.0
0.0,1.0,0.0,0.0,0.0,0.0,0.0,0.474094,0.787234,0.029512,0.510116,0.002013,0.294407,0.685965,0.0
0.0,0.0,1.0,0.0,0.0,0.0,0.0,0.013893,0.212766,0.061967,0.280274,0.003467,0.422915,0.414912,0.0
0.0,0.0,0.0,1.0,0.0,0.0,0.0,0.907659,0.829787,0.047196,0.483487,0.003216,0.596582,0.332895,0.0
1.0,0.0,0.0,0.0,0.0,0.0,0.0,0.446617,0.87234,0.053801,0.572151,0.003666,0.413257,0.526316,1.0
0.0,0.0,0.0,0.0,0.0,1.0,0.0,0.031282,0.0,0.074817,0.350937,0.003467,0.422915,0.414912,0.0
0.0,0.0,0.0,0.0,1.0,0.0,0.0,0.43852,0.574468,0.056563,0.498661,0.003467,0.422915,0.414912,0.0
0.0,0.0,1.0,0.0,0.0,0.0,0.0,0.425114,0.531915,0.094272,0.513835,0.003467,0.422915,0.414912,1.0
0.0,0.0,0.0,0.0,0.0,0.0,1.0,0.429273,0.021277,0.055242,0.192502,0.003467,0.422915,0.414912,0.0
0.0,0.0,0.0,1.0,0.0,0.0,0.0,0.468917,0.404255,0.05233,0.524546,0.00356,0.459606,0.290351,1.0
0.0,0.0,1.0,0.0,0.0,0.0,0.0,0.473519,0.510638,0.02612,0.563969,0.001741,0.532367,0.43114,0.0
0.0,0.0,1.0,0.0,0.0,0.0,0.0,0.43414,0.446809,0.09181,0.583457,0.003467,0.422915,0.414912,1.0
1.0,0.0,0.0,0.0,0.0,0.0,0.0,0.876112,0.595745,0.023928,0.261678,0.000837,0.199896,0.856579,0.0
0.0,0.0,0.0,0.0,0.0,0.0,1.0,0.460112,0.446809,0.027891,0.477983,0.001838,0.3203,0.587281,0.0
0.0,0.0,0.0,1.0,0.0,0.0,0.0,0.424539,0.489362,0.058394,0.344838,0.003467,0.422915,0.414912,1.0
0.0,0.0,0.0,1.0,0.0,0.0,0.0,0.468917,0.829787,0.029122,0.41684,0.001996,0.375453,0.299123,0.0
0.0,0.0,0.0,1.0,0.0,0.0,0.0,0.018539,0.170213,0.044494,0.161559,0.003467,0.422915,0.414912,0.0
0.0,0.0,1.0,0.0,0.0,0.0,0.0,0.469183,0.787234,0.050198,0.524844,0.003276,0.401088,0.647368,0.0
0.0,0.0,0.0,0.0,0.0,0.0,1.0,0.876067,0.808511,0.029933,0.340524,0.000843,0.301916,0.790789,1.0
0.0,0.0,1.0,0.0,0.0,0.0,0.0,0.008982,0.93617,0.109613,0.59521,0.003467,0.422915,0.414912,0.0
0.0,0.0,0.0,1.0,0.0,0.0,0.0,0.889253,0.957447,0.027921,0.480363,0.001805,0.354997,0.642982,0.0
0.0,1.0,0.0,0.0,0.0,0.0,0.0,0.880404,0.042553,0.029242,0.267777,0.001859,0.367685,0.672368,0.0
0.0,0.0,1.0,0.0,0.0,0.0,0.0,0.482412,0.297872,0.032124,0.391104,0.002223,0.374417,0.303947,0.0
0.0,0.0,1.0,0.0,0.0,0.0,0.0,0.867793,0.638298,0.033656,0.662898,0.002162,0.59943,0.592105,1.0
0.0,1.0,0.0,0.0,0.0,0.0,0.0,0.898013,0.93617,0.067942,0.616632,0.002935,0.466339,0.629825,0.0
0.0,0.0,0.0,0.0,0.0,1.0,0.0,0.433344,0.361702,0.051849,0.405237,0.003467,0.422915,0.414912,0.0
0.0,0.0,1.0,0.0,0.0,0.0,0.0,0.425424,0.574468,0.152546,0.663642,0.003467,0.422915,0.414912,1.0
0.0,0.0,0.0,0.0,1.0,0.0,0.0,0.889828,0.425532,0.081152,0.706932,0.005654,0.758674,0.222368,0.0
0.0,0.0,0.0,1.0,0.0,0.0,0.0,0.90704,0.617021,0.072415,0.46385,0.00495,0.681771,0.266228,1.0
0.0,0.0,0.0,0.0,0.0,0.0,1.0,0.871643,0.787234,0.028131,0.456858,0.00168,0.356033,0.896053,0.0
0.0,1.0,0.0,0.0,0.0,0.0,0.0,0.868059,0.851064,0.032605,0.349003,0.001302,0.240549,0.75307,1.0
0.0,0.0,0.0,0.0,0.0,0.0,1.0,0.889607,0.978723,0.056323,0.457899,0.003718,0.420508,0.592982,0.0
0.0,0.0,0.0,1.0,0.0,0.0,0.0,0.438166,0.489362,0.081962,0.491074,0.003467,0.422915,0.414912,1.0
0.0,0.0,0.0,1.0,0.0,0.0,0.0,0.021946,0.212766,0.057464,0.168551,0.003467,0.422915,0.414912,1.0
0.0,0.0,1.0,0.0,0.0,0.0,0.0,0.881421,0.340426,0.029873,0.51324,0.002079,0.585189,0.315351,0.0
0.0,0.0,0.0,0.0,0.0,0.0,1.0,0.460732,0.851064,0.033566,0.406278,0.002343,0.321854,0.251754,0.0
0.0,1.0,0.0,0.0,0.0,0.0,0.0,0.890315,0.021277,0.030203,0.399435,0.001903,0.369757,0.634211,0.0
0.0,0.0,0.0,0.0,0.0,1.0,0.0,0.004469,0.276596,0.063648,0.242041,0.003467,0.422915,0.414912,1.0
0.0,0.0,0.0,0.0,1.0,0.0,0.0,0.438211,0.191489,0.05278,0.153972,0.003467,0.422915,0.414912,0.0
0.0,0.0,0.0,0.0,0.0,1.0,0.0,0.88558,0.595745,0.034376,0.482892,0.002472,0.63102,0.100877,0.0
0.0,0.0,0.0,0.0,0.0,0.0,1.0,0.424981,0.212766,0.058394,0.054151,0.003467,0.422915,0.414912,0.0
0.0,1.0,0.0,0.0,0.0,0.0,0.0,0.009867,0.765957,0.047286,0.765695,0.003467,0.422915,0.414912,0.0
1.0,0.0,0.0,0.0,0.0,0.0,0.0,0.867705,0.659574,0.034977,0.449569,0.002077,0.273692,0.87193,0.0
0.0,0.0,0.0,1.0,0.0,0.0,0.0,0.460909,0.404255,0.245887,0.684469,0.016672,0.483169,0.455263,1.0
1.0,0.0,0.0,0.0,0.0,0.0,0.0,0.451883,1.0,0.038459,0.466082,0.002588,0.396945,0.594298,0.0
1.0,0.0,0.0,0.0,0.0,0.0,0.0,0.438653,0.510638,0.062387,0.512348,0.003467,0.422915,0.414912,1.0
0.0,0.0,0.0,1.0,0.0,0.0,0.0,0.425778,0.744681,0.101988,0.475007,0.003467,0.422915,0.414912,1.0
0.0,0.0,0.0,0.0,1.0,0.0,0.0,0.425512,0.446809,0.062387,0.52053,0.003467,0.422915,0.414912,0.0
0.0,1.0,0.0,0.0,0.0,0.0,0.0,0.44268,0.765957,0.212682,0.716453,0.014161,0.648887,0.394298,1.0
0.0,1.0,0.0,0.0,0.0,0.0,0.0,0.877085,0.148936,0.028792,0.137459,0.001894,0.186432,0.50307,0.0
0.0,1.0,0.0,0.0,0.0,0.0,0.0,0.44268,0.702128,0.093701,0.573341,0.006439,0.539358,0.291667,1.0
0.0,0.0,0.0,0.0,1.0,0.0,0.0,0.447104,0.12766,0.029512,0.313151,0.000837,0.299327,0.765789,0.0
0.0,0.0,0.0,1.0,0.0,0.0,0.0,0.009646,0.234043,0.071574,0.287712,0.003467,0.422915,0.414912,1.0
0.0,0.0,0.0,0.0,0.0,1.0,0.0,0.009424,0.297872,0.041732,0.313895,0.003467,0.422915,0.414912,0.0
0.0,0.0,0.0,1.0,0.0,0.0,0.0,0.013937,0.808511,0.088177,0.759298,0.003467,0.422915,0.414912,0.0
0.0,1.0,0.0,0.0,0.0,0.0,0.0,0.447281,0.148936,0.01279,0.202916,0.000833,0.246504,0.533772,0.0
0.0,0.0,1.0,0.0,0.0,0.0,0.0,0.890359,0.212766,0.07941,0.304374,0.002719,0.348265,0.631579,1.0
1.0,0.0,0.0,0.0,0.0,0.0,0.0,0.018406,0.744681,0.103399,0.487206,0.003467,0.422915,0.414912,1.0
1.0,0.0,0.0,0.0,0.0,0.0,0.0,0.429937,0.212766,0.077369,0.315085,0.003467,0.422915,0.414912,1.0
1.0,0.0,0.0,0.0,0.0,0.0,0.0,0.031061,0.638298,0.090098,0.522612,0.003467,0.422915,0.414912,1.0
0.0,0.0,0.0,0.0,0.0,1.0,0.0,0.871599,0.446809,0.034046,0.688783,0.002266,0.625842,0.532456,0.0
0.0,0.0,0.0,0.0,0.0,1.0,0.0,0.018008,0.659574,0.069653,0.290092,0.003467,0.422915,0.414912,0.0
0.0,1.0,0.0,0.0,0.0,0.0,0.0,0.867749,0.191489,0.029152,0.20961,0.000841,0.226049,0.832456,0.0
0.0,0.0,0.0,0.0,0.0,1.0,0.0,0.867307,0.702128,0.036238,0.445403,0.00247,0.484205,0.425877,1.0
0.0,0.0,1.0,0.0,0.0,0.0,0.0,0.004336,0.787234,0.043563,0.635228,0.003467,0.422915,0.414912,0.0
0.0,0.0,0.0,1.0,0.0,0.0,0.0,0.438786,0.957447,0.05239,0.414758,0.003467,0.422915,0.414912,0.0
0.0,1.0,0.0,0.0,0.0,0.0,0.0,0.0,0.702128,0.041161,0.503124,0.003467,0.422915,0.414912,0.0
0.0,0.0,0.0,1.0,0.0,0.0,0.0,0.430069,0.446809,0.07893,0.529307,0.003467,0.422915,0.414912,1.0
0.0,0.0,0.0,0.0,0.0,1.0,0.0,0.014026,0.021277,0.067071,0.527968,0.003467,0.422915,0.414912,1.0
0.0,0.0,0.0,0.0,0.0,1.0,0.0,0.451484,0.893617,0.043383,0.628831,0.002929,0.510616,0.592544,1.0
0.0,0.0,0.0,0.0,0.0,1.0,0.0,0.004469,0.297872,0.064489,0.300208,0.003467,0.422915,0.414912,1.0
0.0,0.0,0.0,0.0,0.0,1.0,0.0,0.004779,0.340426,0.106161,0.496578,0.003467,0.422915,0.414912,1.0
0.0,0.0,0.0,0.0,1.0,0.0,0.0,0.911376,0.042553,0.057374,0.297679,0.003797,0.423874,0.510965,0.0
1.0,0.0,0.0,0.0,0.0,0.0,0.0,0.03199,0.595745,0.074817,0.303481,0.003467,0.422915,0.414912,1.0
0.0,0.0,0.0,0.0,0.0,0.0,1.0,0.434627,0.893617,0.053621,0.228801,0.003467,0.422915,0.414912,1.0
0.0,0.0,0.0,0.0,1.0,0.0,0.0,0.013982,0.787234,0.061066,0.6867,0.003467,0.422915,0.414912,0.0
0.0,0.0,0.0,0.0,1.0,0.0,0.0,0.907084,0.957447,0.05233,0.477685,0.003627,0.49508,0.315789,0.0
0.0,0.0,0.0,1.0,0.0,0.0,0.0,0.430069,0.638298,0.070584,0.520381,0.003467,0.422915,0.414912,0.0
0.0,1.0,0.0,0.0,0.0,0.0,0.0,0.871731,0.06383,0.024469,0.140137,0.00085,0.286898,0.820614,0.0
0.0,0.0,1.0,0.0,0.0,0.0,0.0,0.455953,0.87234,0.041281,0.655757,0.002802,0.538581,0.536842,1.0
0.0,0.0,0.0,0.0,0.0,0.0,1.0,0.464448,0.148936,0.02678,0.127492,0.001797,0.234076,0.575439,0.0
0.0,0.0,0.0,0.0,0.0,1.0,0.0,0.005088,0.404255,0.075357,0.571705,0.003467,0.422915,0.414912,1.0
0.0,0.0,1.0,0.0,0.0,0.0,0.0,0.014203,1.0,0.040711,0.490181,0.003467,0.422915,0.414912,0.0
0.0,0.0,0.0,0.0,0.0,1.0,0.0,0.866997,0.148936,0.021016,0.072746,0.0014,0.112118,0.776316,0.0
0.0,0.0,0.0,0.0,1.0,0.0,0.0,0.005044,1.0,0.047886,0.514281,0.003467,0.422915,0.414912,0.0
0.0,0.0,0.0,0.0,1.0,0.0,0.0,0.911685,0.851064,0.043083,0.412526,0.002923,0.488089,0.360526,0.0
0.0,0.0,0.0,0.0,1.0,0.0,0.0,0.876598,0.829787,0.02612,0.48557,0.001708,0.481098,0.718421,0.0
0.0,0.0,0.0,0.0,0.0,0.0,1.0,0.02668,1.0,0.050498,0.25543,0.003467,0.422915,0.414912,0.0
0.0,0.0,0.0,0.0,0.0,0.0,1.0,0.876687,0.808511,0.029663,0.460577,0.001894,0.369757,0.654386,1.0
0.0,0.0,0.0,1.0,0.0,0.0,0.0,0.890093,0.404255,0.05269,0.758108,0.003691,0.769032,0.229825,0.0
0.0,1.0,0.0,0.0,0.0,0.0,0.0,0.44268,0.680851,0.095202,0.535852,0.006554,0.524081,0.263158,1.0
0.0,0.0,0.0,1.0,0.0,0.0,0.0,0.903323,0.0,0.073286,0.447783,0.004828,0.431901,0.574123,1.0
0.0,0.0,0.0,1.0,0.0,0.0,0.0,0.01792,0.446809,0.081002,0.518149,0.003467,0.422915,0.414912,1.0
0.0,0.0,0.0,1.0,0.0,0.0,0.0,0.031813,0.510638,0.058394,0.226123,0.003467,0.422915,0.414912,0.0
0.0,0.0,0.0,1.0,0.0,0.0,0.0,0.8935,0.957447,0.048697,0.666766,0.003201,0.470482,0.627632,0.0
0.0,0.0,0.0,0.0,0.0,0.0,1.0,0.461042,1.0,0.030683,0.323118,0.002117,0.331176,0.331579,1.0
0.0,0.0,0.0,0.0,0.0,1.0,0.0,0.893899,0.93617,0.050018,0.6626,0.003317,0.502848,0.677193,0.0
0.0,1.0,0.0,0.0,0.0,0.0,0.0,0.017831,0.085106,0.046746,0.308985,0.003467,0.422915,0.414912,0.0
0.0,0.0,0.0,0.0,0.0,1.0,0.0,0.000177,1.0,0.047256,0.316572,0.003467,0.422915,0.414912,0.0
0.0,0.0,0.0,0.0,0.0,0.0,1.0,0.000531,0.851064,0.068302,0.407022,0.003467,0.422915,0.414912,0.0
0.0,1.0,0.0,0.0,0.0,0.0,0.0,0.031105,0.170213,0.074787,0.163344,0.003467,0.422915,0.414912,1.0
1.0,0.0,0.0,0.0,0.0,0.0,0.0,0.023052,0.212766,0.072055,0.237132,0.003467,0.422915,0.414912,0.0
0.0,0.0,0.0,0.0,0.0,0.0,1.0,0.009159,0.425532,0.067581,0.568134,0.003467,0.422915,0.414912,0.0
0.0,0.0,1.0,0.0,0.0,0.0,0.0,0.447635,0.957447,0.03909,0.602053,0.002513,0.442776,0.720614,0.0
0.0,0.0,0.0,0.0,0.0,0.0,1.0,0.009469,0.808511,0.061126,0.676436,0.003467,0.422915,0.414912,1.0
0.0,0.0,0.0,0.0,0.0,0.0,1.0,0.433698,0.255319,0.041431,0.124963,0.003467,0.422915,0.414912,0.0
0.0,0.0,0.0,0.0,0.0,1.0,0.0,0.91142,0.574468,0.045695,0.479173,0.003056,0.577421,0.407456,0.0
1.0,0.0,0.0,0.0,0.0,0.0,0.0,0.447856,0.510638,0.055692,0.621392,0.003116,0.279389,0.765789,1.0
0.0,0.0,0.0,0.0,0.0,1.0,0.0,0.893899,1.0,0.06563,0.625409,0.004314,0.539099,0.627632,0.0
0.0,0.0,0.0,0.0,0.0,0.0,1.0,0.465378,0.425532,0.029572,0.433651,0.002,0.34231,0.60307,0.0
0.0,0.0,0.0,0.0,0.0,1.0,0.0,0.022034,0.638298,0.068302,0.261678,0.003467,0.422915,0.414912,1.0
0.0,0.0,1.0,0.0,0.0,0.0,0.0,0.868103,0.340426,0.029482,0.547754,0.001901,0.487571,0.612281,0.0
0.0,1.0,0.0,0.0,0.0,0.0,0.0,0.871731,0.234043,0.038369,0.370723,0.001668,0.365355,0.793421,1.0
0.0,1.0,0.0,0.0,0.0,0.0,0.0,0.0,0.914894,0.051489,0.34573,0.003467,0.422915,0.414912,1.0
0.0,1.0,0.0,0.0,0.0,0.0,0.0,0.439007,0.574468,0.053321,0.498959,0.003467,0.422915,0.414912,0.0
0.0,0.0,0.0,0.0,1.0,0.0,0.0,0.031857,0.595745,0.055242,0.243082,0.003467,0.422915,0.414912,0.0
0.0,0.0,0.0,0.0,0.0,1.0,0.0,0.424627,0.617021,0.073286,0.290241,0.003467,0.422915,0.414912,0.0
0.0,0.0,0.0,1.0,0.0,0.0,0.0,0.889253,0.531915,0.027981,0.508331,0.001919,0.509322,0.472368,0.0
0.0,0.0,0.0,0.0,0.0,0.0,1.0,0.434007,0.468085,0.067581,0.324903,0.003467,0.422915,0.414912,1.0
1.0,0.0,0.0,0.0,0.0,0.0,0.0,0.000265,0.510638,0.13105,0.488545,0.003467,0.422915,0.414912,1.0
0.0,1.0,0.0,0.0,0.0,0.0,0.0,0.876466,0.106383,0.023958,0.129128,0.000841,0.238477,0.841667,0.0
1.0,0.0,0.0,0.0,0.0,0.0,0.0,0.447856,0.87234,0.042242,0.598483,0.002865,0.371051,0.622368,1.0
0.0,0.0,0.0,0.0,1.0,0.0,0.0,0.02261,0.085106,0.06641,0.244273,0.003467,0.422915,0.414912,0.0
0.0,0.0,1.0,0.0,0.0,0.0,0.0,0.473519,0.468085,0.027471,0.563225,0.001822,0.525634,0.44386,0.0
0.0,0.0,0.0,0.0,0.0,1.0,0.0,0.903102,0.404255,0.080491,0.561291,0.005031,0.56059,0.466667,1.0
0.0,0.0,0.0,0.0,1.0,0.0,0.0,0.491261,0.212766,0.02681,0.17346,0.00182,0.198602,0.598246,0.0
0.0,0.0,0.0,1.0,0.0,0.0,0.0,0.451086,0.510638,0.040891,0.589705,0.002732,0.633092,0.345175,0.0
0.0,0.0,0.0,0.0,0.0,1.0,0.0,0.443166,0.106383,0.040621,0.270604,0.002667,0.300621,0.650439,0.0
0.0,0.0,0.0,0.0,0.0,1.0,0.0,0.014026,0.978723,0.055512,0.455073,0.003467,0.422915,0.414912,0.0
0.0,0.0,0.0,1.0,0.0,0.0,0.0,0.027477,0.106383,0.051219,0.15546,0.003467,0.422915,0.414912,0.0
0.0,1.0,0.0,0.0,0.0,0.0,0.0,0.017831,0.297872,0.075688,0.443767,0.003467,0.422915,0.414912,0.0
1.0,0.0,0.0,0.0,0.0,0.0,0.0,0.017477,0.638298,0.087907,0.461024,0.003467,0.422915,0.414912,1.0
0.0,0.0,0.0,0.0,1.0,0.0,0.0,0.026592,0.638298,0.076318,0.442874,0.003467,0.422915,0.414912,0.0
0.0,0.0,0.0,0.0,0.0,0.0,1.0,0.871643,0.170213,0.025519,0.159774,0.001257,0.217504,0.857895,0.0
0.0,0.0,0.0,1.0,0.0,0.0,0.0,0.898102,0.957447,0.063168,0.601309,0.002277,0.450803,0.577193,0.0
0.0,1.0,0.0,0.0,0.0,0.0,0.0,0.031724,0.361702,0.055242,0.472627,0.003467,0.422915,0.414912,1.0
0.0,0.0,0.0,0.0,1.0,0.0,0.0,0.469271,0.595745,0.058815,0.580184,0.003839,0.509063,0.500439,1.0
0.0,0.0,0.0,1.0,0.0,0.0,0.0,0.005,0.106383,0.056323,0.312407,0.003467,0.422915,0.414912,1.0
1.0,0.0,0.0,0.0,0.0,0.0,0.0,0.894297,0.680851,0.05281,0.408956,0.001516,0.288969,0.609649,0.0
0.0,0.0,0.0,0.0,0.0,0.0,1.0,0.01376,0.510638,0.041431,0.366855,0.003467,0.422915,0.414912,0.0
0.0,0.0,0.0,0.0,1.0,0.0,0.0,0.000752,0.319149,0.124204,0.561291,0.003467,0.422915,0.414912,1.0
0.0,0.0,0.0,0.0,1.0,0.0,0.0,0.880271,0.87234,0.038309,0.45909,0.002707,0.444329,0.234649,0.0
0.0,0.0,0.0,0.0,1.0,0.0,0.0,0.026282,0.638298,0.057764,0.437221,0.003467,0.422915,0.414912,0.0
0.0,0.0,0.0,0.0,0.0,0.0,1.0,0.022698,0.382979,0.086736,0.317763,0.003467,0.422915,0.414912,1.0
0.0,0.0,0.0,0.0,0.0,1.0,0.0,0.447458,0.212766,0.01339,0.27224,0.00086,0.287157,0.636404,0.0
0.0,0.0,0.0,0.0,0.0,1.0,0.0,0.452104,0.12766,0.034646,0.302291,0.002322,0.298032,0.71886,0.0
0.0,0.0,0.0,1.0,0.0,0.0,0.0,0.00438,0.340426,0.043923,0.594763,0.003467,0.422915,0.414912,0.0
0.0,0.0,0.0,0.0,0.0,1.0,0.0,0.907747,0.361702,0.085865,0.494496,0.005619,0.543501,0.516228,1.0
0.0,1.0,0.0,0.0,0.0,0.0,0.0,0.455599,0.787234,0.040411,0.835466,0.002723,0.701191,0.459211,0.0
0.0,0.0,0.0,0.0,0.0,1.0,0.0,0.866997,0.319149,0.029512,0.348706,0.001988,0.266442,0.680702,1.0
0.0,0.0,0.0,0.0,0.0,1.0,0.0,0.867616,0.255319,0.029843,0.367599,0.001955,0.394614,0.734211,0.0
0.0,1.0,0.0,0.0,0.0,0.0,0.0,0.438078,0.12766,0.062898,0.187444,0.003467,0.422915,0.414912,0.0
0.0,0.0,1.0,0.0,0.0,0.0,0.0,0.474138,0.723404,0.028071,0.446593,0.001894,0.354738,0.714474,0.0
0.0,0.0,1.0,0.0,0.0,0.0,0.0,0.474448,0.382979,0.036448,0.450461,0.002486,0.271621,0.29693,0.0
1.0,0.0,0.0,0.0,0.0,0.0,0.0,0.880404,0.234043,0.022607,0.103243,0.001444,0.128172,0.832456,0.0
0.0,1.0,0.0,0.0,0.0,0.0,0.0,0.439007,0.531915,0.057974,0.49881,0.003467,0.422915,0.414912,1.0
0.0,0.0,0.0,0.0,0.0,0.0,1.0,0.018672,0.87234,0.053381,0.351979,0.003467,0.422915,0.414912,0.0
0.0,0.0,0.0,0.0,1.0,0.0,0.0,0.013982,0.744681,0.061066,0.65665,0.003467,0.422915,0.414912,0.0
0.0,0.0,0.0,1.0,0.0,0.0,0.0,0.911951,0.765957,0.043323,0.49033,0.002912,0.443811,0.453947,0.0
0.0,1.0,0.0,0.0,0.0,0.0,0.0,0.903544,0.829787,0.042813,0.469057,0.002896,0.449508,0.382456,0.0
0.0,0.0,0.0,0.0,0.0,1.0,0.0,0.031282,0.595745,0.054642,0.281315,0.003467,0.422915,0.414912,0.0
0.0,0.0,0.0,1.0,0.0,0.0,0.0,0.885492,0.234043,0.029302,0.250521,0.001878,0.292336,0.757895,0.0
0.0,1.0,0.0,0.0,0.0,0.0,0.0,0.451307,0.787234,0.041041,0.749926,0.00268,0.611859,0.673684,1.0
1.0,0.0,0.0,0.0,0.0,0.0,0.0,0.468785,0.425532,0.029182,0.337697,0.001915,0.187985,0.662281,1.0
1.0,0.0,0.0,0.0,0.0,0.0,0.0,0.465422,0.12766,0.020115,0.077804,0.001348,0.15303,0.693421,0.0
0.0,0.0,0.0,1.0,0.0,0.0,0.0,0.902703,0.595745,0.04005,0.477685,0.002682,0.538581,0.380263,0.0
0.0,0.0,0.0,0.0,0.0,0.0,1.0,0.0273,0.659574,0.074817,0.227016,0.003467,0.422915,0.414912,1.0
0.0,0.0,0.0,1.0,0.0,0.0,0.0,0.425778,0.404255,0.095052,0.570366,0.003467,0.422915,0.414912,1.0
0.0,0.0,0.0,0.0,0.0,0.0,1.0,0.464448,0.680851,0.02687,0.250669,0.001797,0.2087,0.662719,0.0
0.0,1.0,0.0,0.0,0.0,0.0,0.0,0.017521,0.425532,0.080581,0.590747,0.003467,0.422915,0.414912,0.0
1.0,0.0,0.0,0.0,0.0,0.0,0.0,0.009823,0.085106,0.041281,0.237876,0.003467,0.422915,0.414912,0.0
0.0,0.0,0.0,1.0,0.0,0.0,0.0,0.008716,0.93617,0.10475,0.58197,0.003467,0.422915,0.414912,1.0
0.0,0.0,0.0,0.0,1.0,0.0,0.0,0.013982,0.893617,0.040591,0.54939,0.003467,0.422915,0.414912,0.0
0.0,0.0,0.0,0.0,0.0,1.0,0.0,0.000177,0.085106,0.071905,0.246355,0.003467,0.422915,0.414912,0.0
0.0,1.0,0.0,0.0,0.0,0.0,0.0,0.451617,0.446809,0.047496,0.696965,0.00318,0.657431,0.513596,1.0
0.0,0.0,0.0,0.0,0.0,1.0,0.0,0.876023,1.0,0.028822,0.369087,0.001477,0.336872,0.769298,1.0
0.0,0.0,0.0,0.0,1.0,0.0,0.0,0.88089,0.765957,0.029542,0.558911,0.001926,0.555671,0.541667,0.0
0.0,1.0,0.0,0.0,0.0,0.0,0.0,0.008628,0.787234,0.074817,0.751562,0.003467,0.422915,0.414912,1.0
0.0,0.0,1.0,0.0,0.0,0.0,0.0,0.469493,0.212766,0.042843,0.280869,0.00284,0.295443,0.571053,1.0
0.0,0.0,1.0,0.0,0.0,0.0,0.0,0.443033,0.042553,0.060436,0.440345,0.004073,0.4174,0.470175,0.0
1.0,0.0,0.0,0.0,0.0,0.0,0.0,0.867395,0.361702,0.031224,0.33249,0.001662,0.247281,0.902632,1.0
0.0,1.0,0.0,0.0,0.0,0.0,0.0,0.867439,0.085106,0.015852,0.118268,0.001034,0.233299,0.807895,0.0
1.0,0.0,0.0,0.0,0.0,0.0,0.0,0.442326,1.0,0.054221,0.315234,0.003741,0.328068,0.500526,1.0
0.0,0.0,0.0,0.0,0.0,0.0,1.0,0.46874,0.489362,0.029002,0.372359,0.001892,0.286121,0.738596,0.0
0.0,0.0,0.0,0.0,1.0,0.0,0.0,0.908013,0.361702,0.085205,0.53615,0.005814,0.590109,0.314035,1.0
1.0,0.0,0.0,0.0,0.0,0.0,0.0,0.911508,0.574468,0.035037,0.30839,0.002233,0.238477,0.760526,0.0
0.0,0.0,0.0,0.0,0.0,0.0,1.0,0.005133,0.170213,0.041942,0.097292,0.003467,0.422915,0.414912,0.0
0.0,0.0,0.0,1.0,0.0,0.0,0.0,0.474183,0.425532,0.035937,0.528414,0.00243,0.325997,0.676754,1.0
0.0,0.0,0.0,0.0,1.0,0.0,0.0,0.889518,0.808511,0.035787,0.682089,0.002486,0.644744,0.257456,0.0
0.0,1.0,0.0,0.0,0.0,0.0,0.0,0.455599,0.06383,0.046085,0.321333,0.002086,0.450026,0.636842,1.0
1.0,0.0,0.0,0.0,0.0,0.0,0.0,0.030751,0.085106,0.050829,0.103541,0.003467,0.422915,0.414912,0.0
0.0,0.0,0.0,0.0,1.0,0.0,0.0,0.00938,0.553191,0.041642,0.555638,0.003467,0.422915,0.414912,0.0
0.0,0.0,0.0,0.0,0.0,1.0,0.0,0.434583,0.170213,0.044314,0.080631,0.003467,0.422915,0.414912,0.0
0.0,0.0,1.0,0.0,0.0,0.0,0.0,0.894385,1.0,0.063258,0.588515,0.00419,0.506991,0.571491,0.0
0.0,1.0,0.0,0.0,0.0,0.0,0.0,0.433476,0.808511,0.089168,0.493008,0.003467,0.422915,0.414912,1.0
0.0,1.0,0.0,0.0,0.0,0.0,0.0,0.90757,0.680851,0.089768,0.55906,0.005872,0.573278,0.513596,1.0
1.0,0.0,0.0,0.0,0.0,0.0,0.0,0.443255,0.446809,0.043263,0.409699,0.002829,0.23537,0.737281,0.0
1.0,0.0,0.0,0.0,0.0,0.0,0.0,0.885049,1.0,0.048517,0.380839,0.003236,0.323666,0.561404,1.0
0.0,1.0,0.0,0.0,0.0,0.0,0.0,0.902925,0.191489,0.032154,0.142815,0.002104,0.196789,0.709649,0.0
0.0,0.0,1.0,0.0,0.0,0.0,0.0,0.443033,0.361702,0.067822,0.567242,0.004603,0.554376,0.400877,1.0
0.0,0.0,0.0,0.0,1.0,0.0,0.0,0.902748,0.234043,0.041311,0.254686,0.002707,0.312791,0.71886,0.0
0.0,0.0,0.0,0.0,1.0,0.0,0.0,0.000752,0.234043,0.087366,0.256769,0.003467,0.422915,0.414912,1.0
0.0,0.0,0.0,1.0,0.0,0.0,0.0,0.005309,0.0,0.099616,0.542101,0.003467,0.422915,0.414912,1.0
0.0,0.0,0.0,0.0,0.0,0.0,1.0,0.908101,0.808511,0.061817,0.397798,0.004051,0.376748,0.631579,1.0
0.0,1.0,0.0,0.0,0.0,0.0,0.0,0.881067,0.382979,0.029813,0.512199,0.001982,0.552305,0.582895,1.0
0.0,0.0,0.0,0.0,0.0,0.0,1.0,0.465378,0.489362,0.029572,0.409104,0.002,0.351372,0.584211,0.0
0.0,0.0,0.0,0.0,0.0,0.0,1.0,0.464758,0.191489,0.020085,0.095805,0.001329,0.137494,0.770614,0.0
0.0,0.0,0.0,1.0,0.0,0.0,0.0,0.424848,0.93617,0.076138,0.386492,0.003467,0.422915,0.414912,1.0
0.0,1.0,0.0,0.0,0.0,0.0,0.0,0.442989,0.212766,0.035367,0.177626,0.00231,0.165976,0.701754,0.0
1.0,0.0,0.0,0.0,0.0,0.0,0.0,0.897969,0.276596,0.063468,0.269563,0.002019,0.21854,0.816228,0.0
0.0,0.0,0.0,0.0,0.0,0.0,1.0,0.894252,0.531915,0.088087,0.601012,0.002798,0.379337,0.633333,1.0
0.0,0.0,0.0,1.0,0.0,0.0,0.0,0.881465,0.404255,0.029002,0.518596,0.001973,0.605127,0.224561,0.0
0.0,1.0,0.0,0.0,0.0,0.0,0.0,0.031724,0.638298,0.115528,0.520381,0.003467,0.422915,0.414912,1.0
0.0,1.0,0.0,0.0,0.0,0.0,0.0,0.425689,0.468085,0.076498,0.542249,0.003467,0.422915,0.414912,0.0
0.0,0.0,0.0,0.0,0.0,0.0,1.0,0.45675,0.553191,0.027051,0.342606,0.001689,0.328068,0.674561,0.0
0.0,1.0,0.0,0.0,0.0,0.0,0.0,0.911862,0.595745,0.049207,0.50476,0.003324,0.539099,0.395614,1.0
0.0,0.0,0.0,0.0,0.0,0.0,1.0,0.897925,0.06383,0.060526,0.506694,0.003982,0.497152,0.641667,0.0
0.0,1.0,0.0,0.0,0.0,0.0,0.0,0.032034,0.042553,0.058394,0.155757,0.003467,0.422915,0.414912,0.0
1.0,0.0,0.0,0.0,0.0,0.0,0.0,0.022433,0.553191,0.057464,0.476346,0.003467,0.422915,0.414912,0.0
0.0,0.0,0.0,1.0,0.0,0.0,0.0,0.425778,0.531915,0.090068,0.543142,0.003467,0.422915,0.414912,1.0
0.0,0.0,1.0,0.0,0.0,0.0,0.0,0.013583,0.510638,0.074216,0.512348,0.003467,0.422915,0.414912,1.0
0.0,0.0,0.0,0.0,0.0,1.0,0.0,0.894828,0.12766,0.076798,0.36388,0.003702,0.444847,0.750439,0.0
0.0,0.0,0.0,0.0,0.0,0.0,1.0,0.447193,0.893617,0.041942,0.524546,0.002763,0.367167,0.742982,1.0
0.0,0.0,0.0,0.0,0.0,1.0,0.0,0.89819,0.212766,0.041492,0.282505,0.002663,0.358364,0.787719,0.0
0.0,1.0,0.0,0.0,0.0,0.0,0.0,0.474404,0.319149,0.029332,0.324457,0.002005,0.22579,0.594737,1.0
0.0,0.0,0.0,0.0,1.0,0.0,0.0,0.430114,0.787234,0.053621,0.386195,0.003467,0.422915,0.414912,0.0
0.0,0.0,0.0,0.0,0.0,0.0,1.0,0.442591,1.0,0.088177,0.39393,0.006009,0.393837,0.500526,1.0
0.0,0.0,1.0,0.0,0.0,0.0,0.0,0.43383,0.0,0.046535,0.352127,0.003467,0.422915,0.414912,0.0
0.0,0.0,0.0,0.0,1.0,0.0,0.0,0.430114,0.617021,0.070734,0.516662,0.003467,0.422915,0.414912,1.0
0.0,0.0,0.0,0.0,1.0,0.0,0.0,0.871554,0.723404,0.043113,0.684618,0.002904,0.647851,0.293421,1.0
0.0,0.0,0.0,0.0,0.0,0.0,1.0,0.500111,0.148936,0.027831,0.126748,0.001934,0.213361,0.312281,0.0
0.0,0.0,0.0,0.0,0.0,1.0,0.0,0.889872,0.87234,0.057884,0.687891,0.003995,0.584153,0.361404,0.0
0.0,0.0,0.0,0.0,0.0,1.0,0.0,0.026946,0.574468,0.075718,0.323564,0.003467,0.422915,0.414912,0.0
0.0,0.0,0.0,0.0,0.0,1.0,0.0,0.89912,0.808511,0.085085,0.622285,0.005762,0.569135,0.388158,1.0
0.0,1.0,0.0,0.0,0.0,0.0,0.0,0.465466,0.595745,0.067912,0.587176,0.004624,0.46608,0.471491,1.0
0.0,0.0,0.0,0.0,1.0,0.0,0.0,0.473607,0.446809,0.029753,0.542696,0.002013,0.639824,0.219298,1.0
0.0,1.0,0.0,0.0,0.0,0.0,0.0,0.881067,0.553191,0.031644,0.511306,0.002148,0.553081,0.269298,1.0
0.0,0.0,1.0,0.0,0.0,0.0,0.0,0.877129,0.978723,0.034676,0.461767,0.002333,0.392025,0.442105,0.0
0.0,0.0,0.0,0.0,0.0,1.0,0.0,0.009115,0.617021,0.082052,0.458494,0.003467,0.422915,0.414912,1.0
0.0,0.0,0.0,0.0,1.0,0.0,0.0,0.43852,0.255319,0.05236,0.304969,0.003467,0.422915,0.414912,0.0
0.0,0.0,1.0,0.0,0.0,0.0,0.0,0.022831,0.042553,0.084814,0.371764,0.003467,0.422915,0.414912,1.0
1.0,0.0,0.0,0.0,0.0,0.0,0.0,0.425025,0.723404,0.06584,0.404046,0.003467,0.422915,0.414912,0.0
0.0,0.0,0.0,0.0,0.0,0.0,1.0,0.000841,1.0,0.102978,0.354508,0.003467,0.422915,0.414912,0.0
0.0,0.0,0.0,0.0,0.0,0.0,1.0,0.000531,0.893617,0.045214,0.352574,0.003467,0.422915,0.414912,0.0
0.0,0.0,0.0,0.0,0.0,1.0,0.0,0.447148,0.723404,0.057404,0.71928,0.004082,0.664423,0.284649,1.0
0.0,0.0,0.0,0.0,0.0,0.0,1.0,0.013141,0.765957,0.041582,0.539274,0.003467,0.422915,0.414912,0.0
0.0,1.0,0.0,0.0,0.0,0.0,0.0,0.477988,0.957447,0.030323,0.440643,0.0021,0.302693,0.355263,0.0
0.0,0.0,1.0,0.0,0.0,0.0,0.0,0.898987,0.425532,0.096223,0.626748,0.0064,0.676075,0.437281,1.0
0.0,0.0,1.0,0.0,0.0,0.0,0.0,0.907615,0.531915,0.061667,0.486314,0.004167,0.58985,0.42193,0.0
0.0,0.0,0.0,0.0,0.0,1.0,0.0,0.031592,0.021277,0.055242,0.262422,0.003467,0.422915,0.414912,0.0
0.0,1.0,0.0,0.0,0.0,0.0,0.0,0.872041,0.638298,0.028552,0.644302,0.001797,0.498705,0.77807,0.0
0.0,1.0,0.0,0.0,0.0,0.0,0.0,0.880404,0.638298,0.027141,0.512794,0.001874,0.517349,0.456579,0.0
1.0,0.0,0.0,0.0,0.0,0.0,0.0,0.455555,0.085106,0.034466,0.274026,0.002279,0.387623,0.636842,0.0
0.0,0.0,0.0,1.0,0.0,0.0,0.0,0.876244,0.297872,0.028762,0.473222,0.001865,0.542206,0.589035,1.0
0.0,0.0,1.0,0.0,0.0,0.0,0.0,0.430025,0.446809,0.089498,0.594168,0.003467,0.422915,0.414912,1.0
0.0,0.0,0.0,0.0,0.0,0.0,1.0,0.464448,0.276596,0.02696,0.203957,0.001805,0.222683,0.602632,0.0
0.0,0.0,0.0,0.0,1.0,0.0,0.0,0.437901,0.319149,0.05326,0.402112,0.003467,0.422915,0.414912,1.0
0.0,0.0,0.0,1.0,0.0,0.0,0.0,0.898721,0.212766,0.050048,0.250223,0.003243,0.329363,0.714474,0.0
0.0,0.0,1.0,0.0,0.0,0.0,0.0,0.424804,0.702128,0.058394,0.357929,0.003467,0.422915,0.414912,0.0
0.0,0.0,0.0,0.0,1.0,0.0,0.0,0.446794,0.978723,0.042783,0.551026,0.002763,0.468669,0.631579,0.0
0.0,0.0,1.0,0.0,0.0,0.0,0.0,0.473209,0.595745,0.308424,0.729842,0.020382,0.504143,0.620614,1.0
0.0,0.0,0.0,0.0,0.0,1.0,0.0,0.429539,0.893617,0.075417,0.350788,0.003467,0.422915,0.414912,1.0
0.0,0.0,0.0,1.0,0.0,0.0,0.0,0.912261,0.617021,0.09211,0.512943,0.00639,0.603055,0.203509,1.0
1.0,0.0,0.0,0.0,0.0,0.0,0.0,0.009203,0.531915,0.042783,0.634186,0.003467,0.422915,0.414912,0.0
0.0,0.0,0.0,0.0,0.0,1.0,0.0,0.889562,0.978723,0.050108,0.554597,0.00344,0.48291,0.457456,1.0
1.0,0.0,0.0,0.0,0.0,0.0,0.0,0.456484,0.361702,0.031944,0.428295,0.00216,0.281719,0.614035,1.0
0.0,0.0,1.0,0.0,0.0,0.0,0.0,0.013583,0.404255,0.106431,0.596995,0.003467,0.422915,0.414912,1.0
1.0,0.0,0.0,0.0,0.0,0.0,0.0,0.90319,0.468085,0.081512,0.367301,0.002902,0.231486,0.689035,1.0
0.0,1.0,0.0,0.0,0.0,0.0,0.0,0.018141,0.319149,0.056263,0.442428,0.003467,0.422915,0.414912,0.0
0.0,0.0,1.0,0.0,0.0,0.0,0.0,0.88943,0.957447,0.030743,0.561143,0.002075,0.434231,0.501316,0.0
0.0,0.0,0.0,0.0,0.0,1.0,0.0,0.469625,0.723404,0.045785,0.419816,0.003116,0.484464,0.182456,0.0
0.0,0.0,0.0,0.0,0.0,0.0,1.0,0.442591,0.106383,0.047226,0.263612,0.003108,0.328327,0.500526,0.0
0.0,0.0,0.0,0.0,0.0,1.0,0.0,0.889562,0.276596,0.055182,0.490777,0.003668,0.438633,0.534649,1.0
1.0,0.0,0.0,0.0,0.0,0.0,0.0,0.429008,0.808511,0.067731,0.419518,0.003467,0.422915,0.414912,0.0
1.0,0.0,0.0,0.0,0.0,0.0,0.0,0.452192,0.765957,0.034766,0.635971,0.002316,0.438115,0.450877,0.0
0.0,0.0,1.0,0.0,0.0,0.0,0.0,0.000664,0.723404,0.155878,0.622434,0.003467,0.422915,0.414912,1.0
1.0,0.0,0.0,0.0,0.0,0.0,0.0,0.434052,0.06383,0.043383,0.144154,0.003467,0.422915,0.414912,0.0
1.0,0.0,0.0,0.0,0.0,0.0,0.0,0.027034,1.0,0.115918,0.411485,0.003467,0.422915,0.414912,1.0
0.0,0.0,0.0,0.0,1.0,0.0,0.0,0.425512,0.489362,0.069863,0.518596,0.003467,0.422915,0.414912,0.0
0.0,0.0,1.0,0.0,0.0,0.0,0.0,0.911597,0.425532,0.054882,0.529009,0.003646,0.575091,0.448684,1.0
0.0,0.0,0.0,0.0,0.0,0.0,1.0,0.451838,0.148936,0.037168,0.276703,0.002509,0.297514,0.646053,0.0
0.0,0.0,1.0,0.0,0.0,0.0,0.0,0.880802,0.212766,0.021706,0.116186,0.000841,0.189539,0.838158,0.0
0.0,1.0,0.0,0.0,0.0,0.0,0.0,0.433786,0.085106,0.040861,0.136418,0.003467,0.422915,0.414912,0.0
1.0,0.0,0.0,0.0,0.0,0.0,0.0,0.447547,0.595745,0.041672,0.358375,0.002848,0.267478,0.603509,1.0
0.0,0.0,0.0,0.0,0.0,0.0,1.0,0.455821,0.617021,0.033025,0.358078,0.002227,0.333506,0.699561,0.0
0.0,0.0,0.0,0.0,0.0,1.0,0.0,0.903102,0.340426,0.06545,0.53853,0.004358,0.561108,0.496053,0.0
0.0,0.0,0.0,1.0,0.0,0.0,0.0,0.915667,0.914894,0.066621,0.424427,0.004503,0.365355,0.433333,0.0
0.0,0.0,0.0,0.0,1.0,0.0,0.0,0.911376,0.510638,0.068452,0.545076,0.004472,0.571466,0.521053,1.0
0.0,1.0,0.0,0.0,0.0,0.0,0.0,0.469139,0.680851,0.058424,0.521125,0.003839,0.566805,0.420175,1.0
0.0,0.0,0.0,0.0,0.0,0.0,1.0,0.885625,0.510638,0.082082,0.458792,0.005422,0.370792,0.622368,1.0
1.0,0.0,0.0,0.0,0.0,0.0,0.0,0.022123,0.531915,0.073586,0.294853,0.003467,0.422915,0.414912,1.0
0.0,0.0,0.0,0.0,1.0,0.0,0.0,0.889518,0.659574,0.033986,0.523059,0.002403,0.605645,0.23114,0.0
0.0,1.0,0.0,0.0,0.0,0.0,0.0,0.433786,0.425532,0.056803,0.52172,0.003467,0.422915,0.414912,0.0
1.0,0.0,0.0,0.0,0.0,0.0,0.0,0.469094,0.148936,0.023358,0.055787,0.001539,0.124547,0.651754,0.0
0.0,0.0,0.0,1.0,0.0,0.0,0.0,0.434184,0.978723,0.059625,0.424427,0.003467,0.422915,0.414912,0.0
0.0,0.0,0.0,0.0,0.0,0.0,1.0,0.45675,0.680851,0.024469,0.320887,0.001637,0.313568,0.737281,0.0
0.0,0.0,1.0,0.0,0.0,0.0,0.0,0.022521,0.702128,0.087366,0.493901,0.003467,0.422915,0.414912,1.0
0.0,0.0,0.0,0.0,0.0,1.0,0.0,0.022964,0.829787,0.076318,0.351384,0.003467,0.422915,0.414912,1.0
0.0,0.0,1.0,0.0,0.0,0.0,0.0,0.456263,0.191489,0.022367,0.23609,0.001487,0.287934,0.748246,0.0
0.0,0.0,0.0,1.0,0.0,0.0,0.0,0.460599,0.361702,0.036658,0.519339,0.002493,0.583894,0.39693,1.0
0.0,0.0,0.0,0.0,0.0,1.0,0.0,0.005088,0.978723,0.042572,0.408509,0.003467,0.422915,0.414912,0.0
0.0,0.0,0.0,0.0,0.0,1.0,0.0,0.460997,0.744681,0.030083,0.478578,0.002077,0.438115,0.334649,0.0
1.0,0.0,0.0,0.0,0.0,0.0,0.0,0.897969,0.702128,0.097184,0.457156,0.005457,0.424909,0.688596,1.0
0.0,0.0,0.0,0.0,0.0,1.0,0.0,0.000487,0.553191,0.07932,0.368045,0.003467,0.422915,0.414912,0.0
0.0,1.0,0.0,0.0,0.0,0.0,0.0,0.438697,0.851064,0.055782,0.44704,0.003467,0.422915,0.414912,0.0
0.0,1.0,0.0,0.0,0.0,0.0,0.0,0.911243,1.0,0.063438,0.463999,0.004169,0.384516,0.660526,1.0
0.0,0.0,0.0,0.0,0.0,0.0,1.0,0.911464,0.319149,0.047796,0.413865,0.003091,0.369498,0.747368,1.0
1.0,0.0,0.0,0.0,0.0,0.0,0.0,0.898279,0.978723,0.078119,0.48795,0.005008,0.426463,0.720175,1.0
0.0,0.0,0.0,1.0,0.0,0.0,0.0,0.903013,0.978723,0.089678,0.529902,0.005935,0.540653,0.48114,1.0
0.0,0.0,0.0,1.0,0.0,0.0,0.0,0.898412,0.276596,0.07851,0.520976,0.005147,0.511134,0.594298,1.0
0.0,0.0,0.0,0.0,1.0,0.0,0.0,0.430114,0.574468,0.070734,0.525141,0.003467,0.422915,0.414912,1.0
0.0,0.0,0.0,0.0,0.0,0.0,1.0,0.911774,0.531915,0.044494,0.364624,0.002902,0.336095,0.714035,0.0
0.0,0.0,0.0,1.0,0.0,0.0,0.0,0.425778,0.617021,0.084965,0.512943,0.003467,0.422915,0.414912,1.0
0.0,1.0,0.0,0.0,0.0,0.0,0.0,0.022477,0.659574,0.106071,0.487206,0.003467,0.422915,0.414912,1.0
0.0,0.0,0.0,0.0,0.0,0.0,1.0,0.460732,0.510638,0.038129,0.402112,0.00263,0.268773,0.319737,0.0
0.0,0.0,0.0,0.0,1.0,0.0,0.0,0.018583,0.12766,0.045965,0.192651,0.003467,0.422915,0.414912,0.0
0.0,0.0,0.0,1.0,0.0,0.0,0.0,0.880536,0.191489,0.031434,0.169295,0.002025,0.22812,0.7,0.0
0.0,1.0,0.0,0.0,0.0,0.0,0.0,0.013849,0.021277,0.07839,0.554746,0.003467,0.422915,0.414912,0.0
0.0,1.0,0.0,0.0,0.0,0.0,0.0,0.889695,0.723404,0.103729,0.785481,0.006934,0.705334,0.413158,1.0
0.0,0.0,0.0,0.0,1.0,0.0,0.0,0.017654,0.553191,0.06644,0.476049,0.003467,0.422915,0.414912,0.0
1.0,0.0,0.0,0.0,0.0,0.0,0.0,0.026415,1.0,0.089768,0.398096,0.003467,0.422915,0.414912,1.0
0.0,0.0,0.0,1.0,0.0,0.0,0.0,0.013937,0.787234,0.11859,0.794555,0.003467,0.422915,0.414912,1.0
1.0,0.0,0.0,0.0,0.0,0.0,0.0,0.47374,0.723404,0.029873,0.366111,0.001685,0.270585,0.781579,0.0
0.0,0.0,0.0,0.0,0.0,1.0,0.0,0.88558,0.702128,0.036238,0.52529,0.002601,0.665717,0.087281,0.0
0.0,0.0,0.0,0.0,0.0,1.0,0.0,0.907438,0.617021,0.082653,0.471288,0.00559,0.513465,0.439912,1.0
0.0,0.0,0.0,0.0,0.0,1.0,0.0,0.469625,0.170213,0.03906,0.173758,0.002638,0.198084,0.552193,0.0
0.0,0.0,0.0,0.0,0.0,1.0,0.0,0.424627,0.382979,0.087787,0.355698,0.003467,0.422915,0.414912,1.0
0.0,0.0,0.0,1.0,0.0,0.0,0.0,0.451706,0.0,0.037859,0.576912,0.002524,0.516313,0.624123,0.0
0.0,1.0,0.0,0.0,0.0,0.0,0.0,0.442989,0.085106,0.045455,0.210503,0.003027,0.292595,0.573684,0.0
0.0,0.0,1.0,0.0,0.0,0.0,0.0,0.907615,0.021277,0.078269,0.413716,0.005274,0.448213,0.500439,1.0
0.0,0.0,1.0,0.0,0.0,0.0,0.0,0.004646,0.085106,0.077069,0.37355,0.003467,0.422915,0.414912,0.0
0.0,1.0,0.0,0.0,0.0,0.0,0.0,0.469139,0.617021,0.070704,0.540464,0.004647,0.550233,0.487281,1.0
0.0,0.0,0.0,0.0,0.0,0.0,1.0,0.424671,0.340426,0.080611,0.256769,0.003467,0.422915,0.414912,1.0
0.0,1.0,0.0,0.0,0.0,0.0,0.0,0.911553,0.234043,0.070373,0.388872,0.004578,0.417918,0.69693,1.0
0.0,0.0,1.0,0.0,0.0,0.0,0.0,0.894385,0.680851,0.073256,0.610384,0.004996,0.640083,0.484649,1.0
0.0,1.0,0.0,0.0,0.0,0.0,0.0,0.912172,0.829787,0.060916,0.445552,0.00413,0.439927,0.342544,0.0
0.0,0.0,0.0,1.0,0.0,0.0,0.0,0.42914,0.893617,0.093161,0.44942,0.003467,0.422915,0.414912,1.0
0.0,0.0,0.0,0.0,0.0,0.0,1.0,0.031016,0.404255,0.077489,0.318506,0.003467,0.422915,0.414912,1.0
0.0,0.0,0.0,0.0,0.0,1.0,0.0,0.876643,0.297872,0.028462,0.49643,0.001874,0.542206,0.497807,1.0
0.0,0.0,0.0,0.0,1.0,0.0,0.0,0.442237,0.021277,0.054852,0.423386,0.003467,0.422915,0.414912,0.0
0.0,0.0,0.0,0.0,0.0,1.0,0.0,0.495686,0.255319,0.035187,0.308242,0.002426,0.301398,0.366228,0.0
1.0,0.0,0.0,0.0,0.0,0.0,0.0,0.438653,0.255319,0.050198,0.29634,0.003467,0.422915,0.414912,0.0
0.0,0.0,1.0,0.0,0.0,0.0,0.0,0.43414,0.425532,0.081902,0.567539,0.003467,0.422915,0.414912,1.0
0.0,0.0,0.0,0.0,0.0,0.0,1.0,0.424981,0.531915,0.077789,0.246504,0.003467,0.422915,0.414912,1.0
0.0,0.0,0.0,0.0,0.0,1.0,0.0,0.460378,0.340426,0.041672,0.533621,0.002852,0.562662,0.277193,0.0
0.0,0.0,0.0,1.0,0.0,0.0,0.0,0.000708,0.531915,0.044134,0.471883,0.003467,0.422915,0.414912,0.0
0.0,0.0,0.0,1.0,0.0,0.0,0.0,0.438166,0.234043,0.070494,0.217495,0.003467,0.422915,0.414912,0.0
0.0,0.0,0.0,0.0,1.0,0.0,0.0,0.906774,0.829787,0.069503,0.553407,0.004649,0.488866,0.514912,0.0
0.0,0.0,0.0,0.0,0.0,1.0,0.0,0.456705,0.553191,0.030353,0.494644,0.002073,0.49767,0.532456,0.0
1.0,0.0,0.0,0.0,0.0,0.0,0.0,0.912438,0.723404,0.043983,0.315977,0.002904,0.309684,0.628947,1.0
0.0,1.0,0.0,0.0,0.0,0.0,0.0,0.460201,0.255319,0.030323,0.358227,0.002073,0.318488,0.535965,1.0
1.0,0.0,0.0,0.0,0.0,0.0,0.0,0.022742,0.106383,0.063468,0.142963,0.003467,0.422915,0.414912,0.0
0.0,0.0,0.0,0.0,0.0,1.0,0.0,0.013716,0.531915,0.045755,0.374293,0.003467,0.422915,0.414912,0.0
0.0,0.0,0.0,0.0,0.0,0.0,1.0,0.442591,0.744681,0.124114,0.647873,0.008297,0.451579,0.500526,1.0
0.0,0.0,0.0,0.0,0.0,0.0,1.0,0.442901,0.93617,0.046505,0.371616,0.003128,0.289228,0.553947,0.0
0.0,0.0,0.0,1.0,0.0,0.0,0.0,0.872439,0.808511,0.042242,0.62288,0.002848,0.622475,0.37807,0.0
0.0,0.0,1.0,0.0,0.0,0.0,0.0,0.915623,0.234043,0.085055,0.402856,0.005866,0.415847,0.493421,1.0
0.0,0.0,0.0,1.0,0.0,0.0,0.0,0.45998,0.765957,0.077279,0.61083,0.005353,0.549456,0.14693,1.0
1.0,0.0,0.0,0.0,0.0,0.0,0.0,0.000885,0.659574,0.21073,0.476049,0.003467,0.422915,0.414912,1.0
0.0,0.0,0.0,0.0,0.0,0.0,1.0,0.447502,0.914894,0.040921,0.485123,0.002742,0.33247,0.575,0.0
1.0,0.0,0.0,0.0,0.0,0.0,0.0,0.898898,0.042553,0.075868,0.30482,0.004998,0.482393,0.500439,1.0
0.0,0.0,1.0,0.0,0.0,0.0,0.0,0.890049,0.510638,0.143029,0.738322,0.010048,0.726308,0.305702,1.0
0.0,0.0,0.0,0.0,0.0,0.0,1.0,0.455821,0.06383,0.063288,0.477983,0.004458,0.457276,0.210088,0.0
0.0,0.0,0.0,0.0,1.0,0.0,0.0,0.014291,0.319149,0.040591,0.576465,0.003467,0.422915,0.414912,0.0
1.0,0.0,0.0,0.0,0.0,0.0,0.0,0.464493,0.255319,0.020776,0.096549,0.001383,0.110823,0.742105,0.0
0.0,0.0,1.0,0.0,0.0,0.0,0.0,0.031459,0.021277,0.055302,0.298869,0.003467,0.422915,0.414912,0.0
1.0,0.0,0.0,0.0,0.0,0.0,0.0,0.451883,0.12766,0.033445,0.219726,0.002239,0.289487,0.689912,0.0
0.0,0.0,0.0,0.0,0.0,1.0,0.0,0.004779,0.361702,0.114387,0.552663,0.003467,0.422915,0.414912,1.0
0.0,0.0,0.0,0.0,0.0,1.0,0.0,0.495686,0.021277,0.041371,0.40241,0.002858,0.360953,0.316228,0.0
1.0,0.0,0.0,0.0,0.0,0.0,0.0,0.446617,0.808511,0.077099,0.640732,0.005253,0.465303,0.533333,1.0
0.0,1.0,0.0,0.0,0.0,0.0,0.0,0.429362,0.468085,0.084094,0.563374,0.003467,0.422915,0.414912,1.0
1.0,0.0,0.0,0.0,0.0,0.0,0.0,0.872307,0.914894,0.032785,0.352276,0.001838,0.215691,0.900877,1.0
0.0,0.0,0.0,0.0,0.0,0.0,1.0,0.474006,0.170213,0.024649,0.107409,0.001626,0.171673,0.786842,0.0
1.0,0.0,0.0,0.0,0.0,0.0,0.0,0.013805,0.553191,0.134682,0.727908,0.003467,0.422915,0.414912,1.0
0.0,0.0,0.0,0.0,1.0,0.0,0.0,0.473607,0.531915,0.042933,0.552812,0.002914,0.691869,0.162281,1.0
0.0,0.0,0.0,0.0,0.0,0.0,1.0,0.022698,0.957447,0.089108,0.325647,0.003467,0.422915,0.414912,1.0
0.0,0.0,1.0,0.0,0.0,0.0,0.0,0.867484,0.702128,0.032575,0.627046,0.002171,0.707923,0.480263,1.0
1.0,0.0,0.0,0.0,0.0,0.0,0.0,0.017477,0.06383,0.040651,0.251562,0.003467,0.422915,0.414912,0.0
0.0,0.0,0.0,0.0,0.0,1.0,0.0,0.429229,0.638298,0.095473,0.45537,0.003467,0.422915,0.414912,1.0
0.0,0.0,1.0,0.0,0.0,0.0,0.0,0.030839,0.808511,0.074817,0.434246,0.003467,0.422915,0.414912,0.0
0.0,0.0,0.0,0.0,1.0,0.0,0.0,0.430114,0.106383,0.049838,0.150997,0.003467,0.422915,0.414912,0.0
0.0,0.0,0.0,0.0,0.0,0.0,1.0,0.008849,0.978723,0.041642,0.445552,0.003467,0.422915,0.414912,0.0
1.0,0.0,0.0,0.0,0.0,0.0,0.0,0.004248,0.87234,0.048367,0.488694,0.003467,0.422915,0.414912,0.0
0.0,1.0,0.0,0.0,0.0,0.0,0.0,0.473475,0.234043,0.0399,0.375186,0.002713,0.350854,0.472368,1.0
0.0,0.0,0.0,0.0,0.0,0.0,1.0,0.902836,0.765957,0.086826,0.476941,0.005638,0.413516,0.671053,1.0
0.0,1.0,0.0,0.0,0.0,0.0,0.0,0.871422,0.787234,0.02642,0.566052,0.001672,0.484723,0.89386,0.0
0.0,0.0,1.0,0.0,0.0,0.0,0.0,0.867484,0.510638,0.041642,0.654418,0.002754,0.746763,0.323684,1.0
0.0,0.0,1.0,0.0,0.0,0.0,0.0,0.907924,0.319149,0.067611,0.48914,0.004651,0.652771,0.236842,1.0
0.0,0.0,0.0,0.0,0.0,0.0,1.0,0.880669,0.93617,0.034646,0.288902,0.00198,0.236924,0.847807,0.0
0.0,0.0,0.0,1.0,0.0,0.0,0.0,0.013628,0.212766,0.042602,0.208123,0.003467,0.422915,0.414912,0.0
0.0,0.0,1.0,0.0,0.0,0.0,0.0,0.022211,0.744681,0.062838,0.452841,0.003467,0.422915,0.414912,0.0
0.0,0.0,0.0,0.0,0.0,0.0,1.0,0.897925,0.106383,0.035937,0.393335,0.002345,0.417141,0.616667,0.0
0.0,1.0,0.0,0.0,0.0,0.0,0.0,1.0,0.680851,0.075177,0.478875,0.005044,0.511652,0.453947,1.0
0.0,0.0,0.0,0.0,1.0,0.0,0.0,0.447104,0.404255,0.044344,0.713478,0.003076,0.617815,0.389474,0.0
0.0,1.0,0.0,0.0,0.0,0.0,0.0,0.004602,0.787234,0.121202,0.788456,0.003467,0.422915,0.414912,1.0
0.0,0.0,0.0,0.0,0.0,1.0,0.0,0.872528,0.212766,0.030173,0.357929,0.001888,0.377525,0.846491,0.0
1.0,0.0,0.0,0.0,0.0,0.0,0.0,0.009823,0.787234,0.041732,0.720321,0.003467,0.422915,0.414912,0.0
0.0,0.0,0.0,0.0,0.0,0.0,1.0,0.000841,0.829787,0.122703,0.469206,0.003467,0.422915,0.414912,1.0
0.0,0.0,0.0,1.0,0.0,0.0,0.0,0.00438,0.12766,0.043533,0.235198,0.003467,0.422915,0.414912,0.0
0.0,0.0,0.0,1.0,0.0,0.0,0.0,0.452015,0.744681,0.070464,0.857185,0.004744,0.713361,0.262281,1.0
1.0,0.0,0.0,0.0,0.0,0.0,0.0,0.456175,0.297872,0.028281,0.221511,0.000976,0.122475,0.888596,0.0
1.0,0.0,0.0,0.0,0.0,0.0,0.0,0.447547,0.382979,0.044434,0.538976,0.001007,0.243138,0.524561,1.0
0.0,0.0,0.0,0.0,1.0,0.0,0.0,0.005044,0.425532,0.042572,0.623326,0.003467,0.422915,0.414912,0.0
0.0,0.0,1.0,0.0,0.0,0.0,0.0,0.880802,0.319149,0.027741,0.353169,0.00183,0.390212,0.632018,0.0
0.0,0.0,0.0,0.0,0.0,0.0,1.0,0.889297,0.978723,0.030353,0.40241,0.00199,0.416106,0.595614,0.0
0.0,0.0,0.0,0.0,0.0,1.0,0.0,0.434273,0.404255,0.048367,0.416691,0.003467,0.422915,0.414912,0.0
0.0,0.0,0.0,0.0,0.0,1.0,0.0,0.022034,0.042553,0.048487,0.354061,0.003467,0.422915,0.414912,0.0
0.0,0.0,0.0,0.0,0.0,1.0,0.0,0.473961,0.553191,0.031734,0.663493,0.002088,0.454169,0.633772,1.0
0.0,0.0,0.0,0.0,0.0,1.0,0.0,0.442547,0.808511,0.098205,0.606516,0.006427,0.548162,0.500526,1.0
0.0,0.0,0.0,1.0,0.0,0.0,0.0,0.894739,0.425532,0.103218,0.763612,0.006809,0.751424,0.450439,0.0
0.0,0.0,0.0,0.0,0.0,0.0,1.0,0.01376,0.234043,0.045755,0.124814,0.003467,0.422915,0.414912,1.0
0.0,0.0,0.0,0.0,1.0,0.0,0.0,0.460953,0.425532,0.042572,0.580631,0.002941,0.474366,0.371491,0.0
0.0,0.0,0.0,0.0,0.0,0.0,1.0,0.451838,0.893617,0.123454,0.59402,0.00827,0.360953,0.720614,1.0
0.0,0.0,1.0,0.0,0.0,0.0,0.0,0.902969,0.553191,0.10583,0.508628,0.007243,0.716209,0.210965,1.0
0.0,1.0,0.0,0.0,0.0,0.0,0.0,0.425689,0.531915,0.076498,0.541952,0.003467,0.422915,0.414912,1.0
0.0,1.0,0.0,0.0,0.0,0.0,0.0,0.433786,0.468085,0.048637,0.525885,0.003467,0.422915,0.414912,0.0
0.0,0.0,0.0,1.0,0.0,0.0,0.0,0.000708,0.234043,0.081122,0.256471,0.003467,0.422915,0.414912,0.0
0.0,0.0,0.0,0.0,0.0,1.0,0.0,0.464404,0.489362,0.069623,0.510414,0.00472,0.481616,0.411842,1.0
1.0,0.0,0.0,0.0,0.0,0.0,0.0,0.894297,0.319149,0.030443,0.319548,0.001859,0.242103,0.88114,0.0
1.0,0.0,0.0,0.0,0.0,0.0,0.0,0.425645,0.276596,0.074817,0.154567,0.003467,0.422915,0.414912,1.0
0.0,0.0,0.0,0.0,0.0,1.0,0.0,0.894208,0.808511,0.072985,0.755727,0.004998,0.685655,0.415789,1.0
0.0,0.0,0.0,0.0,0.0,1.0,0.0,0.894518,0.234043,0.040561,0.331747,0.002644,0.420766,0.661404,0.0
0.0,0.0,1.0,0.0,0.0,0.0,0.0,0.433521,0.106383,0.043053,0.152633,0.003467,0.422915,0.414912,0.0
0.0,0.0,1.0,0.0,0.0,0.0,0.0,0.027432,0.829787,0.051219,0.451651,0.003467,0.422915,0.414912,0.0
0.0,0.0,1.0,0.0,0.0,0.0,0.0,0.023141,0.574468,0.090969,0.456709,0.003467,0.422915,0.414912,0.0
0.0,0.0,1.0,0.0,0.0,0.0,0.0,0.87651,0.851064,0.024919,0.420262,0.000885,0.413516,0.680263,0.0
0.0,0.0,0.0,1.0,0.0,0.0,0.0,0.87182,0.914894,0.027021,0.44942,0.001747,0.363542,0.752193,0.0
0.0,1.0,0.0,0.0,0.0,0.0,0.0,0.469139,0.255319,0.046505,0.361202,0.003097,0.441999,0.322807,1.0
0.0,0.0,0.0,0.0,1.0,0.0,0.0,0.915712,0.212766,0.06632,0.315829,0.004472,0.322372,0.499123,0.0
0.0,0.0,1.0,0.0,0.0,0.0,0.0,0.474138,0.297872,0.028041,0.435882,0.001886,0.380891,0.658772,0.0
0.0,0.0,1.0,0.0,0.0,0.0,0.0,0.911597,0.87234,0.037709,0.383814,0.002468,0.403936,0.535965,0.0
0.0,0.0,0.0,0.0,0.0,1.0,0.0,0.451794,0.765957,0.043683,0.816424,0.002879,0.682807,0.478509,0.0
0.0,0.0,1.0,0.0,0.0,0.0,0.0,0.022521,0.361702,0.074457,0.46028,0.003467,0.422915,0.414912,0.0
1.0,0.0,0.0,0.0,0.0,0.0,0.0,0.000885,0.361702,0.218266,0.587028,0.003467,0.422915,0.414912,1.0
0.0,0.0,0.0,0.0,1.0,0.0,0.0,0.425202,0.957447,0.076618,0.407319,0.003467,0.422915,0.414912,1.0
0.0,0.0,1.0,0.0,0.0,0.0,0.0,0.425114,0.595745,0.115228,0.50476,0.003467,0.422915,0.414912,1.0
0.0,0.0,0.0,1.0,0.0,0.0,0.0,0.456307,0.297872,0.034016,0.563672,0.002304,0.530036,0.560965,0.0
0.0,0.0,0.0,0.0,0.0,0.0,1.0,0.031326,0.191489,0.051909,0.052812,0.003467,0.422915,0.414912,0.0
0.0,0.0,0.0,0.0,0.0,0.0,1.0,0.867351,0.021277,0.031434,0.262422,0.001037,0.275505,0.823684,0.0
0.0,0.0,0.0,0.0,0.0,0.0,1.0,0.876377,0.744681,0.029122,0.41089,0.000802,0.317193,0.791228,0.0
0.0,0.0,0.0,0.0,0.0,0.0,1.0,0.455821,0.234043,0.034796,0.224784,0.002366,0.237442,0.617982,0.0
0.0,0.0,0.0,0.0,0.0,1.0,0.0,0.867926,0.510638,0.032094,0.765695,0.002005,0.554894,0.773684,1.0
1.0,0.0,0.0,0.0,0.0,0.0,0.0,0.469404,0.297872,0.02636,0.229545,0.001728,0.149404,0.785088,0.0
0.0,0.0,0.0,0.0,1.0,0.0,0.0,0.46467,1.0,0.062267,0.452693,0.004308,0.404195,0.35,1.0
0.0,0.0,0.0,1.0,0.0,0.0,0.0,0.45998,0.510638,0.030443,0.495537,0.002092,0.477991,0.328509,0.0
0.0,0.0,0.0,0.0,0.0,0.0,1.0,0.44321,0.340426,0.044013,0.434841,0.002923,0.292336,0.604386,0.0
0.0,0.0,1.0,0.0,0.0,0.0,0.0,0.894695,0.148936,0.029542,0.280125,0.00194,0.362506,0.442544,0.0
0.0,0.0,0.0,0.0,0.0,1.0,0.0,0.473342,0.787234,0.027531,0.408361,0.001884,0.364319,0.340351,0.0
0.0,0.0,0.0,0.0,1.0,0.0,0.0,0.027211,0.829787,0.086796,0.471735,0.003467,0.422915,0.414912,1.0
0.0,0.0,0.0,0.0,1.0,0.0,0.0,0.867882,0.595745,0.035517,0.654567,0.002281,0.810202,0.403509,1.0
0.0,0.0,0.0,0.0,0.0,1.0,0.0,0.474271,0.276596,0.023628,0.12526,0.000976,0.055153,0.903509,0.0
0.0,0.0,1.0,0.0,0.0,0.0,0.0,0.88943,0.12766,0.027441,0.213329,0.001803,0.346194,0.645175,0.0
0.0,0.0,0.0,0.0,1.0,0.0,0.0,0.866953,0.893617,0.030533,0.330556,0.002034,0.226567,0.79693,0.0
1.0,0.0,0.0,0.0,0.0,0.0,0.0,0.446927,0.978723,0.037318,0.459685,0.002453,0.382185,0.713158,1.0
0.0,0.0,0.0,0.0,0.0,1.0,0.0,0.991018,0.085106,0.048427,0.364475,0.003182,0.386328,0.692544,0.0
0.0,1.0,0.0,0.0,0.0,0.0,0.0,0.880757,0.553191,0.031434,0.306456,0.000841,0.226825,0.882018,1.0
1.0,0.0,0.0,0.0,0.0,0.0,0.0,0.438653,0.957447,0.050198,0.426361,0.003467,0.422915,0.414912,0.0
0.0,0.0,0.0,1.0,0.0,0.0,0.0,0.889164,0.319149,0.034436,0.587325,0.002391,0.628431,0.321491,1.0
0.0,0.0,1.0,0.0,0.0,0.0,0.0,0.447016,0.978723,0.042662,0.570068,0.002817,0.48783,0.475439,0.0
0.0,0.0,1.0,0.0,0.0,0.0,0.0,0.43383,0.531915,0.055842,0.561291,0.003467,0.422915,0.414912,1.0
0.0,0.0,1.0,0.0,0.0,0.0,0.0,0.009601,0.361702,0.041341,0.602053,0.003467,0.422915,0.414912,0.0
0.0,0.0,1.0,0.0,0.0,0.0,0.0,0.880492,0.382979,0.038549,0.558762,0.002663,0.528224,0.305702,0.0
0.0,0.0,1.0,0.0,0.0,0.0,0.0,0.425733,0.319149,0.090068,0.490033,0.003467,0.422915,0.414912,1.0
0.0,1.0,0.0,0.0,0.0,0.0,0.0,0.005221,0.234043,0.042332,0.274026,0.003467,0.422915,0.414912,0.0
0.0,0.0,0.0,0.0,0.0,0.0,1.0,0.000221,0.021277,0.047106,0.259,0.003467,0.422915,0.414912,0.0
0.0,0.0,0.0,0.0,0.0,1.0,0.0,0.872528,0.0,0.030954,0.387682,0.001984,0.384775,0.826316,0.0
1.0,0.0,0.0,0.0,0.0,0.0,0.0,0.461086,0.06383,0.030173,0.202916,0.002059,0.301916,0.421053,1.0
0.0,0.0,0.0,0.0,1.0,0.0,0.0,0.433919,0.340426,0.057043,0.535109,0.003467,0.422915,0.414912,1.0
0.0,1.0,0.0,0.0,0.0,0.0,0.0,0.030795,0.744681,0.074817,0.466379,0.003467,0.422915,0.414912,0.0
0.0,1.0,0.0,0.0,0.0,0.0,0.0,0.871422,0.191489,0.045875,0.234603,0.000848,0.299586,0.754825,1.0
0.0,0.0,0.0,0.0,0.0,0.0,1.0,0.907172,0.914894,0.093311,0.363285,0.006174,0.429311,0.6,1.0
0.0,0.0,0.0,0.0,1.0,0.0,0.0,0.912305,0.212766,0.0783,0.328027,0.005301,0.332729,0.464912,1.0
0.0,0.0,0.0,0.0,0.0,1.0,0.0,0.889253,0.191489,0.02585,0.204403,0.001666,0.267219,0.757895,0.0
0.0,1.0,0.0,0.0,0.0,0.0,0.0,0.907261,0.638298,0.156929,0.442874,0.010268,0.592957,0.47807,1.0
0.0,0.0,1.0,0.0,0.0,0.0,0.0,0.915623,0.595745,0.05275,0.503422,0.00361,0.591921,0.278947,0.0
0.0,0.0,0.0,0.0,0.0,0.0,1.0,0.893943,0.808511,0.079621,0.702321,0.00517,0.544278,0.769737,1.0
1.0,0.0,0.0,0.0,0.0,0.0,0.0,0.871687,0.957447,0.02654,0.301845,0.001683,0.214397,0.911842,0.0
1.0,0.0,0.0,0.0,0.0,0.0,0.0,0.902571,0.021277,0.060766,0.308688,0.004165,0.388141,0.367544,0.0
1.0,0.0,0.0,0.0,0.0,0.0,0.0,0.017787,0.531915,0.083644,0.488843,0.003467,0.422915,0.414912,1.0
0.0,0.0,0.0,0.0,0.0,0.0,1.0,0.434007,0.361702,0.067581,0.327432,0.003467,0.422915,0.414912,1.0
0.0,0.0,0.0,0.0,0.0,0.0,1.0,0.425291,0.085106,0.070163,0.084796,0.003467,0.422915,0.414912,0.0
0.0,0.0,0.0,0.0,0.0,0.0,1.0,0.893633,0.87234,0.067792,0.599524,0.004354,0.447695,0.721053,0.0
0.0,0.0,1.0,0.0,0.0,0.0,0.0,0.46551,0.361702,0.058665,0.537638,0.004009,0.495598,0.412281,1.0
0.0,0.0,0.0,0.0,1.0,0.0,0.0,0.867572,0.723404,0.030263,0.582565,0.001986,0.483946,0.728509,0.0
0.0,0.0,0.0,0.0,0.0,1.0,0.0,0.447148,0.276596,0.042422,0.525736,0.002713,0.41274,0.70307,0.0
0.0,1.0,0.0,0.0,0.0,0.0,0.0,0.438078,0.638298,0.051489,0.451205,0.003467,0.422915,0.414912,0.0
0.0,0.0,0.0,0.0,0.0,0.0,1.0,0.442591,0.489362,0.090189,0.504017,0.006076,0.347229,0.500526,1.0
0.0,0.0,0.0,0.0,0.0,1.0,0.0,0.443166,0.87234,0.051639,0.50476,0.003469,0.448731,0.525,1.0
0.0,0.0,0.0,0.0,0.0,1.0,0.0,0.000487,0.212766,0.068302,0.126897,0.003467,0.422915,0.414912,0.0
0.0,0.0,0.0,0.0,1.0,0.0,0.0,0.013672,0.659574,0.041431,0.436775,0.003467,0.422915,0.414912,0.0
0.0,0.0,0.0,0.0,1.0,0.0,0.0,0.0223,0.893617,0.059926,0.391253,0.003467,0.422915,0.414912,0.0
0.0,0.0,0.0,0.0,1.0,0.0,0.0,0.465289,0.085106,0.029182,0.290092,0.002025,0.321854,0.283333,0.0
0.0,0.0,0.0,1.0,0.0,0.0,0.0,0.026857,0.021277,0.059865,0.3072,0.003467,0.422915,0.414912,0.0
0.0,0.0,0.0,0.0,0.0,1.0,0.0,0.031592,0.234043,0.056833,0.151145,0.003467,0.422915,0.414912,0.0
1.0,0.0,0.0,0.0,0.0,0.0,0.0,0.872307,0.531915,0.028402,0.356739,0.000837,0.238477,0.885526,1.0
1.0,0.0,0.0,0.0,0.0,0.0,0.0,0.47374,0.340426,0.028462,0.34945,0.001683,0.204298,0.871053,0.0
0.0,0.0,0.0,0.0,1.0,0.0,0.0,0.871864,0.021277,0.033716,0.3072,0.001471,0.334283,0.769737,1.0
0.0,0.0,0.0,0.0,0.0,1.0,0.0,0.495686,0.297872,0.028732,0.371169,0.001988,0.412222,0.291228,0.0
0.0,0.0,1.0,0.0,0.0,0.0,0.0,0.906995,0.978723,0.087486,0.451651,0.006055,0.544278,0.307456,1.0
0.0,0.0,0.0,0.0,1.0,0.0,0.0,0.907084,0.638298,0.07842,0.451503,0.005262,0.612895,0.365789,1.0
0.0,0.0,0.0,0.0,0.0,0.0,1.0,0.872262,0.12766,0.022007,0.122434,0.000839,0.204039,0.832895,0.0
0.0,0.0,0.0,0.0,0.0,1.0,0.0,0.867616,0.87234,0.028822,0.358822,0.001894,0.454687,0.632895,0.0
0.0,0.0,0.0,0.0,0.0,0.0,1.0,0.446883,0.723404,0.043653,0.520083,0.002985,0.436561,0.491667,1.0
0.0,1.0,0.0,0.0,0.0,0.0,0.0,0.01323,0.659574,0.048247,0.48438,0.003467,0.422915,0.414912,0.0
0.0,0.0,1.0,0.0,0.0,0.0,0.0,0.867307,0.680851,0.05308,0.473073,0.003556,0.520197,0.516667,0.0
0.0,0.0,0.0,0.0,0.0,1.0,0.0,0.465333,0.659574,0.074817,0.496578,0.005162,0.501554,0.185965,1.0
0.0,0.0,0.0,0.0,0.0,1.0,0.0,0.872218,0.425532,0.027831,0.652336,0.001687,0.540394,0.851316,0.0
0.0,0.0,0.0,1.0,0.0,0.0,0.0,0.464316,0.319149,0.029873,0.422196,0.002032,0.458312,0.355263,1.0
0.0,0.0,0.0,1.0,0.0,0.0,0.0,0.031193,0.957447,0.10559,0.41922,0.003467,0.422915,0.414912,1.0
0.0,0.0,0.0,0.0,1.0,0.0,0.0,0.424893,0.446809,0.095473,0.452246,0.003467,0.422915,0.414912,1.0
0.0,0.0,0.0,0.0,0.0,1.0,0.0,0.894828,0.191489,0.074787,0.301398,0.002964,0.398757,0.794298,0.0
0.0,0.0,0.0,0.0,1.0,0.0,0.0,0.867263,0.93617,0.034736,0.406724,0.00092,0.222683,0.705263,1.0
0.0,1.0,0.0,0.0,0.0,0.0,0.0,0.005221,0.978723,0.090939,0.544183,0.003467,0.422915,0.414912,1.0
0.0,1.0,0.0,0.0,0.0,0.0,0.0,0.42507,0.255319,0.060706,0.29753,0.003467,0.422915,0.414912,0.0
0.0,0.0,1.0,0.0,0.0,0.0,0.0,0.894075,0.617021,0.062477,0.590301,0.004242,0.650958,0.420175,0.0
0.0,0.0,0.0,0.0,1.0,0.0,0.0,0.446794,0.0,0.037318,0.522315,0.001768,0.431642,0.765789,0.0
0.0,0.0,0.0,1.0,0.0,0.0,0.0,0.881156,0.170213,0.02639,0.151294,0.00092,0.250388,0.725877,0.0
1.0,0.0,0.0,0.0,0.0,0.0,0.0,0.429317,0.595745,0.100246,0.667212,0.003467,0.422915,0.414912,1.0
0.0,0.0,0.0,0.0,1.0,0.0,0.0,0.001062,0.787234,0.043983,0.606665,0.003467,0.422915,0.414912,0.0
0.0,0.0,0.0,0.0,0.0,0.0,1.0,0.442901,0.829787,0.053681,0.431419,0.003685,0.356033,0.455702,1.0
0.0,1.0,0.0,0.0,0.0,0.0,0.0,0.438697,0.638298,0.051759,0.4759,0.003467,0.422915,0.414912,0.0
0.0,0.0,0.0,0.0,0.0,0.0,1.0,0.000841,0.319149,0.083884,0.23371,0.003467,0.422915,0.414912,0.0
1.0,0.0,0.0,0.0,0.0,0.0,0.0,0.968895,0.87234,0.412483,0.534067,0.009927,0.42232,0.817105,1.0
0.0,0.0,0.0,0.0,0.0,1.0,0.0,0.442547,0.510638,0.070704,0.53258,0.004882,0.547644,0.500526,0.0
0.0,0.0,0.0,0.0,0.0,0.0,1.0,0.902836,0.617021,0.068212,0.335168,0.004383,0.305541,0.785088,0.0
0.0,0.0,0.0,0.0,0.0,1.0,0.0,0.903411,0.659574,0.043743,0.468015,0.002925,0.455205,0.489474,0.0
0.0,0.0,0.0,0.0,1.0,0.0,0.0,0.429185,0.255319,0.080581,0.424576,0.003467,0.422915,0.414912,1.0
0.0,0.0,0.0,0.0,1.0,0.0,0.0,0.438211,0.914894,0.059205,0.34097,0.003467,0.422915,0.414912,0.0
0.0,0.0,0.0,0.0,0.0,1.0,0.0,0.460068,0.808511,0.030353,0.546415,0.002036,0.514241,0.422807,0.0
0.0,0.0,0.0,1.0,0.0,0.0,0.0,0.889253,0.021277,0.042662,0.447932,0.002665,0.368721,0.70307,1.0
0.0,1.0,0.0,0.0,0.0,0.0,0.0,0.0,0.0,0.056443,0.439155,0.003467,0.422915,0.414912,1.0
0.0,0.0,1.0,0.0,0.0,0.0,0.0,0.438122,0.021277,0.056713,0.418625,0.003467,0.422915,0.414912,0.0
0.0,0.0,0.0,1.0,0.0,0.0,0.0,0.425468,0.808511,0.09265,0.451056,0.003467,0.422915,0.414912,0.0
0.0,1.0,0.0,0.0,0.0,0.0,0.0,0.031724,0.170213,0.05302,0.090301,0.003467,0.422915,0.414912,0.0
0.0,0.0,0.0,0.0,0.0,0.0,1.0,0.903456,0.191489,0.035877,0.141327,0.001672,0.179441,0.860526,0.0
0.0,1.0,0.0,0.0,0.0,0.0,0.0,0.437768,0.702128,0.044134,0.433353,0.003467,0.422915,0.414912,0.0
0.0,1.0,0.0,0.0,0.0,0.0,0.0,0.425379,0.893617,0.101747,0.434395,0.003467,0.422915,0.414912,1.0
0.0,0.0,0.0,0.0,0.0,1.0,0.0,0.451484,0.276596,0.036147,0.520381,0.00243,0.481098,0.639035,0.0
0.0,0.0,0.0,0.0,1.0,0.0,0.0,0.455732,0.595745,0.033505,0.512794,0.002266,0.614707,0.498246,0.0
0.0,0.0,0.0,0.0,0.0,0.0,1.0,0.897925,0.723404,0.080371,0.590449,0.004946,0.467115,0.616228,1.0
0.0,0.0,1.0,0.0,0.0,0.0,0.0,0.907305,0.085106,0.082052,0.282803,0.005349,0.398239,0.65307,0.0
0.0,0.0,0.0,0.0,1.0,0.0,0.0,0.460643,0.085106,0.030563,0.336507,0.002056,0.396427,0.591667,0.0
0.0,0.0,0.0,0.0,0.0,1.0,0.0,0.429539,0.191489,0.070944,0.140286,0.003467,0.422915,0.414912,1.0
0.0,1.0,0.0,0.0,0.0,0.0,0.0,0.885403,0.87234,0.029332,0.520083,0.001975,0.485241,0.512719,0.0
0.0,0.0,1.0,0.0,0.0,0.0,0.0,0.907924,0.723404,0.042963,0.463701,0.002968,0.546608,0.255702,0.0
0.0,1.0,0.0,0.0,0.0,0.0,0.0,0.902615,0.319149,0.090549,0.544183,0.006099,0.547903,0.298246,1.0
0.0,1.0,0.0,0.0,0.0,0.0,0.0,0.460201,0.191489,0.02663,0.159923,0.001795,0.194977,0.65307,0.0
0.0,0.0,0.0,0.0,1.0,0.0,0.0,0.911376,0.0,0.046926,0.406724,0.003145,0.40523,0.546491,0.0
0.0,0.0,0.0,0.0,0.0,0.0,1.0,0.885625,0.361702,0.06626,0.515174,0.004341,0.379855,0.666228,1.0
0.0,0.0,0.0,0.0,0.0,1.0,0.0,0.460688,0.702128,0.190825,0.570068,0.013033,0.512947,0.30307,1.0
0.0,0.0,0.0,0.0,1.0,0.0,0.0,0.871554,0.702128,0.037048,0.715561,0.002493,0.712584,0.191667,0.0
0.0,0.0,0.0,0.0,0.0,1.0,0.0,0.885271,0.510638,0.040201,0.537191,0.002829,0.551787,0.261842,1.0
0.0,1.0,0.0,0.0,0.0,0.0,0.0,0.456219,0.446809,0.036208,0.568432,0.002484,0.603832,0.445614,1.0
0.0,1.0,0.0,0.0,0.0,0.0,0.0,0.446662,0.638298,0.051069,0.517554,0.003619,0.599171,0.245175,0.0
0.0,0.0,1.0,0.0,0.0,0.0,0.0,0.451352,0.765957,0.040141,0.756323,0.002653,0.697566,0.548246,0.0
0.0,0.0,0.0,1.0,0.0,0.0,0.0,0.009646,0.893617,0.042933,0.604433,0.003467,0.422915,0.414912,0.0
0.0,0.0,1.0,0.0,0.0,0.0,0.0,0.443343,0.106383,0.038699,0.259149,0.002486,0.321336,0.755263,0.0
0.0,0.0,0.0,0.0,0.0,0.0,1.0,0.908101,0.468085,0.061487,0.4036,0.004051,0.348006,0.630702,1.0
0.0,0.0,0.0,0.0,1.0,0.0,0.0,0.013362,0.340426,0.119731,0.727016,0.003467,0.422915,0.414912,1.0
0.0,0.0,0.0,0.0,0.0,1.0,0.0,0.438565,0.723404,0.05305,0.35183,0.003467,0.422915,0.414912,0.0
0.0,0.0,0.0,0.0,1.0,0.0,0.0,0.889828,0.319149,0.191756,0.763463,0.013218,0.739772,0.382456,1.0
0.0,0.0,1.0,0.0,0.0,0.0,0.0,0.009911,0.255319,0.07887,0.412824,0.003467,0.422915,0.414912,1.0
1.0,0.0,0.0,0.0,0.0,0.0,0.0,0.911199,0.531915,0.042692,0.303184,0.002746,0.217504,0.723246,0.0
0.0,0.0,0.0,0.0,0.0,1.0,0.0,0.871599,0.148936,0.024138,0.208271,0.000841,0.268255,0.842544,0.0
0.0,0.0,0.0,1.0,0.0,0.0,0.0,0.465245,0.191489,0.02675,0.159328,0.001828,0.19653,0.446053,0.0
0.0,0.0,1.0,0.0,0.0,0.0,0.0,0.425114,0.042553,0.058394,0.227016,0.003467,0.422915,0.414912,0.0
0.0,0.0,0.0,0.0,0.0,0.0,1.0,0.889916,0.191489,0.034136,0.218982,0.002221,0.311756,0.671053,0.0
0.0,0.0,0.0,0.0,0.0,1.0,0.0,0.424627,0.531915,0.085235,0.306754,0.003467,0.422915,0.414912,1.0
0.0,0.0,1.0,0.0,0.0,0.0,0.0,0.867484,0.446809,0.036658,0.63493,0.002432,0.705593,0.347368,1.0
0.0,0.0,0.0,0.0,0.0,1.0,0.0,0.009115,0.212766,0.061517,0.208866,0.003467,0.422915,0.414912,1.0
0.0,0.0,1.0,0.0,0.0,0.0,0.0,0.439051,0.765957,0.085445,0.569473,0.003467,0.422915,0.414912,1.0
1.0,0.0,0.0,0.0,0.0,0.0,0.0,0.442945,1.0,0.057043,0.36745,0.003909,0.360694,0.497807,1.0
0.0,0.0,0.0,1.0,0.0,0.0,0.0,0.018229,0.021277,0.054912,0.400625,0.003467,0.422915,0.414912,1.0
0.0,0.0,0.0,0.0,0.0,0.0,1.0,0.474006,0.191489,0.024799,0.116334,0.001633,0.168566,0.80614,0.0
0.0,0.0,0.0,0.0,1.0,0.0,0.0,0.880271,0.723404,0.0393,0.525885,0.00279,0.483169,0.196053,0.0
0.0,0.0,1.0,0.0,0.0,0.0,0.0,0.872395,0.170213,0.027291,0.181196,0.000841,0.256862,0.841667,0.0
1.0,0.0,0.0,0.0,0.0,0.0,0.0,0.465422,0.723404,0.028462,0.319101,0.001921,0.289746,0.591667,1.0
0.0,0.0,0.0,1.0,0.0,0.0,0.0,0.026547,0.191489,0.072745,0.20604,0.003467,0.422915,0.414912,0.0
0.0,0.0,0.0,0.0,0.0,1.0,0.0,0.906818,0.276596,0.044013,0.3554,0.002991,0.285862,0.486842,0.0
1.0,0.0,0.0,0.0,0.0,0.0,0.0,0.881333,0.489362,0.030293,0.341863,0.001811,0.283014,0.634211,1.0
0.0,0.0,1.0,0.0,0.0,0.0,0.0,0.898987,0.170213,0.046776,0.242339,0.003022,0.350337,0.688596,0.0
0.0,0.0,0.0,0.0,0.0,1.0,0.0,0.013716,1.0,0.045755,0.404344,0.003467,0.422915,0.414912,0.0
0.0,0.0,0.0,0.0,1.0,0.0,0.0,0.424893,0.914894,0.085985,0.350491,0.003467,0.422915,0.414912,1.0
0.0,0.0,1.0,0.0,0.0,0.0,0.0,0.890049,0.234043,0.028402,0.326688,0.001859,0.395909,0.603509,0.0
0.0,0.0,0.0,0.0,0.0,1.0,0.0,0.889872,0.851064,0.045425,0.713924,0.003145,0.607198,0.353509,0.0
0.0,0.0,0.0,0.0,1.0,0.0,0.0,0.867882,0.957447,0.029332,0.477983,0.001703,0.312791,0.771053,0.0
0.0,0.0,0.0,0.0,0.0,0.0,1.0,0.437989,0.340426,0.046625,0.226421,0.003467,0.422915,0.414912,0.0
0.0,1.0,0.0,0.0,0.0,0.0,0.0,0.438697,0.361702,0.0532,0.460726,0.003467,0.422915,0.414912,0.0
0.0,0.0,0.0,0.0,0.0,0.0,1.0,0.451529,0.914894,0.03882,0.546415,0.002158,0.392284,0.726316,0.0
0.0,1.0,0.0,0.0,0.0,0.0,0.0,0.456528,0.829787,0.041161,0.750967,0.002761,0.624029,0.582018,1.0
0.0,0.0,0.0,1.0,0.0,0.0,0.0,0.425778,0.680851,0.088327,0.508331,0.003467,0.422915,0.414912,1.0
1.0,0.0,0.0,0.0,0.0,0.0,0.0,0.885978,0.0,0.064819,0.387682,0.004265,0.33972,0.719298,1.0
0.0,0.0,0.0,0.0,1.0,0.0,0.0,0.000752,0.191489,0.081122,0.182237,0.003467,0.422915,0.414912,1.0
0.0,0.0,0.0,0.0,0.0,1.0,0.0,0.026326,0.170213,0.068242,0.096846,0.003467,0.422915,0.414912,0.0
0.0,0.0,0.0,0.0,0.0,0.0,1.0,0.460112,0.042553,0.030443,0.447932,0.002038,0.444847,0.400439,1.0
0.0,0.0,0.0,0.0,0.0,0.0,1.0,0.871953,0.617021,0.028822,0.517108,0.001755,0.358105,0.927632,0.0
0.0,0.0,0.0,0.0,0.0,0.0,1.0,0.995443,0.085106,0.030413,0.348408,0.001911,0.378042,0.801754,0.0
0.0,0.0,0.0,1.0,0.0,0.0,0.0,0.023185,0.06383,0.046085,0.207676,0.003467,0.422915,0.414912,0.0
0.0,0.0,0.0,1.0,0.0,0.0,0.0,0.031503,0.531915,0.074997,0.510414,0.003467,0.422915,0.414912,1.0
0.0,0.0,0.0,1.0,0.0,0.0,0.0,0.880536,0.638298,0.03891,0.617078,0.002648,0.534697,0.402632,0.0
0.0,0.0,0.0,0.0,0.0,1.0,0.0,0.866997,0.0,0.027171,0.201428,0.001807,0.221647,0.753509,0.0
0.0,0.0,0.0,1.0,0.0,0.0,0.0,0.902703,0.085106,0.050949,0.331747,0.003369,0.464267,0.59386,0.0
0.0,0.0,0.0,0.0,1.0,0.0,0.0,0.866953,0.957447,0.028942,0.29277,0.001913,0.182289,0.855702,0.0
0.0,0.0,0.0,0.0,0.0,1.0,0.0,0.885271,0.808511,0.029482,0.536745,0.001982,0.518902,0.342544,0.0
0.0,1.0,0.0,0.0,0.0,0.0,0.0,0.022167,0.574468,0.074517,0.440494,0.003467,0.422915,0.414912,1.0
0.0,1.0,0.0,0.0,0.0,0.0,0.0,0.447591,0.191489,0.01264,0.20485,0.000825,0.196789,0.535526,0.0
0.0,0.0,1.0,0.0,0.0,0.0,0.0,0.88943,0.765957,0.040261,0.785629,0.002771,0.746245,0.281579,1.0
0.0,0.0,0.0,0.0,0.0,1.0,0.0,0.903102,0.446809,0.067641,0.529009,0.004595,0.548162,0.467544,0.0
0.0,0.0,0.0,1.0,0.0,0.0,0.0,0.867528,0.574468,0.041221,0.640286,0.002732,0.841015,0.271491,1.0
0.0,0.0,1.0,0.0,0.0,0.0,0.0,0.455953,0.531915,0.040951,0.542844,0.002815,0.584671,0.374123,0.0
1.0,0.0,0.0,0.0,0.0,0.0,0.0,0.425335,0.93617,0.085115,0.455222,0.003467,0.422915,0.414912,0.0
0.0,0.0,0.0,0.0,0.0,1.0,0.0,0.876023,0.744681,0.024919,0.42532,0.001575,0.392802,0.747368,0.0
0.0,0.0,0.0,0.0,1.0,0.0,0.0,0.013672,0.893617,0.041431,0.455222,0.003467,0.422915,0.414912,0.0
1.0,0.0,0.0,0.0,0.0,0.0,0.0,0.438963,0.574468,0.057974,0.457453,0.003467,0.422915,0.414912,1.0
0.0,0.0,0.0,0.0,0.0,0.0,1.0,0.017433,0.510638,0.087366,0.438262,0.003467,0.422915,0.414912,0.0
0.0,0.0,0.0,1.0,0.0,0.0,0.0,0.437857,0.553191,0.060676,0.502678,0.003467,0.422915,0.414912,1.0
0.0,0.0,0.0,0.0,0.0,1.0,0.0,0.437945,0.744681,0.046445,0.355846,0.003467,0.422915,0.414912,0.0
0.0,0.0,0.0,0.0,0.0,0.0,1.0,0.01407,0.255319,0.051849,0.16989,0.003467,0.422915,0.414912,0.0
0.0,1.0,0.0,0.0,0.0,0.0,0.0,0.880404,1.0,0.033566,0.47947,0.002192,0.42232,0.646053,1.0
0.0,0.0,0.0,1.0,0.0,0.0,0.0,0.473253,0.744681,0.02594,0.456561,0.001751,0.349301,0.439474,0.0
0.0,0.0,0.0,0.0,0.0,1.0,0.0,0.434583,0.340426,0.049297,0.368492,0.003467,0.422915,0.414912,1.0
0.0,0.0,0.0,0.0,0.0,1.0,0.0,0.915756,0.595745,0.062838,0.560994,0.004196,0.516054,0.431579,0.0
0.0,1.0,0.0,0.0,0.0,0.0,0.0,0.889385,0.361702,0.027831,0.430229,0.001813,0.276541,0.75614,0.0
1.0,0.0,0.0,0.0,0.0,0.0,0.0,0.424716,0.446809,0.10508,0.516364,0.003467,0.422915,0.414912,1.0
0.0,0.0,0.0,0.0,0.0,0.0,1.0,0.0273,0.723404,0.048487,0.258852,0.003467,0.422915,0.414912,0.0
0.0,0.0,1.0,0.0,0.0,0.0,0.0,0.898677,1.0,0.089258,0.562184,0.005858,0.514759,0.490789,1.0
0.0,0.0,0.0,0.0,0.0,0.0,1.0,0.000841,0.12766,0.081122,0.12526,0.003467,0.422915,0.414912,0.0
1.0,0.0,0.0,0.0,0.0,0.0,0.0,0.425645,0.787234,0.059685,0.308985,0.003467,0.422915,0.414912,0.0
0.0,0.0,0.0,1.0,0.0,0.0,0.0,0.486837,0.617021,0.053411,0.463255,0.00371,0.486794,0.234649,0.0
1.0,0.0,0.0,0.0,0.0,0.0,0.0,0.429937,0.255319,0.077789,0.43618,0.003467,0.422915,0.414912,1.0
0.0,0.0,1.0,0.0,0.0,0.0,0.0,0.474138,0.191489,0.02651,0.19756,0.001745,0.196271,0.809211,0.0
0.0,0.0,0.0,1.0,0.0,0.0,0.0,0.982169,0.06383,0.090189,0.436031,0.005941,0.449767,0.670614,1.0
0.0,0.0,0.0,1.0,0.0,0.0,0.0,0.880536,0.106383,0.033475,0.213181,0.002152,0.280425,0.625,0.0
0.0,1.0,0.0,0.0,0.0,0.0,0.0,0.872041,0.808511,0.029512,0.466677,0.00086,0.384516,0.671053,0.0
0.0,0.0,0.0,1.0,0.0,0.0,0.0,0.907659,0.12766,0.047556,0.218834,0.003112,0.33014,0.637719,0.0
0.0,1.0,0.0,0.0,0.0,0.0,0.0,0.44237,0.319149,0.062027,0.442874,0.004333,0.448472,0.500526,1.0
0.0,1.0,0.0,0.0,0.0,0.0,0.0,0.01323,0.893617,0.048247,0.536745,0.003467,0.422915,0.414912,0.0
1.0,0.0,0.0,0.0,0.0,0.0,0.0,0.880713,0.425532,0.032935,0.316126,0.001689,0.225531,0.809211,0.0
0.0,0.0,0.0,0.0,1.0,0.0,0.0,0.899075,0.297872,0.05299,0.564415,0.003556,0.588555,0.492982,0.0
0.0,0.0,0.0,0.0,0.0,0.0,1.0,0.460422,0.170213,0.025429,0.159179,0.00172,0.212325,0.640789,0.0
1.0,0.0,0.0,0.0,0.0,0.0,0.0,0.438963,0.978723,0.051759,0.426212,0.003467,0.422915,0.414912,0.0
0.0,0.0,1.0,0.0,0.0,0.0,0.0,0.447016,0.297872,0.044464,0.587176,0.002908,0.461678,0.498246,0.0
1.0,0.0,0.0,0.0,0.0,0.0,0.0,0.469714,0.595745,0.044704,0.38069,0.002854,0.26204,0.742105,1.0
0.0,0.0,1.0,0.0,0.0,0.0,0.0,0.881111,0.744681,0.040561,0.618417,0.002813,0.608493,0.328509,1.0
1.0,0.0,0.0,0.0,0.0,0.0,0.0,0.47436,0.319149,0.02642,0.200238,0.001747,0.081823,0.879386,1.0
0.0,1.0,0.0,0.0,0.0,0.0,0.0,0.425379,0.617021,0.117389,0.640286,0.003467,0.422915,0.414912,1.0
0.0,0.0,0.0,1.0,0.0,0.0,0.0,0.911331,0.553191,0.064459,0.500893,0.0043,0.629984,0.432018,1.0
0.0,0.0,0.0,0.0,1.0,0.0,0.0,0.014291,0.06383,0.040591,0.407468,0.003467,0.422915,0.414912,0.0
0.0,1.0,0.0,0.0,0.0,0.0,0.0,0.875846,0.531915,0.03942,0.601309,0.002659,0.61652,0.530263,1.0
0.0,0.0,0.0,0.0,0.0,0.0,1.0,0.017433,0.468085,0.104329,0.486314,0.003467,0.422915,0.414912,1.0
1.0,0.0,0.0,0.0,0.0,0.0,0.0,0.912128,0.06383,0.042963,0.146831,0.002881,0.342569,0.525,0.0
1.0,0.0,0.0,0.0,0.0,0.0,0.0,0.995575,0.148936,0.041942,0.145939,0.002736,0.248317,0.675877,0.0
0.0,1.0,0.0,0.0,0.0,0.0,0.0,0.018451,0.468085,0.056923,0.494942,0.003467,0.422915,0.414912,0.0
1.0,0.0,0.0,0.0,0.0,0.0,0.0,0.455555,0.957447,0.036117,0.489884,0.002036,0.357069,0.816667,1.0
0.0,0.0,0.0,0.0,1.0,0.0,0.0,0.026282,0.978723,0.081092,0.415055,0.003467,0.422915,0.414912,1.0
0.0,0.0,0.0,1.0,0.0,0.0,0.0,0.90704,0.191489,0.034346,0.164832,0.002291,0.256603,0.601754,0.0
0.0,0.0,0.0,0.0,0.0,1.0,0.0,0.456396,0.851064,0.034736,0.549985,0.002383,0.483428,0.408333,1.0
0.0,0.0,0.0,0.0,1.0,0.0,0.0,0.872484,1.0,0.034556,0.432758,0.001836,0.430865,0.734649,0.0
0.0,0.0,0.0,1.0,0.0,0.0,0.0,0.013937,0.914894,0.045485,0.567242,0.003467,0.422915,0.414912,0.0
0.0,1.0,0.0,0.0,0.0,0.0,0.0,0.00031,0.170213,0.077999,0.157542,0.003467,0.422915,0.414912,0.0
1.0,0.0,0.0,0.0,0.0,0.0,0.0,0.018406,0.638298,0.073226,0.4277,0.003467,0.422915,0.414912,1.0
0.0,0.0,0.0,0.0,0.0,1.0,0.0,0.429539,0.446809,0.075417,0.443023,0.003467,0.422915,0.414912,1.0
0.0,0.0,0.0,0.0,0.0,0.0,1.0,0.907792,1.0,0.048247,0.319845,0.003251,0.396945,0.478947,1.0
0.0,0.0,0.0,0.0,0.0,0.0,1.0,0.461042,0.021277,0.032425,0.43975,0.0022,0.328327,0.45614,1.0
0.0,0.0,0.0,0.0,0.0,0.0,1.0,0.424671,0.021277,0.055242,0.148021,0.003467,0.422915,0.414912,0.0
0.0,0.0,0.0,0.0,0.0,0.0,1.0,0.455511,0.042553,0.073436,0.534216,0.005091,0.4855,0.421491,1.0
0.0,0.0,0.0,1.0,0.0,0.0,0.0,0.460289,0.212766,0.030353,0.220173,0.002079,0.230968,0.510965,0.0
0.0,0.0,0.0,0.0,0.0,1.0,0.0,0.428919,0.148936,0.073436,0.113359,0.003467,0.422915,0.414912,0.0
0.0,0.0,0.0,0.0,0.0,1.0,0.0,0.447768,0.553191,0.046295,0.592532,0.003216,0.571983,0.283333,1.0
0.0,0.0,1.0,0.0,0.0,0.0,0.0,0.46551,0.744681,0.029332,0.458941,0.002015,0.396427,0.529825,0.0
0.0,1.0,0.0,0.0,0.0,0.0,0.0,0.433786,0.255319,0.047886,0.366706,0.003467,0.422915,0.414912,0.0
0.0,0.0,0.0,0.0,1.0,0.0,0.0,0.46436,0.468085,0.029903,0.488843,0.002034,0.47825,0.382895,1.0
0.0,0.0,1.0,0.0,0.0,0.0,0.0,0.88943,0.851064,0.035337,0.668253,0.002435,0.591662,0.384211,1.0
0.0,0.0,0.0,1.0,0.0,0.0,0.0,0.469227,1.0,0.044164,0.403749,0.002916,0.343086,0.570614,0.0
0.0,0.0,0.0,0.0,0.0,0.0,1.0,0.464448,0.0,0.029723,0.409104,0.002027,0.41999,0.390351,0.0
0.0,0.0,1.0,0.0,0.0,0.0,0.0,0.907615,0.425532,0.088057,0.538976,0.005904,0.596841,0.417982,1.0
0.0,1.0,0.0,0.0,0.0,0.0,0.0,0.022787,0.382979,0.102498,0.509075,0.003467,0.422915,0.414912,1.0
0.0,0.0,0.0,0.0,1.0,0.0,0.0,0.45144,0.12766,0.038309,0.318655,0.002077,0.40057,0.706579,0.0
0.0,0.0,0.0,0.0,0.0,1.0,0.0,0.89881,0.829787,0.05239,0.532282,0.003546,0.539617,0.395614,0.0
0.0,0.0,1.0,0.0,0.0,0.0,0.0,0.877129,0.106383,0.034226,0.216751,0.002258,0.261523,0.492982,0.0
0.0,0.0,0.0,1.0,0.0,0.0,0.0,0.456307,0.574468,0.034016,0.528414,0.002308,0.58726,0.492544,0.0
